text,label
Your appointment with Dr. Sharma is confirmed for Tuesday at 3 PM. (Ref #1000),0
"Thanks for the meeting notes, I'll review the architecture diagram tonight. (Ref #1001)",0
Your OTP for logging into the employee portal is 584920. Do not share with anyone. (Ref #1002),0
The server deployment finished successfully without any downtime. (Ref #1003),0
Did you get a chance to look at the quarterly report draft? (Ref #1004),0
The flight is delayed by 20 minutes due to weather conditions. (Ref #1005),0
Your OTP for logging into the employee portal is 584920. Do not share with anyone. (Ref #1006),0
Can you send me the lecture slides from yesterday's machine learning class? (Ref #1007),0
Your appointment with Dr. Sharma is confirmed for Tuesday at 3 PM. (Ref #1008),0
Please review the attached invoice for the software subscription renewal. (Ref #1009),0
Your package from Amazon has been delivered to your front porch. (Ref #1010),0
Your appointment with Dr. Sharma is confirmed for Tuesday at 3 PM. (Ref #1011),0
Did you get a chance to look at the quarterly report draft? (Ref #1012),0
Did you get a chance to look at the quarterly report draft? (Ref #1013),0
The flight is delayed by 20 minutes due to weather conditions. (Ref #1014),0
Can you send me the lecture slides from yesterday's machine learning class? (Ref #1015),0
"Thanks for the meeting notes, I'll review the architecture diagram tonight. (Ref #1016)",0
The flight is delayed by 20 minutes due to weather conditions. (Ref #1017),0
The flight is delayed by 20 minutes due to weather conditions. (Ref #1018),0
Your package from Amazon has been delivered to your front porch. (Ref #1019),0
Happy birthday! Wishing you a fantastic year ahead. (Ref #1020),0
Can you send me the lecture slides from yesterday's machine learning class? (Ref #1021),0
Don't forget to push your code changes to the branch before the standup. (Ref #1022),0
The flight is delayed by 20 minutes due to weather conditions. (Ref #1023),0
"Good morning team, let's join the sprint retrospective call at 10 AM. (Ref #1024)",0
Let's schedule a 1-on-1 sync tomorrow morning to discuss project milestones. (Ref #1025),0
Happy birthday! Wishing you a fantastic year ahead. (Ref #1026),0
Don't forget to push your code changes to the branch before the standup. (Ref #1027),0
"Good morning team, let's join the sprint retrospective call at 10 AM. (Ref #1028)",0
Can you send me the lecture slides from yesterday's machine learning class? (Ref #1029),0
"Hey, are we still meeting for lunch at 12:30 today? (Ref #1030)",0
"Good morning team, let's join the sprint retrospective call at 10 AM. (Ref #1031)",0
Please review the attached invoice for the software subscription renewal. (Ref #1032),0
Happy birthday! Wishing you a fantastic year ahead. (Ref #1033),0
Your OTP for logging into the employee portal is 584920. Do not share with anyone. (Ref #1034),0
"Good morning team, let's join the sprint retrospective call at 10 AM. (Ref #1035)",0
"I'll be home in about 15 minutes, please put the dinner in the oven. (Ref #1036)",0
"Hey, are we still meeting for lunch at 12:30 today? (Ref #1037)",0
Did you get a chance to look at the quarterly report draft? (Ref #1038),0
Did you get a chance to look at the quarterly report draft? (Ref #1039),0
The server deployment finished successfully without any downtime. (Ref #1040),0
Please review the attached invoice for the software subscription renewal. (Ref #1041),0
"Good morning team, let's join the sprint retrospective call at 10 AM. (Ref #1042)",0
"Good morning team, let's join the sprint retrospective call at 10 AM. (Ref #1043)",0
The server deployment finished successfully without any downtime. (Ref #1044),0
Let's schedule a 1-on-1 sync tomorrow morning to discuss project milestones. (Ref #1045),0
Let's schedule a 1-on-1 sync tomorrow morning to discuss project milestones. (Ref #1046),0
The server deployment finished successfully without any downtime. (Ref #1047),0
Let's schedule a 1-on-1 sync tomorrow morning to discuss project milestones. (Ref #1048),0
Your package from Amazon has been delivered to your front porch. (Ref #1049),0
"Good morning team, let's join the sprint retrospective call at 10 AM. (Ref #1050)",0
Your appointment with Dr. Sharma is confirmed for Tuesday at 3 PM. (Ref #1051),0
"Thanks for the meeting notes, I'll review the architecture diagram tonight. (Ref #1052)",0
"I'll be home in about 15 minutes, please put the dinner in the oven. (Ref #1053)",0
Your package from Amazon has been delivered to your front porch. (Ref #1054),0
Can you send me the lecture slides from yesterday's machine learning class? (Ref #1055),0
Your package from Amazon has been delivered to your front porch. (Ref #1056),0
Your appointment with Dr. Sharma is confirmed for Tuesday at 3 PM. (Ref #1057),0
Can you send me the lecture slides from yesterday's machine learning class? (Ref #1058),0
"I'll be home in about 15 minutes, please put the dinner in the oven. (Ref #1059)",0
Your appointment with Dr. Sharma is confirmed for Tuesday at 3 PM. (Ref #1060),0
Don't forget to push your code changes to the branch before the standup. (Ref #1061),0
"Thanks for the meeting notes, I'll review the architecture diagram tonight. (Ref #1062)",0
"I'll be home in about 15 minutes, please put the dinner in the oven. (Ref #1063)",0
"Good morning team, let's join the sprint retrospective call at 10 AM. (Ref #1064)",0
Let's schedule a 1-on-1 sync tomorrow morning to discuss project milestones. (Ref #1065),0
Don't forget to push your code changes to the branch before the standup. (Ref #1066),0
Please review the attached invoice for the software subscription renewal. (Ref #1067),0
"I'll be home in about 15 minutes, please put the dinner in the oven. (Ref #1068)",0
Please review the attached invoice for the software subscription renewal. (Ref #1069),0
Can you send me the lecture slides from yesterday's machine learning class? (Ref #1070),0
Don't forget to push your code changes to the branch before the standup. (Ref #1071),0
"Thanks for the meeting notes, I'll review the architecture diagram tonight. (Ref #1072)",0
"Good morning team, let's join the sprint retrospective call at 10 AM. (Ref #1073)",0
The server deployment finished successfully without any downtime. (Ref #1074),0
"Good morning team, let's join the sprint retrospective call at 10 AM. (Ref #1075)",0
Your appointment with Dr. Sharma is confirmed for Tuesday at 3 PM. (Ref #1076),0
"Good morning team, let's join the sprint retrospective call at 10 AM. (Ref #1077)",0
Your OTP for logging into the employee portal is 584920. Do not share with anyone. (Ref #1078),0
The flight is delayed by 20 minutes due to weather conditions. (Ref #1079),0
The server deployment finished successfully without any downtime. (Ref #1080),0
Your package from Amazon has been delivered to your front porch. (Ref #1081),0
Let's schedule a 1-on-1 sync tomorrow morning to discuss project milestones. (Ref #1082),0
"Hey, are we still meeting for lunch at 12:30 today? (Ref #1083)",0
"Thanks for the meeting notes, I'll review the architecture diagram tonight. (Ref #1084)",0
Don't forget to push your code changes to the branch before the standup. (Ref #1085),0
The flight is delayed by 20 minutes due to weather conditions. (Ref #1086),0
"Thanks for the meeting notes, I'll review the architecture diagram tonight. (Ref #1087)",0
Don't forget to push your code changes to the branch before the standup. (Ref #1088),0
Let's schedule a 1-on-1 sync tomorrow morning to discuss project milestones. (Ref #1089),0
Happy birthday! Wishing you a fantastic year ahead. (Ref #1090),0
Happy birthday! Wishing you a fantastic year ahead. (Ref #1091),0
Please review the attached invoice for the software subscription renewal. (Ref #1092),0
"Thanks for the meeting notes, I'll review the architecture diagram tonight. (Ref #1093)",0
Happy birthday! Wishing you a fantastic year ahead. (Ref #1094),0
Your OTP for logging into the employee portal is 584920. Do not share with anyone. (Ref #1095),0
The server deployment finished successfully without any downtime. (Ref #1096),0
Don't forget to push your code changes to the branch before the standup. (Ref #1097),0
Please review the attached invoice for the software subscription renewal. (Ref #1098),0
"Good morning team, let's join the sprint retrospective call at 10 AM. (Ref #1099)",0
Don't forget to push your code changes to the branch before the standup. (Ref #1100),0
Please review the attached invoice for the software subscription renewal. (Ref #1101),0
Let's schedule a 1-on-1 sync tomorrow morning to discuss project milestones. (Ref #1102),0
"Thanks for the meeting notes, I'll review the architecture diagram tonight. (Ref #1103)",0
Let's schedule a 1-on-1 sync tomorrow morning to discuss project milestones. (Ref #1104),0
The server deployment finished successfully without any downtime. (Ref #1105),0
The server deployment finished successfully without any downtime. (Ref #1106),0
The flight is delayed by 20 minutes due to weather conditions. (Ref #1107),0
Let's schedule a 1-on-1 sync tomorrow morning to discuss project milestones. (Ref #1108),0
Your appointment with Dr. Sharma is confirmed for Tuesday at 3 PM. (Ref #1109),0
"Good morning team, let's join the sprint retrospective call at 10 AM. (Ref #1110)",0
"I'll be home in about 15 minutes, please put the dinner in the oven. (Ref #1111)",0
Let's schedule a 1-on-1 sync tomorrow morning to discuss project milestones. (Ref #1112),0
The flight is delayed by 20 minutes due to weather conditions. (Ref #1113),0
Can you send me the lecture slides from yesterday's machine learning class? (Ref #1114),0
Your OTP for logging into the employee portal is 584920. Do not share with anyone. (Ref #1115),0
Don't forget to push your code changes to the branch before the standup. (Ref #1116),0
The server deployment finished successfully without any downtime. (Ref #1117),0
Can you send me the lecture slides from yesterday's machine learning class? (Ref #1118),0
The flight is delayed by 20 minutes due to weather conditions. (Ref #1119),0
Please review the attached invoice for the software subscription renewal. (Ref #1120),0
"I'll be home in about 15 minutes, please put the dinner in the oven. (Ref #1121)",0
"Good morning team, let's join the sprint retrospective call at 10 AM. (Ref #1122)",0
"Good morning team, let's join the sprint retrospective call at 10 AM. (Ref #1123)",0
"Good morning team, let's join the sprint retrospective call at 10 AM. (Ref #1124)",0
Your OTP for logging into the employee portal is 584920. Do not share with anyone. (Ref #1125),0
"I'll be home in about 15 minutes, please put the dinner in the oven. (Ref #1126)",0
Your OTP for logging into the employee portal is 584920. Do not share with anyone. (Ref #1127),0
The server deployment finished successfully without any downtime. (Ref #1128),0
Your OTP for logging into the employee portal is 584920. Do not share with anyone. (Ref #1129),0
"Hey, are we still meeting for lunch at 12:30 today? (Ref #1130)",0
"I'll be home in about 15 minutes, please put the dinner in the oven. (Ref #1131)",0
Your appointment with Dr. Sharma is confirmed for Tuesday at 3 PM. (Ref #1132),0
"I'll be home in about 15 minutes, please put the dinner in the oven. (Ref #1133)",0
The flight is delayed by 20 minutes due to weather conditions. (Ref #1134),0
"Hey, are we still meeting for lunch at 12:30 today? (Ref #1135)",0
"Good morning team, let's join the sprint retrospective call at 10 AM. (Ref #1136)",0
The flight is delayed by 20 minutes due to weather conditions. (Ref #1137),0
The flight is delayed by 20 minutes due to weather conditions. (Ref #1138),0
The server deployment finished successfully without any downtime. (Ref #1139),0
Did you get a chance to look at the quarterly report draft? (Ref #1140),0
Your package from Amazon has been delivered to your front porch. (Ref #1141),0
"Hey, are we still meeting for lunch at 12:30 today? (Ref #1142)",0
The flight is delayed by 20 minutes due to weather conditions. (Ref #1143),0
Your package from Amazon has been delivered to your front porch. (Ref #1144),0
Your package from Amazon has been delivered to your front porch. (Ref #1145),0
"Hey, are we still meeting for lunch at 12:30 today? (Ref #1146)",0
Did you get a chance to look at the quarterly report draft? (Ref #1147),0
Can you send me the lecture slides from yesterday's machine learning class? (Ref #1148),0
Please review the attached invoice for the software subscription renewal. (Ref #1149),0
Your appointment with Dr. Sharma is confirmed for Tuesday at 3 PM. (Ref #1150),0
Please review the attached invoice for the software subscription renewal. (Ref #1151),0
"I'll be home in about 15 minutes, please put the dinner in the oven. (Ref #1152)",0
"Good morning team, let's join the sprint retrospective call at 10 AM. (Ref #1153)",0
Your appointment with Dr. Sharma is confirmed for Tuesday at 3 PM. (Ref #1154),0
"I'll be home in about 15 minutes, please put the dinner in the oven. (Ref #1155)",0
The flight is delayed by 20 minutes due to weather conditions. (Ref #1156),0
"Good morning team, let's join the sprint retrospective call at 10 AM. (Ref #1157)",0
Don't forget to push your code changes to the branch before the standup. (Ref #1158),0
"Hey, are we still meeting for lunch at 12:30 today? (Ref #1159)",0
Your appointment with Dr. Sharma is confirmed for Tuesday at 3 PM. (Ref #1160),0
Your appointment with Dr. Sharma is confirmed for Tuesday at 3 PM. (Ref #1161),0
Let's schedule a 1-on-1 sync tomorrow morning to discuss project milestones. (Ref #1162),0
The flight is delayed by 20 minutes due to weather conditions. (Ref #1163),0
Can you send me the lecture slides from yesterday's machine learning class? (Ref #1164),0
Your package from Amazon has been delivered to your front porch. (Ref #1165),0
"Good morning team, let's join the sprint retrospective call at 10 AM. (Ref #1166)",0
The flight is delayed by 20 minutes due to weather conditions. (Ref #1167),0
Happy birthday! Wishing you a fantastic year ahead. (Ref #1168),0
Did you get a chance to look at the quarterly report draft? (Ref #1169),0
Your package from Amazon has been delivered to your front porch. (Ref #1170),0
"Hey, are we still meeting for lunch at 12:30 today? (Ref #1171)",0
Your package from Amazon has been delivered to your front porch. (Ref #1172),0
Can you send me the lecture slides from yesterday's machine learning class? (Ref #1173),0
The server deployment finished successfully without any downtime. (Ref #1174),0
Let's schedule a 1-on-1 sync tomorrow morning to discuss project milestones. (Ref #1175),0
Your package from Amazon has been delivered to your front porch. (Ref #1176),0
"Hey, are we still meeting for lunch at 12:30 today? (Ref #1177)",0
Can you send me the lecture slides from yesterday's machine learning class? (Ref #1178),0
Please review the attached invoice for the software subscription renewal. (Ref #1179),0
Your appointment with Dr. Sharma is confirmed for Tuesday at 3 PM. (Ref #1180),0
The server deployment finished successfully without any downtime. (Ref #1181),0
Let's schedule a 1-on-1 sync tomorrow morning to discuss project milestones. (Ref #1182),0
Your appointment with Dr. Sharma is confirmed for Tuesday at 3 PM. (Ref #1183),0
Did you get a chance to look at the quarterly report draft? (Ref #1184),0
"I'll be home in about 15 minutes, please put the dinner in the oven. (Ref #1185)",0
The server deployment finished successfully without any downtime. (Ref #1186),0
The server deployment finished successfully without any downtime. (Ref #1187),0
Please review the attached invoice for the software subscription renewal. (Ref #1188),0
Please review the attached invoice for the software subscription renewal. (Ref #1189),0
"Good morning team, let's join the sprint retrospective call at 10 AM. (Ref #1190)",0
Your OTP for logging into the employee portal is 584920. Do not share with anyone. (Ref #1191),0
Your package from Amazon has been delivered to your front porch. (Ref #1192),0
The server deployment finished successfully without any downtime. (Ref #1193),0
Your appointment with Dr. Sharma is confirmed for Tuesday at 3 PM. (Ref #1194),0
"Hey, are we still meeting for lunch at 12:30 today? (Ref #1195)",0
"Thanks for the meeting notes, I'll review the architecture diagram tonight. (Ref #1196)",0
Your OTP for logging into the employee portal is 584920. Do not share with anyone. (Ref #1197),0
"Thanks for the meeting notes, I'll review the architecture diagram tonight. (Ref #1198)",0
Let's schedule a 1-on-1 sync tomorrow morning to discuss project milestones. (Ref #1199),0
Can you send me the lecture slides from yesterday's machine learning class? (Ref #1200),0
Your appointment with Dr. Sharma is confirmed for Tuesday at 3 PM. (Ref #1201),0
Your appointment with Dr. Sharma is confirmed for Tuesday at 3 PM. (Ref #1202),0
Your OTP for logging into the employee portal is 584920. Do not share with anyone. (Ref #1203),0
The server deployment finished successfully without any downtime. (Ref #1204),0
Did you get a chance to look at the quarterly report draft? (Ref #1205),0
Your OTP for logging into the employee portal is 584920. Do not share with anyone. (Ref #1206),0
"Thanks for the meeting notes, I'll review the architecture diagram tonight. (Ref #1207)",0
Your OTP for logging into the employee portal is 584920. Do not share with anyone. (Ref #1208),0
Your appointment with Dr. Sharma is confirmed for Tuesday at 3 PM. (Ref #1209),0
Did you get a chance to look at the quarterly report draft? (Ref #1210),0
Your package from Amazon has been delivered to your front porch. (Ref #1211),0
Happy birthday! Wishing you a fantastic year ahead. (Ref #1212),0
"Good morning team, let's join the sprint retrospective call at 10 AM. (Ref #1213)",0
Don't forget to push your code changes to the branch before the standup. (Ref #1214),0
Please review the attached invoice for the software subscription renewal. (Ref #1215),0
Your OTP for logging into the employee portal is 584920. Do not share with anyone. (Ref #1216),0
Let's schedule a 1-on-1 sync tomorrow morning to discuss project milestones. (Ref #1217),0
"I'll be home in about 15 minutes, please put the dinner in the oven. (Ref #1218)",0
Can you send me the lecture slides from yesterday's machine learning class? (Ref #1219),0
Happy birthday! Wishing you a fantastic year ahead. (Ref #1220),0
"Good morning team, let's join the sprint retrospective call at 10 AM. (Ref #1221)",0
"Good morning team, let's join the sprint retrospective call at 10 AM. (Ref #1222)",0
"Good morning team, let's join the sprint retrospective call at 10 AM. (Ref #1223)",0
"Good morning team, let's join the sprint retrospective call at 10 AM. (Ref #1224)",0
"Thanks for the meeting notes, I'll review the architecture diagram tonight. (Ref #1225)",0
Let's schedule a 1-on-1 sync tomorrow morning to discuss project milestones. (Ref #1226),0
Let's schedule a 1-on-1 sync tomorrow morning to discuss project milestones. (Ref #1227),0
Did you get a chance to look at the quarterly report draft? (Ref #1228),0
Please review the attached invoice for the software subscription renewal. (Ref #1229),0
Your appointment with Dr. Sharma is confirmed for Tuesday at 3 PM. (Ref #1230),0
"Good morning team, let's join the sprint retrospective call at 10 AM. (Ref #1231)",0
"I'll be home in about 15 minutes, please put the dinner in the oven. (Ref #1232)",0
Your appointment with Dr. Sharma is confirmed for Tuesday at 3 PM. (Ref #1233),0
Let's schedule a 1-on-1 sync tomorrow morning to discuss project milestones. (Ref #1234),0
"Hey, are we still meeting for lunch at 12:30 today? (Ref #1235)",0
"Hey, are we still meeting for lunch at 12:30 today? (Ref #1236)",0
"I'll be home in about 15 minutes, please put the dinner in the oven. (Ref #1237)",0
Did you get a chance to look at the quarterly report draft? (Ref #1238),0
Let's schedule a 1-on-1 sync tomorrow morning to discuss project milestones. (Ref #1239),0
"I'll be home in about 15 minutes, please put the dinner in the oven. (Ref #1240)",0
"Thanks for the meeting notes, I'll review the architecture diagram tonight. (Ref #1241)",0
Your OTP for logging into the employee portal is 584920. Do not share with anyone. (Ref #1242),0
"I'll be home in about 15 minutes, please put the dinner in the oven. (Ref #1243)",0
Your package from Amazon has been delivered to your front porch. (Ref #1244),0
Your appointment with Dr. Sharma is confirmed for Tuesday at 3 PM. (Ref #1245),0
Happy birthday! Wishing you a fantastic year ahead. (Ref #1246),0
The flight is delayed by 20 minutes due to weather conditions. (Ref #1247),0
Did you get a chance to look at the quarterly report draft? (Ref #1248),0
"I'll be home in about 15 minutes, please put the dinner in the oven. (Ref #1249)",0
Let's schedule a 1-on-1 sync tomorrow morning to discuss project milestones. (Ref #1250),0
Can you send me the lecture slides from yesterday's machine learning class? (Ref #1251),0
"Hey, are we still meeting for lunch at 12:30 today? (Ref #1252)",0
Your package from Amazon has been delivered to your front porch. (Ref #1253),0
Please review the attached invoice for the software subscription renewal. (Ref #1254),0
"Good morning team, let's join the sprint retrospective call at 10 AM. (Ref #1255)",0
The flight is delayed by 20 minutes due to weather conditions. (Ref #1256),0
The server deployment finished successfully without any downtime. (Ref #1257),0
Did you get a chance to look at the quarterly report draft? (Ref #1258),0
Happy birthday! Wishing you a fantastic year ahead. (Ref #1259),0
The flight is delayed by 20 minutes due to weather conditions. (Ref #1260),0
"I'll be home in about 15 minutes, please put the dinner in the oven. (Ref #1261)",0
"Thanks for the meeting notes, I'll review the architecture diagram tonight. (Ref #1262)",0
"Hey, are we still meeting for lunch at 12:30 today? (Ref #1263)",0
Let's schedule a 1-on-1 sync tomorrow morning to discuss project milestones. (Ref #1264),0
"Hey, are we still meeting for lunch at 12:30 today? (Ref #1265)",0
Please review the attached invoice for the software subscription renewal. (Ref #1266),0
"Thanks for the meeting notes, I'll review the architecture diagram tonight. (Ref #1267)",0
"Good morning team, let's join the sprint retrospective call at 10 AM. (Ref #1268)",0
Let's schedule a 1-on-1 sync tomorrow morning to discuss project milestones. (Ref #1269),0
Your appointment with Dr. Sharma is confirmed for Tuesday at 3 PM. (Ref #1270),0
Don't forget to push your code changes to the branch before the standup. (Ref #1271),0
Your package from Amazon has been delivered to your front porch. (Ref #1272),0
"Hey, are we still meeting for lunch at 12:30 today? (Ref #1273)",0
Can you send me the lecture slides from yesterday's machine learning class? (Ref #1274),0
"Hey, are we still meeting for lunch at 12:30 today? (Ref #1275)",0
The flight is delayed by 20 minutes due to weather conditions. (Ref #1276),0
"Hey, are we still meeting for lunch at 12:30 today? (Ref #1277)",0
Did you get a chance to look at the quarterly report draft? (Ref #1278),0
"Hey, are we still meeting for lunch at 12:30 today? (Ref #1279)",0
Don't forget to push your code changes to the branch before the standup. (Ref #1280),0
Don't forget to push your code changes to the branch before the standup. (Ref #1281),0
"Good morning team, let's join the sprint retrospective call at 10 AM. (Ref #1282)",0
Happy birthday! Wishing you a fantastic year ahead. (Ref #1283),0
Your appointment with Dr. Sharma is confirmed for Tuesday at 3 PM. (Ref #1284),0
Can you send me the lecture slides from yesterday's machine learning class? (Ref #1285),0
"Hey, are we still meeting for lunch at 12:30 today? (Ref #1286)",0
"Hey, are we still meeting for lunch at 12:30 today? (Ref #1287)",0
Your package from Amazon has been delivered to your front porch. (Ref #1288),0
Let's schedule a 1-on-1 sync tomorrow morning to discuss project milestones. (Ref #1289),0
Don't forget to push your code changes to the branch before the standup. (Ref #1290),0
Can you send me the lecture slides from yesterday's machine learning class? (Ref #1291),0
"Good morning team, let's join the sprint retrospective call at 10 AM. (Ref #1292)",0
Please review the attached invoice for the software subscription renewal. (Ref #1293),0
Happy birthday! Wishing you a fantastic year ahead. (Ref #1294),0
Your appointment with Dr. Sharma is confirmed for Tuesday at 3 PM. (Ref #1295),0
"Thanks for the meeting notes, I'll review the architecture diagram tonight. (Ref #1296)",0
Your appointment with Dr. Sharma is confirmed for Tuesday at 3 PM. (Ref #1297),0
Did you get a chance to look at the quarterly report draft? (Ref #1298),0
The flight is delayed by 20 minutes due to weather conditions. (Ref #1299),0
Did you get a chance to look at the quarterly report draft? (Ref #1300),0
"Hey, are we still meeting for lunch at 12:30 today? (Ref #1301)",0
The server deployment finished successfully without any downtime. (Ref #1302),0
Happy birthday! Wishing you a fantastic year ahead. (Ref #1303),0
The flight is delayed by 20 minutes due to weather conditions. (Ref #1304),0
Can you send me the lecture slides from yesterday's machine learning class? (Ref #1305),0
"Thanks for the meeting notes, I'll review the architecture diagram tonight. (Ref #1306)",0
Don't forget to push your code changes to the branch before the standup. (Ref #1307),0
Happy birthday! Wishing you a fantastic year ahead. (Ref #1308),0
Happy birthday! Wishing you a fantastic year ahead. (Ref #1309),0
Did you get a chance to look at the quarterly report draft? (Ref #1310),0
The server deployment finished successfully without any downtime. (Ref #1311),0
"Hey, are we still meeting for lunch at 12:30 today? (Ref #1312)",0
"I'll be home in about 15 minutes, please put the dinner in the oven. (Ref #1313)",0
"Good morning team, let's join the sprint retrospective call at 10 AM. (Ref #1314)",0
Did you get a chance to look at the quarterly report draft? (Ref #1315),0
Happy birthday! Wishing you a fantastic year ahead. (Ref #1316),0
Your OTP for logging into the employee portal is 584920. Do not share with anyone. (Ref #1317),0
Your package from Amazon has been delivered to your front porch. (Ref #1318),0
"Thanks for the meeting notes, I'll review the architecture diagram tonight. (Ref #1319)",0
"Good morning team, let's join the sprint retrospective call at 10 AM. (Ref #1320)",0
Did you get a chance to look at the quarterly report draft? (Ref #1321),0
"Thanks for the meeting notes, I'll review the architecture diagram tonight. (Ref #1322)",0
Your package from Amazon has been delivered to your front porch. (Ref #1323),0
Please review the attached invoice for the software subscription renewal. (Ref #1324),0
Your package from Amazon has been delivered to your front porch. (Ref #1325),0
The server deployment finished successfully without any downtime. (Ref #1326),0
Your package from Amazon has been delivered to your front porch. (Ref #1327),0
"Thanks for the meeting notes, I'll review the architecture diagram tonight. (Ref #1328)",0
Your appointment with Dr. Sharma is confirmed for Tuesday at 3 PM. (Ref #1329),0
"Thanks for the meeting notes, I'll review the architecture diagram tonight. (Ref #1330)",0
"I'll be home in about 15 minutes, please put the dinner in the oven. (Ref #1331)",0
"Hey, are we still meeting for lunch at 12:30 today? (Ref #1332)",0
The flight is delayed by 20 minutes due to weather conditions. (Ref #1333),0
Your appointment with Dr. Sharma is confirmed for Tuesday at 3 PM. (Ref #1334),0
Don't forget to push your code changes to the branch before the standup. (Ref #1335),0
The flight is delayed by 20 minutes due to weather conditions. (Ref #1336),0
"Hey, are we still meeting for lunch at 12:30 today? (Ref #1337)",0
Did you get a chance to look at the quarterly report draft? (Ref #1338),0
"Good morning team, let's join the sprint retrospective call at 10 AM. (Ref #1339)",0
"I'll be home in about 15 minutes, please put the dinner in the oven. (Ref #1340)",0
"I'll be home in about 15 minutes, please put the dinner in the oven. (Ref #1341)",0
Don't forget to push your code changes to the branch before the standup. (Ref #1342),0
Your appointment with Dr. Sharma is confirmed for Tuesday at 3 PM. (Ref #1343),0
The server deployment finished successfully without any downtime. (Ref #1344),0
Let's schedule a 1-on-1 sync tomorrow morning to discuss project milestones. (Ref #1345),0
Please review the attached invoice for the software subscription renewal. (Ref #1346),0
Your package from Amazon has been delivered to your front porch. (Ref #1347),0
Your appointment with Dr. Sharma is confirmed for Tuesday at 3 PM. (Ref #1348),0
"Good morning team, let's join the sprint retrospective call at 10 AM. (Ref #1349)",0
Please review the attached invoice for the software subscription renewal. (Ref #1350),0
"I'll be home in about 15 minutes, please put the dinner in the oven. (Ref #1351)",0
"Thanks for the meeting notes, I'll review the architecture diagram tonight. (Ref #1352)",0
"Good morning team, let's join the sprint retrospective call at 10 AM. (Ref #1353)",0
"Hey, are we still meeting for lunch at 12:30 today? (Ref #1354)",0
Don't forget to push your code changes to the branch before the standup. (Ref #1355),0
"Hey, are we still meeting for lunch at 12:30 today? (Ref #1356)",0
Let's schedule a 1-on-1 sync tomorrow morning to discuss project milestones. (Ref #1357),0
"Good morning team, let's join the sprint retrospective call at 10 AM. (Ref #1358)",0
Can you send me the lecture slides from yesterday's machine learning class? (Ref #1359),0
Can you send me the lecture slides from yesterday's machine learning class? (Ref #1360),0
Did you get a chance to look at the quarterly report draft? (Ref #1361),0
Your appointment with Dr. Sharma is confirmed for Tuesday at 3 PM. (Ref #1362),0
"I'll be home in about 15 minutes, please put the dinner in the oven. (Ref #1363)",0
"I'll be home in about 15 minutes, please put the dinner in the oven. (Ref #1364)",0
Your package from Amazon has been delivered to your front porch. (Ref #1365),0
Your package from Amazon has been delivered to your front porch. (Ref #1366),0
Your package from Amazon has been delivered to your front porch. (Ref #1367),0
"Thanks for the meeting notes, I'll review the architecture diagram tonight. (Ref #1368)",0
The flight is delayed by 20 minutes due to weather conditions. (Ref #1369),0
Happy birthday! Wishing you a fantastic year ahead. (Ref #1370),0
The flight is delayed by 20 minutes due to weather conditions. (Ref #1371),0
"Hey, are we still meeting for lunch at 12:30 today? (Ref #1372)",0
The flight is delayed by 20 minutes due to weather conditions. (Ref #1373),0
"Thanks for the meeting notes, I'll review the architecture diagram tonight. (Ref #1374)",0
Did you get a chance to look at the quarterly report draft? (Ref #1375),0
"Hey, are we still meeting for lunch at 12:30 today? (Ref #1376)",0
The flight is delayed by 20 minutes due to weather conditions. (Ref #1377),0
"Thanks for the meeting notes, I'll review the architecture diagram tonight. (Ref #1378)",0
Happy birthday! Wishing you a fantastic year ahead. (Ref #1379),0
The flight is delayed by 20 minutes due to weather conditions. (Ref #1380),0
"Thanks for the meeting notes, I'll review the architecture diagram tonight. (Ref #1381)",0
Let's schedule a 1-on-1 sync tomorrow morning to discuss project milestones. (Ref #1382),0
Your package from Amazon has been delivered to your front porch. (Ref #1383),0
Let's schedule a 1-on-1 sync tomorrow morning to discuss project milestones. (Ref #1384),0
"I'll be home in about 15 minutes, please put the dinner in the oven. (Ref #1385)",0
Your package from Amazon has been delivered to your front porch. (Ref #1386),0
"I'll be home in about 15 minutes, please put the dinner in the oven. (Ref #1387)",0
Your OTP for logging into the employee portal is 584920. Do not share with anyone. (Ref #1388),0
Don't forget to push your code changes to the branch before the standup. (Ref #1389),0
Let's schedule a 1-on-1 sync tomorrow morning to discuss project milestones. (Ref #1390),0
Don't forget to push your code changes to the branch before the standup. (Ref #1391),0
Don't forget to push your code changes to the branch before the standup. (Ref #1392),0
Happy birthday! Wishing you a fantastic year ahead. (Ref #1393),0
Your package from Amazon has been delivered to your front porch. (Ref #1394),0
Your OTP for logging into the employee portal is 584920. Do not share with anyone. (Ref #1395),0
"I'll be home in about 15 minutes, please put the dinner in the oven. (Ref #1396)",0
"Thanks for the meeting notes, I'll review the architecture diagram tonight. (Ref #1397)",0
"Hey, are we still meeting for lunch at 12:30 today? (Ref #1398)",0
"Thanks for the meeting notes, I'll review the architecture diagram tonight. (Ref #1399)",0
"Hey, are we still meeting for lunch at 12:30 today? (Ref #1400)",0
Let's schedule a 1-on-1 sync tomorrow morning to discuss project milestones. (Ref #1401),0
Can you send me the lecture slides from yesterday's machine learning class? (Ref #1402),0
"Thanks for the meeting notes, I'll review the architecture diagram tonight. (Ref #1403)",0
The flight is delayed by 20 minutes due to weather conditions. (Ref #1404),0
The flight is delayed by 20 minutes due to weather conditions. (Ref #1405),0
Your appointment with Dr. Sharma is confirmed for Tuesday at 3 PM. (Ref #1406),0
Your package from Amazon has been delivered to your front porch. (Ref #1407),0
"Hey, are we still meeting for lunch at 12:30 today? (Ref #1408)",0
"Hey, are we still meeting for lunch at 12:30 today? (Ref #1409)",0
"Good morning team, let's join the sprint retrospective call at 10 AM. (Ref #1410)",0
Did you get a chance to look at the quarterly report draft? (Ref #1411),0
Your package from Amazon has been delivered to your front porch. (Ref #1412),0
Happy birthday! Wishing you a fantastic year ahead. (Ref #1413),0
Your appointment with Dr. Sharma is confirmed for Tuesday at 3 PM. (Ref #1414),0
Happy birthday! Wishing you a fantastic year ahead. (Ref #1415),0
Let's schedule a 1-on-1 sync tomorrow morning to discuss project milestones. (Ref #1416),0
Let's schedule a 1-on-1 sync tomorrow morning to discuss project milestones. (Ref #1417),0
Happy birthday! Wishing you a fantastic year ahead. (Ref #1418),0
Happy birthday! Wishing you a fantastic year ahead. (Ref #1419),0
Your OTP for logging into the employee portal is 584920. Do not share with anyone. (Ref #1420),0
Your package from Amazon has been delivered to your front porch. (Ref #1421),0
Happy birthday! Wishing you a fantastic year ahead. (Ref #1422),0
The flight is delayed by 20 minutes due to weather conditions. (Ref #1423),0
Did you get a chance to look at the quarterly report draft? (Ref #1424),0
Did you get a chance to look at the quarterly report draft? (Ref #1425),0
Don't forget to push your code changes to the branch before the standup. (Ref #1426),0
Can you send me the lecture slides from yesterday's machine learning class? (Ref #1427),0
Let's schedule a 1-on-1 sync tomorrow morning to discuss project milestones. (Ref #1428),0
"Hey, are we still meeting for lunch at 12:30 today? (Ref #1429)",0
"Good morning team, let's join the sprint retrospective call at 10 AM. (Ref #1430)",0
The server deployment finished successfully without any downtime. (Ref #1431),0
"Hey, are we still meeting for lunch at 12:30 today? (Ref #1432)",0
Can you send me the lecture slides from yesterday's machine learning class? (Ref #1433),0
"Good morning team, let's join the sprint retrospective call at 10 AM. (Ref #1434)",0
Your OTP for logging into the employee portal is 584920. Do not share with anyone. (Ref #1435),0
Your package from Amazon has been delivered to your front porch. (Ref #1436),0
"Thanks for the meeting notes, I'll review the architecture diagram tonight. (Ref #1437)",0
Your package from Amazon has been delivered to your front porch. (Ref #1438),0
"Hey, are we still meeting for lunch at 12:30 today? (Ref #1439)",0
"Hey, are we still meeting for lunch at 12:30 today? (Ref #1440)",0
"Good morning team, let's join the sprint retrospective call at 10 AM. (Ref #1441)",0
"Good morning team, let's join the sprint retrospective call at 10 AM. (Ref #1442)",0
Let's schedule a 1-on-1 sync tomorrow morning to discuss project milestones. (Ref #1443),0
Your OTP for logging into the employee portal is 584920. Do not share with anyone. (Ref #1444),0
Let's schedule a 1-on-1 sync tomorrow morning to discuss project milestones. (Ref #1445),0
Can you send me the lecture slides from yesterday's machine learning class? (Ref #1446),0
Happy birthday! Wishing you a fantastic year ahead. (Ref #1447),0
Your package from Amazon has been delivered to your front porch. (Ref #1448),0
"Good morning team, let's join the sprint retrospective call at 10 AM. (Ref #1449)",0
"I'll be home in about 15 minutes, please put the dinner in the oven. (Ref #1450)",0
Can you send me the lecture slides from yesterday's machine learning class? (Ref #1451),0
The flight is delayed by 20 minutes due to weather conditions. (Ref #1452),0
Your OTP for logging into the employee portal is 584920. Do not share with anyone. (Ref #1453),0
"Hey, are we still meeting for lunch at 12:30 today? (Ref #1454)",0
Let's schedule a 1-on-1 sync tomorrow morning to discuss project milestones. (Ref #1455),0
Can you send me the lecture slides from yesterday's machine learning class? (Ref #1456),0
The server deployment finished successfully without any downtime. (Ref #1457),0
Your package from Amazon has been delivered to your front porch. (Ref #1458),0
"Good morning team, let's join the sprint retrospective call at 10 AM. (Ref #1459)",0
"Hey, are we still meeting for lunch at 12:30 today? (Ref #1460)",0
"Thanks for the meeting notes, I'll review the architecture diagram tonight. (Ref #1461)",0
The server deployment finished successfully without any downtime. (Ref #1462),0
Your OTP for logging into the employee portal is 584920. Do not share with anyone. (Ref #1463),0
Can you send me the lecture slides from yesterday's machine learning class? (Ref #1464),0
Your appointment with Dr. Sharma is confirmed for Tuesday at 3 PM. (Ref #1465),0
"Hey, are we still meeting for lunch at 12:30 today? (Ref #1466)",0
Your package from Amazon has been delivered to your front porch. (Ref #1467),0
Don't forget to push your code changes to the branch before the standup. (Ref #1468),0
"I'll be home in about 15 minutes, please put the dinner in the oven. (Ref #1469)",0
Please review the attached invoice for the software subscription renewal. (Ref #1470),0
The server deployment finished successfully without any downtime. (Ref #1471),0
Happy birthday! Wishing you a fantastic year ahead. (Ref #1472),0
Please review the attached invoice for the software subscription renewal. (Ref #1473),0
Your package from Amazon has been delivered to your front porch. (Ref #1474),0
The flight is delayed by 20 minutes due to weather conditions. (Ref #1475),0
Let's schedule a 1-on-1 sync tomorrow morning to discuss project milestones. (Ref #1476),0
The flight is delayed by 20 minutes due to weather conditions. (Ref #1477),0
Don't forget to push your code changes to the branch before the standup. (Ref #1478),0
The server deployment finished successfully without any downtime. (Ref #1479),0
Happy birthday! Wishing you a fantastic year ahead. (Ref #1480),0
Your appointment with Dr. Sharma is confirmed for Tuesday at 3 PM. (Ref #1481),0
Don't forget to push your code changes to the branch before the standup. (Ref #1482),0
The server deployment finished successfully without any downtime. (Ref #1483),0
Did you get a chance to look at the quarterly report draft? (Ref #1484),0
Please review the attached invoice for the software subscription renewal. (Ref #1485),0
Don't forget to push your code changes to the branch before the standup. (Ref #1486),0
Please review the attached invoice for the software subscription renewal. (Ref #1487),0
"Hey, are we still meeting for lunch at 12:30 today? (Ref #1488)",0
The flight is delayed by 20 minutes due to weather conditions. (Ref #1489),0
"Hey, are we still meeting for lunch at 12:30 today? (Ref #1490)",0
"I'll be home in about 15 minutes, please put the dinner in the oven. (Ref #1491)",0
Did you get a chance to look at the quarterly report draft? (Ref #1492),0
Happy birthday! Wishing you a fantastic year ahead. (Ref #1493),0
Your appointment with Dr. Sharma is confirmed for Tuesday at 3 PM. (Ref #1494),0
Your OTP for logging into the employee portal is 584920. Do not share with anyone. (Ref #1495),0
Please review the attached invoice for the software subscription renewal. (Ref #1496),0
Your appointment with Dr. Sharma is confirmed for Tuesday at 3 PM. (Ref #1497),0
Please review the attached invoice for the software subscription renewal. (Ref #1498),0
Your package from Amazon has been delivered to your front porch. (Ref #1499),0
Don't forget to push your code changes to the branch before the standup. (Ref #1500),0
"I'll be home in about 15 minutes, please put the dinner in the oven. (Ref #1501)",0
The flight is delayed by 20 minutes due to weather conditions. (Ref #1502),0
Your OTP for logging into the employee portal is 584920. Do not share with anyone. (Ref #1503),0
"Good morning team, let's join the sprint retrospective call at 10 AM. (Ref #1504)",0
Please review the attached invoice for the software subscription renewal. (Ref #1505),0
Your appointment with Dr. Sharma is confirmed for Tuesday at 3 PM. (Ref #1506),0
"I'll be home in about 15 minutes, please put the dinner in the oven. (Ref #1507)",0
"Thanks for the meeting notes, I'll review the architecture diagram tonight. (Ref #1508)",0
Your OTP for logging into the employee portal is 584920. Do not share with anyone. (Ref #1509),0
"Thanks for the meeting notes, I'll review the architecture diagram tonight. (Ref #1510)",0
"Hey, are we still meeting for lunch at 12:30 today? (Ref #1511)",0
The flight is delayed by 20 minutes due to weather conditions. (Ref #1512),0
Let's schedule a 1-on-1 sync tomorrow morning to discuss project milestones. (Ref #1513),0
Let's schedule a 1-on-1 sync tomorrow morning to discuss project milestones. (Ref #1514),0
"Good morning team, let's join the sprint retrospective call at 10 AM. (Ref #1515)",0
Your package from Amazon has been delivered to your front porch. (Ref #1516),0
Your appointment with Dr. Sharma is confirmed for Tuesday at 3 PM. (Ref #1517),0
The server deployment finished successfully without any downtime. (Ref #1518),0
"Good morning team, let's join the sprint retrospective call at 10 AM. (Ref #1519)",0
Don't forget to push your code changes to the branch before the standup. (Ref #1520),0
Don't forget to push your code changes to the branch before the standup. (Ref #1521),0
Your appointment with Dr. Sharma is confirmed for Tuesday at 3 PM. (Ref #1522),0
The server deployment finished successfully without any downtime. (Ref #1523),0
Happy birthday! Wishing you a fantastic year ahead. (Ref #1524),0
Your package from Amazon has been delivered to your front porch. (Ref #1525),0
"I'll be home in about 15 minutes, please put the dinner in the oven. (Ref #1526)",0
Please review the attached invoice for the software subscription renewal. (Ref #1527),0
The server deployment finished successfully without any downtime. (Ref #1528),0
Let's schedule a 1-on-1 sync tomorrow morning to discuss project milestones. (Ref #1529),0
Your OTP for logging into the employee portal is 584920. Do not share with anyone. (Ref #1530),0
Happy birthday! Wishing you a fantastic year ahead. (Ref #1531),0
Please review the attached invoice for the software subscription renewal. (Ref #1532),0
Please review the attached invoice for the software subscription renewal. (Ref #1533),0
Happy birthday! Wishing you a fantastic year ahead. (Ref #1534),0
"Hey, are we still meeting for lunch at 12:30 today? (Ref #1535)",0
"Thanks for the meeting notes, I'll review the architecture diagram tonight. (Ref #1536)",0
Please review the attached invoice for the software subscription renewal. (Ref #1537),0
Happy birthday! Wishing you a fantastic year ahead. (Ref #1538),0
The server deployment finished successfully without any downtime. (Ref #1539),0
Happy birthday! Wishing you a fantastic year ahead. (Ref #1540),0
Did you get a chance to look at the quarterly report draft? (Ref #1541),0
"Good morning team, let's join the sprint retrospective call at 10 AM. (Ref #1542)",0
Can you send me the lecture slides from yesterday's machine learning class? (Ref #1543),0
"Hey, are we still meeting for lunch at 12:30 today? (Ref #1544)",0
The flight is delayed by 20 minutes due to weather conditions. (Ref #1545),0
Can you send me the lecture slides from yesterday's machine learning class? (Ref #1546),0
"Good morning team, let's join the sprint retrospective call at 10 AM. (Ref #1547)",0
"Good morning team, let's join the sprint retrospective call at 10 AM. (Ref #1548)",0
"Good morning team, let's join the sprint retrospective call at 10 AM. (Ref #1549)",0
Can you send me the lecture slides from yesterday's machine learning class? (Ref #1550),0
Your appointment with Dr. Sharma is confirmed for Tuesday at 3 PM. (Ref #1551),0
"Thanks for the meeting notes, I'll review the architecture diagram tonight. (Ref #1552)",0
Happy birthday! Wishing you a fantastic year ahead. (Ref #1553),0
Your OTP for logging into the employee portal is 584920. Do not share with anyone. (Ref #1554),0
"Thanks for the meeting notes, I'll review the architecture diagram tonight. (Ref #1555)",0
Let's schedule a 1-on-1 sync tomorrow morning to discuss project milestones. (Ref #1556),0
The server deployment finished successfully without any downtime. (Ref #1557),0
Your package from Amazon has been delivered to your front porch. (Ref #1558),0
Your appointment with Dr. Sharma is confirmed for Tuesday at 3 PM. (Ref #1559),0
The flight is delayed by 20 minutes due to weather conditions. (Ref #1560),0
"Thanks for the meeting notes, I'll review the architecture diagram tonight. (Ref #1561)",0
Your OTP for logging into the employee portal is 584920. Do not share with anyone. (Ref #1562),0
Don't forget to push your code changes to the branch before the standup. (Ref #1563),0
"Good morning team, let's join the sprint retrospective call at 10 AM. (Ref #1564)",0
Please review the attached invoice for the software subscription renewal. (Ref #1565),0
Let's schedule a 1-on-1 sync tomorrow morning to discuss project milestones. (Ref #1566),0
Your package from Amazon has been delivered to your front porch. (Ref #1567),0
"Hey, are we still meeting for lunch at 12:30 today? (Ref #1568)",0
The flight is delayed by 20 minutes due to weather conditions. (Ref #1569),0
The server deployment finished successfully without any downtime. (Ref #1570),0
Your package from Amazon has been delivered to your front porch. (Ref #1571),0
"Good morning team, let's join the sprint retrospective call at 10 AM. (Ref #1572)",0
Please review the attached invoice for the software subscription renewal. (Ref #1573),0
Your appointment with Dr. Sharma is confirmed for Tuesday at 3 PM. (Ref #1574),0
Please review the attached invoice for the software subscription renewal. (Ref #1575),0
Can you send me the lecture slides from yesterday's machine learning class? (Ref #1576),0
Please review the attached invoice for the software subscription renewal. (Ref #1577),0
Can you send me the lecture slides from yesterday's machine learning class? (Ref #1578),0
Let's schedule a 1-on-1 sync tomorrow morning to discuss project milestones. (Ref #1579),0
Your appointment with Dr. Sharma is confirmed for Tuesday at 3 PM. (Ref #1580),0
The server deployment finished successfully without any downtime. (Ref #1581),0
"I'll be home in about 15 minutes, please put the dinner in the oven. (Ref #1582)",0
"Good morning team, let's join the sprint retrospective call at 10 AM. (Ref #1583)",0
Can you send me the lecture slides from yesterday's machine learning class? (Ref #1584),0
"Hey, are we still meeting for lunch at 12:30 today? (Ref #1585)",0
Please review the attached invoice for the software subscription renewal. (Ref #1586),0
Please review the attached invoice for the software subscription renewal. (Ref #1587),0
"Hey, are we still meeting for lunch at 12:30 today? (Ref #1588)",0
The server deployment finished successfully without any downtime. (Ref #1589),0
Don't forget to push your code changes to the branch before the standup. (Ref #1590),0
Let's schedule a 1-on-1 sync tomorrow morning to discuss project milestones. (Ref #1591),0
Happy birthday! Wishing you a fantastic year ahead. (Ref #1592),0
"I'll be home in about 15 minutes, please put the dinner in the oven. (Ref #1593)",0
The flight is delayed by 20 minutes due to weather conditions. (Ref #1594),0
Your OTP for logging into the employee portal is 584920. Do not share with anyone. (Ref #1595),0
Can you send me the lecture slides from yesterday's machine learning class? (Ref #1596),0
"Hey, are we still meeting for lunch at 12:30 today? (Ref #1597)",0
Your OTP for logging into the employee portal is 584920. Do not share with anyone. (Ref #1598),0
Your appointment with Dr. Sharma is confirmed for Tuesday at 3 PM. (Ref #1599),0
The server deployment finished successfully without any downtime. (Ref #1600),0
Can you send me the lecture slides from yesterday's machine learning class? (Ref #1601),0
Happy birthday! Wishing you a fantastic year ahead. (Ref #1602),0
Your OTP for logging into the employee portal is 584920. Do not share with anyone. (Ref #1603),0
Your appointment with Dr. Sharma is confirmed for Tuesday at 3 PM. (Ref #1604),0
Your package from Amazon has been delivered to your front porch. (Ref #1605),0
"Good morning team, let's join the sprint retrospective call at 10 AM. (Ref #1606)",0
Please review the attached invoice for the software subscription renewal. (Ref #1607),0
Your package from Amazon has been delivered to your front porch. (Ref #1608),0
Can you send me the lecture slides from yesterday's machine learning class? (Ref #1609),0
Happy birthday! Wishing you a fantastic year ahead. (Ref #1610),0
"I'll be home in about 15 minutes, please put the dinner in the oven. (Ref #1611)",0
Your OTP for logging into the employee portal is 584920. Do not share with anyone. (Ref #1612),0
Let's schedule a 1-on-1 sync tomorrow morning to discuss project milestones. (Ref #1613),0
"Good morning team, let's join the sprint retrospective call at 10 AM. (Ref #1614)",0
Can you send me the lecture slides from yesterday's machine learning class? (Ref #1615),0
The server deployment finished successfully without any downtime. (Ref #1616),0
"Hey, are we still meeting for lunch at 12:30 today? (Ref #1617)",0
Let's schedule a 1-on-1 sync tomorrow morning to discuss project milestones. (Ref #1618),0
Let's schedule a 1-on-1 sync tomorrow morning to discuss project milestones. (Ref #1619),0
Let's schedule a 1-on-1 sync tomorrow morning to discuss project milestones. (Ref #1620),0
"Thanks for the meeting notes, I'll review the architecture diagram tonight. (Ref #1621)",0
Can you send me the lecture slides from yesterday's machine learning class? (Ref #1622),0
"Good morning team, let's join the sprint retrospective call at 10 AM. (Ref #1623)",0
Please review the attached invoice for the software subscription renewal. (Ref #1624),0
Please review the attached invoice for the software subscription renewal. (Ref #1625),0
Can you send me the lecture slides from yesterday's machine learning class? (Ref #1626),0
Your appointment with Dr. Sharma is confirmed for Tuesday at 3 PM. (Ref #1627),0
"Thanks for the meeting notes, I'll review the architecture diagram tonight. (Ref #1628)",0
"Hey, are we still meeting for lunch at 12:30 today? (Ref #1629)",0
Let's schedule a 1-on-1 sync tomorrow morning to discuss project milestones. (Ref #1630),0
Let's schedule a 1-on-1 sync tomorrow morning to discuss project milestones. (Ref #1631),0
Can you send me the lecture slides from yesterday's machine learning class? (Ref #1632),0
Your appointment with Dr. Sharma is confirmed for Tuesday at 3 PM. (Ref #1633),0
Please review the attached invoice for the software subscription renewal. (Ref #1634),0
Please review the attached invoice for the software subscription renewal. (Ref #1635),0
Happy birthday! Wishing you a fantastic year ahead. (Ref #1636),0
Can you send me the lecture slides from yesterday's machine learning class? (Ref #1637),0
"Thanks for the meeting notes, I'll review the architecture diagram tonight. (Ref #1638)",0
Don't forget to push your code changes to the branch before the standup. (Ref #1639),0
"Thanks for the meeting notes, I'll review the architecture diagram tonight. (Ref #1640)",0
The server deployment finished successfully without any downtime. (Ref #1641),0
Please review the attached invoice for the software subscription renewal. (Ref #1642),0
Please review the attached invoice for the software subscription renewal. (Ref #1643),0
Your package from Amazon has been delivered to your front porch. (Ref #1644),0
Please review the attached invoice for the software subscription renewal. (Ref #1645),0
"Hey, are we still meeting for lunch at 12:30 today? (Ref #1646)",0
The flight is delayed by 20 minutes due to weather conditions. (Ref #1647),0
Can you send me the lecture slides from yesterday's machine learning class? (Ref #1648),0
Your OTP for logging into the employee portal is 584920. Do not share with anyone. (Ref #1649),0
"Thanks for the meeting notes, I'll review the architecture diagram tonight. (Ref #1650)",0
The flight is delayed by 20 minutes due to weather conditions. (Ref #1651),0
Your appointment with Dr. Sharma is confirmed for Tuesday at 3 PM. (Ref #1652),0
Don't forget to push your code changes to the branch before the standup. (Ref #1653),0
"Hey, are we still meeting for lunch at 12:30 today? (Ref #1654)",0
"Good morning team, let's join the sprint retrospective call at 10 AM. (Ref #1655)",0
Did you get a chance to look at the quarterly report draft? (Ref #1656),0
"Thanks for the meeting notes, I'll review the architecture diagram tonight. (Ref #1657)",0
The flight is delayed by 20 minutes due to weather conditions. (Ref #1658),0
"Good morning team, let's join the sprint retrospective call at 10 AM. (Ref #1659)",0
Don't forget to push your code changes to the branch before the standup. (Ref #1660),0
Your package from Amazon has been delivered to your front porch. (Ref #1661),0
"Good morning team, let's join the sprint retrospective call at 10 AM. (Ref #1662)",0
"Hey, are we still meeting for lunch at 12:30 today? (Ref #1663)",0
"Hey, are we still meeting for lunch at 12:30 today? (Ref #1664)",0
Your OTP for logging into the employee portal is 584920. Do not share with anyone. (Ref #1665),0
Your package from Amazon has been delivered to your front porch. (Ref #1666),0
Did you get a chance to look at the quarterly report draft? (Ref #1667),0
Can you send me the lecture slides from yesterday's machine learning class? (Ref #1668),0
"Good morning team, let's join the sprint retrospective call at 10 AM. (Ref #1669)",0
Your package from Amazon has been delivered to your front porch. (Ref #1670),0
"Hey, are we still meeting for lunch at 12:30 today? (Ref #1671)",0
"Hey, are we still meeting for lunch at 12:30 today? (Ref #1672)",0
The flight is delayed by 20 minutes due to weather conditions. (Ref #1673),0
Please review the attached invoice for the software subscription renewal. (Ref #1674),0
Did you get a chance to look at the quarterly report draft? (Ref #1675),0
"Good morning team, let's join the sprint retrospective call at 10 AM. (Ref #1676)",0
Your OTP for logging into the employee portal is 584920. Do not share with anyone. (Ref #1677),0
Your OTP for logging into the employee portal is 584920. Do not share with anyone. (Ref #1678),0
"Good morning team, let's join the sprint retrospective call at 10 AM. (Ref #1679)",0
The server deployment finished successfully without any downtime. (Ref #1680),0
Let's schedule a 1-on-1 sync tomorrow morning to discuss project milestones. (Ref #1681),0
Don't forget to push your code changes to the branch before the standup. (Ref #1682),0
Your OTP for logging into the employee portal is 584920. Do not share with anyone. (Ref #1683),0
Your package from Amazon has been delivered to your front porch. (Ref #1684),0
Don't forget to push your code changes to the branch before the standup. (Ref #1685),0
Your package from Amazon has been delivered to your front porch. (Ref #1686),0
Your appointment with Dr. Sharma is confirmed for Tuesday at 3 PM. (Ref #1687),0
"Hey, are we still meeting for lunch at 12:30 today? (Ref #1688)",0
Please review the attached invoice for the software subscription renewal. (Ref #1689),0
The flight is delayed by 20 minutes due to weather conditions. (Ref #1690),0
Your OTP for logging into the employee portal is 584920. Do not share with anyone. (Ref #1691),0
Please review the attached invoice for the software subscription renewal. (Ref #1692),0
Please review the attached invoice for the software subscription renewal. (Ref #1693),0
Please review the attached invoice for the software subscription renewal. (Ref #1694),0
Let's schedule a 1-on-1 sync tomorrow morning to discuss project milestones. (Ref #1695),0
Don't forget to push your code changes to the branch before the standup. (Ref #1696),0
Your package from Amazon has been delivered to your front porch. (Ref #1697),0
"I'll be home in about 15 minutes, please put the dinner in the oven. (Ref #1698)",0
Your appointment with Dr. Sharma is confirmed for Tuesday at 3 PM. (Ref #1699),0
"Thanks for the meeting notes, I'll review the architecture diagram tonight. (Ref #1700)",0
Please review the attached invoice for the software subscription renewal. (Ref #1701),0
Can you send me the lecture slides from yesterday's machine learning class? (Ref #1702),0
Don't forget to push your code changes to the branch before the standup. (Ref #1703),0
Your OTP for logging into the employee portal is 584920. Do not share with anyone. (Ref #1704),0
Did you get a chance to look at the quarterly report draft? (Ref #1705),0
Your OTP for logging into the employee portal is 584920. Do not share with anyone. (Ref #1706),0
The flight is delayed by 20 minutes due to weather conditions. (Ref #1707),0
"Thanks for the meeting notes, I'll review the architecture diagram tonight. (Ref #1708)",0
"I'll be home in about 15 minutes, please put the dinner in the oven. (Ref #1709)",0
Can you send me the lecture slides from yesterday's machine learning class? (Ref #1710),0
Your OTP for logging into the employee portal is 584920. Do not share with anyone. (Ref #1711),0
"I'll be home in about 15 minutes, please put the dinner in the oven. (Ref #1712)",0
"Thanks for the meeting notes, I'll review the architecture diagram tonight. (Ref #1713)",0
Please review the attached invoice for the software subscription renewal. (Ref #1714),0
Can you send me the lecture slides from yesterday's machine learning class? (Ref #1715),0
"I'll be home in about 15 minutes, please put the dinner in the oven. (Ref #1716)",0
The flight is delayed by 20 minutes due to weather conditions. (Ref #1717),0
Your package from Amazon has been delivered to your front porch. (Ref #1718),0
"Hey, are we still meeting for lunch at 12:30 today? (Ref #1719)",0
Your package from Amazon has been delivered to your front porch. (Ref #1720),0
"Thanks for the meeting notes, I'll review the architecture diagram tonight. (Ref #1721)",0
Don't forget to push your code changes to the branch before the standup. (Ref #1722),0
"Hey, are we still meeting for lunch at 12:30 today? (Ref #1723)",0
Your appointment with Dr. Sharma is confirmed for Tuesday at 3 PM. (Ref #1724),0
The flight is delayed by 20 minutes due to weather conditions. (Ref #1725),0
Your appointment with Dr. Sharma is confirmed for Tuesday at 3 PM. (Ref #1726),0
Let's schedule a 1-on-1 sync tomorrow morning to discuss project milestones. (Ref #1727),0
Can you send me the lecture slides from yesterday's machine learning class? (Ref #1728),0
"Good morning team, let's join the sprint retrospective call at 10 AM. (Ref #1729)",0
"Hey, are we still meeting for lunch at 12:30 today? (Ref #1730)",0
Your appointment with Dr. Sharma is confirmed for Tuesday at 3 PM. (Ref #1731),0
Your OTP for logging into the employee portal is 584920. Do not share with anyone. (Ref #1732),0
Your appointment with Dr. Sharma is confirmed for Tuesday at 3 PM. (Ref #1733),0
"I'll be home in about 15 minutes, please put the dinner in the oven. (Ref #1734)",0
Your package from Amazon has been delivered to your front porch. (Ref #1735),0
"I'll be home in about 15 minutes, please put the dinner in the oven. (Ref #1736)",0
Let's schedule a 1-on-1 sync tomorrow morning to discuss project milestones. (Ref #1737),0
"Hey, are we still meeting for lunch at 12:30 today? (Ref #1738)",0
"Hey, are we still meeting for lunch at 12:30 today? (Ref #1739)",0
Let's schedule a 1-on-1 sync tomorrow morning to discuss project milestones. (Ref #1740),0
"Thanks for the meeting notes, I'll review the architecture diagram tonight. (Ref #1741)",0
"I'll be home in about 15 minutes, please put the dinner in the oven. (Ref #1742)",0
Happy birthday! Wishing you a fantastic year ahead. (Ref #1743),0
Your OTP for logging into the employee portal is 584920. Do not share with anyone. (Ref #1744),0
Did you get a chance to look at the quarterly report draft? (Ref #1745),0
Your package from Amazon has been delivered to your front porch. (Ref #1746),0
"Hey, are we still meeting for lunch at 12:30 today? (Ref #1747)",0
"Thanks for the meeting notes, I'll review the architecture diagram tonight. (Ref #1748)",0
"Good morning team, let's join the sprint retrospective call at 10 AM. (Ref #1749)",0
Your OTP for logging into the employee portal is 584920. Do not share with anyone. (Ref #1750),0
"I'll be home in about 15 minutes, please put the dinner in the oven. (Ref #1751)",0
Your package from Amazon has been delivered to your front porch. (Ref #1752),0
"Good morning team, let's join the sprint retrospective call at 10 AM. (Ref #1753)",0
"I'll be home in about 15 minutes, please put the dinner in the oven. (Ref #1754)",0
Your appointment with Dr. Sharma is confirmed for Tuesday at 3 PM. (Ref #1755),0
"Good morning team, let's join the sprint retrospective call at 10 AM. (Ref #1756)",0
Let's schedule a 1-on-1 sync tomorrow morning to discuss project milestones. (Ref #1757),0
The server deployment finished successfully without any downtime. (Ref #1758),0
"Thanks for the meeting notes, I'll review the architecture diagram tonight. (Ref #1759)",0
Your package from Amazon has been delivered to your front porch. (Ref #1760),0
Please review the attached invoice for the software subscription renewal. (Ref #1761),0
The server deployment finished successfully without any downtime. (Ref #1762),0
Can you send me the lecture slides from yesterday's machine learning class? (Ref #1763),0
Can you send me the lecture slides from yesterday's machine learning class? (Ref #1764),0
Your package from Amazon has been delivered to your front porch. (Ref #1765),0
"Good morning team, let's join the sprint retrospective call at 10 AM. (Ref #1766)",0
"I'll be home in about 15 minutes, please put the dinner in the oven. (Ref #1767)",0
"Thanks for the meeting notes, I'll review the architecture diagram tonight. (Ref #1768)",0
Did you get a chance to look at the quarterly report draft? (Ref #1769),0
Can you send me the lecture slides from yesterday's machine learning class? (Ref #1770),0
"Thanks for the meeting notes, I'll review the architecture diagram tonight. (Ref #1771)",0
Can you send me the lecture slides from yesterday's machine learning class? (Ref #1772),0
Your appointment with Dr. Sharma is confirmed for Tuesday at 3 PM. (Ref #1773),0
"I'll be home in about 15 minutes, please put the dinner in the oven. (Ref #1774)",0
Your appointment with Dr. Sharma is confirmed for Tuesday at 3 PM. (Ref #1775),0
Your OTP for logging into the employee portal is 584920. Do not share with anyone. (Ref #1776),0
Can you send me the lecture slides from yesterday's machine learning class? (Ref #1777),0
Please review the attached invoice for the software subscription renewal. (Ref #1778),0
Please review the attached invoice for the software subscription renewal. (Ref #1779),0
Your appointment with Dr. Sharma is confirmed for Tuesday at 3 PM. (Ref #1780),0
Let's schedule a 1-on-1 sync tomorrow morning to discuss project milestones. (Ref #1781),0
The server deployment finished successfully without any downtime. (Ref #1782),0
Please review the attached invoice for the software subscription renewal. (Ref #1783),0
Can you send me the lecture slides from yesterday's machine learning class? (Ref #1784),0
Your package from Amazon has been delivered to your front porch. (Ref #1785),0
Your appointment with Dr. Sharma is confirmed for Tuesday at 3 PM. (Ref #1786),0
Your OTP for logging into the employee portal is 584920. Do not share with anyone. (Ref #1787),0
Did you get a chance to look at the quarterly report draft? (Ref #1788),0
Did you get a chance to look at the quarterly report draft? (Ref #1789),0
Don't forget to push your code changes to the branch before the standup. (Ref #1790),0
The server deployment finished successfully without any downtime. (Ref #1791),0
"Good morning team, let's join the sprint retrospective call at 10 AM. (Ref #1792)",0
"I'll be home in about 15 minutes, please put the dinner in the oven. (Ref #1793)",0
Please review the attached invoice for the software subscription renewal. (Ref #1794),0
Please review the attached invoice for the software subscription renewal. (Ref #1795),0
"Good morning team, let's join the sprint retrospective call at 10 AM. (Ref #1796)",0
"Hey, are we still meeting for lunch at 12:30 today? (Ref #1797)",0
Your OTP for logging into the employee portal is 584920. Do not share with anyone. (Ref #1798),0
Happy birthday! Wishing you a fantastic year ahead. (Ref #1799),0
Your appointment with Dr. Sharma is confirmed for Tuesday at 3 PM. (Ref #1800),0
Let's schedule a 1-on-1 sync tomorrow morning to discuss project milestones. (Ref #1801),0
Your OTP for logging into the employee portal is 584920. Do not share with anyone. (Ref #1802),0
The flight is delayed by 20 minutes due to weather conditions. (Ref #1803),0
Please review the attached invoice for the software subscription renewal. (Ref #1804),0
"I'll be home in about 15 minutes, please put the dinner in the oven. (Ref #1805)",0
Don't forget to push your code changes to the branch before the standup. (Ref #1806),0
Did you get a chance to look at the quarterly report draft? (Ref #1807),0
Please review the attached invoice for the software subscription renewal. (Ref #1808),0
Don't forget to push your code changes to the branch before the standup. (Ref #1809),0
Can you send me the lecture slides from yesterday's machine learning class? (Ref #1810),0
Your OTP for logging into the employee portal is 584920. Do not share with anyone. (Ref #1811),0
Can you send me the lecture slides from yesterday's machine learning class? (Ref #1812),0
Happy birthday! Wishing you a fantastic year ahead. (Ref #1813),0
Your package from Amazon has been delivered to your front porch. (Ref #1814),0
The flight is delayed by 20 minutes due to weather conditions. (Ref #1815),0
Your OTP for logging into the employee portal is 584920. Do not share with anyone. (Ref #1816),0
"Hey, are we still meeting for lunch at 12:30 today? (Ref #1817)",0
Happy birthday! Wishing you a fantastic year ahead. (Ref #1818),0
"Thanks for the meeting notes, I'll review the architecture diagram tonight. (Ref #1819)",0
"Hey, are we still meeting for lunch at 12:30 today? (Ref #1820)",0
The server deployment finished successfully without any downtime. (Ref #1821),0
Your appointment with Dr. Sharma is confirmed for Tuesday at 3 PM. (Ref #1822),0
"I'll be home in about 15 minutes, please put the dinner in the oven. (Ref #1823)",0
Your OTP for logging into the employee portal is 584920. Do not share with anyone. (Ref #1824),0
"Thanks for the meeting notes, I'll review the architecture diagram tonight. (Ref #1825)",0
"Thanks for the meeting notes, I'll review the architecture diagram tonight. (Ref #1826)",0
Happy birthday! Wishing you a fantastic year ahead. (Ref #1827),0
"Good morning team, let's join the sprint retrospective call at 10 AM. (Ref #1828)",0
The server deployment finished successfully without any downtime. (Ref #1829),0
Your package from Amazon has been delivered to your front porch. (Ref #1830),0
Your OTP for logging into the employee portal is 584920. Do not share with anyone. (Ref #1831),0
"Good morning team, let's join the sprint retrospective call at 10 AM. (Ref #1832)",0
Happy birthday! Wishing you a fantastic year ahead. (Ref #1833),0
Your appointment with Dr. Sharma is confirmed for Tuesday at 3 PM. (Ref #1834),0
Did you get a chance to look at the quarterly report draft? (Ref #1835),0
Please review the attached invoice for the software subscription renewal. (Ref #1836),0
Please review the attached invoice for the software subscription renewal. (Ref #1837),0
Your package from Amazon has been delivered to your front porch. (Ref #1838),0
Your appointment with Dr. Sharma is confirmed for Tuesday at 3 PM. (Ref #1839),0
Let's schedule a 1-on-1 sync tomorrow morning to discuss project milestones. (Ref #1840),0
Your package from Amazon has been delivered to your front porch. (Ref #1841),0
Your OTP for logging into the employee portal is 584920. Do not share with anyone. (Ref #1842),0
Your OTP for logging into the employee portal is 584920. Do not share with anyone. (Ref #1843),0
Don't forget to push your code changes to the branch before the standup. (Ref #1844),0
"Good morning team, let's join the sprint retrospective call at 10 AM. (Ref #1845)",0
Let's schedule a 1-on-1 sync tomorrow morning to discuss project milestones. (Ref #1846),0
Please review the attached invoice for the software subscription renewal. (Ref #1847),0
"Thanks for the meeting notes, I'll review the architecture diagram tonight. (Ref #1848)",0
"Good morning team, let's join the sprint retrospective call at 10 AM. (Ref #1849)",0
The flight is delayed by 20 minutes due to weather conditions. (Ref #1850),0
Your OTP for logging into the employee portal is 584920. Do not share with anyone. (Ref #1851),0
The server deployment finished successfully without any downtime. (Ref #1852),0
"I'll be home in about 15 minutes, please put the dinner in the oven. (Ref #1853)",0
Your appointment with Dr. Sharma is confirmed for Tuesday at 3 PM. (Ref #1854),0
"Hey, are we still meeting for lunch at 12:30 today? (Ref #1855)",0
Your package from Amazon has been delivered to your front porch. (Ref #1856),0
Your OTP for logging into the employee portal is 584920. Do not share with anyone. (Ref #1857),0
"Good morning team, let's join the sprint retrospective call at 10 AM. (Ref #1858)",0
Let's schedule a 1-on-1 sync tomorrow morning to discuss project milestones. (Ref #1859),0
"I'll be home in about 15 minutes, please put the dinner in the oven. (Ref #1860)",0
The server deployment finished successfully without any downtime. (Ref #1861),0
"Good morning team, let's join the sprint retrospective call at 10 AM. (Ref #1862)",0
"Hey, are we still meeting for lunch at 12:30 today? (Ref #1863)",0
"I'll be home in about 15 minutes, please put the dinner in the oven. (Ref #1864)",0
The flight is delayed by 20 minutes due to weather conditions. (Ref #1865),0
"Hey, are we still meeting for lunch at 12:30 today? (Ref #1866)",0
Happy birthday! Wishing you a fantastic year ahead. (Ref #1867),0
Can you send me the lecture slides from yesterday's machine learning class? (Ref #1868),0
Happy birthday! Wishing you a fantastic year ahead. (Ref #1869),0
Please review the attached invoice for the software subscription renewal. (Ref #1870),0
"Good morning team, let's join the sprint retrospective call at 10 AM. (Ref #1871)",0
Your OTP for logging into the employee portal is 584920. Do not share with anyone. (Ref #1872),0
Your OTP for logging into the employee portal is 584920. Do not share with anyone. (Ref #1873),0
Your OTP for logging into the employee portal is 584920. Do not share with anyone. (Ref #1874),0
The server deployment finished successfully without any downtime. (Ref #1875),0
Can you send me the lecture slides from yesterday's machine learning class? (Ref #1876),0
Happy birthday! Wishing you a fantastic year ahead. (Ref #1877),0
Can you send me the lecture slides from yesterday's machine learning class? (Ref #1878),0
Did you get a chance to look at the quarterly report draft? (Ref #1879),0
"Good morning team, let's join the sprint retrospective call at 10 AM. (Ref #1880)",0
Can you send me the lecture slides from yesterday's machine learning class? (Ref #1881),0
"Thanks for the meeting notes, I'll review the architecture diagram tonight. (Ref #1882)",0
Your package from Amazon has been delivered to your front porch. (Ref #1883),0
Your package from Amazon has been delivered to your front porch. (Ref #1884),0
"Thanks for the meeting notes, I'll review the architecture diagram tonight. (Ref #1885)",0
"I'll be home in about 15 minutes, please put the dinner in the oven. (Ref #1886)",0
Don't forget to push your code changes to the branch before the standup. (Ref #1887),0
The server deployment finished successfully without any downtime. (Ref #1888),0
"I'll be home in about 15 minutes, please put the dinner in the oven. (Ref #1889)",0
"Hey, are we still meeting for lunch at 12:30 today? (Ref #1890)",0
Let's schedule a 1-on-1 sync tomorrow morning to discuss project milestones. (Ref #1891),0
The server deployment finished successfully without any downtime. (Ref #1892),0
The server deployment finished successfully without any downtime. (Ref #1893),0
"Hey, are we still meeting for lunch at 12:30 today? (Ref #1894)",0
Can you send me the lecture slides from yesterday's machine learning class? (Ref #1895),0
Happy birthday! Wishing you a fantastic year ahead. (Ref #1896),0
Happy birthday! Wishing you a fantastic year ahead. (Ref #1897),0
Your package from Amazon has been delivered to your front porch. (Ref #1898),0
Your appointment with Dr. Sharma is confirmed for Tuesday at 3 PM. (Ref #1899),0
"I'll be home in about 15 minutes, please put the dinner in the oven. (Ref #1900)",0
Did you get a chance to look at the quarterly report draft? (Ref #1901),0
"Good morning team, let's join the sprint retrospective call at 10 AM. (Ref #1902)",0
Please review the attached invoice for the software subscription renewal. (Ref #1903),0
The flight is delayed by 20 minutes due to weather conditions. (Ref #1904),0
Happy birthday! Wishing you a fantastic year ahead. (Ref #1905),0
"Good morning team, let's join the sprint retrospective call at 10 AM. (Ref #1906)",0
The flight is delayed by 20 minutes due to weather conditions. (Ref #1907),0
"Good morning team, let's join the sprint retrospective call at 10 AM. (Ref #1908)",0
Can you send me the lecture slides from yesterday's machine learning class? (Ref #1909),0
The flight is delayed by 20 minutes due to weather conditions. (Ref #1910),0
Please review the attached invoice for the software subscription renewal. (Ref #1911),0
"Good morning team, let's join the sprint retrospective call at 10 AM. (Ref #1912)",0
"Thanks for the meeting notes, I'll review the architecture diagram tonight. (Ref #1913)",0
Please review the attached invoice for the software subscription renewal. (Ref #1914),0
The flight is delayed by 20 minutes due to weather conditions. (Ref #1915),0
Please review the attached invoice for the software subscription renewal. (Ref #1916),0
"Good morning team, let's join the sprint retrospective call at 10 AM. (Ref #1917)",0
Don't forget to push your code changes to the branch before the standup. (Ref #1918),0
"Good morning team, let's join the sprint retrospective call at 10 AM. (Ref #1919)",0
"Good morning team, let's join the sprint retrospective call at 10 AM. (Ref #1920)",0
Can you send me the lecture slides from yesterday's machine learning class? (Ref #1921),0
"I'll be home in about 15 minutes, please put the dinner in the oven. (Ref #1922)",0
"Thanks for the meeting notes, I'll review the architecture diagram tonight. (Ref #1923)",0
Did you get a chance to look at the quarterly report draft? (Ref #1924),0
Happy birthday! Wishing you a fantastic year ahead. (Ref #1925),0
The server deployment finished successfully without any downtime. (Ref #1926),0
"Hey, are we still meeting for lunch at 12:30 today? (Ref #1927)",0
"I'll be home in about 15 minutes, please put the dinner in the oven. (Ref #1928)",0
"Hey, are we still meeting for lunch at 12:30 today? (Ref #1929)",0
Can you send me the lecture slides from yesterday's machine learning class? (Ref #1930),0
"Thanks for the meeting notes, I'll review the architecture diagram tonight. (Ref #1931)",0
Your OTP for logging into the employee portal is 584920. Do not share with anyone. (Ref #1932),0
"Good morning team, let's join the sprint retrospective call at 10 AM. (Ref #1933)",0
Your OTP for logging into the employee portal is 584920. Do not share with anyone. (Ref #1934),0
Your OTP for logging into the employee portal is 584920. Do not share with anyone. (Ref #1935),0
Let's schedule a 1-on-1 sync tomorrow morning to discuss project milestones. (Ref #1936),0
Your package from Amazon has been delivered to your front porch. (Ref #1937),0
Your OTP for logging into the employee portal is 584920. Do not share with anyone. (Ref #1938),0
Happy birthday! Wishing you a fantastic year ahead. (Ref #1939),0
Don't forget to push your code changes to the branch before the standup. (Ref #1940),0
Your package from Amazon has been delivered to your front porch. (Ref #1941),0
Can you send me the lecture slides from yesterday's machine learning class? (Ref #1942),0
The server deployment finished successfully without any downtime. (Ref #1943),0
"I'll be home in about 15 minutes, please put the dinner in the oven. (Ref #1944)",0
Don't forget to push your code changes to the branch before the standup. (Ref #1945),0
Please review the attached invoice for the software subscription renewal. (Ref #1946),0
The flight is delayed by 20 minutes due to weather conditions. (Ref #1947),0
Let's schedule a 1-on-1 sync tomorrow morning to discuss project milestones. (Ref #1948),0
Don't forget to push your code changes to the branch before the standup. (Ref #1949),0
Did you get a chance to look at the quarterly report draft? (Ref #1950),0
Your OTP for logging into the employee portal is 584920. Do not share with anyone. (Ref #1951),0
Can you send me the lecture slides from yesterday's machine learning class? (Ref #1952),0
Your appointment with Dr. Sharma is confirmed for Tuesday at 3 PM. (Ref #1953),0
The flight is delayed by 20 minutes due to weather conditions. (Ref #1954),0
"Hey, are we still meeting for lunch at 12:30 today? (Ref #1955)",0
Happy birthday! Wishing you a fantastic year ahead. (Ref #1956),0
"Hey, are we still meeting for lunch at 12:30 today? (Ref #1957)",0
Don't forget to push your code changes to the branch before the standup. (Ref #1958),0
The server deployment finished successfully without any downtime. (Ref #1959),0
"Hey, are we still meeting for lunch at 12:30 today? (Ref #1960)",0
Did you get a chance to look at the quarterly report draft? (Ref #1961),0
Can you send me the lecture slides from yesterday's machine learning class? (Ref #1962),0
Please review the attached invoice for the software subscription renewal. (Ref #1963),0
The server deployment finished successfully without any downtime. (Ref #1964),0
"I'll be home in about 15 minutes, please put the dinner in the oven. (Ref #1965)",0
Happy birthday! Wishing you a fantastic year ahead. (Ref #1966),0
Did you get a chance to look at the quarterly report draft? (Ref #1967),0
Did you get a chance to look at the quarterly report draft? (Ref #1968),0
"Hey, are we still meeting for lunch at 12:30 today? (Ref #1969)",0
Your OTP for logging into the employee portal is 584920. Do not share with anyone. (Ref #1970),0
"Hey, are we still meeting for lunch at 12:30 today? (Ref #1971)",0
Don't forget to push your code changes to the branch before the standup. (Ref #1972),0
"I'll be home in about 15 minutes, please put the dinner in the oven. (Ref #1973)",0
Your package from Amazon has been delivered to your front porch. (Ref #1974),0
The server deployment finished successfully without any downtime. (Ref #1975),0
"Hey, are we still meeting for lunch at 12:30 today? (Ref #1976)",0
Can you send me the lecture slides from yesterday's machine learning class? (Ref #1977),0
Your appointment with Dr. Sharma is confirmed for Tuesday at 3 PM. (Ref #1978),0
Happy birthday! Wishing you a fantastic year ahead. (Ref #1979),0
"Good morning team, let's join the sprint retrospective call at 10 AM. (Ref #1980)",0
"Hey, are we still meeting for lunch at 12:30 today? (Ref #1981)",0
Can you send me the lecture slides from yesterday's machine learning class? (Ref #1982),0
The server deployment finished successfully without any downtime. (Ref #1983),0
Can you send me the lecture slides from yesterday's machine learning class? (Ref #1984),0
Happy birthday! Wishing you a fantastic year ahead. (Ref #1985),0
Your package from Amazon has been delivered to your front porch. (Ref #1986),0
Can you send me the lecture slides from yesterday's machine learning class? (Ref #1987),0
Your appointment with Dr. Sharma is confirmed for Tuesday at 3 PM. (Ref #1988),0
Can you send me the lecture slides from yesterday's machine learning class? (Ref #1989),0
Can you send me the lecture slides from yesterday's machine learning class? (Ref #1990),0
Can you send me the lecture slides from yesterday's machine learning class? (Ref #1991),0
Please review the attached invoice for the software subscription renewal. (Ref #1992),0
Please review the attached invoice for the software subscription renewal. (Ref #1993),0
Your package from Amazon has been delivered to your front porch. (Ref #1994),0
"Hey, are we still meeting for lunch at 12:30 today? (Ref #1995)",0
Can you send me the lecture slides from yesterday's machine learning class? (Ref #1996),0
Let's schedule a 1-on-1 sync tomorrow morning to discuss project milestones. (Ref #1997),0
"I'll be home in about 15 minutes, please put the dinner in the oven. (Ref #1998)",0
Let's schedule a 1-on-1 sync tomorrow morning to discuss project milestones. (Ref #1999),0
"Hey, are we still meeting for lunch at 12:30 today? (Ref #2000)",0
Your package from Amazon has been delivered to your front porch. (Ref #2001),0
Your OTP for logging into the employee portal is 584920. Do not share with anyone. (Ref #2002),0
Your OTP for logging into the employee portal is 584920. Do not share with anyone. (Ref #2003),0
"Thanks for the meeting notes, I'll review the architecture diagram tonight. (Ref #2004)",0
Let's schedule a 1-on-1 sync tomorrow morning to discuss project milestones. (Ref #2005),0
"Hey, are we still meeting for lunch at 12:30 today? (Ref #2006)",0
"Hey, are we still meeting for lunch at 12:30 today? (Ref #2007)",0
The flight is delayed by 20 minutes due to weather conditions. (Ref #2008),0
Don't forget to push your code changes to the branch before the standup. (Ref #2009),0
"Good morning team, let's join the sprint retrospective call at 10 AM. (Ref #2010)",0
The server deployment finished successfully without any downtime. (Ref #2011),0
The flight is delayed by 20 minutes due to weather conditions. (Ref #2012),0
Your appointment with Dr. Sharma is confirmed for Tuesday at 3 PM. (Ref #2013),0
Please review the attached invoice for the software subscription renewal. (Ref #2014),0
Please review the attached invoice for the software subscription renewal. (Ref #2015),0
Don't forget to push your code changes to the branch before the standup. (Ref #2016),0
Happy birthday! Wishing you a fantastic year ahead. (Ref #2017),0
Happy birthday! Wishing you a fantastic year ahead. (Ref #2018),0
Your package from Amazon has been delivered to your front porch. (Ref #2019),0
Did you get a chance to look at the quarterly report draft? (Ref #2020),0
Don't forget to push your code changes to the branch before the standup. (Ref #2021),0
"Good morning team, let's join the sprint retrospective call at 10 AM. (Ref #2022)",0
"Hey, are we still meeting for lunch at 12:30 today? (Ref #2023)",0
Happy birthday! Wishing you a fantastic year ahead. (Ref #2024),0
"Good morning team, let's join the sprint retrospective call at 10 AM. (Ref #2025)",0
Can you send me the lecture slides from yesterday's machine learning class? (Ref #2026),0
Let's schedule a 1-on-1 sync tomorrow morning to discuss project milestones. (Ref #2027),0
Let's schedule a 1-on-1 sync tomorrow morning to discuss project milestones. (Ref #2028),0
Did you get a chance to look at the quarterly report draft? (Ref #2029),0
"I'll be home in about 15 minutes, please put the dinner in the oven. (Ref #2030)",0
"Hey, are we still meeting for lunch at 12:30 today? (Ref #2031)",0
The server deployment finished successfully without any downtime. (Ref #2032),0
The server deployment finished successfully without any downtime. (Ref #2033),0
Your appointment with Dr. Sharma is confirmed for Tuesday at 3 PM. (Ref #2034),0
The server deployment finished successfully without any downtime. (Ref #2035),0
Can you send me the lecture slides from yesterday's machine learning class? (Ref #2036),0
Can you send me the lecture slides from yesterday's machine learning class? (Ref #2037),0
Let's schedule a 1-on-1 sync tomorrow morning to discuss project milestones. (Ref #2038),0
Don't forget to push your code changes to the branch before the standup. (Ref #2039),0
Did you get a chance to look at the quarterly report draft? (Ref #2040),0
Your package from Amazon has been delivered to your front porch. (Ref #2041),0
Your appointment with Dr. Sharma is confirmed for Tuesday at 3 PM. (Ref #2042),0
Happy birthday! Wishing you a fantastic year ahead. (Ref #2043),0
"Good morning team, let's join the sprint retrospective call at 10 AM. (Ref #2044)",0
Don't forget to push your code changes to the branch before the standup. (Ref #2045),0
Happy birthday! Wishing you a fantastic year ahead. (Ref #2046),0
Don't forget to push your code changes to the branch before the standup. (Ref #2047),0
Don't forget to push your code changes to the branch before the standup. (Ref #2048),0
Don't forget to push your code changes to the branch before the standup. (Ref #2049),0
Let's schedule a 1-on-1 sync tomorrow morning to discuss project milestones. (Ref #2050),0
The server deployment finished successfully without any downtime. (Ref #2051),0
Did you get a chance to look at the quarterly report draft? (Ref #2052),0
Your package from Amazon has been delivered to your front porch. (Ref #2053),0
The server deployment finished successfully without any downtime. (Ref #2054),0
Don't forget to push your code changes to the branch before the standup. (Ref #2055),0
"Thanks for the meeting notes, I'll review the architecture diagram tonight. (Ref #2056)",0
"I'll be home in about 15 minutes, please put the dinner in the oven. (Ref #2057)",0
Happy birthday! Wishing you a fantastic year ahead. (Ref #2058),0
"Hey, are we still meeting for lunch at 12:30 today? (Ref #2059)",0
The flight is delayed by 20 minutes due to weather conditions. (Ref #2060),0
The server deployment finished successfully without any downtime. (Ref #2061),0
"Good morning team, let's join the sprint retrospective call at 10 AM. (Ref #2062)",0
Let's schedule a 1-on-1 sync tomorrow morning to discuss project milestones. (Ref #2063),0
Your appointment with Dr. Sharma is confirmed for Tuesday at 3 PM. (Ref #2064),0
Please review the attached invoice for the software subscription renewal. (Ref #2065),0
Your package from Amazon has been delivered to your front porch. (Ref #2066),0
"Hey, are we still meeting for lunch at 12:30 today? (Ref #2067)",0
Can you send me the lecture slides from yesterday's machine learning class? (Ref #2068),0
Your OTP for logging into the employee portal is 584920. Do not share with anyone. (Ref #2069),0
"Thanks for the meeting notes, I'll review the architecture diagram tonight. (Ref #2070)",0
Please review the attached invoice for the software subscription renewal. (Ref #2071),0
The flight is delayed by 20 minutes due to weather conditions. (Ref #2072),0
"Hey, are we still meeting for lunch at 12:30 today? (Ref #2073)",0
Please review the attached invoice for the software subscription renewal. (Ref #2074),0
"Hey, are we still meeting for lunch at 12:30 today? (Ref #2075)",0
"Good morning team, let's join the sprint retrospective call at 10 AM. (Ref #2076)",0
"Thanks for the meeting notes, I'll review the architecture diagram tonight. (Ref #2077)",0
The flight is delayed by 20 minutes due to weather conditions. (Ref #2078),0
Can you send me the lecture slides from yesterday's machine learning class? (Ref #2079),0
Don't forget to push your code changes to the branch before the standup. (Ref #2080),0
Happy birthday! Wishing you a fantastic year ahead. (Ref #2081),0
Can you send me the lecture slides from yesterday's machine learning class? (Ref #2082),0
Don't forget to push your code changes to the branch before the standup. (Ref #2083),0
Your OTP for logging into the employee portal is 584920. Do not share with anyone. (Ref #2084),0
Let's schedule a 1-on-1 sync tomorrow morning to discuss project milestones. (Ref #2085),0
Did you get a chance to look at the quarterly report draft? (Ref #2086),0
Did you get a chance to look at the quarterly report draft? (Ref #2087),0
Did you get a chance to look at the quarterly report draft? (Ref #2088),0
Your package from Amazon has been delivered to your front porch. (Ref #2089),0
The server deployment finished successfully without any downtime. (Ref #2090),0
"I'll be home in about 15 minutes, please put the dinner in the oven. (Ref #2091)",0
Your appointment with Dr. Sharma is confirmed for Tuesday at 3 PM. (Ref #2092),0
Your appointment with Dr. Sharma is confirmed for Tuesday at 3 PM. (Ref #2093),0
The server deployment finished successfully without any downtime. (Ref #2094),0
Did you get a chance to look at the quarterly report draft? (Ref #2095),0
Happy birthday! Wishing you a fantastic year ahead. (Ref #2096),0
The flight is delayed by 20 minutes due to weather conditions. (Ref #2097),0
"Thanks for the meeting notes, I'll review the architecture diagram tonight. (Ref #2098)",0
The flight is delayed by 20 minutes due to weather conditions. (Ref #2099),0
"Thanks for the meeting notes, I'll review the architecture diagram tonight. (Ref #2100)",0
The flight is delayed by 20 minutes due to weather conditions. (Ref #2101),0
"I'll be home in about 15 minutes, please put the dinner in the oven. (Ref #2102)",0
Your package from Amazon has been delivered to your front porch. (Ref #2103),0
Your package from Amazon has been delivered to your front porch. (Ref #2104),0
Did you get a chance to look at the quarterly report draft? (Ref #2105),0
Your OTP for logging into the employee portal is 584920. Do not share with anyone. (Ref #2106),0
Don't forget to push your code changes to the branch before the standup. (Ref #2107),0
Your OTP for logging into the employee portal is 584920. Do not share with anyone. (Ref #2108),0
Please review the attached invoice for the software subscription renewal. (Ref #2109),0
Your package from Amazon has been delivered to your front porch. (Ref #2110),0
Your package from Amazon has been delivered to your front porch. (Ref #2111),0
Can you send me the lecture slides from yesterday's machine learning class? (Ref #2112),0
Can you send me the lecture slides from yesterday's machine learning class? (Ref #2113),0
Don't forget to push your code changes to the branch before the standup. (Ref #2114),0
"Good morning team, let's join the sprint retrospective call at 10 AM. (Ref #2115)",0
Please review the attached invoice for the software subscription renewal. (Ref #2116),0
Your OTP for logging into the employee portal is 584920. Do not share with anyone. (Ref #2117),0
Happy birthday! Wishing you a fantastic year ahead. (Ref #2118),0
Can you send me the lecture slides from yesterday's machine learning class? (Ref #2119),0
Happy birthday! Wishing you a fantastic year ahead. (Ref #2120),0
"Hey, are we still meeting for lunch at 12:30 today? (Ref #2121)",0
Can you send me the lecture slides from yesterday's machine learning class? (Ref #2122),0
"I'll be home in about 15 minutes, please put the dinner in the oven. (Ref #2123)",0
"Good morning team, let's join the sprint retrospective call at 10 AM. (Ref #2124)",0
Please review the attached invoice for the software subscription renewal. (Ref #2125),0
Let's schedule a 1-on-1 sync tomorrow morning to discuss project milestones. (Ref #2126),0
Don't forget to push your code changes to the branch before the standup. (Ref #2127),0
"Hey, are we still meeting for lunch at 12:30 today? (Ref #2128)",0
Let's schedule a 1-on-1 sync tomorrow morning to discuss project milestones. (Ref #2129),0
Please review the attached invoice for the software subscription renewal. (Ref #2130),0
Your OTP for logging into the employee portal is 584920. Do not share with anyone. (Ref #2131),0
Did you get a chance to look at the quarterly report draft? (Ref #2132),0
"I'll be home in about 15 minutes, please put the dinner in the oven. (Ref #2133)",0
Please review the attached invoice for the software subscription renewal. (Ref #2134),0
"I'll be home in about 15 minutes, please put the dinner in the oven. (Ref #2135)",0
The server deployment finished successfully without any downtime. (Ref #2136),0
"I'll be home in about 15 minutes, please put the dinner in the oven. (Ref #2137)",0
Happy birthday! Wishing you a fantastic year ahead. (Ref #2138),0
The server deployment finished successfully without any downtime. (Ref #2139),0
The flight is delayed by 20 minutes due to weather conditions. (Ref #2140),0
Let's schedule a 1-on-1 sync tomorrow morning to discuss project milestones. (Ref #2141),0
Did you get a chance to look at the quarterly report draft? (Ref #2142),0
The server deployment finished successfully without any downtime. (Ref #2143),0
Your OTP for logging into the employee portal is 584920. Do not share with anyone. (Ref #2144),0
"Hey, are we still meeting for lunch at 12:30 today? (Ref #2145)",0
Please review the attached invoice for the software subscription renewal. (Ref #2146),0
"Thanks for the meeting notes, I'll review the architecture diagram tonight. (Ref #2147)",0
"Hey, are we still meeting for lunch at 12:30 today? (Ref #2148)",0
The flight is delayed by 20 minutes due to weather conditions. (Ref #2149),0
"Hey, are we still meeting for lunch at 12:30 today? (Ref #2150)",0
Your package from Amazon has been delivered to your front porch. (Ref #2151),0
Your OTP for logging into the employee portal is 584920. Do not share with anyone. (Ref #2152),0
"Thanks for the meeting notes, I'll review the architecture diagram tonight. (Ref #2153)",0
The server deployment finished successfully without any downtime. (Ref #2154),0
The server deployment finished successfully without any downtime. (Ref #2155),0
The server deployment finished successfully without any downtime. (Ref #2156),0
The flight is delayed by 20 minutes due to weather conditions. (Ref #2157),0
Happy birthday! Wishing you a fantastic year ahead. (Ref #2158),0
Let's schedule a 1-on-1 sync tomorrow morning to discuss project milestones. (Ref #2159),0
Please review the attached invoice for the software subscription renewal. (Ref #2160),0
"Good morning team, let's join the sprint retrospective call at 10 AM. (Ref #2161)",0
Your appointment with Dr. Sharma is confirmed for Tuesday at 3 PM. (Ref #2162),0
Let's schedule a 1-on-1 sync tomorrow morning to discuss project milestones. (Ref #2163),0
The flight is delayed by 20 minutes due to weather conditions. (Ref #2164),0
Don't forget to push your code changes to the branch before the standup. (Ref #2165),0
Your OTP for logging into the employee portal is 584920. Do not share with anyone. (Ref #2166),0
Please review the attached invoice for the software subscription renewal. (Ref #2167),0
Let's schedule a 1-on-1 sync tomorrow morning to discuss project milestones. (Ref #2168),0
Did you get a chance to look at the quarterly report draft? (Ref #2169),0
The flight is delayed by 20 minutes due to weather conditions. (Ref #2170),0
Your package from Amazon has been delivered to your front porch. (Ref #2171),0
Your appointment with Dr. Sharma is confirmed for Tuesday at 3 PM. (Ref #2172),0
Your package from Amazon has been delivered to your front porch. (Ref #2173),0
The server deployment finished successfully without any downtime. (Ref #2174),0
Your appointment with Dr. Sharma is confirmed for Tuesday at 3 PM. (Ref #2175),0
Let's schedule a 1-on-1 sync tomorrow morning to discuss project milestones. (Ref #2176),0
Did you get a chance to look at the quarterly report draft? (Ref #2177),0
The server deployment finished successfully without any downtime. (Ref #2178),0
"Good morning team, let's join the sprint retrospective call at 10 AM. (Ref #2179)",0
Your OTP for logging into the employee portal is 584920. Do not share with anyone. (Ref #2180),0
Don't forget to push your code changes to the branch before the standup. (Ref #2181),0
Please review the attached invoice for the software subscription renewal. (Ref #2182),0
Happy birthday! Wishing you a fantastic year ahead. (Ref #2183),0
Your package from Amazon has been delivered to your front porch. (Ref #2184),0
Your package from Amazon has been delivered to your front porch. (Ref #2185),0
The server deployment finished successfully without any downtime. (Ref #2186),0
"I'll be home in about 15 minutes, please put the dinner in the oven. (Ref #2187)",0
Your appointment with Dr. Sharma is confirmed for Tuesday at 3 PM. (Ref #2188),0
Can you send me the lecture slides from yesterday's machine learning class? (Ref #2189),0
"Good morning team, let's join the sprint retrospective call at 10 AM. (Ref #2190)",0
Please review the attached invoice for the software subscription renewal. (Ref #2191),0
Your appointment with Dr. Sharma is confirmed for Tuesday at 3 PM. (Ref #2192),0
"I'll be home in about 15 minutes, please put the dinner in the oven. (Ref #2193)",0
"Hey, are we still meeting for lunch at 12:30 today? (Ref #2194)",0
Your appointment with Dr. Sharma is confirmed for Tuesday at 3 PM. (Ref #2195),0
Happy birthday! Wishing you a fantastic year ahead. (Ref #2196),0
Please review the attached invoice for the software subscription renewal. (Ref #2197),0
Let's schedule a 1-on-1 sync tomorrow morning to discuss project milestones. (Ref #2198),0
"Good morning team, let's join the sprint retrospective call at 10 AM. (Ref #2199)",0
"I'll be home in about 15 minutes, please put the dinner in the oven. (Ref #2200)",0
"Hey, are we still meeting for lunch at 12:30 today? (Ref #2201)",0
Your OTP for logging into the employee portal is 584920. Do not share with anyone. (Ref #2202),0
"Thanks for the meeting notes, I'll review the architecture diagram tonight. (Ref #2203)",0
"I'll be home in about 15 minutes, please put the dinner in the oven. (Ref #2204)",0
"Thanks for the meeting notes, I'll review the architecture diagram tonight. (Ref #2205)",0
Please review the attached invoice for the software subscription renewal. (Ref #2206),0
Your package from Amazon has been delivered to your front porch. (Ref #2207),0
"I'll be home in about 15 minutes, please put the dinner in the oven. (Ref #2208)",0
Your OTP for logging into the employee portal is 584920. Do not share with anyone. (Ref #2209),0
Don't forget to push your code changes to the branch before the standup. (Ref #2210),0
The server deployment finished successfully without any downtime. (Ref #2211),0
"Thanks for the meeting notes, I'll review the architecture diagram tonight. (Ref #2212)",0
The server deployment finished successfully without any downtime. (Ref #2213),0
Happy birthday! Wishing you a fantastic year ahead. (Ref #2214),0
Don't forget to push your code changes to the branch before the standup. (Ref #2215),0
The server deployment finished successfully without any downtime. (Ref #2216),0
The flight is delayed by 20 minutes due to weather conditions. (Ref #2217),0
The flight is delayed by 20 minutes due to weather conditions. (Ref #2218),0
"Hey, are we still meeting for lunch at 12:30 today? (Ref #2219)",0
"Good morning team, let's join the sprint retrospective call at 10 AM. (Ref #2220)",0
Your package from Amazon has been delivered to your front porch. (Ref #2221),0
Please review the attached invoice for the software subscription renewal. (Ref #2222),0
"I'll be home in about 15 minutes, please put the dinner in the oven. (Ref #2223)",0
Can you send me the lecture slides from yesterday's machine learning class? (Ref #2224),0
Happy birthday! Wishing you a fantastic year ahead. (Ref #2225),0
"Thanks for the meeting notes, I'll review the architecture diagram tonight. (Ref #2226)",0
Please review the attached invoice for the software subscription renewal. (Ref #2227),0
Don't forget to push your code changes to the branch before the standup. (Ref #2228),0
Did you get a chance to look at the quarterly report draft? (Ref #2229),0
The flight is delayed by 20 minutes due to weather conditions. (Ref #2230),0
Did you get a chance to look at the quarterly report draft? (Ref #2231),0
Your OTP for logging into the employee portal is 584920. Do not share with anyone. (Ref #2232),0
Happy birthday! Wishing you a fantastic year ahead. (Ref #2233),0
Can you send me the lecture slides from yesterday's machine learning class? (Ref #2234),0
"I'll be home in about 15 minutes, please put the dinner in the oven. (Ref #2235)",0
"Hey, are we still meeting for lunch at 12:30 today? (Ref #2236)",0
Can you send me the lecture slides from yesterday's machine learning class? (Ref #2237),0
Happy birthday! Wishing you a fantastic year ahead. (Ref #2238),0
Can you send me the lecture slides from yesterday's machine learning class? (Ref #2239),0
Happy birthday! Wishing you a fantastic year ahead. (Ref #2240),0
Happy birthday! Wishing you a fantastic year ahead. (Ref #2241),0
Your appointment with Dr. Sharma is confirmed for Tuesday at 3 PM. (Ref #2242),0
"Thanks for the meeting notes, I'll review the architecture diagram tonight. (Ref #2243)",0
Let's schedule a 1-on-1 sync tomorrow morning to discuss project milestones. (Ref #2244),0
Did you get a chance to look at the quarterly report draft? (Ref #2245),0
Let's schedule a 1-on-1 sync tomorrow morning to discuss project milestones. (Ref #2246),0
Let's schedule a 1-on-1 sync tomorrow morning to discuss project milestones. (Ref #2247),0
Let's schedule a 1-on-1 sync tomorrow morning to discuss project milestones. (Ref #2248),0
The server deployment finished successfully without any downtime. (Ref #2249),0
The flight is delayed by 20 minutes due to weather conditions. (Ref #2250),0
Your appointment with Dr. Sharma is confirmed for Tuesday at 3 PM. (Ref #2251),0
"I'll be home in about 15 minutes, please put the dinner in the oven. (Ref #2252)",0
Your appointment with Dr. Sharma is confirmed for Tuesday at 3 PM. (Ref #2253),0
Your package from Amazon has been delivered to your front porch. (Ref #2254),0
Your package from Amazon has been delivered to your front porch. (Ref #2255),0
The server deployment finished successfully without any downtime. (Ref #2256),0
The flight is delayed by 20 minutes due to weather conditions. (Ref #2257),0
Can you send me the lecture slides from yesterday's machine learning class? (Ref #2258),0
"Thanks for the meeting notes, I'll review the architecture diagram tonight. (Ref #2259)",0
The flight is delayed by 20 minutes due to weather conditions. (Ref #2260),0
The server deployment finished successfully without any downtime. (Ref #2261),0
Happy birthday! Wishing you a fantastic year ahead. (Ref #2262),0
Don't forget to push your code changes to the branch before the standup. (Ref #2263),0
"Thanks for the meeting notes, I'll review the architecture diagram tonight. (Ref #2264)",0
"Good morning team, let's join the sprint retrospective call at 10 AM. (Ref #2265)",0
Did you get a chance to look at the quarterly report draft? (Ref #2266),0
"Thanks for the meeting notes, I'll review the architecture diagram tonight. (Ref #2267)",0
The server deployment finished successfully without any downtime. (Ref #2268),0
Happy birthday! Wishing you a fantastic year ahead. (Ref #2269),0
Happy birthday! Wishing you a fantastic year ahead. (Ref #2270),0
"Hey, are we still meeting for lunch at 12:30 today? (Ref #2271)",0
Let's schedule a 1-on-1 sync tomorrow morning to discuss project milestones. (Ref #2272),0
The flight is delayed by 20 minutes due to weather conditions. (Ref #2273),0
Happy birthday! Wishing you a fantastic year ahead. (Ref #2274),0
Your package from Amazon has been delivered to your front porch. (Ref #2275),0
Let's schedule a 1-on-1 sync tomorrow morning to discuss project milestones. (Ref #2276),0
"I'll be home in about 15 minutes, please put the dinner in the oven. (Ref #2277)",0
Don't forget to push your code changes to the branch before the standup. (Ref #2278),0
The server deployment finished successfully without any downtime. (Ref #2279),0
Did you get a chance to look at the quarterly report draft? (Ref #2280),0
The flight is delayed by 20 minutes due to weather conditions. (Ref #2281),0
Please review the attached invoice for the software subscription renewal. (Ref #2282),0
Your package from Amazon has been delivered to your front porch. (Ref #2283),0
Your OTP for logging into the employee portal is 584920. Do not share with anyone. (Ref #2284),0
"Good morning team, let's join the sprint retrospective call at 10 AM. (Ref #2285)",0
Can you send me the lecture slides from yesterday's machine learning class? (Ref #2286),0
Happy birthday! Wishing you a fantastic year ahead. (Ref #2287),0
Please review the attached invoice for the software subscription renewal. (Ref #2288),0
Happy birthday! Wishing you a fantastic year ahead. (Ref #2289),0
"Thanks for the meeting notes, I'll review the architecture diagram tonight. (Ref #2290)",0
Your package from Amazon has been delivered to your front porch. (Ref #2291),0
"Thanks for the meeting notes, I'll review the architecture diagram tonight. (Ref #2292)",0
"Hey, are we still meeting for lunch at 12:30 today? (Ref #2293)",0
"Thanks for the meeting notes, I'll review the architecture diagram tonight. (Ref #2294)",0
"Hey, are we still meeting for lunch at 12:30 today? (Ref #2295)",0
"Good morning team, let's join the sprint retrospective call at 10 AM. (Ref #2296)",0
The server deployment finished successfully without any downtime. (Ref #2297),0
"Hey, are we still meeting for lunch at 12:30 today? (Ref #2298)",0
Please review the attached invoice for the software subscription renewal. (Ref #2299),0
Let's schedule a 1-on-1 sync tomorrow morning to discuss project milestones. (Ref #2300),0
Happy birthday! Wishing you a fantastic year ahead. (Ref #2301),0
Can you send me the lecture slides from yesterday's machine learning class? (Ref #2302),0
Let's schedule a 1-on-1 sync tomorrow morning to discuss project milestones. (Ref #2303),0
Did you get a chance to look at the quarterly report draft? (Ref #2304),0
The server deployment finished successfully without any downtime. (Ref #2305),0
"Thanks for the meeting notes, I'll review the architecture diagram tonight. (Ref #2306)",0
Your OTP for logging into the employee portal is 584920. Do not share with anyone. (Ref #2307),0
Did you get a chance to look at the quarterly report draft? (Ref #2308),0
Your package from Amazon has been delivered to your front porch. (Ref #2309),0
"Hey, are we still meeting for lunch at 12:30 today? (Ref #2310)",0
Happy birthday! Wishing you a fantastic year ahead. (Ref #2311),0
Don't forget to push your code changes to the branch before the standup. (Ref #2312),0
The flight is delayed by 20 minutes due to weather conditions. (Ref #2313),0
Please review the attached invoice for the software subscription renewal. (Ref #2314),0
Can you send me the lecture slides from yesterday's machine learning class? (Ref #2315),0
Your appointment with Dr. Sharma is confirmed for Tuesday at 3 PM. (Ref #2316),0
Please review the attached invoice for the software subscription renewal. (Ref #2317),0
"Good morning team, let's join the sprint retrospective call at 10 AM. (Ref #2318)",0
Don't forget to push your code changes to the branch before the standup. (Ref #2319),0
Your OTP for logging into the employee portal is 584920. Do not share with anyone. (Ref #2320),0
The flight is delayed by 20 minutes due to weather conditions. (Ref #2321),0
Don't forget to push your code changes to the branch before the standup. (Ref #2322),0
"Thanks for the meeting notes, I'll review the architecture diagram tonight. (Ref #2323)",0
"Hey, are we still meeting for lunch at 12:30 today? (Ref #2324)",0
The server deployment finished successfully without any downtime. (Ref #2325),0
Can you send me the lecture slides from yesterday's machine learning class? (Ref #2326),0
"I'll be home in about 15 minutes, please put the dinner in the oven. (Ref #2327)",0
"Hey, are we still meeting for lunch at 12:30 today? (Ref #2328)",0
"I'll be home in about 15 minutes, please put the dinner in the oven. (Ref #2329)",0
Did you get a chance to look at the quarterly report draft? (Ref #2330),0
The server deployment finished successfully without any downtime. (Ref #2331),0
The flight is delayed by 20 minutes due to weather conditions. (Ref #2332),0
Happy birthday! Wishing you a fantastic year ahead. (Ref #2333),0
Your appointment with Dr. Sharma is confirmed for Tuesday at 3 PM. (Ref #2334),0
Your package from Amazon has been delivered to your front porch. (Ref #2335),0
Let's schedule a 1-on-1 sync tomorrow morning to discuss project milestones. (Ref #2336),0
The server deployment finished successfully without any downtime. (Ref #2337),0
"Hey, are we still meeting for lunch at 12:30 today? (Ref #2338)",0
Can you send me the lecture slides from yesterday's machine learning class? (Ref #2339),0
Let's schedule a 1-on-1 sync tomorrow morning to discuss project milestones. (Ref #2340),0
"Good morning team, let's join the sprint retrospective call at 10 AM. (Ref #2341)",0
"Good morning team, let's join the sprint retrospective call at 10 AM. (Ref #2342)",0
Don't forget to push your code changes to the branch before the standup. (Ref #2343),0
Let's schedule a 1-on-1 sync tomorrow morning to discuss project milestones. (Ref #2344),0
Can you send me the lecture slides from yesterday's machine learning class? (Ref #2345),0
The flight is delayed by 20 minutes due to weather conditions. (Ref #2346),0
Did you get a chance to look at the quarterly report draft? (Ref #2347),0
"I'll be home in about 15 minutes, please put the dinner in the oven. (Ref #2348)",0
Don't forget to push your code changes to the branch before the standup. (Ref #2349),0
"Good morning team, let's join the sprint retrospective call at 10 AM. (Ref #2350)",0
Your package from Amazon has been delivered to your front porch. (Ref #2351),0
Your package from Amazon has been delivered to your front porch. (Ref #2352),0
"Hey, are we still meeting for lunch at 12:30 today? (Ref #2353)",0
The flight is delayed by 20 minutes due to weather conditions. (Ref #2354),0
Happy birthday! Wishing you a fantastic year ahead. (Ref #2355),0
"Good morning team, let's join the sprint retrospective call at 10 AM. (Ref #2356)",0
Your OTP for logging into the employee portal is 584920. Do not share with anyone. (Ref #2357),0
The flight is delayed by 20 minutes due to weather conditions. (Ref #2358),0
Did you get a chance to look at the quarterly report draft? (Ref #2359),0
"I'll be home in about 15 minutes, please put the dinner in the oven. (Ref #2360)",0
Can you send me the lecture slides from yesterday's machine learning class? (Ref #2361),0
Let's schedule a 1-on-1 sync tomorrow morning to discuss project milestones. (Ref #2362),0
"Good morning team, let's join the sprint retrospective call at 10 AM. (Ref #2363)",0
Let's schedule a 1-on-1 sync tomorrow morning to discuss project milestones. (Ref #2364),0
Your package from Amazon has been delivered to your front porch. (Ref #2365),0
Can you send me the lecture slides from yesterday's machine learning class? (Ref #2366),0
Can you send me the lecture slides from yesterday's machine learning class? (Ref #2367),0
Can you send me the lecture slides from yesterday's machine learning class? (Ref #2368),0
Your package from Amazon has been delivered to your front porch. (Ref #2369),0
Did you get a chance to look at the quarterly report draft? (Ref #2370),0
Let's schedule a 1-on-1 sync tomorrow morning to discuss project milestones. (Ref #2371),0
Please review the attached invoice for the software subscription renewal. (Ref #2372),0
Let's schedule a 1-on-1 sync tomorrow morning to discuss project milestones. (Ref #2373),0
"Thanks for the meeting notes, I'll review the architecture diagram tonight. (Ref #2374)",0
"I'll be home in about 15 minutes, please put the dinner in the oven. (Ref #2375)",0
Your OTP for logging into the employee portal is 584920. Do not share with anyone. (Ref #2376),0
Please review the attached invoice for the software subscription renewal. (Ref #2377),0
"I'll be home in about 15 minutes, please put the dinner in the oven. (Ref #2378)",0
Don't forget to push your code changes to the branch before the standup. (Ref #2379),0
The flight is delayed by 20 minutes due to weather conditions. (Ref #2380),0
The flight is delayed by 20 minutes due to weather conditions. (Ref #2381),0
Your appointment with Dr. Sharma is confirmed for Tuesday at 3 PM. (Ref #2382),0
The flight is delayed by 20 minutes due to weather conditions. (Ref #2383),0
Let's schedule a 1-on-1 sync tomorrow morning to discuss project milestones. (Ref #2384),0
Your package from Amazon has been delivered to your front porch. (Ref #2385),0
Your OTP for logging into the employee portal is 584920. Do not share with anyone. (Ref #2386),0
Happy birthday! Wishing you a fantastic year ahead. (Ref #2387),0
"Hey, are we still meeting for lunch at 12:30 today? (Ref #2388)",0
Your appointment with Dr. Sharma is confirmed for Tuesday at 3 PM. (Ref #2389),0
The server deployment finished successfully without any downtime. (Ref #2390),0
The server deployment finished successfully without any downtime. (Ref #2391),0
"Hey, are we still meeting for lunch at 12:30 today? (Ref #2392)",0
"I'll be home in about 15 minutes, please put the dinner in the oven. (Ref #2393)",0
"Hey, are we still meeting for lunch at 12:30 today? (Ref #2394)",0
"Hey, are we still meeting for lunch at 12:30 today? (Ref #2395)",0
The server deployment finished successfully without any downtime. (Ref #2396),0
Your appointment with Dr. Sharma is confirmed for Tuesday at 3 PM. (Ref #2397),0
Don't forget to push your code changes to the branch before the standup. (Ref #2398),0
Let's schedule a 1-on-1 sync tomorrow morning to discuss project milestones. (Ref #2399),0
Can you send me the lecture slides from yesterday's machine learning class? (Ref #2400),0
The flight is delayed by 20 minutes due to weather conditions. (Ref #2401),0
The flight is delayed by 20 minutes due to weather conditions. (Ref #2402),0
Your package from Amazon has been delivered to your front porch. (Ref #2403),0
Your appointment with Dr. Sharma is confirmed for Tuesday at 3 PM. (Ref #2404),0
Your package from Amazon has been delivered to your front porch. (Ref #2405),0
Happy birthday! Wishing you a fantastic year ahead. (Ref #2406),0
Happy birthday! Wishing you a fantastic year ahead. (Ref #2407),0
Your package from Amazon has been delivered to your front porch. (Ref #2408),0
Your appointment with Dr. Sharma is confirmed for Tuesday at 3 PM. (Ref #2409),0
Your package from Amazon has been delivered to your front porch. (Ref #2410),0
The flight is delayed by 20 minutes due to weather conditions. (Ref #2411),0
Please review the attached invoice for the software subscription renewal. (Ref #2412),0
"Thanks for the meeting notes, I'll review the architecture diagram tonight. (Ref #2413)",0
The server deployment finished successfully without any downtime. (Ref #2414),0
The server deployment finished successfully without any downtime. (Ref #2415),0
Your OTP for logging into the employee portal is 584920. Do not share with anyone. (Ref #2416),0
"Hey, are we still meeting for lunch at 12:30 today? (Ref #2417)",0
"Thanks for the meeting notes, I'll review the architecture diagram tonight. (Ref #2418)",0
Let's schedule a 1-on-1 sync tomorrow morning to discuss project milestones. (Ref #2419),0
Your appointment with Dr. Sharma is confirmed for Tuesday at 3 PM. (Ref #2420),0
Did you get a chance to look at the quarterly report draft? (Ref #2421),0
"Thanks for the meeting notes, I'll review the architecture diagram tonight. (Ref #2422)",0
Your OTP for logging into the employee portal is 584920. Do not share with anyone. (Ref #2423),0
Happy birthday! Wishing you a fantastic year ahead. (Ref #2424),0
"I'll be home in about 15 minutes, please put the dinner in the oven. (Ref #2425)",0
"Hey, are we still meeting for lunch at 12:30 today? (Ref #2426)",0
Your OTP for logging into the employee portal is 584920. Do not share with anyone. (Ref #2427),0
Can you send me the lecture slides from yesterday's machine learning class? (Ref #2428),0
Did you get a chance to look at the quarterly report draft? (Ref #2429),0
Your appointment with Dr. Sharma is confirmed for Tuesday at 3 PM. (Ref #2430),0
"Hey, are we still meeting for lunch at 12:30 today? (Ref #2431)",0
Let's schedule a 1-on-1 sync tomorrow morning to discuss project milestones. (Ref #2432),0
"Thanks for the meeting notes, I'll review the architecture diagram tonight. (Ref #2433)",0
Happy birthday! Wishing you a fantastic year ahead. (Ref #2434),0
Don't forget to push your code changes to the branch before the standup. (Ref #2435),0
Please review the attached invoice for the software subscription renewal. (Ref #2436),0
Can you send me the lecture slides from yesterday's machine learning class? (Ref #2437),0
Did you get a chance to look at the quarterly report draft? (Ref #2438),0
Please review the attached invoice for the software subscription renewal. (Ref #2439),0
"Hey, are we still meeting for lunch at 12:30 today? (Ref #2440)",0
Happy birthday! Wishing you a fantastic year ahead. (Ref #2441),0
Happy birthday! Wishing you a fantastic year ahead. (Ref #2442),0
Your OTP for logging into the employee portal is 584920. Do not share with anyone. (Ref #2443),0
The server deployment finished successfully without any downtime. (Ref #2444),0
The server deployment finished successfully without any downtime. (Ref #2445),0
"Thanks for the meeting notes, I'll review the architecture diagram tonight. (Ref #2446)",0
Your OTP for logging into the employee portal is 584920. Do not share with anyone. (Ref #2447),0
The flight is delayed by 20 minutes due to weather conditions. (Ref #2448),0
"Thanks for the meeting notes, I'll review the architecture diagram tonight. (Ref #2449)",0
The flight is delayed by 20 minutes due to weather conditions. (Ref #2450),0
The server deployment finished successfully without any downtime. (Ref #2451),0
Your OTP for logging into the employee portal is 584920. Do not share with anyone. (Ref #2452),0
The flight is delayed by 20 minutes due to weather conditions. (Ref #2453),0
Can you send me the lecture slides from yesterday's machine learning class? (Ref #2454),0
Your OTP for logging into the employee portal is 584920. Do not share with anyone. (Ref #2455),0
The server deployment finished successfully without any downtime. (Ref #2456),0
"Thanks for the meeting notes, I'll review the architecture diagram tonight. (Ref #2457)",0
"Good morning team, let's join the sprint retrospective call at 10 AM. (Ref #2458)",0
Your OTP for logging into the employee portal is 584920. Do not share with anyone. (Ref #2459),0
Don't forget to push your code changes to the branch before the standup. (Ref #2460),0
Did you get a chance to look at the quarterly report draft? (Ref #2461),0
The server deployment finished successfully without any downtime. (Ref #2462),0
Your package from Amazon has been delivered to your front porch. (Ref #2463),0
Your package from Amazon has been delivered to your front porch. (Ref #2464),0
"Thanks for the meeting notes, I'll review the architecture diagram tonight. (Ref #2465)",0
"Thanks for the meeting notes, I'll review the architecture diagram tonight. (Ref #2466)",0
Please review the attached invoice for the software subscription renewal. (Ref #2467),0
Did you get a chance to look at the quarterly report draft? (Ref #2468),0
Did you get a chance to look at the quarterly report draft? (Ref #2469),0
Can you send me the lecture slides from yesterday's machine learning class? (Ref #2470),0
"Thanks for the meeting notes, I'll review the architecture diagram tonight. (Ref #2471)",0
Did you get a chance to look at the quarterly report draft? (Ref #2472),0
Let's schedule a 1-on-1 sync tomorrow morning to discuss project milestones. (Ref #2473),0
Please review the attached invoice for the software subscription renewal. (Ref #2474),0
The flight is delayed by 20 minutes due to weather conditions. (Ref #2475),0
Happy birthday! Wishing you a fantastic year ahead. (Ref #2476),0
Happy birthday! Wishing you a fantastic year ahead. (Ref #2477),0
The flight is delayed by 20 minutes due to weather conditions. (Ref #2478),0
Your appointment with Dr. Sharma is confirmed for Tuesday at 3 PM. (Ref #2479),0
The server deployment finished successfully without any downtime. (Ref #2480),0
Please review the attached invoice for the software subscription renewal. (Ref #2481),0
Let's schedule a 1-on-1 sync tomorrow morning to discuss project milestones. (Ref #2482),0
Did you get a chance to look at the quarterly report draft? (Ref #2483),0
"Good morning team, let's join the sprint retrospective call at 10 AM. (Ref #2484)",0
Please review the attached invoice for the software subscription renewal. (Ref #2485),0
Your OTP for logging into the employee portal is 584920. Do not share with anyone. (Ref #2486),0
The flight is delayed by 20 minutes due to weather conditions. (Ref #2487),0
Let's schedule a 1-on-1 sync tomorrow morning to discuss project milestones. (Ref #2488),0
Don't forget to push your code changes to the branch before the standup. (Ref #2489),0
"I'll be home in about 15 minutes, please put the dinner in the oven. (Ref #2490)",0
"Hey, are we still meeting for lunch at 12:30 today? (Ref #2491)",0
The server deployment finished successfully without any downtime. (Ref #2492),0
The flight is delayed by 20 minutes due to weather conditions. (Ref #2493),0
"Good morning team, let's join the sprint retrospective call at 10 AM. (Ref #2494)",0
Did you get a chance to look at the quarterly report draft? (Ref #2495),0
"Good morning team, let's join the sprint retrospective call at 10 AM. (Ref #2496)",0
"Good morning team, let's join the sprint retrospective call at 10 AM. (Ref #2497)",0
"Thanks for the meeting notes, I'll review the architecture diagram tonight. (Ref #2498)",0
"Thanks for the meeting notes, I'll review the architecture diagram tonight. (Ref #2499)",0
Can you send me the lecture slides from yesterday's machine learning class? (Ref #2500),0
The flight is delayed by 20 minutes due to weather conditions. (Ref #2501),0
Can you send me the lecture slides from yesterday's machine learning class? (Ref #2502),0
The flight is delayed by 20 minutes due to weather conditions. (Ref #2503),0
The server deployment finished successfully without any downtime. (Ref #2504),0
Please review the attached invoice for the software subscription renewal. (Ref #2505),0
"Hey, are we still meeting for lunch at 12:30 today? (Ref #2506)",0
"Good morning team, let's join the sprint retrospective call at 10 AM. (Ref #2507)",0
The server deployment finished successfully without any downtime. (Ref #2508),0
Please review the attached invoice for the software subscription renewal. (Ref #2509),0
"I'll be home in about 15 minutes, please put the dinner in the oven. (Ref #2510)",0
Happy birthday! Wishing you a fantastic year ahead. (Ref #2511),0
Your package from Amazon has been delivered to your front porch. (Ref #2512),0
Your OTP for logging into the employee portal is 584920. Do not share with anyone. (Ref #2513),0
Let's schedule a 1-on-1 sync tomorrow morning to discuss project milestones. (Ref #2514),0
The flight is delayed by 20 minutes due to weather conditions. (Ref #2515),0
"I'll be home in about 15 minutes, please put the dinner in the oven. (Ref #2516)",0
Happy birthday! Wishing you a fantastic year ahead. (Ref #2517),0
Did you get a chance to look at the quarterly report draft? (Ref #2518),0
Your appointment with Dr. Sharma is confirmed for Tuesday at 3 PM. (Ref #2519),0
"Hey, are we still meeting for lunch at 12:30 today? (Ref #2520)",0
Let's schedule a 1-on-1 sync tomorrow morning to discuss project milestones. (Ref #2521),0
Can you send me the lecture slides from yesterday's machine learning class? (Ref #2522),0
Can you send me the lecture slides from yesterday's machine learning class? (Ref #2523),0
Please review the attached invoice for the software subscription renewal. (Ref #2524),0
Let's schedule a 1-on-1 sync tomorrow morning to discuss project milestones. (Ref #2525),0
"Thanks for the meeting notes, I'll review the architecture diagram tonight. (Ref #2526)",0
Happy birthday! Wishing you a fantastic year ahead. (Ref #2527),0
Your appointment with Dr. Sharma is confirmed for Tuesday at 3 PM. (Ref #2528),0
"I'll be home in about 15 minutes, please put the dinner in the oven. (Ref #2529)",0
"Hey, are we still meeting for lunch at 12:30 today? (Ref #2530)",0
The server deployment finished successfully without any downtime. (Ref #2531),0
Happy birthday! Wishing you a fantastic year ahead. (Ref #2532),0
Your appointment with Dr. Sharma is confirmed for Tuesday at 3 PM. (Ref #2533),0
Your package from Amazon has been delivered to your front porch. (Ref #2534),0
The flight is delayed by 20 minutes due to weather conditions. (Ref #2535),0
The server deployment finished successfully without any downtime. (Ref #2536),0
Can you send me the lecture slides from yesterday's machine learning class? (Ref #2537),0
The server deployment finished successfully without any downtime. (Ref #2538),0
"I'll be home in about 15 minutes, please put the dinner in the oven. (Ref #2539)",0
Can you send me the lecture slides from yesterday's machine learning class? (Ref #2540),0
"I'll be home in about 15 minutes, please put the dinner in the oven. (Ref #2541)",0
Please review the attached invoice for the software subscription renewal. (Ref #2542),0
"Thanks for the meeting notes, I'll review the architecture diagram tonight. (Ref #2543)",0
"I'll be home in about 15 minutes, please put the dinner in the oven. (Ref #2544)",0
Can you send me the lecture slides from yesterday's machine learning class? (Ref #2545),0
Please review the attached invoice for the software subscription renewal. (Ref #2546),0
"I'll be home in about 15 minutes, please put the dinner in the oven. (Ref #2547)",0
Your package from Amazon has been delivered to your front porch. (Ref #2548),0
The server deployment finished successfully without any downtime. (Ref #2549),0
"Thanks for the meeting notes, I'll review the architecture diagram tonight. (Ref #2550)",0
"I'll be home in about 15 minutes, please put the dinner in the oven. (Ref #2551)",0
Please review the attached invoice for the software subscription renewal. (Ref #2552),0
Did you get a chance to look at the quarterly report draft? (Ref #2553),0
Happy birthday! Wishing you a fantastic year ahead. (Ref #2554),0
Don't forget to push your code changes to the branch before the standup. (Ref #2555),0
Your appointment with Dr. Sharma is confirmed for Tuesday at 3 PM. (Ref #2556),0
Don't forget to push your code changes to the branch before the standup. (Ref #2557),0
Did you get a chance to look at the quarterly report draft? (Ref #2558),0
Don't forget to push your code changes to the branch before the standup. (Ref #2559),0
Did you get a chance to look at the quarterly report draft? (Ref #2560),0
"Hey, are we still meeting for lunch at 12:30 today? (Ref #2561)",0
Did you get a chance to look at the quarterly report draft? (Ref #2562),0
Did you get a chance to look at the quarterly report draft? (Ref #2563),0
"Good morning team, let's join the sprint retrospective call at 10 AM. (Ref #2564)",0
Did you get a chance to look at the quarterly report draft? (Ref #2565),0
Your package from Amazon has been delivered to your front porch. (Ref #2566),0
Happy birthday! Wishing you a fantastic year ahead. (Ref #2567),0
The flight is delayed by 20 minutes due to weather conditions. (Ref #2568),0
"I'll be home in about 15 minutes, please put the dinner in the oven. (Ref #2569)",0
Your appointment with Dr. Sharma is confirmed for Tuesday at 3 PM. (Ref #2570),0
"Thanks for the meeting notes, I'll review the architecture diagram tonight. (Ref #2571)",0
Happy birthday! Wishing you a fantastic year ahead. (Ref #2572),0
Can you send me the lecture slides from yesterday's machine learning class? (Ref #2573),0
The flight is delayed by 20 minutes due to weather conditions. (Ref #2574),0
"Hey, are we still meeting for lunch at 12:30 today? (Ref #2575)",0
"Hey, are we still meeting for lunch at 12:30 today? (Ref #2576)",0
Your OTP for logging into the employee portal is 584920. Do not share with anyone. (Ref #2577),0
The server deployment finished successfully without any downtime. (Ref #2578),0
Did you get a chance to look at the quarterly report draft? (Ref #2579),0
Happy birthday! Wishing you a fantastic year ahead. (Ref #2580),0
Please review the attached invoice for the software subscription renewal. (Ref #2581),0
"Good morning team, let's join the sprint retrospective call at 10 AM. (Ref #2582)",0
Don't forget to push your code changes to the branch before the standup. (Ref #2583),0
Can you send me the lecture slides from yesterday's machine learning class? (Ref #2584),0
"Hey, are we still meeting for lunch at 12:30 today? (Ref #2585)",0
Your appointment with Dr. Sharma is confirmed for Tuesday at 3 PM. (Ref #2586),0
"Hey, are we still meeting for lunch at 12:30 today? (Ref #2587)",0
"Thanks for the meeting notes, I'll review the architecture diagram tonight. (Ref #2588)",0
"I'll be home in about 15 minutes, please put the dinner in the oven. (Ref #2589)",0
"Hey, are we still meeting for lunch at 12:30 today? (Ref #2590)",0
"Thanks for the meeting notes, I'll review the architecture diagram tonight. (Ref #2591)",0
Happy birthday! Wishing you a fantastic year ahead. (Ref #2592),0
Happy birthday! Wishing you a fantastic year ahead. (Ref #2593),0
"Good morning team, let's join the sprint retrospective call at 10 AM. (Ref #2594)",0
The server deployment finished successfully without any downtime. (Ref #2595),0
Your OTP for logging into the employee portal is 584920. Do not share with anyone. (Ref #2596),0
The flight is delayed by 20 minutes due to weather conditions. (Ref #2597),0
"Hey, are we still meeting for lunch at 12:30 today? (Ref #2598)",0
Your appointment with Dr. Sharma is confirmed for Tuesday at 3 PM. (Ref #2599),0
"Hey, are we still meeting for lunch at 12:30 today? (Ref #2600)",0
Your OTP for logging into the employee portal is 584920. Do not share with anyone. (Ref #2601),0
Let's schedule a 1-on-1 sync tomorrow morning to discuss project milestones. (Ref #2602),0
Your appointment with Dr. Sharma is confirmed for Tuesday at 3 PM. (Ref #2603),0
Your package from Amazon has been delivered to your front porch. (Ref #2604),0
Did you get a chance to look at the quarterly report draft? (Ref #2605),0
The flight is delayed by 20 minutes due to weather conditions. (Ref #2606),0
Your package from Amazon has been delivered to your front porch. (Ref #2607),0
Let's schedule a 1-on-1 sync tomorrow morning to discuss project milestones. (Ref #2608),0
Let's schedule a 1-on-1 sync tomorrow morning to discuss project milestones. (Ref #2609),0
Your OTP for logging into the employee portal is 584920. Do not share with anyone. (Ref #2610),0
"Hey, are we still meeting for lunch at 12:30 today? (Ref #2611)",0
Your OTP for logging into the employee portal is 584920. Do not share with anyone. (Ref #2612),0
Your OTP for logging into the employee portal is 584920. Do not share with anyone. (Ref #2613),0
Let's schedule a 1-on-1 sync tomorrow morning to discuss project milestones. (Ref #2614),0
The flight is delayed by 20 minutes due to weather conditions. (Ref #2615),0
Your package from Amazon has been delivered to your front porch. (Ref #2616),0
Don't forget to push your code changes to the branch before the standup. (Ref #2617),0
"Hey, are we still meeting for lunch at 12:30 today? (Ref #2618)",0
Let's schedule a 1-on-1 sync tomorrow morning to discuss project milestones. (Ref #2619),0
Your package from Amazon has been delivered to your front porch. (Ref #2620),0
The server deployment finished successfully without any downtime. (Ref #2621),0
Don't forget to push your code changes to the branch before the standup. (Ref #2622),0
Don't forget to push your code changes to the branch before the standup. (Ref #2623),0
Happy birthday! Wishing you a fantastic year ahead. (Ref #2624),0
"Good morning team, let's join the sprint retrospective call at 10 AM. (Ref #2625)",0
"Hey, are we still meeting for lunch at 12:30 today? (Ref #2626)",0
Don't forget to push your code changes to the branch before the standup. (Ref #2627),0
Let's schedule a 1-on-1 sync tomorrow morning to discuss project milestones. (Ref #2628),0
Happy birthday! Wishing you a fantastic year ahead. (Ref #2629),0
Your package from Amazon has been delivered to your front porch. (Ref #2630),0
The server deployment finished successfully without any downtime. (Ref #2631),0
"Thanks for the meeting notes, I'll review the architecture diagram tonight. (Ref #2632)",0
"Hey, are we still meeting for lunch at 12:30 today? (Ref #2633)",0
The flight is delayed by 20 minutes due to weather conditions. (Ref #2634),0
Your OTP for logging into the employee portal is 584920. Do not share with anyone. (Ref #2635),0
Your appointment with Dr. Sharma is confirmed for Tuesday at 3 PM. (Ref #2636),0
Your appointment with Dr. Sharma is confirmed for Tuesday at 3 PM. (Ref #2637),0
Your package from Amazon has been delivered to your front porch. (Ref #2638),0
Please review the attached invoice for the software subscription renewal. (Ref #2639),0
Please review the attached invoice for the software subscription renewal. (Ref #2640),0
Your package from Amazon has been delivered to your front porch. (Ref #2641),0
Let's schedule a 1-on-1 sync tomorrow morning to discuss project milestones. (Ref #2642),0
Don't forget to push your code changes to the branch before the standup. (Ref #2643),0
"Good morning team, let's join the sprint retrospective call at 10 AM. (Ref #2644)",0
"Hey, are we still meeting for lunch at 12:30 today? (Ref #2645)",0
Your appointment with Dr. Sharma is confirmed for Tuesday at 3 PM. (Ref #2646),0
Your appointment with Dr. Sharma is confirmed for Tuesday at 3 PM. (Ref #2647),0
"Good morning team, let's join the sprint retrospective call at 10 AM. (Ref #2648)",0
Don't forget to push your code changes to the branch before the standup. (Ref #2649),0
Your appointment with Dr. Sharma is confirmed for Tuesday at 3 PM. (Ref #2650),0
Your OTP for logging into the employee portal is 584920. Do not share with anyone. (Ref #2651),0
The flight is delayed by 20 minutes due to weather conditions. (Ref #2652),0
"Hey, are we still meeting for lunch at 12:30 today? (Ref #2653)",0
"I'll be home in about 15 minutes, please put the dinner in the oven. (Ref #2654)",0
Your appointment with Dr. Sharma is confirmed for Tuesday at 3 PM. (Ref #2655),0
Your package from Amazon has been delivered to your front porch. (Ref #2656),0
The flight is delayed by 20 minutes due to weather conditions. (Ref #2657),0
Your appointment with Dr. Sharma is confirmed for Tuesday at 3 PM. (Ref #2658),0
Did you get a chance to look at the quarterly report draft? (Ref #2659),0
The server deployment finished successfully without any downtime. (Ref #2660),0
Your OTP for logging into the employee portal is 584920. Do not share with anyone. (Ref #2661),0
The flight is delayed by 20 minutes due to weather conditions. (Ref #2662),0
Happy birthday! Wishing you a fantastic year ahead. (Ref #2663),0
"I'll be home in about 15 minutes, please put the dinner in the oven. (Ref #2664)",0
The server deployment finished successfully without any downtime. (Ref #2665),0
Can you send me the lecture slides from yesterday's machine learning class? (Ref #2666),0
Your package from Amazon has been delivered to your front porch. (Ref #2667),0
Your package from Amazon has been delivered to your front porch. (Ref #2668),0
"Hey, are we still meeting for lunch at 12:30 today? (Ref #2669)",0
"Good morning team, let's join the sprint retrospective call at 10 AM. (Ref #2670)",0
The server deployment finished successfully without any downtime. (Ref #2671),0
The flight is delayed by 20 minutes due to weather conditions. (Ref #2672),0
Don't forget to push your code changes to the branch before the standup. (Ref #2673),0
Your package from Amazon has been delivered to your front porch. (Ref #2674),0
The flight is delayed by 20 minutes due to weather conditions. (Ref #2675),0
Let's schedule a 1-on-1 sync tomorrow morning to discuss project milestones. (Ref #2676),0
The flight is delayed by 20 minutes due to weather conditions. (Ref #2677),0
Let's schedule a 1-on-1 sync tomorrow morning to discuss project milestones. (Ref #2678),0
Did you get a chance to look at the quarterly report draft? (Ref #2679),0
"Thanks for the meeting notes, I'll review the architecture diagram tonight. (Ref #2680)",0
"Thanks for the meeting notes, I'll review the architecture diagram tonight. (Ref #2681)",0
Can you send me the lecture slides from yesterday's machine learning class? (Ref #2682),0
Happy birthday! Wishing you a fantastic year ahead. (Ref #2683),0
Can you send me the lecture slides from yesterday's machine learning class? (Ref #2684),0
Let's schedule a 1-on-1 sync tomorrow morning to discuss project milestones. (Ref #2685),0
The server deployment finished successfully without any downtime. (Ref #2686),0
Your appointment with Dr. Sharma is confirmed for Tuesday at 3 PM. (Ref #2687),0
Don't forget to push your code changes to the branch before the standup. (Ref #2688),0
Your appointment with Dr. Sharma is confirmed for Tuesday at 3 PM. (Ref #2689),0
Please review the attached invoice for the software subscription renewal. (Ref #2690),0
Your appointment with Dr. Sharma is confirmed for Tuesday at 3 PM. (Ref #2691),0
"Hey, are we still meeting for lunch at 12:30 today? (Ref #2692)",0
Your appointment with Dr. Sharma is confirmed for Tuesday at 3 PM. (Ref #2693),0
Can you send me the lecture slides from yesterday's machine learning class? (Ref #2694),0
Your package from Amazon has been delivered to your front porch. (Ref #2695),0
Your OTP for logging into the employee portal is 584920. Do not share with anyone. (Ref #2696),0
Your package from Amazon has been delivered to your front porch. (Ref #2697),0
"Thanks for the meeting notes, I'll review the architecture diagram tonight. (Ref #2698)",0
Your OTP for logging into the employee portal is 584920. Do not share with anyone. (Ref #2699),0
"Good morning team, let's join the sprint retrospective call at 10 AM. (Ref #2700)",0
Don't forget to push your code changes to the branch before the standup. (Ref #2701),0
Don't forget to push your code changes to the branch before the standup. (Ref #2702),0
"Hey, are we still meeting for lunch at 12:30 today? (Ref #2703)",0
The server deployment finished successfully without any downtime. (Ref #2704),0
Can you send me the lecture slides from yesterday's machine learning class? (Ref #2705),0
"Thanks for the meeting notes, I'll review the architecture diagram tonight. (Ref #2706)",0
Did you get a chance to look at the quarterly report draft? (Ref #2707),0
Please review the attached invoice for the software subscription renewal. (Ref #2708),0
The server deployment finished successfully without any downtime. (Ref #2709),0
Don't forget to push your code changes to the branch before the standup. (Ref #2710),0
Your package from Amazon has been delivered to your front porch. (Ref #2711),0
Your appointment with Dr. Sharma is confirmed for Tuesday at 3 PM. (Ref #2712),0
Your appointment with Dr. Sharma is confirmed for Tuesday at 3 PM. (Ref #2713),0
"Good morning team, let's join the sprint retrospective call at 10 AM. (Ref #2714)",0
"Thanks for the meeting notes, I'll review the architecture diagram tonight. (Ref #2715)",0
Can you send me the lecture slides from yesterday's machine learning class? (Ref #2716),0
Can you send me the lecture slides from yesterday's machine learning class? (Ref #2717),0
Happy birthday! Wishing you a fantastic year ahead. (Ref #2718),0
Let's schedule a 1-on-1 sync tomorrow morning to discuss project milestones. (Ref #2719),0
"I'll be home in about 15 minutes, please put the dinner in the oven. (Ref #2720)",0
Don't forget to push your code changes to the branch before the standup. (Ref #2721),0
Can you send me the lecture slides from yesterday's machine learning class? (Ref #2722),0
"Good morning team, let's join the sprint retrospective call at 10 AM. (Ref #2723)",0
Your package from Amazon has been delivered to your front porch. (Ref #2724),0
"Thanks for the meeting notes, I'll review the architecture diagram tonight. (Ref #2725)",0
Please review the attached invoice for the software subscription renewal. (Ref #2726),0
Happy birthday! Wishing you a fantastic year ahead. (Ref #2727),0
"Good morning team, let's join the sprint retrospective call at 10 AM. (Ref #2728)",0
The flight is delayed by 20 minutes due to weather conditions. (Ref #2729),0
"Hey, are we still meeting for lunch at 12:30 today? (Ref #2730)",0
Please review the attached invoice for the software subscription renewal. (Ref #2731),0
Let's schedule a 1-on-1 sync tomorrow morning to discuss project milestones. (Ref #2732),0
The flight is delayed by 20 minutes due to weather conditions. (Ref #2733),0
Did you get a chance to look at the quarterly report draft? (Ref #2734),0
Let's schedule a 1-on-1 sync tomorrow morning to discuss project milestones. (Ref #2735),0
Your appointment with Dr. Sharma is confirmed for Tuesday at 3 PM. (Ref #2736),0
"Hey, are we still meeting for lunch at 12:30 today? (Ref #2737)",0
Don't forget to push your code changes to the branch before the standup. (Ref #2738),0
Your package from Amazon has been delivered to your front porch. (Ref #2739),0
"Hey, are we still meeting for lunch at 12:30 today? (Ref #2740)",0
Let's schedule a 1-on-1 sync tomorrow morning to discuss project milestones. (Ref #2741),0
"I'll be home in about 15 minutes, please put the dinner in the oven. (Ref #2742)",0
The flight is delayed by 20 minutes due to weather conditions. (Ref #2743),0
Don't forget to push your code changes to the branch before the standup. (Ref #2744),0
Your OTP for logging into the employee portal is 584920. Do not share with anyone. (Ref #2745),0
"I'll be home in about 15 minutes, please put the dinner in the oven. (Ref #2746)",0
Your appointment with Dr. Sharma is confirmed for Tuesday at 3 PM. (Ref #2747),0
"I'll be home in about 15 minutes, please put the dinner in the oven. (Ref #2748)",0
Happy birthday! Wishing you a fantastic year ahead. (Ref #2749),0
Happy birthday! Wishing you a fantastic year ahead. (Ref #2750),0
Did you get a chance to look at the quarterly report draft? (Ref #2751),0
Let's schedule a 1-on-1 sync tomorrow morning to discuss project milestones. (Ref #2752),0
"Thanks for the meeting notes, I'll review the architecture diagram tonight. (Ref #2753)",0
Please review the attached invoice for the software subscription renewal. (Ref #2754),0
Please review the attached invoice for the software subscription renewal. (Ref #2755),0
Your OTP for logging into the employee portal is 584920. Do not share with anyone. (Ref #2756),0
Your OTP for logging into the employee portal is 584920. Do not share with anyone. (Ref #2757),0
Don't forget to push your code changes to the branch before the standup. (Ref #2758),0
Your appointment with Dr. Sharma is confirmed for Tuesday at 3 PM. (Ref #2759),0
Can you send me the lecture slides from yesterday's machine learning class? (Ref #2760),0
Did you get a chance to look at the quarterly report draft? (Ref #2761),0
Happy birthday! Wishing you a fantastic year ahead. (Ref #2762),0
Don't forget to push your code changes to the branch before the standup. (Ref #2763),0
Can you send me the lecture slides from yesterday's machine learning class? (Ref #2764),0
Please review the attached invoice for the software subscription renewal. (Ref #2765),0
"Thanks for the meeting notes, I'll review the architecture diagram tonight. (Ref #2766)",0
"I'll be home in about 15 minutes, please put the dinner in the oven. (Ref #2767)",0
Happy birthday! Wishing you a fantastic year ahead. (Ref #2768),0
Don't forget to push your code changes to the branch before the standup. (Ref #2769),0
"Hey, are we still meeting for lunch at 12:30 today? (Ref #2770)",0
Can you send me the lecture slides from yesterday's machine learning class? (Ref #2771),0
"I'll be home in about 15 minutes, please put the dinner in the oven. (Ref #2772)",0
Happy birthday! Wishing you a fantastic year ahead. (Ref #2773),0
Please review the attached invoice for the software subscription renewal. (Ref #2774),0
"Good morning team, let's join the sprint retrospective call at 10 AM. (Ref #2775)",0
Your appointment with Dr. Sharma is confirmed for Tuesday at 3 PM. (Ref #2776),0
Can you send me the lecture slides from yesterday's machine learning class? (Ref #2777),0
Please review the attached invoice for the software subscription renewal. (Ref #2778),0
Happy birthday! Wishing you a fantastic year ahead. (Ref #2779),0
Can you send me the lecture slides from yesterday's machine learning class? (Ref #2780),0
Did you get a chance to look at the quarterly report draft? (Ref #2781),0
"I'll be home in about 15 minutes, please put the dinner in the oven. (Ref #2782)",0
The server deployment finished successfully without any downtime. (Ref #2783),0
Happy birthday! Wishing you a fantastic year ahead. (Ref #2784),0
Did you get a chance to look at the quarterly report draft? (Ref #2785),0
The flight is delayed by 20 minutes due to weather conditions. (Ref #2786),0
Don't forget to push your code changes to the branch before the standup. (Ref #2787),0
"Good morning team, let's join the sprint retrospective call at 10 AM. (Ref #2788)",0
Your OTP for logging into the employee portal is 584920. Do not share with anyone. (Ref #2789),0
"I'll be home in about 15 minutes, please put the dinner in the oven. (Ref #2790)",0
Can you send me the lecture slides from yesterday's machine learning class? (Ref #2791),0
Your appointment with Dr. Sharma is confirmed for Tuesday at 3 PM. (Ref #2792),0
Please review the attached invoice for the software subscription renewal. (Ref #2793),0
Your OTP for logging into the employee portal is 584920. Do not share with anyone. (Ref #2794),0
"Hey, are we still meeting for lunch at 12:30 today? (Ref #2795)",0
Please review the attached invoice for the software subscription renewal. (Ref #2796),0
Can you send me the lecture slides from yesterday's machine learning class? (Ref #2797),0
"Good morning team, let's join the sprint retrospective call at 10 AM. (Ref #2798)",0
Let's schedule a 1-on-1 sync tomorrow morning to discuss project milestones. (Ref #2799),0
Please review the attached invoice for the software subscription renewal. (Ref #2800),0
Let's schedule a 1-on-1 sync tomorrow morning to discuss project milestones. (Ref #2801),0
Don't forget to push your code changes to the branch before the standup. (Ref #2802),0
"Good morning team, let's join the sprint retrospective call at 10 AM. (Ref #2803)",0
Happy birthday! Wishing you a fantastic year ahead. (Ref #2804),0
Did you get a chance to look at the quarterly report draft? (Ref #2805),0
"Hey, are we still meeting for lunch at 12:30 today? (Ref #2806)",0
Your package from Amazon has been delivered to your front porch. (Ref #2807),0
Can you send me the lecture slides from yesterday's machine learning class? (Ref #2808),0
"Thanks for the meeting notes, I'll review the architecture diagram tonight. (Ref #2809)",0
Your package from Amazon has been delivered to your front porch. (Ref #2810),0
Please review the attached invoice for the software subscription renewal. (Ref #2811),0
Your OTP for logging into the employee portal is 584920. Do not share with anyone. (Ref #2812),0
Can you send me the lecture slides from yesterday's machine learning class? (Ref #2813),0
Did you get a chance to look at the quarterly report draft? (Ref #2814),0
The flight is delayed by 20 minutes due to weather conditions. (Ref #2815),0
Did you get a chance to look at the quarterly report draft? (Ref #2816),0
"Thanks for the meeting notes, I'll review the architecture diagram tonight. (Ref #2817)",0
"Hey, are we still meeting for lunch at 12:30 today? (Ref #2818)",0
Did you get a chance to look at the quarterly report draft? (Ref #2819),0
Your appointment with Dr. Sharma is confirmed for Tuesday at 3 PM. (Ref #2820),0
The flight is delayed by 20 minutes due to weather conditions. (Ref #2821),0
Your package from Amazon has been delivered to your front porch. (Ref #2822),0
Happy birthday! Wishing you a fantastic year ahead. (Ref #2823),0
Don't forget to push your code changes to the branch before the standup. (Ref #2824),0
Your appointment with Dr. Sharma is confirmed for Tuesday at 3 PM. (Ref #2825),0
The server deployment finished successfully without any downtime. (Ref #2826),0
The flight is delayed by 20 minutes due to weather conditions. (Ref #2827),0
Happy birthday! Wishing you a fantastic year ahead. (Ref #2828),0
Happy birthday! Wishing you a fantastic year ahead. (Ref #2829),0
Can you send me the lecture slides from yesterday's machine learning class? (Ref #2830),0
The flight is delayed by 20 minutes due to weather conditions. (Ref #2831),0
"Hey, are we still meeting for lunch at 12:30 today? (Ref #2832)",0
Please review the attached invoice for the software subscription renewal. (Ref #2833),0
"Thanks for the meeting notes, I'll review the architecture diagram tonight. (Ref #2834)",0
The server deployment finished successfully without any downtime. (Ref #2835),0
"Thanks for the meeting notes, I'll review the architecture diagram tonight. (Ref #2836)",0
Your package from Amazon has been delivered to your front porch. (Ref #2837),0
Your package from Amazon has been delivered to your front porch. (Ref #2838),0
"Thanks for the meeting notes, I'll review the architecture diagram tonight. (Ref #2839)",0
Did you get a chance to look at the quarterly report draft? (Ref #2840),0
"Hey, are we still meeting for lunch at 12:30 today? (Ref #2841)",0
Let's schedule a 1-on-1 sync tomorrow morning to discuss project milestones. (Ref #2842),0
Did you get a chance to look at the quarterly report draft? (Ref #2843),0
Your OTP for logging into the employee portal is 584920. Do not share with anyone. (Ref #2844),0
Did you get a chance to look at the quarterly report draft? (Ref #2845),0
Don't forget to push your code changes to the branch before the standup. (Ref #2846),0
"I'll be home in about 15 minutes, please put the dinner in the oven. (Ref #2847)",0
Please review the attached invoice for the software subscription renewal. (Ref #2848),0
Don't forget to push your code changes to the branch before the standup. (Ref #2849),0
Can you send me the lecture slides from yesterday's machine learning class? (Ref #2850),0
"I'll be home in about 15 minutes, please put the dinner in the oven. (Ref #2851)",0
"I'll be home in about 15 minutes, please put the dinner in the oven. (Ref #2852)",0
The flight is delayed by 20 minutes due to weather conditions. (Ref #2853),0
"Hey, are we still meeting for lunch at 12:30 today? (Ref #2854)",0
"Hey, are we still meeting for lunch at 12:30 today? (Ref #2855)",0
"I'll be home in about 15 minutes, please put the dinner in the oven. (Ref #2856)",0
Your OTP for logging into the employee portal is 584920. Do not share with anyone. (Ref #2857),0
Did you get a chance to look at the quarterly report draft? (Ref #2858),0
The flight is delayed by 20 minutes due to weather conditions. (Ref #2859),0
Please review the attached invoice for the software subscription renewal. (Ref #2860),0
"I'll be home in about 15 minutes, please put the dinner in the oven. (Ref #2861)",0
Your appointment with Dr. Sharma is confirmed for Tuesday at 3 PM. (Ref #2862),0
Your package from Amazon has been delivered to your front porch. (Ref #2863),0
Your package from Amazon has been delivered to your front porch. (Ref #2864),0
Don't forget to push your code changes to the branch before the standup. (Ref #2865),0
Can you send me the lecture slides from yesterday's machine learning class? (Ref #2866),0
"Good morning team, let's join the sprint retrospective call at 10 AM. (Ref #2867)",0
"Good morning team, let's join the sprint retrospective call at 10 AM. (Ref #2868)",0
Your package from Amazon has been delivered to your front porch. (Ref #2869),0
Let's schedule a 1-on-1 sync tomorrow morning to discuss project milestones. (Ref #2870),0
Happy birthday! Wishing you a fantastic year ahead. (Ref #2871),0
Don't forget to push your code changes to the branch before the standup. (Ref #2872),0
"Good morning team, let's join the sprint retrospective call at 10 AM. (Ref #2873)",0
Your package from Amazon has been delivered to your front porch. (Ref #2874),0
Can you send me the lecture slides from yesterday's machine learning class? (Ref #2875),0
"Good morning team, let's join the sprint retrospective call at 10 AM. (Ref #2876)",0
Did you get a chance to look at the quarterly report draft? (Ref #2877),0
Did you get a chance to look at the quarterly report draft? (Ref #2878),0
"Hey, are we still meeting for lunch at 12:30 today? (Ref #2879)",0
Your OTP for logging into the employee portal is 584920. Do not share with anyone. (Ref #2880),0
"Hey, are we still meeting for lunch at 12:30 today? (Ref #2881)",0
Please review the attached invoice for the software subscription renewal. (Ref #2882),0
"I'll be home in about 15 minutes, please put the dinner in the oven. (Ref #2883)",0
Your appointment with Dr. Sharma is confirmed for Tuesday at 3 PM. (Ref #2884),0
"Hey, are we still meeting for lunch at 12:30 today? (Ref #2885)",0
The server deployment finished successfully without any downtime. (Ref #2886),0
"Good morning team, let's join the sprint retrospective call at 10 AM. (Ref #2887)",0
Let's schedule a 1-on-1 sync tomorrow morning to discuss project milestones. (Ref #2888),0
The flight is delayed by 20 minutes due to weather conditions. (Ref #2889),0
Your package from Amazon has been delivered to your front porch. (Ref #2890),0
The flight is delayed by 20 minutes due to weather conditions. (Ref #2891),0
The server deployment finished successfully without any downtime. (Ref #2892),0
Can you send me the lecture slides from yesterday's machine learning class? (Ref #2893),0
"Hey, are we still meeting for lunch at 12:30 today? (Ref #2894)",0
Your appointment with Dr. Sharma is confirmed for Tuesday at 3 PM. (Ref #2895),0
Can you send me the lecture slides from yesterday's machine learning class? (Ref #2896),0
Happy birthday! Wishing you a fantastic year ahead. (Ref #2897),0
Happy birthday! Wishing you a fantastic year ahead. (Ref #2898),0
The flight is delayed by 20 minutes due to weather conditions. (Ref #2899),0
"I'll be home in about 15 minutes, please put the dinner in the oven. (Ref #2900)",0
Don't forget to push your code changes to the branch before the standup. (Ref #2901),0
"I'll be home in about 15 minutes, please put the dinner in the oven. (Ref #2902)",0
"Good morning team, let's join the sprint retrospective call at 10 AM. (Ref #2903)",0
The server deployment finished successfully without any downtime. (Ref #2904),0
Did you get a chance to look at the quarterly report draft? (Ref #2905),0
Please review the attached invoice for the software subscription renewal. (Ref #2906),0
"I'll be home in about 15 minutes, please put the dinner in the oven. (Ref #2907)",0
Your OTP for logging into the employee portal is 584920. Do not share with anyone. (Ref #2908),0
Please review the attached invoice for the software subscription renewal. (Ref #2909),0
The server deployment finished successfully without any downtime. (Ref #2910),0
Please review the attached invoice for the software subscription renewal. (Ref #2911),0
Your appointment with Dr. Sharma is confirmed for Tuesday at 3 PM. (Ref #2912),0
"Hey, are we still meeting for lunch at 12:30 today? (Ref #2913)",0
Your appointment with Dr. Sharma is confirmed for Tuesday at 3 PM. (Ref #2914),0
Please review the attached invoice for the software subscription renewal. (Ref #2915),0
Can you send me the lecture slides from yesterday's machine learning class? (Ref #2916),0
Happy birthday! Wishing you a fantastic year ahead. (Ref #2917),0
Please review the attached invoice for the software subscription renewal. (Ref #2918),0
Your appointment with Dr. Sharma is confirmed for Tuesday at 3 PM. (Ref #2919),0
Let's schedule a 1-on-1 sync tomorrow morning to discuss project milestones. (Ref #2920),0
The server deployment finished successfully without any downtime. (Ref #2921),0
Can you send me the lecture slides from yesterday's machine learning class? (Ref #2922),0
Your appointment with Dr. Sharma is confirmed for Tuesday at 3 PM. (Ref #2923),0
"I'll be home in about 15 minutes, please put the dinner in the oven. (Ref #2924)",0
Your package from Amazon has been delivered to your front porch. (Ref #2925),0
The flight is delayed by 20 minutes due to weather conditions. (Ref #2926),0
Don't forget to push your code changes to the branch before the standup. (Ref #2927),0
Did you get a chance to look at the quarterly report draft? (Ref #2928),0
Your appointment with Dr. Sharma is confirmed for Tuesday at 3 PM. (Ref #2929),0
Your OTP for logging into the employee portal is 584920. Do not share with anyone. (Ref #2930),0
Don't forget to push your code changes to the branch before the standup. (Ref #2931),0
The server deployment finished successfully without any downtime. (Ref #2932),0
Let's schedule a 1-on-1 sync tomorrow morning to discuss project milestones. (Ref #2933),0
"Thanks for the meeting notes, I'll review the architecture diagram tonight. (Ref #2934)",0
Your appointment with Dr. Sharma is confirmed for Tuesday at 3 PM. (Ref #2935),0
Your package from Amazon has been delivered to your front porch. (Ref #2936),0
Don't forget to push your code changes to the branch before the standup. (Ref #2937),0
Did you get a chance to look at the quarterly report draft? (Ref #2938),0
Please review the attached invoice for the software subscription renewal. (Ref #2939),0
Your appointment with Dr. Sharma is confirmed for Tuesday at 3 PM. (Ref #2940),0
"Hey, are we still meeting for lunch at 12:30 today? (Ref #2941)",0
Let's schedule a 1-on-1 sync tomorrow morning to discuss project milestones. (Ref #2942),0
The server deployment finished successfully without any downtime. (Ref #2943),0
The flight is delayed by 20 minutes due to weather conditions. (Ref #2944),0
Your package from Amazon has been delivered to your front porch. (Ref #2945),0
"Good morning team, let's join the sprint retrospective call at 10 AM. (Ref #2946)",0
"Good morning team, let's join the sprint retrospective call at 10 AM. (Ref #2947)",0
Your OTP for logging into the employee portal is 584920. Do not share with anyone. (Ref #2948),0
Don't forget to push your code changes to the branch before the standup. (Ref #2949),0
Your package from Amazon has been delivered to your front porch. (Ref #2950),0
Can you send me the lecture slides from yesterday's machine learning class? (Ref #2951),0
Did you get a chance to look at the quarterly report draft? (Ref #2952),0
The flight is delayed by 20 minutes due to weather conditions. (Ref #2953),0
Please review the attached invoice for the software subscription renewal. (Ref #2954),0
Your appointment with Dr. Sharma is confirmed for Tuesday at 3 PM. (Ref #2955),0
Your appointment with Dr. Sharma is confirmed for Tuesday at 3 PM. (Ref #2956),0
"Good morning team, let's join the sprint retrospective call at 10 AM. (Ref #2957)",0
Your appointment with Dr. Sharma is confirmed for Tuesday at 3 PM. (Ref #2958),0
The server deployment finished successfully without any downtime. (Ref #2959),0
The flight is delayed by 20 minutes due to weather conditions. (Ref #2960),0
"Hey, are we still meeting for lunch at 12:30 today? (Ref #2961)",0
"Thanks for the meeting notes, I'll review the architecture diagram tonight. (Ref #2962)",0
Your OTP for logging into the employee portal is 584920. Do not share with anyone. (Ref #2963),0
Happy birthday! Wishing you a fantastic year ahead. (Ref #2964),0
"I'll be home in about 15 minutes, please put the dinner in the oven. (Ref #2965)",0
Your OTP for logging into the employee portal is 584920. Do not share with anyone. (Ref #2966),0
Don't forget to push your code changes to the branch before the standup. (Ref #2967),0
"Hey, are we still meeting for lunch at 12:30 today? (Ref #2968)",0
Your OTP for logging into the employee portal is 584920. Do not share with anyone. (Ref #2969),0
Please review the attached invoice for the software subscription renewal. (Ref #2970),0
"Good morning team, let's join the sprint retrospective call at 10 AM. (Ref #2971)",0
Let's schedule a 1-on-1 sync tomorrow morning to discuss project milestones. (Ref #2972),0
Don't forget to push your code changes to the branch before the standup. (Ref #2973),0
Your appointment with Dr. Sharma is confirmed for Tuesday at 3 PM. (Ref #2974),0
Your package from Amazon has been delivered to your front porch. (Ref #2975),0
Please review the attached invoice for the software subscription renewal. (Ref #2976),0
Don't forget to push your code changes to the branch before the standup. (Ref #2977),0
Let's schedule a 1-on-1 sync tomorrow morning to discuss project milestones. (Ref #2978),0
Did you get a chance to look at the quarterly report draft? (Ref #2979),0
Your appointment with Dr. Sharma is confirmed for Tuesday at 3 PM. (Ref #2980),0
Your OTP for logging into the employee portal is 584920. Do not share with anyone. (Ref #2981),0
Your OTP for logging into the employee portal is 584920. Do not share with anyone. (Ref #2982),0
Don't forget to push your code changes to the branch before the standup. (Ref #2983),0
Your package from Amazon has been delivered to your front porch. (Ref #2984),0
Did you get a chance to look at the quarterly report draft? (Ref #2985),0
Your appointment with Dr. Sharma is confirmed for Tuesday at 3 PM. (Ref #2986),0
Let's schedule a 1-on-1 sync tomorrow morning to discuss project milestones. (Ref #2987),0
"Thanks for the meeting notes, I'll review the architecture diagram tonight. (Ref #2988)",0
Your OTP for logging into the employee portal is 584920. Do not share with anyone. (Ref #2989),0
Let's schedule a 1-on-1 sync tomorrow morning to discuss project milestones. (Ref #2990),0
"Hey, are we still meeting for lunch at 12:30 today? (Ref #2991)",0
Your OTP for logging into the employee portal is 584920. Do not share with anyone. (Ref #2992),0
Let's schedule a 1-on-1 sync tomorrow morning to discuss project milestones. (Ref #2993),0
Can you send me the lecture slides from yesterday's machine learning class? (Ref #2994),0
"Good morning team, let's join the sprint retrospective call at 10 AM. (Ref #2995)",0
"I'll be home in about 15 minutes, please put the dinner in the oven. (Ref #2996)",0
The flight is delayed by 20 minutes due to weather conditions. (Ref #2997),0
"Good morning team, let's join the sprint retrospective call at 10 AM. (Ref #2998)",0
The server deployment finished successfully without any downtime. (Ref #2999),0
"I'll be home in about 15 minutes, please put the dinner in the oven. (Ref #3000)",0
Please review the attached invoice for the software subscription renewal. (Ref #3001),0
Let's schedule a 1-on-1 sync tomorrow morning to discuss project milestones. (Ref #3002),0
"I'll be home in about 15 minutes, please put the dinner in the oven. (Ref #3003)",0
The server deployment finished successfully without any downtime. (Ref #3004),0
Your appointment with Dr. Sharma is confirmed for Tuesday at 3 PM. (Ref #3005),0
"Thanks for the meeting notes, I'll review the architecture diagram tonight. (Ref #3006)",0
Can you send me the lecture slides from yesterday's machine learning class? (Ref #3007),0
"Hey, are we still meeting for lunch at 12:30 today? (Ref #3008)",0
Let's schedule a 1-on-1 sync tomorrow morning to discuss project milestones. (Ref #3009),0
"Hey, are we still meeting for lunch at 12:30 today? (Ref #3010)",0
Your package from Amazon has been delivered to your front porch. (Ref #3011),0
Your OTP for logging into the employee portal is 584920. Do not share with anyone. (Ref #3012),0
Let's schedule a 1-on-1 sync tomorrow morning to discuss project milestones. (Ref #3013),0
The flight is delayed by 20 minutes due to weather conditions. (Ref #3014),0
Let's schedule a 1-on-1 sync tomorrow morning to discuss project milestones. (Ref #3015),0
Don't forget to push your code changes to the branch before the standup. (Ref #3016),0
"Thanks for the meeting notes, I'll review the architecture diagram tonight. (Ref #3017)",0
Don't forget to push your code changes to the branch before the standup. (Ref #3018),0
Let's schedule a 1-on-1 sync tomorrow morning to discuss project milestones. (Ref #3019),0
Can you send me the lecture slides from yesterday's machine learning class? (Ref #3020),0
"I'll be home in about 15 minutes, please put the dinner in the oven. (Ref #3021)",0
"Hey, are we still meeting for lunch at 12:30 today? (Ref #3022)",0
Can you send me the lecture slides from yesterday's machine learning class? (Ref #3023),0
Let's schedule a 1-on-1 sync tomorrow morning to discuss project milestones. (Ref #3024),0
The server deployment finished successfully without any downtime. (Ref #3025),0
"I'll be home in about 15 minutes, please put the dinner in the oven. (Ref #3026)",0
The server deployment finished successfully without any downtime. (Ref #3027),0
"Hey, are we still meeting for lunch at 12:30 today? (Ref #3028)",0
"I'll be home in about 15 minutes, please put the dinner in the oven. (Ref #3029)",0
The flight is delayed by 20 minutes due to weather conditions. (Ref #3030),0
"Thanks for the meeting notes, I'll review the architecture diagram tonight. (Ref #3031)",0
"Good morning team, let's join the sprint retrospective call at 10 AM. (Ref #3032)",0
Did you get a chance to look at the quarterly report draft? (Ref #3033),0
Please review the attached invoice for the software subscription renewal. (Ref #3034),0
Can you send me the lecture slides from yesterday's machine learning class? (Ref #3035),0
Your OTP for logging into the employee portal is 584920. Do not share with anyone. (Ref #3036),0
Can you send me the lecture slides from yesterday's machine learning class? (Ref #3037),0
Did you get a chance to look at the quarterly report draft? (Ref #3038),0
"Good morning team, let's join the sprint retrospective call at 10 AM. (Ref #3039)",0
Happy birthday! Wishing you a fantastic year ahead. (Ref #3040),0
Your appointment with Dr. Sharma is confirmed for Tuesday at 3 PM. (Ref #3041),0
The flight is delayed by 20 minutes due to weather conditions. (Ref #3042),0
The server deployment finished successfully without any downtime. (Ref #3043),0
Let's schedule a 1-on-1 sync tomorrow morning to discuss project milestones. (Ref #3044),0
The flight is delayed by 20 minutes due to weather conditions. (Ref #3045),0
Did you get a chance to look at the quarterly report draft? (Ref #3046),0
Let's schedule a 1-on-1 sync tomorrow morning to discuss project milestones. (Ref #3047),0
Your OTP for logging into the employee portal is 584920. Do not share with anyone. (Ref #3048),0
Don't forget to push your code changes to the branch before the standup. (Ref #3049),0
"I'll be home in about 15 minutes, please put the dinner in the oven. (Ref #3050)",0
Your appointment with Dr. Sharma is confirmed for Tuesday at 3 PM. (Ref #3051),0
"Thanks for the meeting notes, I'll review the architecture diagram tonight. (Ref #3052)",0
"Thanks for the meeting notes, I'll review the architecture diagram tonight. (Ref #3053)",0
Did you get a chance to look at the quarterly report draft? (Ref #3054),0
The flight is delayed by 20 minutes due to weather conditions. (Ref #3055),0
"Thanks for the meeting notes, I'll review the architecture diagram tonight. (Ref #3056)",0
Your OTP for logging into the employee portal is 584920. Do not share with anyone. (Ref #3057),0
The server deployment finished successfully without any downtime. (Ref #3058),0
Happy birthday! Wishing you a fantastic year ahead. (Ref #3059),0
Can you send me the lecture slides from yesterday's machine learning class? (Ref #3060),0
Your package from Amazon has been delivered to your front porch. (Ref #3061),0
Your OTP for logging into the employee portal is 584920. Do not share with anyone. (Ref #3062),0
Let's schedule a 1-on-1 sync tomorrow morning to discuss project milestones. (Ref #3063),0
Please review the attached invoice for the software subscription renewal. (Ref #3064),0
Did you get a chance to look at the quarterly report draft? (Ref #3065),0
Don't forget to push your code changes to the branch before the standup. (Ref #3066),0
"I'll be home in about 15 minutes, please put the dinner in the oven. (Ref #3067)",0
Please review the attached invoice for the software subscription renewal. (Ref #3068),0
"I'll be home in about 15 minutes, please put the dinner in the oven. (Ref #3069)",0
"Hey, are we still meeting for lunch at 12:30 today? (Ref #3070)",0
Please review the attached invoice for the software subscription renewal. (Ref #3071),0
Your package from Amazon has been delivered to your front porch. (Ref #3072),0
The flight is delayed by 20 minutes due to weather conditions. (Ref #3073),0
Happy birthday! Wishing you a fantastic year ahead. (Ref #3074),0
Can you send me the lecture slides from yesterday's machine learning class? (Ref #3075),0
Can you send me the lecture slides from yesterday's machine learning class? (Ref #3076),0
Happy birthday! Wishing you a fantastic year ahead. (Ref #3077),0
The server deployment finished successfully without any downtime. (Ref #3078),0
Your appointment with Dr. Sharma is confirmed for Tuesday at 3 PM. (Ref #3079),0
"Hey, are we still meeting for lunch at 12:30 today? (Ref #3080)",0
"I'll be home in about 15 minutes, please put the dinner in the oven. (Ref #3081)",0
Your package from Amazon has been delivered to your front porch. (Ref #3082),0
"Thanks for the meeting notes, I'll review the architecture diagram tonight. (Ref #3083)",0
Please review the attached invoice for the software subscription renewal. (Ref #3084),0
"Hey, are we still meeting for lunch at 12:30 today? (Ref #3085)",0
Your OTP for logging into the employee portal is 584920. Do not share with anyone. (Ref #3086),0
Did you get a chance to look at the quarterly report draft? (Ref #3087),0
Please review the attached invoice for the software subscription renewal. (Ref #3088),0
Your package from Amazon has been delivered to your front porch. (Ref #3089),0
Don't forget to push your code changes to the branch before the standup. (Ref #3090),0
Don't forget to push your code changes to the branch before the standup. (Ref #3091),0
Let's schedule a 1-on-1 sync tomorrow morning to discuss project milestones. (Ref #3092),0
"Hey, are we still meeting for lunch at 12:30 today? (Ref #3093)",0
The flight is delayed by 20 minutes due to weather conditions. (Ref #3094),0
Your package from Amazon has been delivered to your front porch. (Ref #3095),0
Your package from Amazon has been delivered to your front porch. (Ref #3096),0
Happy birthday! Wishing you a fantastic year ahead. (Ref #3097),0
Your OTP for logging into the employee portal is 584920. Do not share with anyone. (Ref #3098),0
The flight is delayed by 20 minutes due to weather conditions. (Ref #3099),0
Your OTP for logging into the employee portal is 584920. Do not share with anyone. (Ref #3100),0
The server deployment finished successfully without any downtime. (Ref #3101),0
"I'll be home in about 15 minutes, please put the dinner in the oven. (Ref #3102)",0
"I'll be home in about 15 minutes, please put the dinner in the oven. (Ref #3103)",0
"Thanks for the meeting notes, I'll review the architecture diagram tonight. (Ref #3104)",0
Let's schedule a 1-on-1 sync tomorrow morning to discuss project milestones. (Ref #3105),0
Can you send me the lecture slides from yesterday's machine learning class? (Ref #3106),0
Don't forget to push your code changes to the branch before the standup. (Ref #3107),0
Did you get a chance to look at the quarterly report draft? (Ref #3108),0
"I'll be home in about 15 minutes, please put the dinner in the oven. (Ref #3109)",0
The flight is delayed by 20 minutes due to weather conditions. (Ref #3110),0
Your package from Amazon has been delivered to your front porch. (Ref #3111),0
Did you get a chance to look at the quarterly report draft? (Ref #3112),0
"Good morning team, let's join the sprint retrospective call at 10 AM. (Ref #3113)",0
Your OTP for logging into the employee portal is 584920. Do not share with anyone. (Ref #3114),0
"I'll be home in about 15 minutes, please put the dinner in the oven. (Ref #3115)",0
Your package from Amazon has been delivered to your front porch. (Ref #3116),0
"I'll be home in about 15 minutes, please put the dinner in the oven. (Ref #3117)",0
Don't forget to push your code changes to the branch before the standup. (Ref #3118),0
"Good morning team, let's join the sprint retrospective call at 10 AM. (Ref #3119)",0
Please review the attached invoice for the software subscription renewal. (Ref #3120),0
"I'll be home in about 15 minutes, please put the dinner in the oven. (Ref #3121)",0
The server deployment finished successfully without any downtime. (Ref #3122),0
The flight is delayed by 20 minutes due to weather conditions. (Ref #3123),0
"I'll be home in about 15 minutes, please put the dinner in the oven. (Ref #3124)",0
Can you send me the lecture slides from yesterday's machine learning class? (Ref #3125),0
Did you get a chance to look at the quarterly report draft? (Ref #3126),0
Did you get a chance to look at the quarterly report draft? (Ref #3127),0
Don't forget to push your code changes to the branch before the standup. (Ref #3128),0
The flight is delayed by 20 minutes due to weather conditions. (Ref #3129),0
"Good morning team, let's join the sprint retrospective call at 10 AM. (Ref #3130)",0
The server deployment finished successfully without any downtime. (Ref #3131),0
Happy birthday! Wishing you a fantastic year ahead. (Ref #3132),0
The flight is delayed by 20 minutes due to weather conditions. (Ref #3133),0
Did you get a chance to look at the quarterly report draft? (Ref #3134),0
Can you send me the lecture slides from yesterday's machine learning class? (Ref #3135),0
Please review the attached invoice for the software subscription renewal. (Ref #3136),0
Don't forget to push your code changes to the branch before the standup. (Ref #3137),0
Happy birthday! Wishing you a fantastic year ahead. (Ref #3138),0
Can you send me the lecture slides from yesterday's machine learning class? (Ref #3139),0
"Good morning team, let's join the sprint retrospective call at 10 AM. (Ref #3140)",0
Your OTP for logging into the employee portal is 584920. Do not share with anyone. (Ref #3141),0
"Good morning team, let's join the sprint retrospective call at 10 AM. (Ref #3142)",0
Can you send me the lecture slides from yesterday's machine learning class? (Ref #3143),0
Your OTP for logging into the employee portal is 584920. Do not share with anyone. (Ref #3144),0
"Hey, are we still meeting for lunch at 12:30 today? (Ref #3145)",0
Don't forget to push your code changes to the branch before the standup. (Ref #3146),0
The flight is delayed by 20 minutes due to weather conditions. (Ref #3147),0
Your OTP for logging into the employee portal is 584920. Do not share with anyone. (Ref #3148),0
Let's schedule a 1-on-1 sync tomorrow morning to discuss project milestones. (Ref #3149),0
Your OTP for logging into the employee portal is 584920. Do not share with anyone. (Ref #3150),0
Your package from Amazon has been delivered to your front porch. (Ref #3151),0
Please review the attached invoice for the software subscription renewal. (Ref #3152),0
Your package from Amazon has been delivered to your front porch. (Ref #3153),0
The flight is delayed by 20 minutes due to weather conditions. (Ref #3154),0
The flight is delayed by 20 minutes due to weather conditions. (Ref #3155),0
Don't forget to push your code changes to the branch before the standup. (Ref #3156),0
The flight is delayed by 20 minutes due to weather conditions. (Ref #3157),0
Did you get a chance to look at the quarterly report draft? (Ref #3158),0
Your OTP for logging into the employee portal is 584920. Do not share with anyone. (Ref #3159),0
Your OTP for logging into the employee portal is 584920. Do not share with anyone. (Ref #3160),0
"Hey, are we still meeting for lunch at 12:30 today? (Ref #3161)",0
Happy birthday! Wishing you a fantastic year ahead. (Ref #3162),0
The flight is delayed by 20 minutes due to weather conditions. (Ref #3163),0
Your package from Amazon has been delivered to your front porch. (Ref #3164),0
The flight is delayed by 20 minutes due to weather conditions. (Ref #3165),0
"Good morning team, let's join the sprint retrospective call at 10 AM. (Ref #3166)",0
"Hey, are we still meeting for lunch at 12:30 today? (Ref #3167)",0
Did you get a chance to look at the quarterly report draft? (Ref #3168),0
Did you get a chance to look at the quarterly report draft? (Ref #3169),0
"I'll be home in about 15 minutes, please put the dinner in the oven. (Ref #3170)",0
Your OTP for logging into the employee portal is 584920. Do not share with anyone. (Ref #3171),0
Did you get a chance to look at the quarterly report draft? (Ref #3172),0
Your OTP for logging into the employee portal is 584920. Do not share with anyone. (Ref #3173),0
"I'll be home in about 15 minutes, please put the dinner in the oven. (Ref #3174)",0
Can you send me the lecture slides from yesterday's machine learning class? (Ref #3175),0
Please review the attached invoice for the software subscription renewal. (Ref #3176),0
"Thanks for the meeting notes, I'll review the architecture diagram tonight. (Ref #3177)",0
The server deployment finished successfully without any downtime. (Ref #3178),0
Did you get a chance to look at the quarterly report draft? (Ref #3179),0
Happy birthday! Wishing you a fantastic year ahead. (Ref #3180),0
"Good morning team, let's join the sprint retrospective call at 10 AM. (Ref #3181)",0
Your appointment with Dr. Sharma is confirmed for Tuesday at 3 PM. (Ref #3182),0
Can you send me the lecture slides from yesterday's machine learning class? (Ref #3183),0
Did you get a chance to look at the quarterly report draft? (Ref #3184),0
Your OTP for logging into the employee portal is 584920. Do not share with anyone. (Ref #3185),0
Please review the attached invoice for the software subscription renewal. (Ref #3186),0
"I'll be home in about 15 minutes, please put the dinner in the oven. (Ref #3187)",0
Your package from Amazon has been delivered to your front porch. (Ref #3188),0
The server deployment finished successfully without any downtime. (Ref #3189),0
Your appointment with Dr. Sharma is confirmed for Tuesday at 3 PM. (Ref #3190),0
Please review the attached invoice for the software subscription renewal. (Ref #3191),0
Please review the attached invoice for the software subscription renewal. (Ref #3192),0
Did you get a chance to look at the quarterly report draft? (Ref #3193),0
Can you send me the lecture slides from yesterday's machine learning class? (Ref #3194),0
Let's schedule a 1-on-1 sync tomorrow morning to discuss project milestones. (Ref #3195),0
Your appointment with Dr. Sharma is confirmed for Tuesday at 3 PM. (Ref #3196),0
The server deployment finished successfully without any downtime. (Ref #3197),0
Don't forget to push your code changes to the branch before the standup. (Ref #3198),0
"Thanks for the meeting notes, I'll review the architecture diagram tonight. (Ref #3199)",0
Don't forget to push your code changes to the branch before the standup. (Ref #3200),0
Let's schedule a 1-on-1 sync tomorrow morning to discuss project milestones. (Ref #3201),0
Your OTP for logging into the employee portal is 584920. Do not share with anyone. (Ref #3202),0
Your OTP for logging into the employee portal is 584920. Do not share with anyone. (Ref #3203),0
"Good morning team, let's join the sprint retrospective call at 10 AM. (Ref #3204)",0
Your appointment with Dr. Sharma is confirmed for Tuesday at 3 PM. (Ref #3205),0
Don't forget to push your code changes to the branch before the standup. (Ref #3206),0
Your OTP for logging into the employee portal is 584920. Do not share with anyone. (Ref #3207),0
Let's schedule a 1-on-1 sync tomorrow morning to discuss project milestones. (Ref #3208),0
Did you get a chance to look at the quarterly report draft? (Ref #3209),0
"Hey, are we still meeting for lunch at 12:30 today? (Ref #3210)",0
"I'll be home in about 15 minutes, please put the dinner in the oven. (Ref #3211)",0
"Hey, are we still meeting for lunch at 12:30 today? (Ref #3212)",0
The flight is delayed by 20 minutes due to weather conditions. (Ref #3213),0
The server deployment finished successfully without any downtime. (Ref #3214),0
Don't forget to push your code changes to the branch before the standup. (Ref #3215),0
"Good morning team, let's join the sprint retrospective call at 10 AM. (Ref #3216)",0
The flight is delayed by 20 minutes due to weather conditions. (Ref #3217),0
Your OTP for logging into the employee portal is 584920. Do not share with anyone. (Ref #3218),0
Your package from Amazon has been delivered to your front porch. (Ref #3219),0
Happy birthday! Wishing you a fantastic year ahead. (Ref #3220),0
Your package from Amazon has been delivered to your front porch. (Ref #3221),0
Let's schedule a 1-on-1 sync tomorrow morning to discuss project milestones. (Ref #3222),0
Your appointment with Dr. Sharma is confirmed for Tuesday at 3 PM. (Ref #3223),0
Please review the attached invoice for the software subscription renewal. (Ref #3224),0
"I'll be home in about 15 minutes, please put the dinner in the oven. (Ref #3225)",0
Don't forget to push your code changes to the branch before the standup. (Ref #3226),0
The server deployment finished successfully without any downtime. (Ref #3227),0
"Good morning team, let's join the sprint retrospective call at 10 AM. (Ref #3228)",0
"Good morning team, let's join the sprint retrospective call at 10 AM. (Ref #3229)",0
The server deployment finished successfully without any downtime. (Ref #3230),0
Let's schedule a 1-on-1 sync tomorrow morning to discuss project milestones. (Ref #3231),0
Can you send me the lecture slides from yesterday's machine learning class? (Ref #3232),0
Your OTP for logging into the employee portal is 584920. Do not share with anyone. (Ref #3233),0
Happy birthday! Wishing you a fantastic year ahead. (Ref #3234),0
"Thanks for the meeting notes, I'll review the architecture diagram tonight. (Ref #3235)",0
"Thanks for the meeting notes, I'll review the architecture diagram tonight. (Ref #3236)",0
"Thanks for the meeting notes, I'll review the architecture diagram tonight. (Ref #3237)",0
Don't forget to push your code changes to the branch before the standup. (Ref #3238),0
"Thanks for the meeting notes, I'll review the architecture diagram tonight. (Ref #3239)",0
Did you get a chance to look at the quarterly report draft? (Ref #3240),0
"Hey, are we still meeting for lunch at 12:30 today? (Ref #3241)",0
"Good morning team, let's join the sprint retrospective call at 10 AM. (Ref #3242)",0
Happy birthday! Wishing you a fantastic year ahead. (Ref #3243),0
"Hey, are we still meeting for lunch at 12:30 today? (Ref #3244)",0
Please review the attached invoice for the software subscription renewal. (Ref #3245),0
Happy birthday! Wishing you a fantastic year ahead. (Ref #3246),0
"Hey, are we still meeting for lunch at 12:30 today? (Ref #3247)",0
Happy birthday! Wishing you a fantastic year ahead. (Ref #3248),0
Please review the attached invoice for the software subscription renewal. (Ref #3249),0
The flight is delayed by 20 minutes due to weather conditions. (Ref #3250),0
Did you get a chance to look at the quarterly report draft? (Ref #3251),0
Don't forget to push your code changes to the branch before the standup. (Ref #3252),0
Don't forget to push your code changes to the branch before the standup. (Ref #3253),0
Let's schedule a 1-on-1 sync tomorrow morning to discuss project milestones. (Ref #3254),0
The server deployment finished successfully without any downtime. (Ref #3255),0
Your OTP for logging into the employee portal is 584920. Do not share with anyone. (Ref #3256),0
"Good morning team, let's join the sprint retrospective call at 10 AM. (Ref #3257)",0
"Thanks for the meeting notes, I'll review the architecture diagram tonight. (Ref #3258)",0
Did you get a chance to look at the quarterly report draft? (Ref #3259),0
Your package from Amazon has been delivered to your front porch. (Ref #3260),0
"Thanks for the meeting notes, I'll review the architecture diagram tonight. (Ref #3261)",0
Your OTP for logging into the employee portal is 584920. Do not share with anyone. (Ref #3262),0
"Good morning team, let's join the sprint retrospective call at 10 AM. (Ref #3263)",0
Your appointment with Dr. Sharma is confirmed for Tuesday at 3 PM. (Ref #3264),0
Your OTP for logging into the employee portal is 584920. Do not share with anyone. (Ref #3265),0
Did you get a chance to look at the quarterly report draft? (Ref #3266),0
"Hey, are we still meeting for lunch at 12:30 today? (Ref #3267)",0
Happy birthday! Wishing you a fantastic year ahead. (Ref #3268),0
The server deployment finished successfully without any downtime. (Ref #3269),0
The server deployment finished successfully without any downtime. (Ref #3270),0
Your package from Amazon has been delivered to your front porch. (Ref #3271),0
Did you get a chance to look at the quarterly report draft? (Ref #3272),0
Please review the attached invoice for the software subscription renewal. (Ref #3273),0
Your appointment with Dr. Sharma is confirmed for Tuesday at 3 PM. (Ref #3274),0
Please review the attached invoice for the software subscription renewal. (Ref #3275),0
Don't forget to push your code changes to the branch before the standup. (Ref #3276),0
Let's schedule a 1-on-1 sync tomorrow morning to discuss project milestones. (Ref #3277),0
Don't forget to push your code changes to the branch before the standup. (Ref #3278),0
Your OTP for logging into the employee portal is 584920. Do not share with anyone. (Ref #3279),0
"Thanks for the meeting notes, I'll review the architecture diagram tonight. (Ref #3280)",0
"Hey, are we still meeting for lunch at 12:30 today? (Ref #3281)",0
Your package from Amazon has been delivered to your front porch. (Ref #3282),0
Your OTP for logging into the employee portal is 584920. Do not share with anyone. (Ref #3283),0
"I'll be home in about 15 minutes, please put the dinner in the oven. (Ref #3284)",0
Your appointment with Dr. Sharma is confirmed for Tuesday at 3 PM. (Ref #3285),0
The server deployment finished successfully without any downtime. (Ref #3286),0
Your appointment with Dr. Sharma is confirmed for Tuesday at 3 PM. (Ref #3287),0
Your OTP for logging into the employee portal is 584920. Do not share with anyone. (Ref #3288),0
Your OTP for logging into the employee portal is 584920. Do not share with anyone. (Ref #3289),0
Did you get a chance to look at the quarterly report draft? (Ref #3290),0
"Thanks for the meeting notes, I'll review the architecture diagram tonight. (Ref #3291)",0
Don't forget to push your code changes to the branch before the standup. (Ref #3292),0
The server deployment finished successfully without any downtime. (Ref #3293),0
Let's schedule a 1-on-1 sync tomorrow morning to discuss project milestones. (Ref #3294),0
"Thanks for the meeting notes, I'll review the architecture diagram tonight. (Ref #3295)",0
Happy birthday! Wishing you a fantastic year ahead. (Ref #3296),0
Did you get a chance to look at the quarterly report draft? (Ref #3297),0
Did you get a chance to look at the quarterly report draft? (Ref #3298),0
Your package from Amazon has been delivered to your front porch. (Ref #3299),0
"Hey, are we still meeting for lunch at 12:30 today? (Ref #3300)",0
Let's schedule a 1-on-1 sync tomorrow morning to discuss project milestones. (Ref #3301),0
"Good morning team, let's join the sprint retrospective call at 10 AM. (Ref #3302)",0
The flight is delayed by 20 minutes due to weather conditions. (Ref #3303),0
"Good morning team, let's join the sprint retrospective call at 10 AM. (Ref #3304)",0
Your OTP for logging into the employee portal is 584920. Do not share with anyone. (Ref #3305),0
Can you send me the lecture slides from yesterday's machine learning class? (Ref #3306),0
The server deployment finished successfully without any downtime. (Ref #3307),0
Can you send me the lecture slides from yesterday's machine learning class? (Ref #3308),0
Did you get a chance to look at the quarterly report draft? (Ref #3309),0
"Thanks for the meeting notes, I'll review the architecture diagram tonight. (Ref #3310)",0
Happy birthday! Wishing you a fantastic year ahead. (Ref #3311),0
Your package from Amazon has been delivered to your front porch. (Ref #3312),0
"I'll be home in about 15 minutes, please put the dinner in the oven. (Ref #3313)",0
Can you send me the lecture slides from yesterday's machine learning class? (Ref #3314),0
Your package from Amazon has been delivered to your front porch. (Ref #3315),0
Did you get a chance to look at the quarterly report draft? (Ref #3316),0
"Hey, are we still meeting for lunch at 12:30 today? (Ref #3317)",0
Please review the attached invoice for the software subscription renewal. (Ref #3318),0
"Good morning team, let's join the sprint retrospective call at 10 AM. (Ref #3319)",0
Happy birthday! Wishing you a fantastic year ahead. (Ref #3320),0
The server deployment finished successfully without any downtime. (Ref #3321),0
Don't forget to push your code changes to the branch before the standup. (Ref #3322),0
Your OTP for logging into the employee portal is 584920. Do not share with anyone. (Ref #3323),0
Your package from Amazon has been delivered to your front porch. (Ref #3324),0
"Hey, are we still meeting for lunch at 12:30 today? (Ref #3325)",0
"I'll be home in about 15 minutes, please put the dinner in the oven. (Ref #3326)",0
The flight is delayed by 20 minutes due to weather conditions. (Ref #3327),0
"Good morning team, let's join the sprint retrospective call at 10 AM. (Ref #3328)",0
Don't forget to push your code changes to the branch before the standup. (Ref #3329),0
The server deployment finished successfully without any downtime. (Ref #3330),0
"Good morning team, let's join the sprint retrospective call at 10 AM. (Ref #3331)",0
Did you get a chance to look at the quarterly report draft? (Ref #3332),0
The flight is delayed by 20 minutes due to weather conditions. (Ref #3333),0
"Good morning team, let's join the sprint retrospective call at 10 AM. (Ref #3334)",0
Let's schedule a 1-on-1 sync tomorrow morning to discuss project milestones. (Ref #3335),0
"I'll be home in about 15 minutes, please put the dinner in the oven. (Ref #3336)",0
"Hey, are we still meeting for lunch at 12:30 today? (Ref #3337)",0
Your OTP for logging into the employee portal is 584920. Do not share with anyone. (Ref #3338),0
Can you send me the lecture slides from yesterday's machine learning class? (Ref #3339),0
The flight is delayed by 20 minutes due to weather conditions. (Ref #3340),0
The server deployment finished successfully without any downtime. (Ref #3341),0
Did you get a chance to look at the quarterly report draft? (Ref #3342),0
Let's schedule a 1-on-1 sync tomorrow morning to discuss project milestones. (Ref #3343),0
Don't forget to push your code changes to the branch before the standup. (Ref #3344),0
"Thanks for the meeting notes, I'll review the architecture diagram tonight. (Ref #3345)",0
Your appointment with Dr. Sharma is confirmed for Tuesday at 3 PM. (Ref #3346),0
Your package from Amazon has been delivered to your front porch. (Ref #3347),0
Your OTP for logging into the employee portal is 584920. Do not share with anyone. (Ref #3348),0
"Good morning team, let's join the sprint retrospective call at 10 AM. (Ref #3349)",0
Can you send me the lecture slides from yesterday's machine learning class? (Ref #3350),0
The flight is delayed by 20 minutes due to weather conditions. (Ref #3351),0
"Good morning team, let's join the sprint retrospective call at 10 AM. (Ref #3352)",0
Please review the attached invoice for the software subscription renewal. (Ref #3353),0
Your package from Amazon has been delivered to your front porch. (Ref #3354),0
"Thanks for the meeting notes, I'll review the architecture diagram tonight. (Ref #3355)",0
Let's schedule a 1-on-1 sync tomorrow morning to discuss project milestones. (Ref #3356),0
The server deployment finished successfully without any downtime. (Ref #3357),0
"I'll be home in about 15 minutes, please put the dinner in the oven. (Ref #3358)",0
Let's schedule a 1-on-1 sync tomorrow morning to discuss project milestones. (Ref #3359),0
Let's schedule a 1-on-1 sync tomorrow morning to discuss project milestones. (Ref #3360),0
Your appointment with Dr. Sharma is confirmed for Tuesday at 3 PM. (Ref #3361),0
"Hey, are we still meeting for lunch at 12:30 today? (Ref #3362)",0
Let's schedule a 1-on-1 sync tomorrow morning to discuss project milestones. (Ref #3363),0
"Good morning team, let's join the sprint retrospective call at 10 AM. (Ref #3364)",0
"Thanks for the meeting notes, I'll review the architecture diagram tonight. (Ref #3365)",0
"Thanks for the meeting notes, I'll review the architecture diagram tonight. (Ref #3366)",0
"I'll be home in about 15 minutes, please put the dinner in the oven. (Ref #3367)",0
Happy birthday! Wishing you a fantastic year ahead. (Ref #3368),0
"I'll be home in about 15 minutes, please put the dinner in the oven. (Ref #3369)",0
"Good morning team, let's join the sprint retrospective call at 10 AM. (Ref #3370)",0
The server deployment finished successfully without any downtime. (Ref #3371),0
Happy birthday! Wishing you a fantastic year ahead. (Ref #3372),0
Happy birthday! Wishing you a fantastic year ahead. (Ref #3373),0
Can you send me the lecture slides from yesterday's machine learning class? (Ref #3374),0
Can you send me the lecture slides from yesterday's machine learning class? (Ref #3375),0
Don't forget to push your code changes to the branch before the standup. (Ref #3376),0
The flight is delayed by 20 minutes due to weather conditions. (Ref #3377),0
The flight is delayed by 20 minutes due to weather conditions. (Ref #3378),0
Did you get a chance to look at the quarterly report draft? (Ref #3379),0
Your OTP for logging into the employee portal is 584920. Do not share with anyone. (Ref #3380),0
"Hey, are we still meeting for lunch at 12:30 today? (Ref #3381)",0
The flight is delayed by 20 minutes due to weather conditions. (Ref #3382),0
Can you send me the lecture slides from yesterday's machine learning class? (Ref #3383),0
Don't forget to push your code changes to the branch before the standup. (Ref #3384),0
Let's schedule a 1-on-1 sync tomorrow morning to discuss project milestones. (Ref #3385),0
Don't forget to push your code changes to the branch before the standup. (Ref #3386),0
Let's schedule a 1-on-1 sync tomorrow morning to discuss project milestones. (Ref #3387),0
The server deployment finished successfully without any downtime. (Ref #3388),0
The server deployment finished successfully without any downtime. (Ref #3389),0
Happy birthday! Wishing you a fantastic year ahead. (Ref #3390),0
Did you get a chance to look at the quarterly report draft? (Ref #3391),0
Your OTP for logging into the employee portal is 584920. Do not share with anyone. (Ref #3392),0
"I'll be home in about 15 minutes, please put the dinner in the oven. (Ref #3393)",0
"Hey, are we still meeting for lunch at 12:30 today? (Ref #3394)",0
"Good morning team, let's join the sprint retrospective call at 10 AM. (Ref #3395)",0
Happy birthday! Wishing you a fantastic year ahead. (Ref #3396),0
"I'll be home in about 15 minutes, please put the dinner in the oven. (Ref #3397)",0
The flight is delayed by 20 minutes due to weather conditions. (Ref #3398),0
Did you get a chance to look at the quarterly report draft? (Ref #3399),0
Happy birthday! Wishing you a fantastic year ahead. (Ref #3400),0
Your package from Amazon has been delivered to your front porch. (Ref #3401),0
The flight is delayed by 20 minutes due to weather conditions. (Ref #3402),0
"I'll be home in about 15 minutes, please put the dinner in the oven. (Ref #3403)",0
"Hey, are we still meeting for lunch at 12:30 today? (Ref #3404)",0
"Good morning team, let's join the sprint retrospective call at 10 AM. (Ref #3405)",0
"I'll be home in about 15 minutes, please put the dinner in the oven. (Ref #3406)",0
Let's schedule a 1-on-1 sync tomorrow morning to discuss project milestones. (Ref #3407),0
The server deployment finished successfully without any downtime. (Ref #3408),0
Happy birthday! Wishing you a fantastic year ahead. (Ref #3409),0
Happy birthday! Wishing you a fantastic year ahead. (Ref #3410),0
"Good morning team, let's join the sprint retrospective call at 10 AM. (Ref #3411)",0
"Thanks for the meeting notes, I'll review the architecture diagram tonight. (Ref #3412)",0
"Hey, are we still meeting for lunch at 12:30 today? (Ref #3413)",0
Please review the attached invoice for the software subscription renewal. (Ref #3414),0
The flight is delayed by 20 minutes due to weather conditions. (Ref #3415),0
Don't forget to push your code changes to the branch before the standup. (Ref #3416),0
"Good morning team, let's join the sprint retrospective call at 10 AM. (Ref #3417)",0
"Hey, are we still meeting for lunch at 12:30 today? (Ref #3418)",0
Don't forget to push your code changes to the branch before the standup. (Ref #3419),0
"Hey, are we still meeting for lunch at 12:30 today? (Ref #3420)",0
"Hey, are we still meeting for lunch at 12:30 today? (Ref #3421)",0
"I'll be home in about 15 minutes, please put the dinner in the oven. (Ref #3422)",0
Your OTP for logging into the employee portal is 584920. Do not share with anyone. (Ref #3423),0
Let's schedule a 1-on-1 sync tomorrow morning to discuss project milestones. (Ref #3424),0
"Hey, are we still meeting for lunch at 12:30 today? (Ref #3425)",0
Your OTP for logging into the employee portal is 584920. Do not share with anyone. (Ref #3426),0
"Thanks for the meeting notes, I'll review the architecture diagram tonight. (Ref #3427)",0
Please review the attached invoice for the software subscription renewal. (Ref #3428),0
Happy birthday! Wishing you a fantastic year ahead. (Ref #3429),0
Your appointment with Dr. Sharma is confirmed for Tuesday at 3 PM. (Ref #3430),0
Don't forget to push your code changes to the branch before the standup. (Ref #3431),0
Happy birthday! Wishing you a fantastic year ahead. (Ref #3432),0
Your appointment with Dr. Sharma is confirmed for Tuesday at 3 PM. (Ref #3433),0
Please review the attached invoice for the software subscription renewal. (Ref #3434),0
Let's schedule a 1-on-1 sync tomorrow morning to discuss project milestones. (Ref #3435),0
Please review the attached invoice for the software subscription renewal. (Ref #3436),0
Don't forget to push your code changes to the branch before the standup. (Ref #3437),0
The server deployment finished successfully without any downtime. (Ref #3438),0
Don't forget to push your code changes to the branch before the standup. (Ref #3439),0
Please review the attached invoice for the software subscription renewal. (Ref #3440),0
Your appointment with Dr. Sharma is confirmed for Tuesday at 3 PM. (Ref #3441),0
"Good morning team, let's join the sprint retrospective call at 10 AM. (Ref #3442)",0
"Hey, are we still meeting for lunch at 12:30 today? (Ref #3443)",0
The flight is delayed by 20 minutes due to weather conditions. (Ref #3444),0
Did you get a chance to look at the quarterly report draft? (Ref #3445),0
Your OTP for logging into the employee portal is 584920. Do not share with anyone. (Ref #3446),0
Your package from Amazon has been delivered to your front porch. (Ref #3447),0
Did you get a chance to look at the quarterly report draft? (Ref #3448),0
Happy birthday! Wishing you a fantastic year ahead. (Ref #3449),0
"I'll be home in about 15 minutes, please put the dinner in the oven. (Ref #3450)",0
Happy birthday! Wishing you a fantastic year ahead. (Ref #3451),0
"I'll be home in about 15 minutes, please put the dinner in the oven. (Ref #3452)",0
Your appointment with Dr. Sharma is confirmed for Tuesday at 3 PM. (Ref #3453),0
The server deployment finished successfully without any downtime. (Ref #3454),0
"I'll be home in about 15 minutes, please put the dinner in the oven. (Ref #3455)",0
Don't forget to push your code changes to the branch before the standup. (Ref #3456),0
"Good morning team, let's join the sprint retrospective call at 10 AM. (Ref #3457)",0
The flight is delayed by 20 minutes due to weather conditions. (Ref #3458),0
The flight is delayed by 20 minutes due to weather conditions. (Ref #3459),0
Don't forget to push your code changes to the branch before the standup. (Ref #3460),0
"Good morning team, let's join the sprint retrospective call at 10 AM. (Ref #3461)",0
Let's schedule a 1-on-1 sync tomorrow morning to discuss project milestones. (Ref #3462),0
"Thanks for the meeting notes, I'll review the architecture diagram tonight. (Ref #3463)",0
Let's schedule a 1-on-1 sync tomorrow morning to discuss project milestones. (Ref #3464),0
The server deployment finished successfully without any downtime. (Ref #3465),0
Did you get a chance to look at the quarterly report draft? (Ref #3466),0
The server deployment finished successfully without any downtime. (Ref #3467),0
Your appointment with Dr. Sharma is confirmed for Tuesday at 3 PM. (Ref #3468),0
Did you get a chance to look at the quarterly report draft? (Ref #3469),0
"Thanks for the meeting notes, I'll review the architecture diagram tonight. (Ref #3470)",0
"Thanks for the meeting notes, I'll review the architecture diagram tonight. (Ref #3471)",0
Happy birthday! Wishing you a fantastic year ahead. (Ref #3472),0
Please review the attached invoice for the software subscription renewal. (Ref #3473),0
Happy birthday! Wishing you a fantastic year ahead. (Ref #3474),0
Please review the attached invoice for the software subscription renewal. (Ref #3475),0
The server deployment finished successfully without any downtime. (Ref #3476),0
Your package from Amazon has been delivered to your front porch. (Ref #3477),0
The server deployment finished successfully without any downtime. (Ref #3478),0
"I'll be home in about 15 minutes, please put the dinner in the oven. (Ref #3479)",0
"Good morning team, let's join the sprint retrospective call at 10 AM. (Ref #3480)",0
Please review the attached invoice for the software subscription renewal. (Ref #3481),0
Let's schedule a 1-on-1 sync tomorrow morning to discuss project milestones. (Ref #3482),0
Did you get a chance to look at the quarterly report draft? (Ref #3483),0
Don't forget to push your code changes to the branch before the standup. (Ref #3484),0
Happy birthday! Wishing you a fantastic year ahead. (Ref #3485),0
"Good morning team, let's join the sprint retrospective call at 10 AM. (Ref #3486)",0
Your appointment with Dr. Sharma is confirmed for Tuesday at 3 PM. (Ref #3487),0
"Good morning team, let's join the sprint retrospective call at 10 AM. (Ref #3488)",0
Your OTP for logging into the employee portal is 584920. Do not share with anyone. (Ref #3489),0
"I'll be home in about 15 minutes, please put the dinner in the oven. (Ref #3490)",0
Your OTP for logging into the employee portal is 584920. Do not share with anyone. (Ref #3491),0
Your package from Amazon has been delivered to your front porch. (Ref #3492),0
Please review the attached invoice for the software subscription renewal. (Ref #3493),0
Your package from Amazon has been delivered to your front porch. (Ref #3494),0
Your appointment with Dr. Sharma is confirmed for Tuesday at 3 PM. (Ref #3495),0
Let's schedule a 1-on-1 sync tomorrow morning to discuss project milestones. (Ref #3496),0
"Thanks for the meeting notes, I'll review the architecture diagram tonight. (Ref #3497)",0
Your OTP for logging into the employee portal is 584920. Do not share with anyone. (Ref #3498),0
The flight is delayed by 20 minutes due to weather conditions. (Ref #3499),0
Your OTP for logging into the employee portal is 584920. Do not share with anyone. (Ref #3500),0
Your appointment with Dr. Sharma is confirmed for Tuesday at 3 PM. (Ref #3501),0
Can you send me the lecture slides from yesterday's machine learning class? (Ref #3502),0
Your appointment with Dr. Sharma is confirmed for Tuesday at 3 PM. (Ref #3503),0
Your package from Amazon has been delivered to your front porch. (Ref #3504),0
"Good morning team, let's join the sprint retrospective call at 10 AM. (Ref #3505)",0
Don't forget to push your code changes to the branch before the standup. (Ref #3506),0
Happy birthday! Wishing you a fantastic year ahead. (Ref #3507),0
Don't forget to push your code changes to the branch before the standup. (Ref #3508),0
Your package from Amazon has been delivered to your front porch. (Ref #3509),0
Happy birthday! Wishing you a fantastic year ahead. (Ref #3510),0
Can you send me the lecture slides from yesterday's machine learning class? (Ref #3511),0
The flight is delayed by 20 minutes due to weather conditions. (Ref #3512),0
"I'll be home in about 15 minutes, please put the dinner in the oven. (Ref #3513)",0
Did you get a chance to look at the quarterly report draft? (Ref #3514),0
Your package from Amazon has been delivered to your front porch. (Ref #3515),0
"Good morning team, let's join the sprint retrospective call at 10 AM. (Ref #3516)",0
Please review the attached invoice for the software subscription renewal. (Ref #3517),0
Your package from Amazon has been delivered to your front porch. (Ref #3518),0
Your package from Amazon has been delivered to your front porch. (Ref #3519),0
Your OTP for logging into the employee portal is 584920. Do not share with anyone. (Ref #3520),0
Your OTP for logging into the employee portal is 584920. Do not share with anyone. (Ref #3521),0
Happy birthday! Wishing you a fantastic year ahead. (Ref #3522),0
The server deployment finished successfully without any downtime. (Ref #3523),0
The server deployment finished successfully without any downtime. (Ref #3524),0
"Hey, are we still meeting for lunch at 12:30 today? (Ref #3525)",0
Your appointment with Dr. Sharma is confirmed for Tuesday at 3 PM. (Ref #3526),0
"Good morning team, let's join the sprint retrospective call at 10 AM. (Ref #3527)",0
"Hey, are we still meeting for lunch at 12:30 today? (Ref #3528)",0
Let's schedule a 1-on-1 sync tomorrow morning to discuss project milestones. (Ref #3529),0
Can you send me the lecture slides from yesterday's machine learning class? (Ref #3530),0
The server deployment finished successfully without any downtime. (Ref #3531),0
Please review the attached invoice for the software subscription renewal. (Ref #3532),0
Your OTP for logging into the employee portal is 584920. Do not share with anyone. (Ref #3533),0
The flight is delayed by 20 minutes due to weather conditions. (Ref #3534),0
"Thanks for the meeting notes, I'll review the architecture diagram tonight. (Ref #3535)",0
Can you send me the lecture slides from yesterday's machine learning class? (Ref #3536),0
"Thanks for the meeting notes, I'll review the architecture diagram tonight. (Ref #3537)",0
"Good morning team, let's join the sprint retrospective call at 10 AM. (Ref #3538)",0
"Good morning team, let's join the sprint retrospective call at 10 AM. (Ref #3539)",0
Let's schedule a 1-on-1 sync tomorrow morning to discuss project milestones. (Ref #3540),0
"Thanks for the meeting notes, I'll review the architecture diagram tonight. (Ref #3541)",0
"Good morning team, let's join the sprint retrospective call at 10 AM. (Ref #3542)",0
The flight is delayed by 20 minutes due to weather conditions. (Ref #3543),0
Don't forget to push your code changes to the branch before the standup. (Ref #3544),0
"Hey, are we still meeting for lunch at 12:30 today? (Ref #3545)",0
Your package from Amazon has been delivered to your front porch. (Ref #3546),0
"I'll be home in about 15 minutes, please put the dinner in the oven. (Ref #3547)",0
"Thanks for the meeting notes, I'll review the architecture diagram tonight. (Ref #3548)",0
Please review the attached invoice for the software subscription renewal. (Ref #3549),0
Can you send me the lecture slides from yesterday's machine learning class? (Ref #3550),0
Don't forget to push your code changes to the branch before the standup. (Ref #3551),0
"Thanks for the meeting notes, I'll review the architecture diagram tonight. (Ref #3552)",0
Don't forget to push your code changes to the branch before the standup. (Ref #3553),0
The server deployment finished successfully without any downtime. (Ref #3554),0
Don't forget to push your code changes to the branch before the standup. (Ref #3555),0
"Thanks for the meeting notes, I'll review the architecture diagram tonight. (Ref #3556)",0
Happy birthday! Wishing you a fantastic year ahead. (Ref #3557),0
Your appointment with Dr. Sharma is confirmed for Tuesday at 3 PM. (Ref #3558),0
Please review the attached invoice for the software subscription renewal. (Ref #3559),0
Your package from Amazon has been delivered to your front porch. (Ref #3560),0
Your package from Amazon has been delivered to your front porch. (Ref #3561),0
Please review the attached invoice for the software subscription renewal. (Ref #3562),0
Happy birthday! Wishing you a fantastic year ahead. (Ref #3563),0
Your OTP for logging into the employee portal is 584920. Do not share with anyone. (Ref #3564),0
"Good morning team, let's join the sprint retrospective call at 10 AM. (Ref #3565)",0
Your package from Amazon has been delivered to your front porch. (Ref #3566),0
Your OTP for logging into the employee portal is 584920. Do not share with anyone. (Ref #3567),0
Don't forget to push your code changes to the branch before the standup. (Ref #3568),0
The flight is delayed by 20 minutes due to weather conditions. (Ref #3569),0
Can you send me the lecture slides from yesterday's machine learning class? (Ref #3570),0
The server deployment finished successfully without any downtime. (Ref #3571),0
"Hey, are we still meeting for lunch at 12:30 today? (Ref #3572)",0
Your package from Amazon has been delivered to your front porch. (Ref #3573),0
Please review the attached invoice for the software subscription renewal. (Ref #3574),0
The flight is delayed by 20 minutes due to weather conditions. (Ref #3575),0
"Thanks for the meeting notes, I'll review the architecture diagram tonight. (Ref #3576)",0
Let's schedule a 1-on-1 sync tomorrow morning to discuss project milestones. (Ref #3577),0
Your appointment with Dr. Sharma is confirmed for Tuesday at 3 PM. (Ref #3578),0
Please review the attached invoice for the software subscription renewal. (Ref #3579),0
"Good morning team, let's join the sprint retrospective call at 10 AM. (Ref #3580)",0
Let's schedule a 1-on-1 sync tomorrow morning to discuss project milestones. (Ref #3581),0
Let's schedule a 1-on-1 sync tomorrow morning to discuss project milestones. (Ref #3582),0
Don't forget to push your code changes to the branch before the standup. (Ref #3583),0
Your appointment with Dr. Sharma is confirmed for Tuesday at 3 PM. (Ref #3584),0
Can you send me the lecture slides from yesterday's machine learning class? (Ref #3585),0
Can you send me the lecture slides from yesterday's machine learning class? (Ref #3586),0
Happy birthday! Wishing you a fantastic year ahead. (Ref #3587),0
Your OTP for logging into the employee portal is 584920. Do not share with anyone. (Ref #3588),0
"I'll be home in about 15 minutes, please put the dinner in the oven. (Ref #3589)",0
Let's schedule a 1-on-1 sync tomorrow morning to discuss project milestones. (Ref #3590),0
Happy birthday! Wishing you a fantastic year ahead. (Ref #3591),0
"Good morning team, let's join the sprint retrospective call at 10 AM. (Ref #3592)",0
Your OTP for logging into the employee portal is 584920. Do not share with anyone. (Ref #3593),0
The server deployment finished successfully without any downtime. (Ref #3594),0
Let's schedule a 1-on-1 sync tomorrow morning to discuss project milestones. (Ref #3595),0
The flight is delayed by 20 minutes due to weather conditions. (Ref #3596),0
Your appointment with Dr. Sharma is confirmed for Tuesday at 3 PM. (Ref #3597),0
"I'll be home in about 15 minutes, please put the dinner in the oven. (Ref #3598)",0
"Thanks for the meeting notes, I'll review the architecture diagram tonight. (Ref #3599)",0
Don't forget to push your code changes to the branch before the standup. (Ref #3600),0
Your appointment with Dr. Sharma is confirmed for Tuesday at 3 PM. (Ref #3601),0
Happy birthday! Wishing you a fantastic year ahead. (Ref #3602),0
"Hey, are we still meeting for lunch at 12:30 today? (Ref #3603)",0
Did you get a chance to look at the quarterly report draft? (Ref #3604),0
"I'll be home in about 15 minutes, please put the dinner in the oven. (Ref #3605)",0
"I'll be home in about 15 minutes, please put the dinner in the oven. (Ref #3606)",0
"Good morning team, let's join the sprint retrospective call at 10 AM. (Ref #3607)",0
Don't forget to push your code changes to the branch before the standup. (Ref #3608),0
Your package from Amazon has been delivered to your front porch. (Ref #3609),0
Can you send me the lecture slides from yesterday's machine learning class? (Ref #3610),0
Can you send me the lecture slides from yesterday's machine learning class? (Ref #3611),0
The server deployment finished successfully without any downtime. (Ref #3612),0
"Hey, are we still meeting for lunch at 12:30 today? (Ref #3613)",0
The flight is delayed by 20 minutes due to weather conditions. (Ref #3614),0
"Good morning team, let's join the sprint retrospective call at 10 AM. (Ref #3615)",0
The flight is delayed by 20 minutes due to weather conditions. (Ref #3616),0
"Thanks for the meeting notes, I'll review the architecture diagram tonight. (Ref #3617)",0
Your OTP for logging into the employee portal is 584920. Do not share with anyone. (Ref #3618),0
Your appointment with Dr. Sharma is confirmed for Tuesday at 3 PM. (Ref #3619),0
The server deployment finished successfully without any downtime. (Ref #3620),0
The server deployment finished successfully without any downtime. (Ref #3621),0
Did you get a chance to look at the quarterly report draft? (Ref #3622),0
Please review the attached invoice for the software subscription renewal. (Ref #3623),0
Your package from Amazon has been delivered to your front porch. (Ref #3624),0
Happy birthday! Wishing you a fantastic year ahead. (Ref #3625),0
Let's schedule a 1-on-1 sync tomorrow morning to discuss project milestones. (Ref #3626),0
Please review the attached invoice for the software subscription renewal. (Ref #3627),0
Your OTP for logging into the employee portal is 584920. Do not share with anyone. (Ref #3628),0
Please review the attached invoice for the software subscription renewal. (Ref #3629),0
"Good morning team, let's join the sprint retrospective call at 10 AM. (Ref #3630)",0
Let's schedule a 1-on-1 sync tomorrow morning to discuss project milestones. (Ref #3631),0
"I'll be home in about 15 minutes, please put the dinner in the oven. (Ref #3632)",0
"Hey, are we still meeting for lunch at 12:30 today? (Ref #3633)",0
Can you send me the lecture slides from yesterday's machine learning class? (Ref #3634),0
"Thanks for the meeting notes, I'll review the architecture diagram tonight. (Ref #3635)",0
The flight is delayed by 20 minutes due to weather conditions. (Ref #3636),0
Did you get a chance to look at the quarterly report draft? (Ref #3637),0
"Good morning team, let's join the sprint retrospective call at 10 AM. (Ref #3638)",0
"Hey, are we still meeting for lunch at 12:30 today? (Ref #3639)",0
"I'll be home in about 15 minutes, please put the dinner in the oven. (Ref #3640)",0
Happy birthday! Wishing you a fantastic year ahead. (Ref #3641),0
"Thanks for the meeting notes, I'll review the architecture diagram tonight. (Ref #3642)",0
"Good morning team, let's join the sprint retrospective call at 10 AM. (Ref #3643)",0
"I'll be home in about 15 minutes, please put the dinner in the oven. (Ref #3644)",0
Did you get a chance to look at the quarterly report draft? (Ref #3645),0
Can you send me the lecture slides from yesterday's machine learning class? (Ref #3646),0
The server deployment finished successfully without any downtime. (Ref #3647),0
Can you send me the lecture slides from yesterday's machine learning class? (Ref #3648),0
"Good morning team, let's join the sprint retrospective call at 10 AM. (Ref #3649)",0
Can you send me the lecture slides from yesterday's machine learning class? (Ref #3650),0
"Hey, are we still meeting for lunch at 12:30 today? (Ref #3651)",0
"Hey, are we still meeting for lunch at 12:30 today? (Ref #3652)",0
The flight is delayed by 20 minutes due to weather conditions. (Ref #3653),0
"Good morning team, let's join the sprint retrospective call at 10 AM. (Ref #3654)",0
The flight is delayed by 20 minutes due to weather conditions. (Ref #3655),0
"Good morning team, let's join the sprint retrospective call at 10 AM. (Ref #3656)",0
The server deployment finished successfully without any downtime. (Ref #3657),0
The server deployment finished successfully without any downtime. (Ref #3658),0
Happy birthday! Wishing you a fantastic year ahead. (Ref #3659),0
"Good morning team, let's join the sprint retrospective call at 10 AM. (Ref #3660)",0
Did you get a chance to look at the quarterly report draft? (Ref #3661),0
Your OTP for logging into the employee portal is 584920. Do not share with anyone. (Ref #3662),0
"Thanks for the meeting notes, I'll review the architecture diagram tonight. (Ref #3663)",0
Don't forget to push your code changes to the branch before the standup. (Ref #3664),0
Let's schedule a 1-on-1 sync tomorrow morning to discuss project milestones. (Ref #3665),0
Don't forget to push your code changes to the branch before the standup. (Ref #3666),0
"I'll be home in about 15 minutes, please put the dinner in the oven. (Ref #3667)",0
The server deployment finished successfully without any downtime. (Ref #3668),0
Can you send me the lecture slides from yesterday's machine learning class? (Ref #3669),0
"Thanks for the meeting notes, I'll review the architecture diagram tonight. (Ref #3670)",0
Please review the attached invoice for the software subscription renewal. (Ref #3671),0
Your OTP for logging into the employee portal is 584920. Do not share with anyone. (Ref #3672),0
"Hey, are we still meeting for lunch at 12:30 today? (Ref #3673)",0
Your appointment with Dr. Sharma is confirmed for Tuesday at 3 PM. (Ref #3674),0
Your package from Amazon has been delivered to your front porch. (Ref #3675),0
Happy birthday! Wishing you a fantastic year ahead. (Ref #3676),0
Can you send me the lecture slides from yesterday's machine learning class? (Ref #3677),0
Can you send me the lecture slides from yesterday's machine learning class? (Ref #3678),0
Did you get a chance to look at the quarterly report draft? (Ref #3679),0
Can you send me the lecture slides from yesterday's machine learning class? (Ref #3680),0
"Hey, are we still meeting for lunch at 12:30 today? (Ref #3681)",0
"Hey, are we still meeting for lunch at 12:30 today? (Ref #3682)",0
Your package from Amazon has been delivered to your front porch. (Ref #3683),0
Let's schedule a 1-on-1 sync tomorrow morning to discuss project milestones. (Ref #3684),0
"Good morning team, let's join the sprint retrospective call at 10 AM. (Ref #3685)",0
Please review the attached invoice for the software subscription renewal. (Ref #3686),0
"Thanks for the meeting notes, I'll review the architecture diagram tonight. (Ref #3687)",0
Can you send me the lecture slides from yesterday's machine learning class? (Ref #3688),0
Don't forget to push your code changes to the branch before the standup. (Ref #3689),0
The flight is delayed by 20 minutes due to weather conditions. (Ref #3690),0
Did you get a chance to look at the quarterly report draft? (Ref #3691),0
Did you get a chance to look at the quarterly report draft? (Ref #3692),0
Let's schedule a 1-on-1 sync tomorrow morning to discuss project milestones. (Ref #3693),0
Don't forget to push your code changes to the branch before the standup. (Ref #3694),0
"I'll be home in about 15 minutes, please put the dinner in the oven. (Ref #3695)",0
Don't forget to push your code changes to the branch before the standup. (Ref #3696),0
Your OTP for logging into the employee portal is 584920. Do not share with anyone. (Ref #3697),0
"I'll be home in about 15 minutes, please put the dinner in the oven. (Ref #3698)",0
Your appointment with Dr. Sharma is confirmed for Tuesday at 3 PM. (Ref #3699),0
The server deployment finished successfully without any downtime. (Ref #3700),0
The flight is delayed by 20 minutes due to weather conditions. (Ref #3701),0
The server deployment finished successfully without any downtime. (Ref #3702),0
Did you get a chance to look at the quarterly report draft? (Ref #3703),0
Don't forget to push your code changes to the branch before the standup. (Ref #3704),0
Your appointment with Dr. Sharma is confirmed for Tuesday at 3 PM. (Ref #3705),0
"Good morning team, let's join the sprint retrospective call at 10 AM. (Ref #3706)",0
Happy birthday! Wishing you a fantastic year ahead. (Ref #3707),0
"Thanks for the meeting notes, I'll review the architecture diagram tonight. (Ref #3708)",0
Your appointment with Dr. Sharma is confirmed for Tuesday at 3 PM. (Ref #3709),0
Let's schedule a 1-on-1 sync tomorrow morning to discuss project milestones. (Ref #3710),0
Your OTP for logging into the employee portal is 584920. Do not share with anyone. (Ref #3711),0
"Thanks for the meeting notes, I'll review the architecture diagram tonight. (Ref #3712)",0
Don't forget to push your code changes to the branch before the standup. (Ref #3713),0
Please review the attached invoice for the software subscription renewal. (Ref #3714),0
"Good morning team, let's join the sprint retrospective call at 10 AM. (Ref #3715)",0
Your appointment with Dr. Sharma is confirmed for Tuesday at 3 PM. (Ref #3716),0
The flight is delayed by 20 minutes due to weather conditions. (Ref #3717),0
Don't forget to push your code changes to the branch before the standup. (Ref #3718),0
Can you send me the lecture slides from yesterday's machine learning class? (Ref #3719),0
"Hey, are we still meeting for lunch at 12:30 today? (Ref #3720)",0
Your appointment with Dr. Sharma is confirmed for Tuesday at 3 PM. (Ref #3721),0
The flight is delayed by 20 minutes due to weather conditions. (Ref #3722),0
Your OTP for logging into the employee portal is 584920. Do not share with anyone. (Ref #3723),0
Happy birthday! Wishing you a fantastic year ahead. (Ref #3724),0
Can you send me the lecture slides from yesterday's machine learning class? (Ref #3725),0
The server deployment finished successfully without any downtime. (Ref #3726),0
Happy birthday! Wishing you a fantastic year ahead. (Ref #3727),0
The server deployment finished successfully without any downtime. (Ref #3728),0
Don't forget to push your code changes to the branch before the standup. (Ref #3729),0
"Hey, are we still meeting for lunch at 12:30 today? (Ref #3730)",0
Your appointment with Dr. Sharma is confirmed for Tuesday at 3 PM. (Ref #3731),0
Your appointment with Dr. Sharma is confirmed for Tuesday at 3 PM. (Ref #3732),0
Please review the attached invoice for the software subscription renewal. (Ref #3733),0
Did you get a chance to look at the quarterly report draft? (Ref #3734),0
Please review the attached invoice for the software subscription renewal. (Ref #3735),0
Let's schedule a 1-on-1 sync tomorrow morning to discuss project milestones. (Ref #3736),0
Don't forget to push your code changes to the branch before the standup. (Ref #3737),0
Don't forget to push your code changes to the branch before the standup. (Ref #3738),0
"Hey, are we still meeting for lunch at 12:30 today? (Ref #3739)",0
Please review the attached invoice for the software subscription renewal. (Ref #3740),0
The flight is delayed by 20 minutes due to weather conditions. (Ref #3741),0
The server deployment finished successfully without any downtime. (Ref #3742),0
The flight is delayed by 20 minutes due to weather conditions. (Ref #3743),0
"Hey, are we still meeting for lunch at 12:30 today? (Ref #3744)",0
"Good morning team, let's join the sprint retrospective call at 10 AM. (Ref #3745)",0
Did you get a chance to look at the quarterly report draft? (Ref #3746),0
The flight is delayed by 20 minutes due to weather conditions. (Ref #3747),0
"I'll be home in about 15 minutes, please put the dinner in the oven. (Ref #3748)",0
Let's schedule a 1-on-1 sync tomorrow morning to discuss project milestones. (Ref #3749),0
"Thanks for the meeting notes, I'll review the architecture diagram tonight. (Ref #3750)",0
"Hey, are we still meeting for lunch at 12:30 today? (Ref #3751)",0
"Hey, are we still meeting for lunch at 12:30 today? (Ref #3752)",0
Your package from Amazon has been delivered to your front porch. (Ref #3753),0
The server deployment finished successfully without any downtime. (Ref #3754),0
Let's schedule a 1-on-1 sync tomorrow morning to discuss project milestones. (Ref #3755),0
Can you send me the lecture slides from yesterday's machine learning class? (Ref #3756),0
Can you send me the lecture slides from yesterday's machine learning class? (Ref #3757),0
"I'll be home in about 15 minutes, please put the dinner in the oven. (Ref #3758)",0
Please review the attached invoice for the software subscription renewal. (Ref #3759),0
Let's schedule a 1-on-1 sync tomorrow morning to discuss project milestones. (Ref #3760),0
"Good morning team, let's join the sprint retrospective call at 10 AM. (Ref #3761)",0
Don't forget to push your code changes to the branch before the standup. (Ref #3762),0
Don't forget to push your code changes to the branch before the standup. (Ref #3763),0
Happy birthday! Wishing you a fantastic year ahead. (Ref #3764),0
The server deployment finished successfully without any downtime. (Ref #3765),0
"I'll be home in about 15 minutes, please put the dinner in the oven. (Ref #3766)",0
"Hey, are we still meeting for lunch at 12:30 today? (Ref #3767)",0
"I'll be home in about 15 minutes, please put the dinner in the oven. (Ref #3768)",0
"I'll be home in about 15 minutes, please put the dinner in the oven. (Ref #3769)",0
Your OTP for logging into the employee portal is 584920. Do not share with anyone. (Ref #3770),0
"I'll be home in about 15 minutes, please put the dinner in the oven. (Ref #3771)",0
Can you send me the lecture slides from yesterday's machine learning class? (Ref #3772),0
Your OTP for logging into the employee portal is 584920. Do not share with anyone. (Ref #3773),0
The server deployment finished successfully without any downtime. (Ref #3774),0
"I'll be home in about 15 minutes, please put the dinner in the oven. (Ref #3775)",0
Did you get a chance to look at the quarterly report draft? (Ref #3776),0
"Thanks for the meeting notes, I'll review the architecture diagram tonight. (Ref #3777)",0
Don't forget to push your code changes to the branch before the standup. (Ref #3778),0
Your OTP for logging into the employee portal is 584920. Do not share with anyone. (Ref #3779),0
Happy birthday! Wishing you a fantastic year ahead. (Ref #3780),0
Let's schedule a 1-on-1 sync tomorrow morning to discuss project milestones. (Ref #3781),0
"Thanks for the meeting notes, I'll review the architecture diagram tonight. (Ref #3782)",0
Happy birthday! Wishing you a fantastic year ahead. (Ref #3783),0
Your package from Amazon has been delivered to your front porch. (Ref #3784),0
Happy birthday! Wishing you a fantastic year ahead. (Ref #3785),0
Don't forget to push your code changes to the branch before the standup. (Ref #3786),0
Don't forget to push your code changes to the branch before the standup. (Ref #3787),0
Your OTP for logging into the employee portal is 584920. Do not share with anyone. (Ref #3788),0
"I'll be home in about 15 minutes, please put the dinner in the oven. (Ref #3789)",0
Your appointment with Dr. Sharma is confirmed for Tuesday at 3 PM. (Ref #3790),0
Your package from Amazon has been delivered to your front porch. (Ref #3791),0
Your OTP for logging into the employee portal is 584920. Do not share with anyone. (Ref #3792),0
Did you get a chance to look at the quarterly report draft? (Ref #3793),0
"Hey, are we still meeting for lunch at 12:30 today? (Ref #3794)",0
The flight is delayed by 20 minutes due to weather conditions. (Ref #3795),0
Let's schedule a 1-on-1 sync tomorrow morning to discuss project milestones. (Ref #3796),0
Happy birthday! Wishing you a fantastic year ahead. (Ref #3797),0
Your appointment with Dr. Sharma is confirmed for Tuesday at 3 PM. (Ref #3798),0
"I'll be home in about 15 minutes, please put the dinner in the oven. (Ref #3799)",0
Can you send me the lecture slides from yesterday's machine learning class? (Ref #3800),0
The server deployment finished successfully without any downtime. (Ref #3801),0
"Hey, are we still meeting for lunch at 12:30 today? (Ref #3802)",0
"Good morning team, let's join the sprint retrospective call at 10 AM. (Ref #3803)",0
Please review the attached invoice for the software subscription renewal. (Ref #3804),0
Your appointment with Dr. Sharma is confirmed for Tuesday at 3 PM. (Ref #3805),0
The server deployment finished successfully without any downtime. (Ref #3806),0
Can you send me the lecture slides from yesterday's machine learning class? (Ref #3807),0
Your package from Amazon has been delivered to your front porch. (Ref #3808),0
"Good morning team, let's join the sprint retrospective call at 10 AM. (Ref #3809)",0
Your OTP for logging into the employee portal is 584920. Do not share with anyone. (Ref #3810),0
"I'll be home in about 15 minutes, please put the dinner in the oven. (Ref #3811)",0
"Hey, are we still meeting for lunch at 12:30 today? (Ref #3812)",0
"Hey, are we still meeting for lunch at 12:30 today? (Ref #3813)",0
"Hey, are we still meeting for lunch at 12:30 today? (Ref #3814)",0
Your package from Amazon has been delivered to your front porch. (Ref #3815),0
"Good morning team, let's join the sprint retrospective call at 10 AM. (Ref #3816)",0
Happy birthday! Wishing you a fantastic year ahead. (Ref #3817),0
Please review the attached invoice for the software subscription renewal. (Ref #3818),0
Did you get a chance to look at the quarterly report draft? (Ref #3819),0
Your package from Amazon has been delivered to your front porch. (Ref #3820),0
The flight is delayed by 20 minutes due to weather conditions. (Ref #3821),0
Let's schedule a 1-on-1 sync tomorrow morning to discuss project milestones. (Ref #3822),0
Let's schedule a 1-on-1 sync tomorrow morning to discuss project milestones. (Ref #3823),0
Please review the attached invoice for the software subscription renewal. (Ref #3824),0
Don't forget to push your code changes to the branch before the standup. (Ref #3825),0
Let's schedule a 1-on-1 sync tomorrow morning to discuss project milestones. (Ref #3826),0
"I'll be home in about 15 minutes, please put the dinner in the oven. (Ref #3827)",0
Your package from Amazon has been delivered to your front porch. (Ref #3828),0
Can you send me the lecture slides from yesterday's machine learning class? (Ref #3829),0
Please review the attached invoice for the software subscription renewal. (Ref #3830),0
The flight is delayed by 20 minutes due to weather conditions. (Ref #3831),0
Don't forget to push your code changes to the branch before the standup. (Ref #3832),0
Happy birthday! Wishing you a fantastic year ahead. (Ref #3833),0
"Good morning team, let's join the sprint retrospective call at 10 AM. (Ref #3834)",0
Can you send me the lecture slides from yesterday's machine learning class? (Ref #3835),0
Your OTP for logging into the employee portal is 584920. Do not share with anyone. (Ref #3836),0
Please review the attached invoice for the software subscription renewal. (Ref #3837),0
"I'll be home in about 15 minutes, please put the dinner in the oven. (Ref #3838)",0
"Good morning team, let's join the sprint retrospective call at 10 AM. (Ref #3839)",0
Can you send me the lecture slides from yesterday's machine learning class? (Ref #3840),0
Don't forget to push your code changes to the branch before the standup. (Ref #3841),0
Can you send me the lecture slides from yesterday's machine learning class? (Ref #3842),0
The server deployment finished successfully without any downtime. (Ref #3843),0
"Good morning team, let's join the sprint retrospective call at 10 AM. (Ref #3844)",0
"Thanks for the meeting notes, I'll review the architecture diagram tonight. (Ref #3845)",0
The server deployment finished successfully without any downtime. (Ref #3846),0
Did you get a chance to look at the quarterly report draft? (Ref #3847),0
Your appointment with Dr. Sharma is confirmed for Tuesday at 3 PM. (Ref #3848),0
Happy birthday! Wishing you a fantastic year ahead. (Ref #3849),0
Let's schedule a 1-on-1 sync tomorrow morning to discuss project milestones. (Ref #3850),0
Don't forget to push your code changes to the branch before the standup. (Ref #3851),0
"Good morning team, let's join the sprint retrospective call at 10 AM. (Ref #3852)",0
Did you get a chance to look at the quarterly report draft? (Ref #3853),0
Did you get a chance to look at the quarterly report draft? (Ref #3854),0
Your OTP for logging into the employee portal is 584920. Do not share with anyone. (Ref #3855),0
Can you send me the lecture slides from yesterday's machine learning class? (Ref #3856),0
Your appointment with Dr. Sharma is confirmed for Tuesday at 3 PM. (Ref #3857),0
Did you get a chance to look at the quarterly report draft? (Ref #3858),0
Your appointment with Dr. Sharma is confirmed for Tuesday at 3 PM. (Ref #3859),0
The server deployment finished successfully without any downtime. (Ref #3860),0
Can you send me the lecture slides from yesterday's machine learning class? (Ref #3861),0
"Good morning team, let's join the sprint retrospective call at 10 AM. (Ref #3862)",0
The server deployment finished successfully without any downtime. (Ref #3863),0
"I'll be home in about 15 minutes, please put the dinner in the oven. (Ref #3864)",0
"Thanks for the meeting notes, I'll review the architecture diagram tonight. (Ref #3865)",0
Did you get a chance to look at the quarterly report draft? (Ref #3866),0
Your package from Amazon has been delivered to your front porch. (Ref #3867),0
The server deployment finished successfully without any downtime. (Ref #3868),0
"Thanks for the meeting notes, I'll review the architecture diagram tonight. (Ref #3869)",0
Can you send me the lecture slides from yesterday's machine learning class? (Ref #3870),0
Your OTP for logging into the employee portal is 584920. Do not share with anyone. (Ref #3871),0
Happy birthday! Wishing you a fantastic year ahead. (Ref #3872),0
Your package from Amazon has been delivered to your front porch. (Ref #3873),0
Don't forget to push your code changes to the branch before the standup. (Ref #3874),0
Let's schedule a 1-on-1 sync tomorrow morning to discuss project milestones. (Ref #3875),0
Your OTP for logging into the employee portal is 584920. Do not share with anyone. (Ref #3876),0
"Thanks for the meeting notes, I'll review the architecture diagram tonight. (Ref #3877)",0
Can you send me the lecture slides from yesterday's machine learning class? (Ref #3878),0
"Thanks for the meeting notes, I'll review the architecture diagram tonight. (Ref #3879)",0
Let's schedule a 1-on-1 sync tomorrow morning to discuss project milestones. (Ref #3880),0
Did you get a chance to look at the quarterly report draft? (Ref #3881),0
Your OTP for logging into the employee portal is 584920. Do not share with anyone. (Ref #3882),0
The server deployment finished successfully without any downtime. (Ref #3883),0
"Good morning team, let's join the sprint retrospective call at 10 AM. (Ref #3884)",0
Your package from Amazon has been delivered to your front porch. (Ref #3885),0
The flight is delayed by 20 minutes due to weather conditions. (Ref #3886),0
Please review the attached invoice for the software subscription renewal. (Ref #3887),0
"Thanks for the meeting notes, I'll review the architecture diagram tonight. (Ref #3888)",0
Let's schedule a 1-on-1 sync tomorrow morning to discuss project milestones. (Ref #3889),0
Don't forget to push your code changes to the branch before the standup. (Ref #3890),0
Don't forget to push your code changes to the branch before the standup. (Ref #3891),0
"Hey, are we still meeting for lunch at 12:30 today? (Ref #3892)",0
Your OTP for logging into the employee portal is 584920. Do not share with anyone. (Ref #3893),0
"Thanks for the meeting notes, I'll review the architecture diagram tonight. (Ref #3894)",0
Please review the attached invoice for the software subscription renewal. (Ref #3895),0
"I'll be home in about 15 minutes, please put the dinner in the oven. (Ref #3896)",0
Let's schedule a 1-on-1 sync tomorrow morning to discuss project milestones. (Ref #3897),0
Did you get a chance to look at the quarterly report draft? (Ref #3898),0
Your appointment with Dr. Sharma is confirmed for Tuesday at 3 PM. (Ref #3899),0
The server deployment finished successfully without any downtime. (Ref #3900),0
"Good morning team, let's join the sprint retrospective call at 10 AM. (Ref #3901)",0
Please review the attached invoice for the software subscription renewal. (Ref #3902),0
Your appointment with Dr. Sharma is confirmed for Tuesday at 3 PM. (Ref #3903),0
Your OTP for logging into the employee portal is 584920. Do not share with anyone. (Ref #3904),0
The server deployment finished successfully without any downtime. (Ref #3905),0
Your appointment with Dr. Sharma is confirmed for Tuesday at 3 PM. (Ref #3906),0
The server deployment finished successfully without any downtime. (Ref #3907),0
The flight is delayed by 20 minutes due to weather conditions. (Ref #3908),0
"Hey, are we still meeting for lunch at 12:30 today? (Ref #3909)",0
Please review the attached invoice for the software subscription renewal. (Ref #3910),0
Your OTP for logging into the employee portal is 584920. Do not share with anyone. (Ref #3911),0
Please review the attached invoice for the software subscription renewal. (Ref #3912),0
The flight is delayed by 20 minutes due to weather conditions. (Ref #3913),0
"Thanks for the meeting notes, I'll review the architecture diagram tonight. (Ref #3914)",0
"Thanks for the meeting notes, I'll review the architecture diagram tonight. (Ref #3915)",0
"Thanks for the meeting notes, I'll review the architecture diagram tonight. (Ref #3916)",0
Happy birthday! Wishing you a fantastic year ahead. (Ref #3917),0
Your appointment with Dr. Sharma is confirmed for Tuesday at 3 PM. (Ref #3918),0
Happy birthday! Wishing you a fantastic year ahead. (Ref #3919),0
"Hey, are we still meeting for lunch at 12:30 today? (Ref #3920)",0
"Good morning team, let's join the sprint retrospective call at 10 AM. (Ref #3921)",0
The flight is delayed by 20 minutes due to weather conditions. (Ref #3922),0
Your OTP for logging into the employee portal is 584920. Do not share with anyone. (Ref #3923),0
Please review the attached invoice for the software subscription renewal. (Ref #3924),0
The server deployment finished successfully without any downtime. (Ref #3925),0
Did you get a chance to look at the quarterly report draft? (Ref #3926),0
Your OTP for logging into the employee portal is 584920. Do not share with anyone. (Ref #3927),0
Your appointment with Dr. Sharma is confirmed for Tuesday at 3 PM. (Ref #3928),0
Happy birthday! Wishing you a fantastic year ahead. (Ref #3929),0
Happy birthday! Wishing you a fantastic year ahead. (Ref #3930),0
Can you send me the lecture slides from yesterday's machine learning class? (Ref #3931),0
Happy birthday! Wishing you a fantastic year ahead. (Ref #3932),0
"Good morning team, let's join the sprint retrospective call at 10 AM. (Ref #3933)",0
"I'll be home in about 15 minutes, please put the dinner in the oven. (Ref #3934)",0
Please review the attached invoice for the software subscription renewal. (Ref #3935),0
"I'll be home in about 15 minutes, please put the dinner in the oven. (Ref #3936)",0
The server deployment finished successfully without any downtime. (Ref #3937),0
Please review the attached invoice for the software subscription renewal. (Ref #3938),0
The flight is delayed by 20 minutes due to weather conditions. (Ref #3939),0
Please review the attached invoice for the software subscription renewal. (Ref #3940),0
"I'll be home in about 15 minutes, please put the dinner in the oven. (Ref #3941)",0
Your OTP for logging into the employee portal is 584920. Do not share with anyone. (Ref #3942),0
Please review the attached invoice for the software subscription renewal. (Ref #3943),0
The flight is delayed by 20 minutes due to weather conditions. (Ref #3944),0
The flight is delayed by 20 minutes due to weather conditions. (Ref #3945),0
"Hey, are we still meeting for lunch at 12:30 today? (Ref #3946)",0
Please review the attached invoice for the software subscription renewal. (Ref #3947),0
Did you get a chance to look at the quarterly report draft? (Ref #3948),0
Can you send me the lecture slides from yesterday's machine learning class? (Ref #3949),0
"Thanks for the meeting notes, I'll review the architecture diagram tonight. (Ref #3950)",0
Don't forget to push your code changes to the branch before the standup. (Ref #3951),0
The flight is delayed by 20 minutes due to weather conditions. (Ref #3952),0
Your package from Amazon has been delivered to your front porch. (Ref #3953),0
"Thanks for the meeting notes, I'll review the architecture diagram tonight. (Ref #3954)",0
"Good morning team, let's join the sprint retrospective call at 10 AM. (Ref #3955)",0
Your appointment with Dr. Sharma is confirmed for Tuesday at 3 PM. (Ref #3956),0
Please review the attached invoice for the software subscription renewal. (Ref #3957),0
"I'll be home in about 15 minutes, please put the dinner in the oven. (Ref #3958)",0
Don't forget to push your code changes to the branch before the standup. (Ref #3959),0
Your package from Amazon has been delivered to your front porch. (Ref #3960),0
"Thanks for the meeting notes, I'll review the architecture diagram tonight. (Ref #3961)",0
Please review the attached invoice for the software subscription renewal. (Ref #3962),0
"Hey, are we still meeting for lunch at 12:30 today? (Ref #3963)",0
Your appointment with Dr. Sharma is confirmed for Tuesday at 3 PM. (Ref #3964),0
Don't forget to push your code changes to the branch before the standup. (Ref #3965),0
Can you send me the lecture slides from yesterday's machine learning class? (Ref #3966),0
The server deployment finished successfully without any downtime. (Ref #3967),0
"Hey, are we still meeting for lunch at 12:30 today? (Ref #3968)",0
Your package from Amazon has been delivered to your front porch. (Ref #3969),0
"Good morning team, let's join the sprint retrospective call at 10 AM. (Ref #3970)",0
Don't forget to push your code changes to the branch before the standup. (Ref #3971),0
"Hey, are we still meeting for lunch at 12:30 today? (Ref #3972)",0
Your appointment with Dr. Sharma is confirmed for Tuesday at 3 PM. (Ref #3973),0
Can you send me the lecture slides from yesterday's machine learning class? (Ref #3974),0
"Hey, are we still meeting for lunch at 12:30 today? (Ref #3975)",0
Happy birthday! Wishing you a fantastic year ahead. (Ref #3976),0
Can you send me the lecture slides from yesterday's machine learning class? (Ref #3977),0
The server deployment finished successfully without any downtime. (Ref #3978),0
Your package from Amazon has been delivered to your front porch. (Ref #3979),0
"Good morning team, let's join the sprint retrospective call at 10 AM. (Ref #3980)",0
Your appointment with Dr. Sharma is confirmed for Tuesday at 3 PM. (Ref #3981),0
Did you get a chance to look at the quarterly report draft? (Ref #3982),0
Please review the attached invoice for the software subscription renewal. (Ref #3983),0
"I'll be home in about 15 minutes, please put the dinner in the oven. (Ref #3984)",0
Let's schedule a 1-on-1 sync tomorrow morning to discuss project milestones. (Ref #3985),0
Your OTP for logging into the employee portal is 584920. Do not share with anyone. (Ref #3986),0
Your OTP for logging into the employee portal is 584920. Do not share with anyone. (Ref #3987),0
"I'll be home in about 15 minutes, please put the dinner in the oven. (Ref #3988)",0
Let's schedule a 1-on-1 sync tomorrow morning to discuss project milestones. (Ref #3989),0
"I'll be home in about 15 minutes, please put the dinner in the oven. (Ref #3990)",0
Don't forget to push your code changes to the branch before the standup. (Ref #3991),0
Your package from Amazon has been delivered to your front porch. (Ref #3992),0
Your appointment with Dr. Sharma is confirmed for Tuesday at 3 PM. (Ref #3993),0
Can you send me the lecture slides from yesterday's machine learning class? (Ref #3994),0
Don't forget to push your code changes to the branch before the standup. (Ref #3995),0
Your package from Amazon has been delivered to your front porch. (Ref #3996),0
Please review the attached invoice for the software subscription renewal. (Ref #3997),0
Happy birthday! Wishing you a fantastic year ahead. (Ref #3998),0
Your OTP for logging into the employee portal is 584920. Do not share with anyone. (Ref #3999),0
"Job Offer: Work from home and earn $5,000/week! Send $50 registration fee via UPI / Apple Gift Card to hr@global-remote-jobs.xyz to get started. [Case ID: cfcd20]",1
Security Alert: Your Apple ID has been locked due to multiple failed login attempts. Verify identity at http://appleid-support-security.xyz now. [Case ID: c4ca42],1
URGENT: Your Wells Fargo account has been suspended! Verify your credentials immediately at http://wellsfargo-verify-login.xyz to restore access. [Case ID: c81e72],1
"Job Offer: Work from home and earn $5,000/week! Send $50 registration fee via UPI / Apple Gift Card to hr@global-remote-jobs.xyz to get started. [Case ID: eccbc8]",1
Customs Clearance Alert: Your international parcel #US89218 is held at customs due to unpaid duties of $45. Pay now at http://customs-parcel-release.click [Case ID: a87ff6],1
IRS Notice: Final warning! A lawsuit is filed against you for unpaid taxes. Call immediately at +1-800-555-0199 or send $500 via Bitcoin to settle. [Case ID: e4da3b],1
"Your PayPal account was accessed from an unknown device in Russia. If this wasn't you, login now at http://paypal-security-alert.tk/auth to secure funds. [Case ID: 167909]",1
Your debit card has been blocked. Call support immediately at 9845012345 or visit http://bank-card-reactivate.ml to prevent permanent cancellation. [Case ID: 8f14e4],1
"Dear Customer, your Netflix subscription expired. Update your credit card details immediately at http://netflix-billing-update.cf or your service terminates today. [Case ID: c9f0f8]",1
Your debit card has been blocked. Call support immediately at 9845012345 or visit http://bank-card-reactivate.ml to prevent permanent cancellation. [Case ID: 45c48c],1
"Job Offer: Work from home and earn $5,000/week! Send $50 registration fee via UPI / Apple Gift Card to hr@global-remote-jobs.xyz to get started. [Case ID: d3d944]",1
"Your PayPal account was accessed from an unknown device in Russia. If this wasn't you, login now at http://paypal-security-alert.tk/auth to secure funds. [Case ID: 6512bd]",1
Customs Clearance Alert: Your international parcel #US89218 is held at customs due to unpaid duties of $45. Pay now at http://customs-parcel-release.click [Case ID: c20ad4],1
"Bank of America Security Alert: Unauthorized transaction of $1,250.00 detected. Click http://bofa-fraud-cancel.top/cancel to reverse charge within 2 hours. [Case ID: c51ce4]",1
URGENT: Your Wells Fargo account has been suspended! Verify your credentials immediately at http://wellsfargo-verify-login.xyz to restore access. [Case ID: aab323],1
"Your PayPal account was accessed from an unknown device in Russia. If this wasn't you, login now at http://paypal-security-alert.tk/auth to secure funds. [Case ID: 9bf31c]",1
IRS Notice: Final warning! A lawsuit is filed against you for unpaid taxes. Call immediately at +1-800-555-0199 or send $500 via Bitcoin to settle. [Case ID: c74d97],1
Security Alert: Your Apple ID has been locked due to multiple failed login attempts. Verify identity at http://appleid-support-security.xyz now. [Case ID: 70efdf],1
Customs Clearance Alert: Your international parcel #US89218 is held at customs due to unpaid duties of $45. Pay now at http://customs-parcel-release.click [Case ID: 6f4922],1
URGENT: Your Wells Fargo account has been suspended! Verify your credentials immediately at http://wellsfargo-verify-login.xyz to restore access. [Case ID: 1f0e3d],1
"Dear Customer, your Netflix subscription expired. Update your credit card details immediately at http://netflix-billing-update.cf or your service terminates today. [Case ID: 98f137]",1
Security Alert: Your Apple ID has been locked due to multiple failed login attempts. Verify identity at http://appleid-support-security.xyz now. [Case ID: 3c59dc],1
"Job Offer: Work from home and earn $5,000/week! Send $50 registration fee via UPI / Apple Gift Card to hr@global-remote-jobs.xyz to get started. [Case ID: b6d767]",1
"Your PayPal account was accessed from an unknown device in Russia. If this wasn't you, login now at http://paypal-security-alert.tk/auth to secure funds. [Case ID: 37693c]",1
URGENT: Your Wells Fargo account has been suspended! Verify your credentials immediately at http://wellsfargo-verify-login.xyz to restore access. [Case ID: 1ff1de],1
"CONGRATULATIONS! You have won $1,000,000 in the International Mobile Lottery. Reply with your full name, bank account, and SSN to claim prize. [Case ID: 8e296a]",1
"Bank of America Security Alert: Unauthorized transaction of $1,250.00 detected. Click http://bofa-fraud-cancel.top/cancel to reverse charge within 2 hours. [Case ID: 4e732c]",1
"Bank of America Security Alert: Unauthorized transaction of $1,250.00 detected. Click http://bofa-fraud-cancel.top/cancel to reverse charge within 2 hours. [Case ID: 02e74f]",1
Customs Clearance Alert: Your international parcel #US89218 is held at customs due to unpaid duties of $45. Pay now at http://customs-parcel-release.click [Case ID: 33e75f],1
"Dear Customer, your Netflix subscription expired. Update your credit card details immediately at http://netflix-billing-update.cf or your service terminates today. [Case ID: 6ea9ab]",1
Customs Clearance Alert: Your international parcel #US89218 is held at customs due to unpaid duties of $45. Pay now at http://customs-parcel-release.click [Case ID: 34173c],1
"CONGRATULATIONS! You have won $1,000,000 in the International Mobile Lottery. Reply with your full name, bank account, and SSN to claim prize. [Case ID: c16a53]",1
IRS Notice: Final warning! A lawsuit is filed against you for unpaid taxes. Call immediately at +1-800-555-0199 or send $500 via Bitcoin to settle. [Case ID: 6364d3],1
"Dear Customer, your Netflix subscription expired. Update your credit card details immediately at http://netflix-billing-update.cf or your service terminates today. [Case ID: 182be0]",1
Your debit card has been blocked. Call support immediately at 9845012345 or visit http://bank-card-reactivate.ml to prevent permanent cancellation. [Case ID: e36985],1
IRS Notice: Final warning! A lawsuit is filed against you for unpaid taxes. Call immediately at +1-800-555-0199 or send $500 via Bitcoin to settle. [Case ID: 1c383c],1
"Dear Customer, your Netflix subscription expired. Update your credit card details immediately at http://netflix-billing-update.cf or your service terminates today. [Case ID: 19ca14]",1
"Dear Customer, your Netflix subscription expired. Update your credit card details immediately at http://netflix-billing-update.cf or your service terminates today. [Case ID: a5bfc9]",1
"CONGRATULATIONS! You have won $1,000,000 in the International Mobile Lottery. Reply with your full name, bank account, and SSN to claim prize. [Case ID: a5771b]",1
"Job Offer: Work from home and earn $5,000/week! Send $50 registration fee via UPI / Apple Gift Card to hr@global-remote-jobs.xyz to get started. [Case ID: d67d8a]",1
"CONGRATULATIONS! You have won $1,000,000 in the International Mobile Lottery. Reply with your full name, bank account, and SSN to claim prize. [Case ID: d64592]",1
"Dear Customer, your Netflix subscription expired. Update your credit card details immediately at http://netflix-billing-update.cf or your service terminates today. [Case ID: 3416a7]",1
URGENT: Your Wells Fargo account has been suspended! Verify your credentials immediately at http://wellsfargo-verify-login.xyz to restore access. [Case ID: a1d0c6],1
IRS Notice: Final warning! A lawsuit is filed against you for unpaid taxes. Call immediately at +1-800-555-0199 or send $500 via Bitcoin to settle. [Case ID: 17e621],1
"CONGRATULATIONS! You have won $1,000,000 in the International Mobile Lottery. Reply with your full name, bank account, and SSN to claim prize. [Case ID: f71771]",1
"Job Offer: Work from home and earn $5,000/week! Send $50 registration fee via UPI / Apple Gift Card to hr@global-remote-jobs.xyz to get started. [Case ID: 6c8349]",1
"Your PayPal account was accessed from an unknown device in Russia. If this wasn't you, login now at http://paypal-security-alert.tk/auth to secure funds. [Case ID: d9d4f4]",1
Customs Clearance Alert: Your international parcel #US89218 is held at customs due to unpaid duties of $45. Pay now at http://customs-parcel-release.click [Case ID: 67c6a1],1
"Dear Customer, your Netflix subscription expired. Update your credit card details immediately at http://netflix-billing-update.cf or your service terminates today. [Case ID: 642e92]",1
Your debit card has been blocked. Call support immediately at 9845012345 or visit http://bank-card-reactivate.ml to prevent permanent cancellation. [Case ID: f457c5],1
"Your PayPal account was accessed from an unknown device in Russia. If this wasn't you, login now at http://paypal-security-alert.tk/auth to secure funds. [Case ID: c0c7c7]",1
"Bank of America Security Alert: Unauthorized transaction of $1,250.00 detected. Click http://bofa-fraud-cancel.top/cancel to reverse charge within 2 hours. [Case ID: 283802]",1
Security Alert: Your Apple ID has been locked due to multiple failed login attempts. Verify identity at http://appleid-support-security.xyz now. [Case ID: 9a1158],1
"Job Offer: Work from home and earn $5,000/week! Send $50 registration fee via UPI / Apple Gift Card to hr@global-remote-jobs.xyz to get started. [Case ID: d82c8d]",1
Your debit card has been blocked. Call support immediately at 9845012345 or visit http://bank-card-reactivate.ml to prevent permanent cancellation. [Case ID: a684ec],1
Security Alert: Your Apple ID has been locked due to multiple failed login attempts. Verify identity at http://appleid-support-security.xyz now. [Case ID: b53b3a],1
"Job Offer: Work from home and earn $5,000/week! Send $50 registration fee via UPI / Apple Gift Card to hr@global-remote-jobs.xyz to get started. [Case ID: 9f6140]",1
URGENT: Your Wells Fargo account has been suspended! Verify your credentials immediately at http://wellsfargo-verify-login.xyz to restore access. [Case ID: 72b32a],1
Customs Clearance Alert: Your international parcel #US89218 is held at customs due to unpaid duties of $45. Pay now at http://customs-parcel-release.click [Case ID: 66f041],1
"Your PayPal account was accessed from an unknown device in Russia. If this wasn't you, login now at http://paypal-security-alert.tk/auth to secure funds. [Case ID: 093f65]",1
IRS Notice: Final warning! A lawsuit is filed against you for unpaid taxes. Call immediately at +1-800-555-0199 or send $500 via Bitcoin to settle. [Case ID: 072b03],1
"Job Offer: Work from home and earn $5,000/week! Send $50 registration fee via UPI / Apple Gift Card to hr@global-remote-jobs.xyz to get started. [Case ID: 7f39f8]",1
IRS Notice: Final warning! A lawsuit is filed against you for unpaid taxes. Call immediately at +1-800-555-0199 or send $500 via Bitcoin to settle. [Case ID: 44f683],1
Customs Clearance Alert: Your international parcel #US89218 is held at customs due to unpaid duties of $45. Pay now at http://customs-parcel-release.click [Case ID: 03afdb],1
"Dear Customer, your Netflix subscription expired. Update your credit card details immediately at http://netflix-billing-update.cf or your service terminates today. [Case ID: ea5d2f]",1
"Bank of America Security Alert: Unauthorized transaction of $1,250.00 detected. Click http://bofa-fraud-cancel.top/cancel to reverse charge within 2 hours. [Case ID: fc490c]",1
"Your PayPal account was accessed from an unknown device in Russia. If this wasn't you, login now at http://paypal-security-alert.tk/auth to secure funds. [Case ID: 3295c7]",1
Customs Clearance Alert: Your international parcel #US89218 is held at customs due to unpaid duties of $45. Pay now at http://customs-parcel-release.click [Case ID: 735b90],1
Customs Clearance Alert: Your international parcel #US89218 is held at customs due to unpaid duties of $45. Pay now at http://customs-parcel-release.click [Case ID: a3f390],1
URGENT: Your Wells Fargo account has been suspended! Verify your credentials immediately at http://wellsfargo-verify-login.xyz to restore access. [Case ID: 14bfa6],1
Security Alert: Your Apple ID has been locked due to multiple failed login attempts. Verify identity at http://appleid-support-security.xyz now. [Case ID: 7cbbc4],1
"Bank of America Security Alert: Unauthorized transaction of $1,250.00 detected. Click http://bofa-fraud-cancel.top/cancel to reverse charge within 2 hours. [Case ID: e2c420]",1
"Your PayPal account was accessed from an unknown device in Russia. If this wasn't you, login now at http://paypal-security-alert.tk/auth to secure funds. [Case ID: 32bb90]",1
"Dear Customer, your Netflix subscription expired. Update your credit card details immediately at http://netflix-billing-update.cf or your service terminates today. [Case ID: d2ddea]",1
"Dear Customer, your Netflix subscription expired. Update your credit card details immediately at http://netflix-billing-update.cf or your service terminates today. [Case ID: ad61ab]",1
"CONGRATULATIONS! You have won $1,000,000 in the International Mobile Lottery. Reply with your full name, bank account, and SSN to claim prize. [Case ID: d09bf4]",1
Customs Clearance Alert: Your international parcel #US89218 is held at customs due to unpaid duties of $45. Pay now at http://customs-parcel-release.click [Case ID: fbd793],1
"Job Offer: Work from home and earn $5,000/week! Send $50 registration fee via UPI / Apple Gift Card to hr@global-remote-jobs.xyz to get started. [Case ID: 28dd2c]",1
URGENT: Your Wells Fargo account has been suspended! Verify your credentials immediately at http://wellsfargo-verify-login.xyz to restore access. [Case ID: 35f4a8],1
"Bank of America Security Alert: Unauthorized transaction of $1,250.00 detected. Click http://bofa-fraud-cancel.top/cancel to reverse charge within 2 hours. [Case ID: d1fe17]",1
"Dear Customer, your Netflix subscription expired. Update your credit card details immediately at http://netflix-billing-update.cf or your service terminates today. [Case ID: f033ab]",1
"Your PayPal account was accessed from an unknown device in Russia. If this wasn't you, login now at http://paypal-security-alert.tk/auth to secure funds. [Case ID: 43ec51]",1
"CONGRATULATIONS! You have won $1,000,000 in the International Mobile Lottery. Reply with your full name, bank account, and SSN to claim prize. [Case ID: 9778d5]",1
"Your PayPal account was accessed from an unknown device in Russia. If this wasn't you, login now at http://paypal-security-alert.tk/auth to secure funds. [Case ID: fe9fc2]",1
URGENT: Your Wells Fargo account has been suspended! Verify your credentials immediately at http://wellsfargo-verify-login.xyz to restore access. [Case ID: 68d30a],1
"Job Offer: Work from home and earn $5,000/week! Send $50 registration fee via UPI / Apple Gift Card to hr@global-remote-jobs.xyz to get started. [Case ID: 3ef815]",1
"CONGRATULATIONS! You have won $1,000,000 in the International Mobile Lottery. Reply with your full name, bank account, and SSN to claim prize. [Case ID: 93db85]",1
"CONGRATULATIONS! You have won $1,000,000 in the International Mobile Lottery. Reply with your full name, bank account, and SSN to claim prize. [Case ID: c7e124]",1
Security Alert: Your Apple ID has been locked due to multiple failed login attempts. Verify identity at http://appleid-support-security.xyz now. [Case ID: 2a38a4],1
"Bank of America Security Alert: Unauthorized transaction of $1,250.00 detected. Click http://bofa-fraud-cancel.top/cancel to reverse charge within 2 hours. [Case ID: 764796]",1
"CONGRATULATIONS! You have won $1,000,000 in the International Mobile Lottery. Reply with your full name, bank account, and SSN to claim prize. [Case ID: 861398]",1
Security Alert: Your Apple ID has been locked due to multiple failed login attempts. Verify identity at http://appleid-support-security.xyz now. [Case ID: 54229a],1
Security Alert: Your Apple ID has been locked due to multiple failed login attempts. Verify identity at http://appleid-support-security.xyz now. [Case ID: 92cc22],1
URGENT: Your Wells Fargo account has been suspended! Verify your credentials immediately at http://wellsfargo-verify-login.xyz to restore access. [Case ID: 98dce8],1
IRS Notice: Final warning! A lawsuit is filed against you for unpaid taxes. Call immediately at +1-800-555-0199 or send $500 via Bitcoin to settle. [Case ID: f4b9ec],1
"Your PayPal account was accessed from an unknown device in Russia. If this wasn't you, login now at http://paypal-security-alert.tk/auth to secure funds. [Case ID: 812b4b]",1
"Job Offer: Work from home and earn $5,000/week! Send $50 registration fee via UPI / Apple Gift Card to hr@global-remote-jobs.xyz to get started. [Case ID: 26657d]",1
Your debit card has been blocked. Call support immediately at 9845012345 or visit http://bank-card-reactivate.ml to prevent permanent cancellation. [Case ID: e2ef52],1
"Your PayPal account was accessed from an unknown device in Russia. If this wasn't you, login now at http://paypal-security-alert.tk/auth to secure funds. [Case ID: ed3d2c]",1
"CONGRATULATIONS! You have won $1,000,000 in the International Mobile Lottery. Reply with your full name, bank account, and SSN to claim prize. [Case ID: ac627a]",1
"Job Offer: Work from home and earn $5,000/week! Send $50 registration fee via UPI / Apple Gift Card to hr@global-remote-jobs.xyz to get started. [Case ID: f89913]",1
"Dear Customer, your Netflix subscription expired. Update your credit card details immediately at http://netflix-billing-update.cf or your service terminates today. [Case ID: 38b3ef]",1
IRS Notice: Final warning! A lawsuit is filed against you for unpaid taxes. Call immediately at +1-800-555-0199 or send $500 via Bitcoin to settle. [Case ID: ec8956],1
"Dear Customer, your Netflix subscription expired. Update your credit card details immediately at http://netflix-billing-update.cf or your service terminates today. [Case ID: 6974ce]",1
"Dear Customer, your Netflix subscription expired. Update your credit card details immediately at http://netflix-billing-update.cf or your service terminates today. [Case ID: c9e107]",1
"Bank of America Security Alert: Unauthorized transaction of $1,250.00 detected. Click http://bofa-fraud-cancel.top/cancel to reverse charge within 2 hours. [Case ID: 65b9ee]",1
"Your PayPal account was accessed from an unknown device in Russia. If this wasn't you, login now at http://paypal-security-alert.tk/auth to secure funds. [Case ID: f0935e]",1
Your debit card has been blocked. Call support immediately at 9845012345 or visit http://bank-card-reactivate.ml to prevent permanent cancellation. [Case ID: a97da6],1
URGENT: Your Wells Fargo account has been suspended! Verify your credentials immediately at http://wellsfargo-verify-login.xyz to restore access. [Case ID: a3c65c],1
Your debit card has been blocked. Call support immediately at 9845012345 or visit http://bank-card-reactivate.ml to prevent permanent cancellation. [Case ID: 2723d0],1
"Dear Customer, your Netflix subscription expired. Update your credit card details immediately at http://netflix-billing-update.cf or your service terminates today. [Case ID: 5f93f9]",1
"CONGRATULATIONS! You have won $1,000,000 in the International Mobile Lottery. Reply with your full name, bank account, and SSN to claim prize. [Case ID: 698d51]",1
IRS Notice: Final warning! A lawsuit is filed against you for unpaid taxes. Call immediately at +1-800-555-0199 or send $500 via Bitcoin to settle. [Case ID: 7f6ffa],1
Customs Clearance Alert: Your international parcel #US89218 is held at customs due to unpaid duties of $45. Pay now at http://customs-parcel-release.click [Case ID: 73278a],1
Your debit card has been blocked. Call support immediately at 9845012345 or visit http://bank-card-reactivate.ml to prevent permanent cancellation. [Case ID: 5fd0b3],1
"Dear Customer, your Netflix subscription expired. Update your credit card details immediately at http://netflix-billing-update.cf or your service terminates today. [Case ID: 2b4492]",1
IRS Notice: Final warning! A lawsuit is filed against you for unpaid taxes. Call immediately at +1-800-555-0199 or send $500 via Bitcoin to settle. [Case ID: c45147],1
"Job Offer: Work from home and earn $5,000/week! Send $50 registration fee via UPI / Apple Gift Card to hr@global-remote-jobs.xyz to get started. [Case ID: eb160d]",1
"Your PayPal account was accessed from an unknown device in Russia. If this wasn't you, login now at http://paypal-security-alert.tk/auth to secure funds. [Case ID: 5ef059]",1
Security Alert: Your Apple ID has been locked due to multiple failed login attempts. Verify identity at http://appleid-support-security.xyz now. [Case ID: 07e1cd],1
"Bank of America Security Alert: Unauthorized transaction of $1,250.00 detected. Click http://bofa-fraud-cancel.top/cancel to reverse charge within 2 hours. [Case ID: da4fb5]",1
IRS Notice: Final warning! A lawsuit is filed against you for unpaid taxes. Call immediately at +1-800-555-0199 or send $500 via Bitcoin to settle. [Case ID: 4c56ff],1
"CONGRATULATIONS! You have won $1,000,000 in the International Mobile Lottery. Reply with your full name, bank account, and SSN to claim prize. [Case ID: a0a080]",1
"CONGRATULATIONS! You have won $1,000,000 in the International Mobile Lottery. Reply with your full name, bank account, and SSN to claim prize. [Case ID: 202cb9]",1
IRS Notice: Final warning! A lawsuit is filed against you for unpaid taxes. Call immediately at +1-800-555-0199 or send $500 via Bitcoin to settle. [Case ID: c8ffe9],1
"CONGRATULATIONS! You have won $1,000,000 in the International Mobile Lottery. Reply with your full name, bank account, and SSN to claim prize. [Case ID: 3def18]",1
"Your PayPal account was accessed from an unknown device in Russia. If this wasn't you, login now at http://paypal-security-alert.tk/auth to secure funds. [Case ID: 069059]",1
"CONGRATULATIONS! You have won $1,000,000 in the International Mobile Lottery. Reply with your full name, bank account, and SSN to claim prize. [Case ID: ec5dec]",1
Your debit card has been blocked. Call support immediately at 9845012345 or visit http://bank-card-reactivate.ml to prevent permanent cancellation. [Case ID: 76dc61],1
Security Alert: Your Apple ID has been locked due to multiple failed login attempts. Verify identity at http://appleid-support-security.xyz now. [Case ID: d1f491],1
"CONGRATULATIONS! You have won $1,000,000 in the International Mobile Lottery. Reply with your full name, bank account, and SSN to claim prize. [Case ID: 9b8619]",1
Security Alert: Your Apple ID has been locked due to multiple failed login attempts. Verify identity at http://appleid-support-security.xyz now. [Case ID: 1afa34],1
"Dear Customer, your Netflix subscription expired. Update your credit card details immediately at http://netflix-billing-update.cf or your service terminates today. [Case ID: 65ded5]",1
URGENT: Your Wells Fargo account has been suspended! Verify your credentials immediately at http://wellsfargo-verify-login.xyz to restore access. [Case ID: 9fc3d7],1
"Your PayPal account was accessed from an unknown device in Russia. If this wasn't you, login now at http://paypal-security-alert.tk/auth to secure funds. [Case ID: 02522a]",1
URGENT: Your Wells Fargo account has been suspended! Verify your credentials immediately at http://wellsfargo-verify-login.xyz to restore access. [Case ID: 7f1de2],1
"Dear Customer, your Netflix subscription expired. Update your credit card details immediately at http://netflix-billing-update.cf or your service terminates today. [Case ID: 42a0e1]",1
"Your PayPal account was accessed from an unknown device in Russia. If this wasn't you, login now at http://paypal-security-alert.tk/auth to secure funds. [Case ID: 3988c7]",1
IRS Notice: Final warning! A lawsuit is filed against you for unpaid taxes. Call immediately at +1-800-555-0199 or send $500 via Bitcoin to settle. [Case ID: 013d40],1
IRS Notice: Final warning! A lawsuit is filed against you for unpaid taxes. Call immediately at +1-800-555-0199 or send $500 via Bitcoin to settle. [Case ID: e00da0],1
Security Alert: Your Apple ID has been locked due to multiple failed login attempts. Verify identity at http://appleid-support-security.xyz now. [Case ID: 138597],1
"Dear Customer, your Netflix subscription expired. Update your credit card details immediately at http://netflix-billing-update.cf or your service terminates today. [Case ID: 0f28b5]",1
Security Alert: Your Apple ID has been locked due to multiple failed login attempts. Verify identity at http://appleid-support-security.xyz now. [Case ID: a8baa5],1
"Bank of America Security Alert: Unauthorized transaction of $1,250.00 detected. Click http://bofa-fraud-cancel.top/cancel to reverse charge within 2 hours. [Case ID: 903ce9]",1
"CONGRATULATIONS! You have won $1,000,000 in the International Mobile Lottery. Reply with your full name, bank account, and SSN to claim prize. [Case ID: 0a09c8]",1
Customs Clearance Alert: Your international parcel #US89218 is held at customs due to unpaid duties of $45. Pay now at http://customs-parcel-release.click [Case ID: 2b24d4],1
"Bank of America Security Alert: Unauthorized transaction of $1,250.00 detected. Click http://bofa-fraud-cancel.top/cancel to reverse charge within 2 hours. [Case ID: a5e001]",1
"CONGRATULATIONS! You have won $1,000,000 in the International Mobile Lottery. Reply with your full name, bank account, and SSN to claim prize. [Case ID: 8d5e95]",1
"Your PayPal account was accessed from an unknown device in Russia. If this wasn't you, login now at http://paypal-security-alert.tk/auth to secure funds. [Case ID: 47d1e9]",1
Security Alert: Your Apple ID has been locked due to multiple failed login attempts. Verify identity at http://appleid-support-security.xyz now. [Case ID: f22170],1
"Your PayPal account was accessed from an unknown device in Russia. If this wasn't you, login now at http://paypal-security-alert.tk/auth to secure funds. [Case ID: 7ef605]",1
"Your PayPal account was accessed from an unknown device in Russia. If this wasn't you, login now at http://paypal-security-alert.tk/auth to secure funds. [Case ID: a8f15e]",1
"CONGRATULATIONS! You have won $1,000,000 in the International Mobile Lottery. Reply with your full name, bank account, and SSN to claim prize. [Case ID: 37a749]",1
"Dear Customer, your Netflix subscription expired. Update your credit card details immediately at http://netflix-billing-update.cf or your service terminates today. [Case ID: b3e3e3]",1
"CONGRATULATIONS! You have won $1,000,000 in the International Mobile Lottery. Reply with your full name, bank account, and SSN to claim prize. [Case ID: 1d7f7a]",1
"Job Offer: Work from home and earn $5,000/week! Send $50 registration fee via UPI / Apple Gift Card to hr@global-remote-jobs.xyz to get started. [Case ID: 2a79ea]",1
IRS Notice: Final warning! A lawsuit is filed against you for unpaid taxes. Call immediately at +1-800-555-0199 or send $500 via Bitcoin to settle. [Case ID: 1c9ac0],1
IRS Notice: Final warning! A lawsuit is filed against you for unpaid taxes. Call immediately at +1-800-555-0199 or send $500 via Bitcoin to settle. [Case ID: 6c4b76],1
"Bank of America Security Alert: Unauthorized transaction of $1,250.00 detected. Click http://bofa-fraud-cancel.top/cancel to reverse charge within 2 hours. [Case ID: 064096]",1
IRS Notice: Final warning! A lawsuit is filed against you for unpaid taxes. Call immediately at +1-800-555-0199 or send $500 via Bitcoin to settle. [Case ID: 140f69],1
"CONGRATULATIONS! You have won $1,000,000 in the International Mobile Lottery. Reply with your full name, bank account, and SSN to claim prize. [Case ID: b73ce3]",1
Your debit card has been blocked. Call support immediately at 9845012345 or visit http://bank-card-reactivate.ml to prevent permanent cancellation. [Case ID: bd4c9a],1
Security Alert: Your Apple ID has been locked due to multiple failed login attempts. Verify identity at http://appleid-support-security.xyz now. [Case ID: 82aa4b],1
"CONGRATULATIONS! You have won $1,000,000 in the International Mobile Lottery. Reply with your full name, bank account, and SSN to claim prize. [Case ID: 0777d5]",1
"CONGRATULATIONS! You have won $1,000,000 in the International Mobile Lottery. Reply with your full name, bank account, and SSN to claim prize. [Case ID: fa7cdf]",1
Customs Clearance Alert: Your international parcel #US89218 is held at customs due to unpaid duties of $45. Pay now at http://customs-parcel-release.click [Case ID: 976652],1
Security Alert: Your Apple ID has been locked due to multiple failed login attempts. Verify identity at http://appleid-support-security.xyz now. [Case ID: 7e7757],1
"Job Offer: Work from home and earn $5,000/week! Send $50 registration fee via UPI / Apple Gift Card to hr@global-remote-jobs.xyz to get started. [Case ID: 5878a7]",1
IRS Notice: Final warning! A lawsuit is filed against you for unpaid taxes. Call immediately at +1-800-555-0199 or send $500 via Bitcoin to settle. [Case ID: 006f52],1
Security Alert: Your Apple ID has been locked due to multiple failed login attempts. Verify identity at http://appleid-support-security.xyz now. [Case ID: 363663],1
IRS Notice: Final warning! A lawsuit is filed against you for unpaid taxes. Call immediately at +1-800-555-0199 or send $500 via Bitcoin to settle. [Case ID: 149e96],1
"Bank of America Security Alert: Unauthorized transaction of $1,250.00 detected. Click http://bofa-fraud-cancel.top/cancel to reverse charge within 2 hours. [Case ID: a4a042]",1
Security Alert: Your Apple ID has been locked due to multiple failed login attempts. Verify identity at http://appleid-support-security.xyz now. [Case ID: 1ff8a7],1
IRS Notice: Final warning! A lawsuit is filed against you for unpaid taxes. Call immediately at +1-800-555-0199 or send $500 via Bitcoin to settle. [Case ID: f7e6c8],1
"Job Offer: Work from home and earn $5,000/week! Send $50 registration fee via UPI / Apple Gift Card to hr@global-remote-jobs.xyz to get started. [Case ID: bf8229]",1
URGENT: Your Wells Fargo account has been suspended! Verify your credentials immediately at http://wellsfargo-verify-login.xyz to restore access. [Case ID: 821612],1
"Your PayPal account was accessed from an unknown device in Russia. If this wasn't you, login now at http://paypal-security-alert.tk/auth to secure funds. [Case ID: 38af86]",1
"Your PayPal account was accessed from an unknown device in Russia. If this wasn't you, login now at http://paypal-security-alert.tk/auth to secure funds. [Case ID: 96da2f]",1
"Job Offer: Work from home and earn $5,000/week! Send $50 registration fee via UPI / Apple Gift Card to hr@global-remote-jobs.xyz to get started. [Case ID: 8f8551]",1
Customs Clearance Alert: Your international parcel #US89218 is held at customs due to unpaid duties of $45. Pay now at http://customs-parcel-release.click [Case ID: 8f5329],1
URGENT: Your Wells Fargo account has been suspended! Verify your credentials immediately at http://wellsfargo-verify-login.xyz to restore access. [Case ID: 045117],1
"Bank of America Security Alert: Unauthorized transaction of $1,250.00 detected. Click http://bofa-fraud-cancel.top/cancel to reverse charge within 2 hours. [Case ID: fc2213]",1
"Job Offer: Work from home and earn $5,000/week! Send $50 registration fee via UPI / Apple Gift Card to hr@global-remote-jobs.xyz to get started. [Case ID: 4c5bde]",1
"Your PayPal account was accessed from an unknown device in Russia. If this wasn't you, login now at http://paypal-security-alert.tk/auth to secure funds. [Case ID: cedebb]",1
"Your PayPal account was accessed from an unknown device in Russia. If this wasn't you, login now at http://paypal-security-alert.tk/auth to secure funds. [Case ID: 6cdd60]",1
"Your PayPal account was accessed from an unknown device in Russia. If this wasn't you, login now at http://paypal-security-alert.tk/auth to secure funds. [Case ID: eecca5]",1
"Dear Customer, your Netflix subscription expired. Update your credit card details immediately at http://netflix-billing-update.cf or your service terminates today. [Case ID: 9872ed]",1
"Job Offer: Work from home and earn $5,000/week! Send $50 registration fee via UPI / Apple Gift Card to hr@global-remote-jobs.xyz to get started. [Case ID: 31fefc]",1
"CONGRATULATIONS! You have won $1,000,000 in the International Mobile Lottery. Reply with your full name, bank account, and SSN to claim prize. [Case ID: 9dcb88]",1
"Bank of America Security Alert: Unauthorized transaction of $1,250.00 detected. Click http://bofa-fraud-cancel.top/cancel to reverse charge within 2 hours. [Case ID: a2557a]",1
"Your PayPal account was accessed from an unknown device in Russia. If this wasn't you, login now at http://paypal-security-alert.tk/auth to secure funds. [Case ID: cfecdb]",1
IRS Notice: Final warning! A lawsuit is filed against you for unpaid taxes. Call immediately at +1-800-555-0199 or send $500 via Bitcoin to settle. [Case ID: 0aa188],1
"Job Offer: Work from home and earn $5,000/week! Send $50 registration fee via UPI / Apple Gift Card to hr@global-remote-jobs.xyz to get started. [Case ID: 58a2fc]",1
"Dear Customer, your Netflix subscription expired. Update your credit card details immediately at http://netflix-billing-update.cf or your service terminates today. [Case ID: bd686f]",1
"Job Offer: Work from home and earn $5,000/week! Send $50 registration fee via UPI / Apple Gift Card to hr@global-remote-jobs.xyz to get started. [Case ID: a597e5]",1
"Bank of America Security Alert: Unauthorized transaction of $1,250.00 detected. Click http://bofa-fraud-cancel.top/cancel to reverse charge within 2 hours. [Case ID: 0336dc]",1
"Dear Customer, your Netflix subscription expired. Update your credit card details immediately at http://netflix-billing-update.cf or your service terminates today. [Case ID: 084b6f]",1
"Bank of America Security Alert: Unauthorized transaction of $1,250.00 detected. Click http://bofa-fraud-cancel.top/cancel to reverse charge within 2 hours. [Case ID: 85d8ce]",1
"Job Offer: Work from home and earn $5,000/week! Send $50 registration fee via UPI / Apple Gift Card to hr@global-remote-jobs.xyz to get started. [Case ID: 0e6597]",1
"CONGRATULATIONS! You have won $1,000,000 in the International Mobile Lottery. Reply with your full name, bank account, and SSN to claim prize. [Case ID: 84d9ee]",1
"Bank of America Security Alert: Unauthorized transaction of $1,250.00 detected. Click http://bofa-fraud-cancel.top/cancel to reverse charge within 2 hours. [Case ID: 3644a6]",1
"Dear Customer, your Netflix subscription expired. Update your credit card details immediately at http://netflix-billing-update.cf or your service terminates today. [Case ID: 757b50]",1
"Dear Customer, your Netflix subscription expired. Update your credit card details immediately at http://netflix-billing-update.cf or your service terminates today. [Case ID: 854d6f]",1
"Bank of America Security Alert: Unauthorized transaction of $1,250.00 detected. Click http://bofa-fraud-cancel.top/cancel to reverse charge within 2 hours. [Case ID: e2c0be]",1
Your debit card has been blocked. Call support immediately at 9845012345 or visit http://bank-card-reactivate.ml to prevent permanent cancellation. [Case ID: 274ad4],1
"Job Offer: Work from home and earn $5,000/week! Send $50 registration fee via UPI / Apple Gift Card to hr@global-remote-jobs.xyz to get started. [Case ID: eae27d]",1
Your debit card has been blocked. Call support immediately at 9845012345 or visit http://bank-card-reactivate.ml to prevent permanent cancellation. [Case ID: 7eabe3],1
Customs Clearance Alert: Your international parcel #US89218 is held at customs due to unpaid duties of $45. Pay now at http://customs-parcel-release.click [Case ID: 69adc1],1
"Job Offer: Work from home and earn $5,000/week! Send $50 registration fee via UPI / Apple Gift Card to hr@global-remote-jobs.xyz to get started. [Case ID: 091d58]",1
"Bank of America Security Alert: Unauthorized transaction of $1,250.00 detected. Click http://bofa-fraud-cancel.top/cancel to reverse charge within 2 hours. [Case ID: b1d10e]",1
URGENT: Your Wells Fargo account has been suspended! Verify your credentials immediately at http://wellsfargo-verify-login.xyz to restore access. [Case ID: 6f3ef7],1
"Bank of America Security Alert: Unauthorized transaction of $1,250.00 detected. Click http://bofa-fraud-cancel.top/cancel to reverse charge within 2 hours. [Case ID: eb1637]",1
Your debit card has been blocked. Call support immediately at 9845012345 or visit http://bank-card-reactivate.ml to prevent permanent cancellation. [Case ID: 1534b7],1
"CONGRATULATIONS! You have won $1,000,000 in the International Mobile Lottery. Reply with your full name, bank account, and SSN to claim prize. [Case ID: 979d47]",1
"Bank of America Security Alert: Unauthorized transaction of $1,250.00 detected. Click http://bofa-fraud-cancel.top/cancel to reverse charge within 2 hours. [Case ID: ca46c1]",1
"Bank of America Security Alert: Unauthorized transaction of $1,250.00 detected. Click http://bofa-fraud-cancel.top/cancel to reverse charge within 2 hours. [Case ID: 3b8a61]",1
"CONGRATULATIONS! You have won $1,000,000 in the International Mobile Lottery. Reply with your full name, bank account, and SSN to claim prize. [Case ID: 45fbc6]",1
"Bank of America Security Alert: Unauthorized transaction of $1,250.00 detected. Click http://bofa-fraud-cancel.top/cancel to reverse charge within 2 hours. [Case ID: 63dc7e]",1
"Your PayPal account was accessed from an unknown device in Russia. If this wasn't you, login now at http://paypal-security-alert.tk/auth to secure funds. [Case ID: e96ed4]",1
URGENT: Your Wells Fargo account has been suspended! Verify your credentials immediately at http://wellsfargo-verify-login.xyz to restore access. [Case ID: c0e190],1
IRS Notice: Final warning! A lawsuit is filed against you for unpaid taxes. Call immediately at +1-800-555-0199 or send $500 via Bitcoin to settle. [Case ID: ec8ce6],1
URGENT: Your Wells Fargo account has been suspended! Verify your credentials immediately at http://wellsfargo-verify-login.xyz to restore access. [Case ID: 060ad9],1
"Bank of America Security Alert: Unauthorized transaction of $1,250.00 detected. Click http://bofa-fraud-cancel.top/cancel to reverse charge within 2 hours. [Case ID: bcbe33]",1
"Your PayPal account was accessed from an unknown device in Russia. If this wasn't you, login now at http://paypal-security-alert.tk/auth to secure funds. [Case ID: 115f89]",1
"Job Offer: Work from home and earn $5,000/week! Send $50 registration fee via UPI / Apple Gift Card to hr@global-remote-jobs.xyz to get started. [Case ID: 13fe9d]",1
"Bank of America Security Alert: Unauthorized transaction of $1,250.00 detected. Click http://bofa-fraud-cancel.top/cancel to reverse charge within 2 hours. [Case ID: d1c38a]",1
Your debit card has been blocked. Call support immediately at 9845012345 or visit http://bank-card-reactivate.ml to prevent permanent cancellation. [Case ID: 9cfdf1],1
"Your PayPal account was accessed from an unknown device in Russia. If this wasn't you, login now at http://paypal-security-alert.tk/auth to secure funds. [Case ID: 705f21]",1
"CONGRATULATIONS! You have won $1,000,000 in the International Mobile Lottery. Reply with your full name, bank account, and SSN to claim prize. [Case ID: 74db12]",1
"Your PayPal account was accessed from an unknown device in Russia. If this wasn't you, login now at http://paypal-security-alert.tk/auth to secure funds. [Case ID: 57aeee]",1
"CONGRATULATIONS! You have won $1,000,000 in the International Mobile Lottery. Reply with your full name, bank account, and SSN to claim prize. [Case ID: 6da900]",1
Customs Clearance Alert: Your international parcel #US89218 is held at customs due to unpaid duties of $45. Pay now at http://customs-parcel-release.click [Case ID: 9b04d1],1
IRS Notice: Final warning! A lawsuit is filed against you for unpaid taxes. Call immediately at +1-800-555-0199 or send $500 via Bitcoin to settle. [Case ID: be83ab],1
Security Alert: Your Apple ID has been locked due to multiple failed login attempts. Verify identity at http://appleid-support-security.xyz now. [Case ID: e16542],1
"Your PayPal account was accessed from an unknown device in Russia. If this wasn't you, login now at http://paypal-security-alert.tk/auth to secure funds. [Case ID: 289dff]",1
"Dear Customer, your Netflix subscription expired. Update your credit card details immediately at http://netflix-billing-update.cf or your service terminates today. [Case ID: 577ef1]",1
Your debit card has been blocked. Call support immediately at 9845012345 or visit http://bank-card-reactivate.ml to prevent permanent cancellation. [Case ID: 01161a],1
"Bank of America Security Alert: Unauthorized transaction of $1,250.00 detected. Click http://bofa-fraud-cancel.top/cancel to reverse charge within 2 hours. [Case ID: 539fd5]",1
Your debit card has been blocked. Call support immediately at 9845012345 or visit http://bank-card-reactivate.ml to prevent permanent cancellation. [Case ID: ac1dd2],1
URGENT: Your Wells Fargo account has been suspended! Verify your credentials immediately at http://wellsfargo-verify-login.xyz to restore access. [Case ID: 555d67],1
Security Alert: Your Apple ID has been locked due to multiple failed login attempts. Verify identity at http://appleid-support-security.xyz now. [Case ID: 335f53],1
URGENT: Your Wells Fargo account has been suspended! Verify your credentials immediately at http://wellsfargo-verify-login.xyz to restore access. [Case ID: f340f1],1
Customs Clearance Alert: Your international parcel #US89218 is held at customs due to unpaid duties of $45. Pay now at http://customs-parcel-release.click [Case ID: e4a622],1
Security Alert: Your Apple ID has been locked due to multiple failed login attempts. Verify identity at http://appleid-support-security.xyz now. [Case ID: cb70ab],1
Security Alert: Your Apple ID has been locked due to multiple failed login attempts. Verify identity at http://appleid-support-security.xyz now. [Case ID: 918890],1
URGENT: Your Wells Fargo account has been suspended! Verify your credentials immediately at http://wellsfargo-verify-login.xyz to restore access. [Case ID: 0266e3],1
"CONGRATULATIONS! You have won $1,000,000 in the International Mobile Lottery. Reply with your full name, bank account, and SSN to claim prize. [Case ID: 38db3a]",1
URGENT: Your Wells Fargo account has been suspended! Verify your credentials immediately at http://wellsfargo-verify-login.xyz to restore access. [Case ID: 3cec07],1
Your debit card has been blocked. Call support immediately at 9845012345 or visit http://bank-card-reactivate.ml to prevent permanent cancellation. [Case ID: 621bf6],1
"CONGRATULATIONS! You have won $1,000,000 in the International Mobile Lottery. Reply with your full name, bank account, and SSN to claim prize. [Case ID: 077e29]",1
Your debit card has been blocked. Call support immediately at 9845012345 or visit http://bank-card-reactivate.ml to prevent permanent cancellation. [Case ID: 6c9882],1
Customs Clearance Alert: Your international parcel #US89218 is held at customs due to unpaid duties of $45. Pay now at http://customs-parcel-release.click [Case ID: 19f3cd],1
"Bank of America Security Alert: Unauthorized transaction of $1,250.00 detected. Click http://bofa-fraud-cancel.top/cancel to reverse charge within 2 hours. [Case ID: 03c6b0]",1
"Job Offer: Work from home and earn $5,000/week! Send $50 registration fee via UPI / Apple Gift Card to hr@global-remote-jobs.xyz to get started. [Case ID: c24cd7]",1
"CONGRATULATIONS! You have won $1,000,000 in the International Mobile Lottery. Reply with your full name, bank account, and SSN to claim prize. [Case ID: c52f1b]",1
Customs Clearance Alert: Your international parcel #US89218 is held at customs due to unpaid duties of $45. Pay now at http://customs-parcel-release.click [Case ID: fe131d],1
"Dear Customer, your Netflix subscription expired. Update your credit card details immediately at http://netflix-billing-update.cf or your service terminates today. [Case ID: f71849]",1
Customs Clearance Alert: Your international parcel #US89218 is held at customs due to unpaid duties of $45. Pay now at http://customs-parcel-release.click [Case ID: d96409],1
URGENT: Your Wells Fargo account has been suspended! Verify your credentials immediately at http://wellsfargo-verify-login.xyz to restore access. [Case ID: 502e4a],1
URGENT: Your Wells Fargo account has been suspended! Verify your credentials immediately at http://wellsfargo-verify-login.xyz to restore access. [Case ID: cfa086],1
"Job Offer: Work from home and earn $5,000/week! Send $50 registration fee via UPI / Apple Gift Card to hr@global-remote-jobs.xyz to get started. [Case ID: a4f236]",1
Customs Clearance Alert: Your international parcel #US89218 is held at customs due to unpaid duties of $45. Pay now at http://customs-parcel-release.click [Case ID: b1a59b],1
IRS Notice: Final warning! A lawsuit is filed against you for unpaid taxes. Call immediately at +1-800-555-0199 or send $500 via Bitcoin to settle. [Case ID: 36660e],1
"Bank of America Security Alert: Unauthorized transaction of $1,250.00 detected. Click http://bofa-fraud-cancel.top/cancel to reverse charge within 2 hours. [Case ID: 8c19f5]",1
URGENT: Your Wells Fargo account has been suspended! Verify your credentials immediately at http://wellsfargo-verify-login.xyz to restore access. [Case ID: d6baf6],1
"Job Offer: Work from home and earn $5,000/week! Send $50 registration fee via UPI / Apple Gift Card to hr@global-remote-jobs.xyz to get started. [Case ID: e56954]",1
"Bank of America Security Alert: Unauthorized transaction of $1,250.00 detected. Click http://bofa-fraud-cancel.top/cancel to reverse charge within 2 hours. [Case ID: f76640]",1
Customs Clearance Alert: Your international parcel #US89218 is held at customs due to unpaid duties of $45. Pay now at http://customs-parcel-release.click [Case ID: eda80a],1
Customs Clearance Alert: Your international parcel #US89218 is held at customs due to unpaid duties of $45. Pay now at http://customs-parcel-release.click [Case ID: 8f121c],1
Security Alert: Your Apple ID has been locked due to multiple failed login attempts. Verify identity at http://appleid-support-security.xyz now. [Case ID: 06138b],1
"Job Offer: Work from home and earn $5,000/week! Send $50 registration fee via UPI / Apple Gift Card to hr@global-remote-jobs.xyz to get started. [Case ID: 390597]",1
URGENT: Your Wells Fargo account has been suspended! Verify your credentials immediately at http://wellsfargo-verify-login.xyz to restore access. [Case ID: 7f100b],1
IRS Notice: Final warning! A lawsuit is filed against you for unpaid taxes. Call immediately at +1-800-555-0199 or send $500 via Bitcoin to settle. [Case ID: 7a614f],1
Customs Clearance Alert: Your international parcel #US89218 is held at customs due to unpaid duties of $45. Pay now at http://customs-parcel-release.click [Case ID: 4734ba],1
IRS Notice: Final warning! A lawsuit is filed against you for unpaid taxes. Call immediately at +1-800-555-0199 or send $500 via Bitcoin to settle. [Case ID: d947bf],1
Customs Clearance Alert: Your international parcel #US89218 is held at customs due to unpaid duties of $45. Pay now at http://customs-parcel-release.click [Case ID: 63923f],1
URGENT: Your Wells Fargo account has been suspended! Verify your credentials immediately at http://wellsfargo-verify-login.xyz to restore access. [Case ID: db8e1a],1
"Bank of America Security Alert: Unauthorized transaction of $1,250.00 detected. Click http://bofa-fraud-cancel.top/cancel to reverse charge within 2 hours. [Case ID: 20f075]",1
"Your PayPal account was accessed from an unknown device in Russia. If this wasn't you, login now at http://paypal-security-alert.tk/auth to secure funds. [Case ID: 07cdfd]",1
"Bank of America Security Alert: Unauthorized transaction of $1,250.00 detected. Click http://bofa-fraud-cancel.top/cancel to reverse charge within 2 hours. [Case ID: d39577]",1
Customs Clearance Alert: Your international parcel #US89218 is held at customs due to unpaid duties of $45. Pay now at http://customs-parcel-release.click [Case ID: 92c8c9],1
Your debit card has been blocked. Call support immediately at 9845012345 or visit http://bank-card-reactivate.ml to prevent permanent cancellation. [Case ID: e3796a],1
"Your PayPal account was accessed from an unknown device in Russia. If this wasn't you, login now at http://paypal-security-alert.tk/auth to secure funds. [Case ID: 6a9aed]",1
"Your PayPal account was accessed from an unknown device in Russia. If this wasn't you, login now at http://paypal-security-alert.tk/auth to secure funds. [Case ID: 0f49c8]",1
IRS Notice: Final warning! A lawsuit is filed against you for unpaid taxes. Call immediately at +1-800-555-0199 or send $500 via Bitcoin to settle. [Case ID: 46ba9f],1
"Job Offer: Work from home and earn $5,000/week! Send $50 registration fee via UPI / Apple Gift Card to hr@global-remote-jobs.xyz to get started. [Case ID: 0e0193]",1
IRS Notice: Final warning! A lawsuit is filed against you for unpaid taxes. Call immediately at +1-800-555-0199 or send $500 via Bitcoin to settle. [Case ID: 16a5cd],1
IRS Notice: Final warning! A lawsuit is filed against you for unpaid taxes. Call immediately at +1-800-555-0199 or send $500 via Bitcoin to settle. [Case ID: 918317],1
Your debit card has been blocked. Call support immediately at 9845012345 or visit http://bank-card-reactivate.ml to prevent permanent cancellation. [Case ID: 48aedb],1
"Bank of America Security Alert: Unauthorized transaction of $1,250.00 detected. Click http://bofa-fraud-cancel.top/cancel to reverse charge within 2 hours. [Case ID: 839ab4]",1
"Bank of America Security Alert: Unauthorized transaction of $1,250.00 detected. Click http://bofa-fraud-cancel.top/cancel to reverse charge within 2 hours. [Case ID: f90f2a]",1
"Dear Customer, your Netflix subscription expired. Update your credit card details immediately at http://netflix-billing-update.cf or your service terminates today. [Case ID: 9c838d]",1
Customs Clearance Alert: Your international parcel #US89218 is held at customs due to unpaid duties of $45. Pay now at http://customs-parcel-release.click [Case ID: 170000],1
Your debit card has been blocked. Call support immediately at 9845012345 or visit http://bank-card-reactivate.ml to prevent permanent cancellation. [Case ID: 53c3bc],1
"Dear Customer, your Netflix subscription expired. Update your credit card details immediately at http://netflix-billing-update.cf or your service terminates today. [Case ID: 688396]",1
URGENT: Your Wells Fargo account has been suspended! Verify your credentials immediately at http://wellsfargo-verify-login.xyz to restore access. [Case ID: 49182f],1
Customs Clearance Alert: Your international parcel #US89218 is held at customs due to unpaid duties of $45. Pay now at http://customs-parcel-release.click [Case ID: d296c1],1
Customs Clearance Alert: Your international parcel #US89218 is held at customs due to unpaid duties of $45. Pay now at http://customs-parcel-release.click [Case ID: 9fd818],1
Security Alert: Your Apple ID has been locked due to multiple failed login attempts. Verify identity at http://appleid-support-security.xyz now. [Case ID: 26e359],1
Security Alert: Your Apple ID has been locked due to multiple failed login attempts. Verify identity at http://appleid-support-security.xyz now. [Case ID: ef0d39],1
"CONGRATULATIONS! You have won $1,000,000 in the International Mobile Lottery. Reply with your full name, bank account, and SSN to claim prize. [Case ID: 94f6d7]",1
"CONGRATULATIONS! You have won $1,000,000 in the International Mobile Lottery. Reply with your full name, bank account, and SSN to claim prize. [Case ID: 34ed06]",1
IRS Notice: Final warning! A lawsuit is filed against you for unpaid taxes. Call immediately at +1-800-555-0199 or send $500 via Bitcoin to settle. [Case ID: 577bcc],1
URGENT: Your Wells Fargo account has been suspended! Verify your credentials immediately at http://wellsfargo-verify-login.xyz to restore access. [Case ID: 11b984],1
"Your PayPal account was accessed from an unknown device in Russia. If this wasn't you, login now at http://paypal-security-alert.tk/auth to secure funds. [Case ID: 37bc2f]",1
"Your PayPal account was accessed from an unknown device in Russia. If this wasn't you, login now at http://paypal-security-alert.tk/auth to secure funds. [Case ID: 496e05]",1
Security Alert: Your Apple ID has been locked due to multiple failed login attempts. Verify identity at http://appleid-support-security.xyz now. [Case ID: b2eb73],1
Security Alert: Your Apple ID has been locked due to multiple failed login attempts. Verify identity at http://appleid-support-security.xyz now. [Case ID: 8e98d8],1
Security Alert: Your Apple ID has been locked due to multiple failed login attempts. Verify identity at http://appleid-support-security.xyz now. [Case ID: a8c88a],1
Your debit card has been blocked. Call support immediately at 9845012345 or visit http://bank-card-reactivate.ml to prevent permanent cancellation. [Case ID: eddea8],1
"Job Offer: Work from home and earn $5,000/week! Send $50 registration fee via UPI / Apple Gift Card to hr@global-remote-jobs.xyz to get started. [Case ID: 06eb61]",1
"CONGRATULATIONS! You have won $1,000,000 in the International Mobile Lottery. Reply with your full name, bank account, and SSN to claim prize. [Case ID: 9dfcd5]",1
Your debit card has been blocked. Call support immediately at 9845012345 or visit http://bank-card-reactivate.ml to prevent permanent cancellation. [Case ID: 950a41],1
"Bank of America Security Alert: Unauthorized transaction of $1,250.00 detected. Click http://bofa-fraud-cancel.top/cancel to reverse charge within 2 hours. [Case ID: 158f30]",1
"Your PayPal account was accessed from an unknown device in Russia. If this wasn't you, login now at http://paypal-security-alert.tk/auth to secure funds. [Case ID: 758874]",1
Customs Clearance Alert: Your international parcel #US89218 is held at customs due to unpaid duties of $45. Pay now at http://customs-parcel-release.click [Case ID: ad13a2],1
"CONGRATULATIONS! You have won $1,000,000 in the International Mobile Lottery. Reply with your full name, bank account, and SSN to claim prize. [Case ID: 3fe94a]",1
"Dear Customer, your Netflix subscription expired. Update your credit card details immediately at http://netflix-billing-update.cf or your service terminates today. [Case ID: 5b8add]",1
"Bank of America Security Alert: Unauthorized transaction of $1,250.00 detected. Click http://bofa-fraud-cancel.top/cancel to reverse charge within 2 hours. [Case ID: 432aca]",1
"CONGRATULATIONS! You have won $1,000,000 in the International Mobile Lottery. Reply with your full name, bank account, and SSN to claim prize. [Case ID: 8d3bba]",1
Your debit card has been blocked. Call support immediately at 9845012345 or visit http://bank-card-reactivate.ml to prevent permanent cancellation. [Case ID: 320722],1
URGENT: Your Wells Fargo account has been suspended! Verify your credentials immediately at http://wellsfargo-verify-login.xyz to restore access. [Case ID: caf1a3],1
Customs Clearance Alert: Your international parcel #US89218 is held at customs due to unpaid duties of $45. Pay now at http://customs-parcel-release.click [Case ID: 5737c6],1
"CONGRATULATIONS! You have won $1,000,000 in the International Mobile Lottery. Reply with your full name, bank account, and SSN to claim prize. [Case ID: bc6dc4]",1
"Job Offer: Work from home and earn $5,000/week! Send $50 registration fee via UPI / Apple Gift Card to hr@global-remote-jobs.xyz to get started. [Case ID: f2fc99]",1
Security Alert: Your Apple ID has been locked due to multiple failed login attempts. Verify identity at http://appleid-support-security.xyz now. [Case ID: 89f0fd],1
Security Alert: Your Apple ID has been locked due to multiple failed login attempts. Verify identity at http://appleid-support-security.xyz now. [Case ID: a66658],1
Customs Clearance Alert: Your international parcel #US89218 is held at customs due to unpaid duties of $45. Pay now at http://customs-parcel-release.click [Case ID: b83aac],1
Your debit card has been blocked. Call support immediately at 9845012345 or visit http://bank-card-reactivate.ml to prevent permanent cancellation. [Case ID: cd0069],1
Security Alert: Your Apple ID has been locked due to multiple failed login attempts. Verify identity at http://appleid-support-security.xyz now. [Case ID: 6faa80],1
"CONGRATULATIONS! You have won $1,000,000 in the International Mobile Lottery. Reply with your full name, bank account, and SSN to claim prize. [Case ID: fe73f6]",1
"Dear Customer, your Netflix subscription expired. Update your credit card details immediately at http://netflix-billing-update.cf or your service terminates today. [Case ID: 6da37d]",1
"Your PayPal account was accessed from an unknown device in Russia. If this wasn't you, login now at http://paypal-security-alert.tk/auth to secure funds. [Case ID: c042f4]",1
"Your PayPal account was accessed from an unknown device in Russia. If this wasn't you, login now at http://paypal-security-alert.tk/auth to secure funds. [Case ID: 310dcb]",1
"Bank of America Security Alert: Unauthorized transaction of $1,250.00 detected. Click http://bofa-fraud-cancel.top/cancel to reverse charge within 2 hours. [Case ID: 2f2b26]",1
IRS Notice: Final warning! A lawsuit is filed against you for unpaid taxes. Call immediately at +1-800-555-0199 or send $500 via Bitcoin to settle. [Case ID: f9b902],1
URGENT: Your Wells Fargo account has been suspended! Verify your credentials immediately at http://wellsfargo-verify-login.xyz to restore access. [Case ID: 685545],1
Customs Clearance Alert: Your international parcel #US89218 is held at customs due to unpaid duties of $45. Pay now at http://customs-parcel-release.click [Case ID: 357a6f],1
"Bank of America Security Alert: Unauthorized transaction of $1,250.00 detected. Click http://bofa-fraud-cancel.top/cancel to reverse charge within 2 hours. [Case ID: 819f46]",1
IRS Notice: Final warning! A lawsuit is filed against you for unpaid taxes. Call immediately at +1-800-555-0199 or send $500 via Bitcoin to settle. [Case ID: 040259],1
Your debit card has been blocked. Call support immediately at 9845012345 or visit http://bank-card-reactivate.ml to prevent permanent cancellation. [Case ID: 40008b],1
"Job Offer: Work from home and earn $5,000/week! Send $50 registration fee via UPI / Apple Gift Card to hr@global-remote-jobs.xyz to get started. [Case ID: 3dd48a]",1
"Job Offer: Work from home and earn $5,000/week! Send $50 registration fee via UPI / Apple Gift Card to hr@global-remote-jobs.xyz to get started. [Case ID: 58238e]",1
URGENT: Your Wells Fargo account has been suspended! Verify your credentials immediately at http://wellsfargo-verify-login.xyz to restore access. [Case ID: 3ad7c2],1
Security Alert: Your Apple ID has been locked due to multiple failed login attempts. Verify identity at http://appleid-support-security.xyz now. [Case ID: b3967a],1
"CONGRATULATIONS! You have won $1,000,000 in the International Mobile Lottery. Reply with your full name, bank account, and SSN to claim prize. [Case ID: d81f9c]",1
"Bank of America Security Alert: Unauthorized transaction of $1,250.00 detected. Click http://bofa-fraud-cancel.top/cancel to reverse charge within 2 hours. [Case ID: 13f989]",1
"Bank of America Security Alert: Unauthorized transaction of $1,250.00 detected. Click http://bofa-fraud-cancel.top/cancel to reverse charge within 2 hours. [Case ID: c5ff25]",1
Customs Clearance Alert: Your international parcel #US89218 is held at customs due to unpaid duties of $45. Pay now at http://customs-parcel-release.click [Case ID: 01386b],1
Customs Clearance Alert: Your international parcel #US89218 is held at customs due to unpaid duties of $45. Pay now at http://customs-parcel-release.click [Case ID: 0bb4ae],1
"Job Offer: Work from home and earn $5,000/week! Send $50 registration fee via UPI / Apple Gift Card to hr@global-remote-jobs.xyz to get started. [Case ID: 9de6d1]",1
"Job Offer: Work from home and earn $5,000/week! Send $50 registration fee via UPI / Apple Gift Card to hr@global-remote-jobs.xyz to get started. [Case ID: efe937]",1
"Dear Customer, your Netflix subscription expired. Update your credit card details immediately at http://netflix-billing-update.cf or your service terminates today. [Case ID: 371bce]",1
"Dear Customer, your Netflix subscription expired. Update your credit card details immediately at http://netflix-billing-update.cf or your service terminates today. [Case ID: 138bb0]",1
Security Alert: Your Apple ID has been locked due to multiple failed login attempts. Verify identity at http://appleid-support-security.xyz now. [Case ID: 8dd48d],1
"Dear Customer, your Netflix subscription expired. Update your credit card details immediately at http://netflix-billing-update.cf or your service terminates today. [Case ID: 82cec9]",1
"CONGRATULATIONS! You have won $1,000,000 in the International Mobile Lottery. Reply with your full name, bank account, and SSN to claim prize. [Case ID: 6c524f]",1
"CONGRATULATIONS! You have won $1,000,000 in the International Mobile Lottery. Reply with your full name, bank account, and SSN to claim prize. [Case ID: fb7b9f]",1
"Bank of America Security Alert: Unauthorized transaction of $1,250.00 detected. Click http://bofa-fraud-cancel.top/cancel to reverse charge within 2 hours. [Case ID: aa942a]",1
"Your PayPal account was accessed from an unknown device in Russia. If this wasn't you, login now at http://paypal-security-alert.tk/auth to secure funds. [Case ID: c058f5]",1
"CONGRATULATIONS! You have won $1,000,000 in the International Mobile Lottery. Reply with your full name, bank account, and SSN to claim prize. [Case ID: e7b24b]",1
IRS Notice: Final warning! A lawsuit is filed against you for unpaid taxes. Call immediately at +1-800-555-0199 or send $500 via Bitcoin to settle. [Case ID: 52720e],1
"Job Offer: Work from home and earn $5,000/week! Send $50 registration fee via UPI / Apple Gift Card to hr@global-remote-jobs.xyz to get started. [Case ID: c3e878]",1
Customs Clearance Alert: Your international parcel #US89218 is held at customs due to unpaid duties of $45. Pay now at http://customs-parcel-release.click [Case ID: 004114],1
"Dear Customer, your Netflix subscription expired. Update your credit card details immediately at http://netflix-billing-update.cf or your service terminates today. [Case ID: bac916]",1
"Bank of America Security Alert: Unauthorized transaction of $1,250.00 detected. Click http://bofa-fraud-cancel.top/cancel to reverse charge within 2 hours. [Case ID: 9be40c]",1
URGENT: Your Wells Fargo account has been suspended! Verify your credentials immediately at http://wellsfargo-verify-login.xyz to restore access. [Case ID: 5ef698],1
Customs Clearance Alert: Your international parcel #US89218 is held at customs due to unpaid duties of $45. Pay now at http://customs-parcel-release.click [Case ID: 05049e],1
IRS Notice: Final warning! A lawsuit is filed against you for unpaid taxes. Call immediately at +1-800-555-0199 or send $500 via Bitcoin to settle. [Case ID: cf004f],1
"Dear Customer, your Netflix subscription expired. Update your credit card details immediately at http://netflix-billing-update.cf or your service terminates today. [Case ID: 0c74b7]",1
IRS Notice: Final warning! A lawsuit is filed against you for unpaid taxes. Call immediately at +1-800-555-0199 or send $500 via Bitcoin to settle. [Case ID: d709f3],1
"Job Offer: Work from home and earn $5,000/week! Send $50 registration fee via UPI / Apple Gift Card to hr@global-remote-jobs.xyz to get started. [Case ID: 41f1f1]",1
"Job Offer: Work from home and earn $5,000/week! Send $50 registration fee via UPI / Apple Gift Card to hr@global-remote-jobs.xyz to get started. [Case ID: 24b16f]",1
Security Alert: Your Apple ID has been locked due to multiple failed login attempts. Verify identity at http://appleid-support-security.xyz now. [Case ID: ffd52f],1
"Bank of America Security Alert: Unauthorized transaction of $1,250.00 detected. Click http://bofa-fraud-cancel.top/cancel to reverse charge within 2 hours. [Case ID: ad972f]",1
Customs Clearance Alert: Your international parcel #US89218 is held at customs due to unpaid duties of $45. Pay now at http://customs-parcel-release.click [Case ID: f61d69],1
Your debit card has been blocked. Call support immediately at 9845012345 or visit http://bank-card-reactivate.ml to prevent permanent cancellation. [Case ID: 142949],1
Your debit card has been blocked. Call support immediately at 9845012345 or visit http://bank-card-reactivate.ml to prevent permanent cancellation. [Case ID: d34ab1],1
Customs Clearance Alert: Your international parcel #US89218 is held at customs due to unpaid duties of $45. Pay now at http://customs-parcel-release.click [Case ID: 8bf121],1
URGENT: Your Wells Fargo account has been suspended! Verify your credentials immediately at http://wellsfargo-verify-login.xyz to restore access. [Case ID: a02ffd],1
"Bank of America Security Alert: Unauthorized transaction of $1,250.00 detected. Click http://bofa-fraud-cancel.top/cancel to reverse charge within 2 hours. [Case ID: bca82e]",1
IRS Notice: Final warning! A lawsuit is filed against you for unpaid taxes. Call immediately at +1-800-555-0199 or send $500 via Bitcoin to settle. [Case ID: 00ec53],1
URGENT: Your Wells Fargo account has been suspended! Verify your credentials immediately at http://wellsfargo-verify-login.xyz to restore access. [Case ID: 4f6ffe],1
"Your PayPal account was accessed from an unknown device in Russia. If this wasn't you, login now at http://paypal-security-alert.tk/auth to secure funds. [Case ID: beed13]",1
Customs Clearance Alert: Your international parcel #US89218 is held at customs due to unpaid duties of $45. Pay now at http://customs-parcel-release.click [Case ID: 0584ce],1
IRS Notice: Final warning! A lawsuit is filed against you for unpaid taxes. Call immediately at +1-800-555-0199 or send $500 via Bitcoin to settle. [Case ID: dc912a],1
Your debit card has been blocked. Call support immediately at 9845012345 or visit http://bank-card-reactivate.ml to prevent permanent cancellation. [Case ID: 39461a],1
"CONGRATULATIONS! You have won $1,000,000 in the International Mobile Lottery. Reply with your full name, bank account, and SSN to claim prize. [Case ID: 8efb10]",1
Security Alert: Your Apple ID has been locked due to multiple failed login attempts. Verify identity at http://appleid-support-security.xyz now. [Case ID: d9fc5b],1
Your debit card has been blocked. Call support immediately at 9845012345 or visit http://bank-card-reactivate.ml to prevent permanent cancellation. [Case ID: c86a7e],1
"Bank of America Security Alert: Unauthorized transaction of $1,250.00 detected. Click http://bofa-fraud-cancel.top/cancel to reverse charge within 2 hours. [Case ID: a01a03]",1
"Job Offer: Work from home and earn $5,000/week! Send $50 registration fee via UPI / Apple Gift Card to hr@global-remote-jobs.xyz to get started. [Case ID: 5a4b25]",1
"CONGRATULATIONS! You have won $1,000,000 in the International Mobile Lottery. Reply with your full name, bank account, and SSN to claim prize. [Case ID: f73b76]",1
Security Alert: Your Apple ID has been locked due to multiple failed login attempts. Verify identity at http://appleid-support-security.xyz now. [Case ID: 70c639],1
Security Alert: Your Apple ID has been locked due to multiple failed login attempts. Verify identity at http://appleid-support-security.xyz now. [Case ID: 28f0b8],1
"Your PayPal account was accessed from an unknown device in Russia. If this wasn't you, login now at http://paypal-security-alert.tk/auth to secure funds. [Case ID: 154384]",1
"Your PayPal account was accessed from an unknown device in Russia. If this wasn't you, login now at http://paypal-security-alert.tk/auth to secure funds. [Case ID: f8c1f2]",1
"Dear Customer, your Netflix subscription expired. Update your credit card details immediately at http://netflix-billing-update.cf or your service terminates today. [Case ID: e46de7]",1
Your debit card has been blocked. Call support immediately at 9845012345 or visit http://bank-card-reactivate.ml to prevent permanent cancellation. [Case ID: b7b16e],1
Your debit card has been blocked. Call support immediately at 9845012345 or visit http://bank-card-reactivate.ml to prevent permanent cancellation. [Case ID: 352fe2],1
Your debit card has been blocked. Call support immediately at 9845012345 or visit http://bank-card-reactivate.ml to prevent permanent cancellation. [Case ID: 18d804],1
"Dear Customer, your Netflix subscription expired. Update your credit card details immediately at http://netflix-billing-update.cf or your service terminates today. [Case ID: 816b11]",1
URGENT: Your Wells Fargo account has been suspended! Verify your credentials immediately at http://wellsfargo-verify-login.xyz to restore access. [Case ID: 69cb3e],1
Security Alert: Your Apple ID has been locked due to multiple failed login attempts. Verify identity at http://appleid-support-security.xyz now. [Case ID: bbf94b],1
"CONGRATULATIONS! You have won $1,000,000 in the International Mobile Lottery. Reply with your full name, bank account, and SSN to claim prize. [Case ID: 4f4adc]",1
"Bank of America Security Alert: Unauthorized transaction of $1,250.00 detected. Click http://bofa-fraud-cancel.top/cancel to reverse charge within 2 hours. [Case ID: bbcbff]",1
Security Alert: Your Apple ID has been locked due to multiple failed login attempts. Verify identity at http://appleid-support-security.xyz now. [Case ID: 8cb22b],1
"Your PayPal account was accessed from an unknown device in Russia. If this wasn't you, login now at http://paypal-security-alert.tk/auth to secure funds. [Case ID: f4f6dc]",1
IRS Notice: Final warning! A lawsuit is filed against you for unpaid taxes. Call immediately at +1-800-555-0199 or send $500 via Bitcoin to settle. [Case ID: 0d0fd7],1
"Job Offer: Work from home and earn $5,000/week! Send $50 registration fee via UPI / Apple Gift Card to hr@global-remote-jobs.xyz to get started. [Case ID: a96b65]",1
"Dear Customer, your Netflix subscription expired. Update your credit card details immediately at http://netflix-billing-update.cf or your service terminates today. [Case ID: 1068c6]",1
Customs Clearance Alert: Your international parcel #US89218 is held at customs due to unpaid duties of $45. Pay now at http://customs-parcel-release.click [Case ID: 17d63b],1
IRS Notice: Final warning! A lawsuit is filed against you for unpaid taxes. Call immediately at +1-800-555-0199 or send $500 via Bitcoin to settle. [Case ID: b9228e],1
"Bank of America Security Alert: Unauthorized transaction of $1,250.00 detected. Click http://bofa-fraud-cancel.top/cancel to reverse charge within 2 hours. [Case ID: 0deb1c]",1
Your debit card has been blocked. Call support immediately at 9845012345 or visit http://bank-card-reactivate.ml to prevent permanent cancellation. [Case ID: 66808e],1
"Your PayPal account was accessed from an unknown device in Russia. If this wasn't you, login now at http://paypal-security-alert.tk/auth to secure funds. [Case ID: 42e7aa]",1
"Your PayPal account was accessed from an unknown device in Russia. If this wasn't you, login now at http://paypal-security-alert.tk/auth to secure funds. [Case ID: 8fe009]",1
"Your PayPal account was accessed from an unknown device in Russia. If this wasn't you, login now at http://paypal-security-alert.tk/auth to secure funds. [Case ID: 41ae36]",1
Your debit card has been blocked. Call support immediately at 9845012345 or visit http://bank-card-reactivate.ml to prevent permanent cancellation. [Case ID: d1f255],1
Customs Clearance Alert: Your international parcel #US89218 is held at customs due to unpaid duties of $45. Pay now at http://customs-parcel-release.click [Case ID: 7eacb5],1
"Dear Customer, your Netflix subscription expired. Update your credit card details immediately at http://netflix-billing-update.cf or your service terminates today. [Case ID: b6f047]",1
IRS Notice: Final warning! A lawsuit is filed against you for unpaid taxes. Call immediately at +1-800-555-0199 or send $500 via Bitcoin to settle. [Case ID: e0c641],1
Your debit card has been blocked. Call support immediately at 9845012345 or visit http://bank-card-reactivate.ml to prevent permanent cancellation. [Case ID: f85454],1
"Bank of America Security Alert: Unauthorized transaction of $1,250.00 detected. Click http://bofa-fraud-cancel.top/cancel to reverse charge within 2 hours. [Case ID: faa9af]",1
"Dear Customer, your Netflix subscription expired. Update your credit card details immediately at http://netflix-billing-update.cf or your service terminates today. [Case ID: 3c7781]",1
"Bank of America Security Alert: Unauthorized transaction of $1,250.00 detected. Click http://bofa-fraud-cancel.top/cancel to reverse charge within 2 hours. [Case ID: 25b282]",1
"Dear Customer, your Netflix subscription expired. Update your credit card details immediately at http://netflix-billing-update.cf or your service terminates today. [Case ID: 6ecbdd]",1
Customs Clearance Alert: Your international parcel #US89218 is held at customs due to unpaid duties of $45. Pay now at http://customs-parcel-release.click [Case ID: 189977],1
"Job Offer: Work from home and earn $5,000/week! Send $50 registration fee via UPI / Apple Gift Card to hr@global-remote-jobs.xyz to get started. [Case ID: 8d7d8e]",1
"Bank of America Security Alert: Unauthorized transaction of $1,250.00 detected. Click http://bofa-fraud-cancel.top/cancel to reverse charge within 2 hours. [Case ID: 75fc09]",1
Your debit card has been blocked. Call support immediately at 9845012345 or visit http://bank-card-reactivate.ml to prevent permanent cancellation. [Case ID: f74909],1
"Dear Customer, your Netflix subscription expired. Update your credit card details immediately at http://netflix-billing-update.cf or your service terminates today. [Case ID: 663682]",1
"Your PayPal account was accessed from an unknown device in Russia. If this wasn't you, login now at http://paypal-security-alert.tk/auth to secure funds. [Case ID: 248e84]",1
Security Alert: Your Apple ID has been locked due to multiple failed login attempts. Verify identity at http://appleid-support-security.xyz now. [Case ID: 019d38],1
"Your PayPal account was accessed from an unknown device in Russia. If this wasn't you, login now at http://paypal-security-alert.tk/auth to secure funds. [Case ID: a49e94]",1
URGENT: Your Wells Fargo account has been suspended! Verify your credentials immediately at http://wellsfargo-verify-login.xyz to restore access. [Case ID: ddb306],1
"Job Offer: Work from home and earn $5,000/week! Send $50 registration fee via UPI / Apple Gift Card to hr@global-remote-jobs.xyz to get started. [Case ID: 2421fc]",1
"Job Offer: Work from home and earn $5,000/week! Send $50 registration fee via UPI / Apple Gift Card to hr@global-remote-jobs.xyz to get started. [Case ID: fccb60]",1
"Your PayPal account was accessed from an unknown device in Russia. If this wasn't you, login now at http://paypal-security-alert.tk/auth to secure funds. [Case ID: 1651cf]",1
IRS Notice: Final warning! A lawsuit is filed against you for unpaid taxes. Call immediately at +1-800-555-0199 or send $500 via Bitcoin to settle. [Case ID: eed5af],1
Customs Clearance Alert: Your international parcel #US89218 is held at customs due to unpaid duties of $45. Pay now at http://customs-parcel-release.click [Case ID: a8abb4],1
"Bank of America Security Alert: Unauthorized transaction of $1,250.00 detected. Click http://bofa-fraud-cancel.top/cancel to reverse charge within 2 hours. [Case ID: 15d4e8]",1
Your debit card has been blocked. Call support immediately at 9845012345 or visit http://bank-card-reactivate.ml to prevent permanent cancellation. [Case ID: c203d8],1
"Job Offer: Work from home and earn $5,000/week! Send $50 registration fee via UPI / Apple Gift Card to hr@global-remote-jobs.xyz to get started. [Case ID: 13f3cf]",1
"Your PayPal account was accessed from an unknown device in Russia. If this wasn't you, login now at http://paypal-security-alert.tk/auth to secure funds. [Case ID: 550a14]",1
"Your PayPal account was accessed from an unknown device in Russia. If this wasn't you, login now at http://paypal-security-alert.tk/auth to secure funds. [Case ID: 67f7fb]",1
Customs Clearance Alert: Your international parcel #US89218 is held at customs due to unpaid duties of $45. Pay now at http://customs-parcel-release.click [Case ID: 1a5b1e],1
Customs Clearance Alert: Your international parcel #US89218 is held at customs due to unpaid duties of $45. Pay now at http://customs-parcel-release.click [Case ID: 9a9687],1
"CONGRATULATIONS! You have won $1,000,000 in the International Mobile Lottery. Reply with your full name, bank account, and SSN to claim prize. [Case ID: 9b70e8]",1
"CONGRATULATIONS! You have won $1,000,000 in the International Mobile Lottery. Reply with your full name, bank account, and SSN to claim prize. [Case ID: d61e4b]",1
IRS Notice: Final warning! A lawsuit is filed against you for unpaid taxes. Call immediately at +1-800-555-0199 or send $500 via Bitcoin to settle. [Case ID: f5f859],1
IRS Notice: Final warning! A lawsuit is filed against you for unpaid taxes. Call immediately at +1-800-555-0199 or send $500 via Bitcoin to settle. [Case ID: 941e1a],1
URGENT: Your Wells Fargo account has been suspended! Verify your credentials immediately at http://wellsfargo-verify-login.xyz to restore access. [Case ID: 9431c8],1
IRS Notice: Final warning! A lawsuit is filed against you for unpaid taxes. Call immediately at +1-800-555-0199 or send $500 via Bitcoin to settle. [Case ID: 49ae49],1
"Dear Customer, your Netflix subscription expired. Update your credit card details immediately at http://netflix-billing-update.cf or your service terminates today. [Case ID: e44fea]",1
Customs Clearance Alert: Your international parcel #US89218 is held at customs due to unpaid duties of $45. Pay now at http://customs-parcel-release.click [Case ID: 821fa7],1
Your debit card has been blocked. Call support immediately at 9845012345 or visit http://bank-card-reactivate.ml to prevent permanent cancellation. [Case ID: 250cf8],1
"Dear Customer, your Netflix subscription expired. Update your credit card details immediately at http://netflix-billing-update.cf or your service terminates today. [Case ID: 42998c]",1
"Bank of America Security Alert: Unauthorized transaction of $1,250.00 detected. Click http://bofa-fraud-cancel.top/cancel to reverse charge within 2 hours. [Case ID: d07e70]",1
"Your PayPal account was accessed from an unknown device in Russia. If this wasn't you, login now at http://paypal-security-alert.tk/auth to secure funds. [Case ID: 7fe1f8]",1
IRS Notice: Final warning! A lawsuit is filed against you for unpaid taxes. Call immediately at +1-800-555-0199 or send $500 via Bitcoin to settle. [Case ID: 98b297],1
"Your PayPal account was accessed from an unknown device in Russia. If this wasn't you, login now at http://paypal-security-alert.tk/auth to secure funds. [Case ID: 0353ab]",1
"Job Offer: Work from home and earn $5,000/week! Send $50 registration fee via UPI / Apple Gift Card to hr@global-remote-jobs.xyz to get started. [Case ID: 51d92b]",1
URGENT: Your Wells Fargo account has been suspended! Verify your credentials immediately at http://wellsfargo-verify-login.xyz to restore access. [Case ID: 428fca],1
"Job Offer: Work from home and earn $5,000/week! Send $50 registration fee via UPI / Apple Gift Card to hr@global-remote-jobs.xyz to get started. [Case ID: f1b6f2]",1
URGENT: Your Wells Fargo account has been suspended! Verify your credentials immediately at http://wellsfargo-verify-login.xyz to restore access. [Case ID: 68ce19],1
"CONGRATULATIONS! You have won $1,000,000 in the International Mobile Lottery. Reply with your full name, bank account, and SSN to claim prize. [Case ID: e836d8]",1
"Your PayPal account was accessed from an unknown device in Russia. If this wasn't you, login now at http://paypal-security-alert.tk/auth to secure funds. [Case ID: ab817c]",1
URGENT: Your Wells Fargo account has been suspended! Verify your credentials immediately at http://wellsfargo-verify-login.xyz to restore access. [Case ID: 877a9b],1
Security Alert: Your Apple ID has been locked due to multiple failed login attempts. Verify identity at http://appleid-support-security.xyz now. [Case ID: dc6a64],1
"Dear Customer, your Netflix subscription expired. Update your credit card details immediately at http://netflix-billing-update.cf or your service terminates today. [Case ID: 263373]",1
URGENT: Your Wells Fargo account has been suspended! Verify your credentials immediately at http://wellsfargo-verify-login.xyz to restore access. [Case ID: 8e6b42],1
URGENT: Your Wells Fargo account has been suspended! Verify your credentials immediately at http://wellsfargo-verify-login.xyz to restore access. [Case ID: ef575e],1
"Dear Customer, your Netflix subscription expired. Update your credit card details immediately at http://netflix-billing-update.cf or your service terminates today. [Case ID: 2050e0]",1
"Your PayPal account was accessed from an unknown device in Russia. If this wasn't you, login now at http://paypal-security-alert.tk/auth to secure funds. [Case ID: 25ddc0]",1
"Your PayPal account was accessed from an unknown device in Russia. If this wasn't you, login now at http://paypal-security-alert.tk/auth to secure funds. [Case ID: 5ef0b4]",1
"Dear Customer, your Netflix subscription expired. Update your credit card details immediately at http://netflix-billing-update.cf or your service terminates today. [Case ID: 598b3e]",1
"Job Offer: Work from home and earn $5,000/week! Send $50 registration fee via UPI / Apple Gift Card to hr@global-remote-jobs.xyz to get started. [Case ID: 74071a]",1
Security Alert: Your Apple ID has been locked due to multiple failed login attempts. Verify identity at http://appleid-support-security.xyz now. [Case ID: cfee39],1
Your debit card has been blocked. Call support immediately at 9845012345 or visit http://bank-card-reactivate.ml to prevent permanent cancellation. [Case ID: d18f65],1
"Bank of America Security Alert: Unauthorized transaction of $1,250.00 detected. Click http://bofa-fraud-cancel.top/cancel to reverse charge within 2 hours. [Case ID: 6ea2ef]",1
Security Alert: Your Apple ID has been locked due to multiple failed login attempts. Verify identity at http://appleid-support-security.xyz now. [Case ID: 9461cc],1
"Your PayPal account was accessed from an unknown device in Russia. If this wasn't you, login now at http://paypal-security-alert.tk/auth to secure funds. [Case ID: f770b6]",1
Your debit card has been blocked. Call support immediately at 9845012345 or visit http://bank-card-reactivate.ml to prevent permanent cancellation. [Case ID: e1e32e],1
"CONGRATULATIONS! You have won $1,000,000 in the International Mobile Lottery. Reply with your full name, bank account, and SSN to claim prize. [Case ID: eba0dc]",1
IRS Notice: Final warning! A lawsuit is filed against you for unpaid taxes. Call immediately at +1-800-555-0199 or send $500 via Bitcoin to settle. [Case ID: 218a0a],1
URGENT: Your Wells Fargo account has been suspended! Verify your credentials immediately at http://wellsfargo-verify-login.xyz to restore access. [Case ID: 7d04bb],1
"Dear Customer, your Netflix subscription expired. Update your credit card details immediately at http://netflix-billing-update.cf or your service terminates today. [Case ID: a516a8]",1
"Dear Customer, your Netflix subscription expired. Update your credit card details immediately at http://netflix-billing-update.cf or your service terminates today. [Case ID: c3c59e]",1
URGENT: Your Wells Fargo account has been suspended! Verify your credentials immediately at http://wellsfargo-verify-login.xyz to restore access. [Case ID: 854d9f],1
IRS Notice: Final warning! A lawsuit is filed against you for unpaid taxes. Call immediately at +1-800-555-0199 or send $500 via Bitcoin to settle. [Case ID: c41000],1
"Bank of America Security Alert: Unauthorized transaction of $1,250.00 detected. Click http://bofa-fraud-cancel.top/cancel to reverse charge within 2 hours. [Case ID: 559cb9]",1
IRS Notice: Final warning! A lawsuit is filed against you for unpaid taxes. Call immediately at +1-800-555-0199 or send $500 via Bitcoin to settle. [Case ID: 55a7cf],1
Your debit card has been blocked. Call support immediately at 9845012345 or visit http://bank-card-reactivate.ml to prevent permanent cancellation. [Case ID: 2f5570],1
IRS Notice: Final warning! A lawsuit is filed against you for unpaid taxes. Call immediately at +1-800-555-0199 or send $500 via Bitcoin to settle. [Case ID: 1be3bc],1
Your debit card has been blocked. Call support immediately at 9845012345 or visit http://bank-card-reactivate.ml to prevent permanent cancellation. [Case ID: 350510],1
IRS Notice: Final warning! A lawsuit is filed against you for unpaid taxes. Call immediately at +1-800-555-0199 or send $500 via Bitcoin to settle. [Case ID: b534ba],1
"Bank of America Security Alert: Unauthorized transaction of $1,250.00 detected. Click http://bofa-fraud-cancel.top/cancel to reverse charge within 2 hours. [Case ID: 7380ad]",1
"Bank of America Security Alert: Unauthorized transaction of $1,250.00 detected. Click http://bofa-fraud-cancel.top/cancel to reverse charge within 2 hours. [Case ID: 05f971]",1
"Your PayPal account was accessed from an unknown device in Russia. If this wasn't you, login now at http://paypal-security-alert.tk/auth to secure funds. [Case ID: 3cf166]",1
URGENT: Your Wells Fargo account has been suspended! Verify your credentials immediately at http://wellsfargo-verify-login.xyz to restore access. [Case ID: cee631],1
"Bank of America Security Alert: Unauthorized transaction of $1,250.00 detected. Click http://bofa-fraud-cancel.top/cancel to reverse charge within 2 hours. [Case ID: 5b69b9]",1
Your debit card has been blocked. Call support immediately at 9845012345 or visit http://bank-card-reactivate.ml to prevent permanent cancellation. [Case ID: b5b41f],1
"Bank of America Security Alert: Unauthorized transaction of $1,250.00 detected. Click http://bofa-fraud-cancel.top/cancel to reverse charge within 2 hours. [Case ID: 285e19]",1
"Your PayPal account was accessed from an unknown device in Russia. If this wasn't you, login now at http://paypal-security-alert.tk/auth to secure funds. [Case ID: b337e8]",1
"Dear Customer, your Netflix subscription expired. Update your credit card details immediately at http://netflix-billing-update.cf or your service terminates today. [Case ID: e8c065]",1
Your debit card has been blocked. Call support immediately at 9845012345 or visit http://bank-card-reactivate.ml to prevent permanent cancellation. [Case ID: ff4d5f],1
"Your PayPal account was accessed from an unknown device in Russia. If this wasn't you, login now at http://paypal-security-alert.tk/auth to secure funds. [Case ID: 2d6cc4]",1
"Job Offer: Work from home and earn $5,000/week! Send $50 registration fee via UPI / Apple Gift Card to hr@global-remote-jobs.xyz to get started. [Case ID: 389bc7]",1
"Job Offer: Work from home and earn $5,000/week! Send $50 registration fee via UPI / Apple Gift Card to hr@global-remote-jobs.xyz to get started. [Case ID: e2230b]",1
"CONGRATULATIONS! You have won $1,000,000 in the International Mobile Lottery. Reply with your full name, bank account, and SSN to claim prize. [Case ID: 087408]",1
IRS Notice: Final warning! A lawsuit is filed against you for unpaid taxes. Call immediately at +1-800-555-0199 or send $500 via Bitcoin to settle. [Case ID: a76088],1
URGENT: Your Wells Fargo account has been suspended! Verify your credentials immediately at http://wellsfargo-verify-login.xyz to restore access. [Case ID: 10a7cd],1
Customs Clearance Alert: Your international parcel #US89218 is held at customs due to unpaid duties of $45. Pay now at http://customs-parcel-release.click [Case ID: 3dc487],1
Security Alert: Your Apple ID has been locked due to multiple failed login attempts. Verify identity at http://appleid-support-security.xyz now. [Case ID: 59b90e],1
"Your PayPal account was accessed from an unknown device in Russia. If this wasn't you, login now at http://paypal-security-alert.tk/auth to secure funds. [Case ID: 2b8a61]",1
"Dear Customer, your Netflix subscription expired. Update your credit card details immediately at http://netflix-billing-update.cf or your service terminates today. [Case ID: f3f27a]",1
Security Alert: Your Apple ID has been locked due to multiple failed login attempts. Verify identity at http://appleid-support-security.xyz now. [Case ID: 38913e],1
"Dear Customer, your Netflix subscription expired. Update your credit card details immediately at http://netflix-billing-update.cf or your service terminates today. [Case ID: ebd962]",1
Security Alert: Your Apple ID has been locked due to multiple failed login attempts. Verify identity at http://appleid-support-security.xyz now. [Case ID: 63538f],1
"Your PayPal account was accessed from an unknown device in Russia. If this wasn't you, login now at http://paypal-security-alert.tk/auth to secure funds. [Case ID: cf6735]",1
Customs Clearance Alert: Your international parcel #US89218 is held at customs due to unpaid duties of $45. Pay now at http://customs-parcel-release.click [Case ID: 07563a],1
Security Alert: Your Apple ID has been locked due to multiple failed login attempts. Verify identity at http://appleid-support-security.xyz now. [Case ID: 53fde9],1
"Your PayPal account was accessed from an unknown device in Russia. If this wasn't you, login now at http://paypal-security-alert.tk/auth to secure funds. [Case ID: 2bb232]",1
"Bank of America Security Alert: Unauthorized transaction of $1,250.00 detected. Click http://bofa-fraud-cancel.top/cancel to reverse charge within 2 hours. [Case ID: ba2fd3]",1
Customs Clearance Alert: Your international parcel #US89218 is held at customs due to unpaid duties of $45. Pay now at http://customs-parcel-release.click [Case ID: 69421f],1
Your debit card has been blocked. Call support immediately at 9845012345 or visit http://bank-card-reactivate.ml to prevent permanent cancellation. [Case ID: 85422a],1
"Dear Customer, your Netflix subscription expired. Update your credit card details immediately at http://netflix-billing-update.cf or your service terminates today. [Case ID: 13f320]",1
"Job Offer: Work from home and earn $5,000/week! Send $50 registration fee via UPI / Apple Gift Card to hr@global-remote-jobs.xyz to get started. [Case ID: f4be00]",1
IRS Notice: Final warning! A lawsuit is filed against you for unpaid taxes. Call immediately at +1-800-555-0199 or send $500 via Bitcoin to settle. [Case ID: 37f0e8],1
"Job Offer: Work from home and earn $5,000/week! Send $50 registration fee via UPI / Apple Gift Card to hr@global-remote-jobs.xyz to get started. [Case ID: d64a34]",1
Customs Clearance Alert: Your international parcel #US89218 is held at customs due to unpaid duties of $45. Pay now at http://customs-parcel-release.click [Case ID: 0fcbc6],1
Your debit card has been blocked. Call support immediately at 9845012345 or visit http://bank-card-reactivate.ml to prevent permanent cancellation. [Case ID: 298f95],1
"Dear Customer, your Netflix subscription expired. Update your credit card details immediately at http://netflix-billing-update.cf or your service terminates today. [Case ID: df877f]",1
Your debit card has been blocked. Call support immediately at 9845012345 or visit http://bank-card-reactivate.ml to prevent permanent cancellation. [Case ID: c39986],1
Security Alert: Your Apple ID has been locked due to multiple failed login attempts. Verify identity at http://appleid-support-security.xyz now. [Case ID: 33e807],1
"Dear Customer, your Netflix subscription expired. Update your credit card details immediately at http://netflix-billing-update.cf or your service terminates today. [Case ID: 65658f]",1
Security Alert: Your Apple ID has been locked due to multiple failed login attempts. Verify identity at http://appleid-support-security.xyz now. [Case ID: 5ea164],1
"Your PayPal account was accessed from an unknown device in Russia. If this wasn't you, login now at http://paypal-security-alert.tk/auth to secure funds. [Case ID: 7bcdf7]",1
Customs Clearance Alert: Your international parcel #US89218 is held at customs due to unpaid duties of $45. Pay now at http://customs-parcel-release.click [Case ID: 573703],1
"Your PayPal account was accessed from an unknown device in Russia. If this wasn't you, login now at http://paypal-security-alert.tk/auth to secure funds. [Case ID: 9b72e3]",1
"CONGRATULATIONS! You have won $1,000,000 in the International Mobile Lottery. Reply with your full name, bank account, and SSN to claim prize. [Case ID: 16c222]",1
Your debit card has been blocked. Call support immediately at 9845012345 or visit http://bank-card-reactivate.ml to prevent permanent cancellation. [Case ID: 7dcd34],1
Security Alert: Your Apple ID has been locked due to multiple failed login attempts. Verify identity at http://appleid-support-security.xyz now. [Case ID: 814481],1
"Bank of America Security Alert: Unauthorized transaction of $1,250.00 detected. Click http://bofa-fraud-cancel.top/cancel to reverse charge within 2 hours. [Case ID: 97e852]",1
"Your PayPal account was accessed from an unknown device in Russia. If this wasn't you, login now at http://paypal-security-alert.tk/auth to secure funds. [Case ID: 647bba]",1
"CONGRATULATIONS! You have won $1,000,000 in the International Mobile Lottery. Reply with your full name, bank account, and SSN to claim prize. [Case ID: ed265b]",1
URGENT: Your Wells Fargo account has been suspended! Verify your credentials immediately at http://wellsfargo-verify-login.xyz to restore access. [Case ID: c75b6f],1
"Job Offer: Work from home and earn $5,000/week! Send $50 registration fee via UPI / Apple Gift Card to hr@global-remote-jobs.xyz to get started. [Case ID: 8d3420]",1
"Dear Customer, your Netflix subscription expired. Update your credit card details immediately at http://netflix-billing-update.cf or your service terminates today. [Case ID: ccb1d4]",1
"CONGRATULATIONS! You have won $1,000,000 in the International Mobile Lottery. Reply with your full name, bank account, and SSN to claim prize. [Case ID: 01f78b]",1
Customs Clearance Alert: Your international parcel #US89218 is held at customs due to unpaid duties of $45. Pay now at http://customs-parcel-release.click [Case ID: 7f24d2],1
"Your PayPal account was accessed from an unknown device in Russia. If this wasn't you, login now at http://paypal-security-alert.tk/auth to secure funds. [Case ID: 94c7bb]",1
Customs Clearance Alert: Your international parcel #US89218 is held at customs due to unpaid duties of $45. Pay now at http://customs-parcel-release.click [Case ID: f38762],1
"Job Offer: Work from home and earn $5,000/week! Send $50 registration fee via UPI / Apple Gift Card to hr@global-remote-jobs.xyz to get started. [Case ID: 5e3881]",1
"Bank of America Security Alert: Unauthorized transaction of $1,250.00 detected. Click http://bofa-fraud-cancel.top/cancel to reverse charge within 2 hours. [Case ID: 15de21]",1
Your debit card has been blocked. Call support immediately at 9845012345 or visit http://bank-card-reactivate.ml to prevent permanent cancellation. [Case ID: 11b921],1
Your debit card has been blocked. Call support immediately at 9845012345 or visit http://bank-card-reactivate.ml to prevent permanent cancellation. [Case ID: 6e2713],1
Customs Clearance Alert: Your international parcel #US89218 is held at customs due to unpaid duties of $45. Pay now at http://customs-parcel-release.click [Case ID: 1bb91f],1
Security Alert: Your Apple ID has been locked due to multiple failed login attempts. Verify identity at http://appleid-support-security.xyz now. [Case ID: 3a0772],1
"Bank of America Security Alert: Unauthorized transaction of $1,250.00 detected. Click http://bofa-fraud-cancel.top/cancel to reverse charge within 2 hours. [Case ID: a9a665]",1
Your debit card has been blocked. Call support immediately at 9845012345 or visit http://bank-card-reactivate.ml to prevent permanent cancellation. [Case ID: 58ae74],1
"Bank of America Security Alert: Unauthorized transaction of $1,250.00 detected. Click http://bofa-fraud-cancel.top/cancel to reverse charge within 2 hours. [Case ID: 4e4b5f]",1
"CONGRATULATIONS! You have won $1,000,000 in the International Mobile Lottery. Reply with your full name, bank account, and SSN to claim prize. [Case ID: 8eefcf]",1
"Bank of America Security Alert: Unauthorized transaction of $1,250.00 detected. Click http://bofa-fraud-cancel.top/cancel to reverse charge within 2 hours. [Case ID: 1728ef]",1
IRS Notice: Final warning! A lawsuit is filed against you for unpaid taxes. Call immediately at +1-800-555-0199 or send $500 via Bitcoin to settle. [Case ID: cbcb58],1
"Job Offer: Work from home and earn $5,000/week! Send $50 registration fee via UPI / Apple Gift Card to hr@global-remote-jobs.xyz to get started. [Case ID: db85e2]",1
Your debit card has been blocked. Call support immediately at 9845012345 or visit http://bank-card-reactivate.ml to prevent permanent cancellation. [Case ID: 99c5e0],1
"Bank of America Security Alert: Unauthorized transaction of $1,250.00 detected. Click http://bofa-fraud-cancel.top/cancel to reverse charge within 2 hours. [Case ID: dd4585]",1
Customs Clearance Alert: Your international parcel #US89218 is held at customs due to unpaid duties of $45. Pay now at http://customs-parcel-release.click [Case ID: 8b16eb],1
URGENT: Your Wells Fargo account has been suspended! Verify your credentials immediately at http://wellsfargo-verify-login.xyz to restore access. [Case ID: a86c45],1
IRS Notice: Final warning! A lawsuit is filed against you for unpaid taxes. Call immediately at +1-800-555-0199 or send $500 via Bitcoin to settle. [Case ID: c9892a],1
IRS Notice: Final warning! A lawsuit is filed against you for unpaid taxes. Call immediately at +1-800-555-0199 or send $500 via Bitcoin to settle. [Case ID: e6b4b2],1
Security Alert: Your Apple ID has been locked due to multiple failed login attempts. Verify identity at http://appleid-support-security.xyz now. [Case ID: e5f6ad],1
"Bank of America Security Alert: Unauthorized transaction of $1,250.00 detected. Click http://bofa-fraud-cancel.top/cancel to reverse charge within 2 hours. [Case ID: f0e52b]",1
Security Alert: Your Apple ID has been locked due to multiple failed login attempts. Verify identity at http://appleid-support-security.xyz now. [Case ID: ffeabd],1
Security Alert: Your Apple ID has been locked due to multiple failed login attempts. Verify identity at http://appleid-support-security.xyz now. [Case ID: a7aeed],1
URGENT: Your Wells Fargo account has been suspended! Verify your credentials immediately at http://wellsfargo-verify-login.xyz to restore access. [Case ID: fde926],1
"CONGRATULATIONS! You have won $1,000,000 in the International Mobile Lottery. Reply with your full name, bank account, and SSN to claim prize. [Case ID: a8849b]",1
"Bank of America Security Alert: Unauthorized transaction of $1,250.00 detected. Click http://bofa-fraud-cancel.top/cancel to reverse charge within 2 hours. [Case ID: 258be1]",1
"Your PayPal account was accessed from an unknown device in Russia. If this wasn't you, login now at http://paypal-security-alert.tk/auth to secure funds. [Case ID: 069d3b]",1
Your debit card has been blocked. Call support immediately at 9845012345 or visit http://bank-card-reactivate.ml to prevent permanent cancellation. [Case ID: c6e19e],1
Security Alert: Your Apple ID has been locked due to multiple failed login attempts. Verify identity at http://appleid-support-security.xyz now. [Case ID: 46922a],1
"Job Offer: Work from home and earn $5,000/week! Send $50 registration fee via UPI / Apple Gift Card to hr@global-remote-jobs.xyz to get started. [Case ID: 9ad6aa]",1
"Dear Customer, your Netflix subscription expired. Update your credit card details immediately at http://netflix-billing-update.cf or your service terminates today. [Case ID: f5deae]",1
"Job Offer: Work from home and earn $5,000/week! Send $50 registration fee via UPI / Apple Gift Card to hr@global-remote-jobs.xyz to get started. [Case ID: a9a1d5]",1
URGENT: Your Wells Fargo account has been suspended! Verify your credentials immediately at http://wellsfargo-verify-login.xyz to restore access. [Case ID: 605ff7],1
URGENT: Your Wells Fargo account has been suspended! Verify your credentials immediately at http://wellsfargo-verify-login.xyz to restore access. [Case ID: 766ebc],1
Customs Clearance Alert: Your international parcel #US89218 is held at customs due to unpaid duties of $45. Pay now at http://customs-parcel-release.click [Case ID: daca41],1
"CONGRATULATIONS! You have won $1,000,000 in the International Mobile Lottery. Reply with your full name, bank account, and SSN to claim prize. [Case ID: 30bb38]",1
Your debit card has been blocked. Call support immediately at 9845012345 or visit http://bank-card-reactivate.ml to prevent permanent cancellation. [Case ID: 08b255],1
Security Alert: Your Apple ID has been locked due to multiple failed login attempts. Verify identity at http://appleid-support-security.xyz now. [Case ID: 349389],1
"Job Offer: Work from home and earn $5,000/week! Send $50 registration fee via UPI / Apple Gift Card to hr@global-remote-jobs.xyz to get started. [Case ID: dbe272]",1
"Dear Customer, your Netflix subscription expired. Update your credit card details immediately at http://netflix-billing-update.cf or your service terminates today. [Case ID: acc3e0]",1
URGENT: Your Wells Fargo account has been suspended! Verify your credentials immediately at http://wellsfargo-verify-login.xyz to restore access. [Case ID: 076a0c],1
URGENT: Your Wells Fargo account has been suspended! Verify your credentials immediately at http://wellsfargo-verify-login.xyz to restore access. [Case ID: 04ecb1],1
"CONGRATULATIONS! You have won $1,000,000 in the International Mobile Lottery. Reply with your full name, bank account, and SSN to claim prize. [Case ID: b2eeb7]",1
"Dear Customer, your Netflix subscription expired. Update your credit card details immediately at http://netflix-billing-update.cf or your service terminates today. [Case ID: 08c543]",1
"Dear Customer, your Netflix subscription expired. Update your credit card details immediately at http://netflix-billing-update.cf or your service terminates today. [Case ID: 6aca97]",1
"CONGRATULATIONS! You have won $1,000,000 in the International Mobile Lottery. Reply with your full name, bank account, and SSN to claim prize. [Case ID: 3435c3]",1
URGENT: Your Wells Fargo account has been suspended! Verify your credentials immediately at http://wellsfargo-verify-login.xyz to restore access. [Case ID: d490d7],1
Your debit card has been blocked. Call support immediately at 9845012345 or visit http://bank-card-reactivate.ml to prevent permanent cancellation. [Case ID: b2f627],1
"Bank of America Security Alert: Unauthorized transaction of $1,250.00 detected. Click http://bofa-fraud-cancel.top/cancel to reverse charge within 2 hours. [Case ID: c3992e]",1
"Bank of America Security Alert: Unauthorized transaction of $1,250.00 detected. Click http://bofa-fraud-cancel.top/cancel to reverse charge within 2 hours. [Case ID: d86ea6]",1
"CONGRATULATIONS! You have won $1,000,000 in the International Mobile Lottery. Reply with your full name, bank account, and SSN to claim prize. [Case ID: 9cf81d]",1
"Dear Customer, your Netflix subscription expired. Update your credit card details immediately at http://netflix-billing-update.cf or your service terminates today. [Case ID: c361bc]",1
Security Alert: Your Apple ID has been locked due to multiple failed login attempts. Verify identity at http://appleid-support-security.xyz now. [Case ID: 44c4c1],1
"CONGRATULATIONS! You have won $1,000,000 in the International Mobile Lottery. Reply with your full name, bank account, and SSN to claim prize. [Case ID: dc82d6]",1
Your debit card has been blocked. Call support immediately at 9845012345 or visit http://bank-card-reactivate.ml to prevent permanent cancellation. [Case ID: 996a7f],1
"CONGRATULATIONS! You have won $1,000,000 in the International Mobile Lottery. Reply with your full name, bank account, and SSN to claim prize. [Case ID: d7a728]",1
IRS Notice: Final warning! A lawsuit is filed against you for unpaid taxes. Call immediately at +1-800-555-0199 or send $500 via Bitcoin to settle. [Case ID: 00ac8e],1
"Job Offer: Work from home and earn $5,000/week! Send $50 registration fee via UPI / Apple Gift Card to hr@global-remote-jobs.xyz to get started. [Case ID: 8ebda5]",1
"Dear Customer, your Netflix subscription expired. Update your credit card details immediately at http://netflix-billing-update.cf or your service terminates today. [Case ID: f76a89]",1
Customs Clearance Alert: Your international parcel #US89218 is held at customs due to unpaid duties of $45. Pay now at http://customs-parcel-release.click [Case ID: f29c21],1
Customs Clearance Alert: Your international parcel #US89218 is held at customs due to unpaid duties of $45. Pay now at http://customs-parcel-release.click [Case ID: 851ddf],1
"Dear Customer, your Netflix subscription expired. Update your credit card details immediately at http://netflix-billing-update.cf or your service terminates today. [Case ID: 58d4d1]",1
Your debit card has been blocked. Call support immediately at 9845012345 or visit http://bank-card-reactivate.ml to prevent permanent cancellation. [Case ID: 7750ca],1
IRS Notice: Final warning! A lawsuit is filed against you for unpaid taxes. Call immediately at +1-800-555-0199 or send $500 via Bitcoin to settle. [Case ID: 5d44ee],1
IRS Notice: Final warning! A lawsuit is filed against you for unpaid taxes. Call immediately at +1-800-555-0199 or send $500 via Bitcoin to settle. [Case ID: eb6fdc],1
URGENT: Your Wells Fargo account has been suspended! Verify your credentials immediately at http://wellsfargo-verify-login.xyz to restore access. [Case ID: cdc0d6],1
"Job Offer: Work from home and earn $5,000/week! Send $50 registration fee via UPI / Apple Gift Card to hr@global-remote-jobs.xyz to get started. [Case ID: b73dfe]",1
"Bank of America Security Alert: Unauthorized transaction of $1,250.00 detected. Click http://bofa-fraud-cancel.top/cancel to reverse charge within 2 hours. [Case ID: 85fc37]",1
"Your PayPal account was accessed from an unknown device in Russia. If this wasn't you, login now at http://paypal-security-alert.tk/auth to secure funds. [Case ID: 3871bd]",1
Your debit card has been blocked. Call support immediately at 9845012345 or visit http://bank-card-reactivate.ml to prevent permanent cancellation. [Case ID: a733fa],1
"Your PayPal account was accessed from an unknown device in Russia. If this wasn't you, login now at http://paypal-security-alert.tk/auth to secure funds. [Case ID: 48ab2f]",1
"Your PayPal account was accessed from an unknown device in Russia. If this wasn't you, login now at http://paypal-security-alert.tk/auth to secure funds. [Case ID: 233509]",1
"Dear Customer, your Netflix subscription expired. Update your credit card details immediately at http://netflix-billing-update.cf or your service terminates today. [Case ID: 45645a]",1
Customs Clearance Alert: Your international parcel #US89218 is held at customs due to unpaid duties of $45. Pay now at http://customs-parcel-release.click [Case ID: 185c29],1
Customs Clearance Alert: Your international parcel #US89218 is held at customs due to unpaid duties of $45. Pay now at http://customs-parcel-release.click [Case ID: 42e77b],1
"Bank of America Security Alert: Unauthorized transaction of $1,250.00 detected. Click http://bofa-fraud-cancel.top/cancel to reverse charge within 2 hours. [Case ID: 051e4e]",1
"Dear Customer, your Netflix subscription expired. Update your credit card details immediately at http://netflix-billing-update.cf or your service terminates today. [Case ID: 9cc138]",1
"Your PayPal account was accessed from an unknown device in Russia. If this wasn't you, login now at http://paypal-security-alert.tk/auth to secure funds. [Case ID: b7bb35]",1
Security Alert: Your Apple ID has been locked due to multiple failed login attempts. Verify identity at http://appleid-support-security.xyz now. [Case ID: abd815],1
Customs Clearance Alert: Your international parcel #US89218 is held at customs due to unpaid duties of $45. Pay now at http://customs-parcel-release.click [Case ID: 26dd0d],1
Your debit card has been blocked. Call support immediately at 9845012345 or visit http://bank-card-reactivate.ml to prevent permanent cancellation. [Case ID: 6766aa],1
Your debit card has been blocked. Call support immediately at 9845012345 or visit http://bank-card-reactivate.ml to prevent permanent cancellation. [Case ID: 6a10bb],1
URGENT: Your Wells Fargo account has been suspended! Verify your credentials immediately at http://wellsfargo-verify-login.xyz to restore access. [Case ID: c5ab0b],1
"CONGRATULATIONS! You have won $1,000,000 in the International Mobile Lottery. Reply with your full name, bank account, and SSN to claim prize. [Case ID: a53240]",1
Security Alert: Your Apple ID has been locked due to multiple failed login attempts. Verify identity at http://appleid-support-security.xyz now. [Case ID: 4c27ce],1
Customs Clearance Alert: Your international parcel #US89218 is held at customs due to unpaid duties of $45. Pay now at http://customs-parcel-release.click [Case ID: 0f9661],1
IRS Notice: Final warning! A lawsuit is filed against you for unpaid taxes. Call immediately at +1-800-555-0199 or send $500 via Bitcoin to settle. [Case ID: 4ffce0],1
Customs Clearance Alert: Your international parcel #US89218 is held at customs due to unpaid duties of $45. Pay now at http://customs-parcel-release.click [Case ID: 67e103],1
URGENT: Your Wells Fargo account has been suspended! Verify your credentials immediately at http://wellsfargo-verify-login.xyz to restore access. [Case ID: 291597],1
Your debit card has been blocked. Call support immediately at 9845012345 or visit http://bank-card-reactivate.ml to prevent permanent cancellation. [Case ID: 9b698e],1
"Your PayPal account was accessed from an unknown device in Russia. If this wasn't you, login now at http://paypal-security-alert.tk/auth to secure funds. [Case ID: 8c7bbb]",1
IRS Notice: Final warning! A lawsuit is filed against you for unpaid taxes. Call immediately at +1-800-555-0199 or send $500 via Bitcoin to settle. [Case ID: 5e9f92],1
"Dear Customer, your Netflix subscription expired. Update your credit card details immediately at http://netflix-billing-update.cf or your service terminates today. [Case ID: 0ff39b]",1
"Job Offer: Work from home and earn $5,000/week! Send $50 registration fee via UPI / Apple Gift Card to hr@global-remote-jobs.xyz to get started. [Case ID: 303ed4]",1
"Your PayPal account was accessed from an unknown device in Russia. If this wasn't you, login now at http://paypal-security-alert.tk/auth to secure funds. [Case ID: 443cb0]",1
"Job Offer: Work from home and earn $5,000/week! Send $50 registration fee via UPI / Apple Gift Card to hr@global-remote-jobs.xyz to get started. [Case ID: 55b37c]",1
Security Alert: Your Apple ID has been locked due to multiple failed login attempts. Verify identity at http://appleid-support-security.xyz now. [Case ID: 884d24],1
"CONGRATULATIONS! You have won $1,000,000 in the International Mobile Lottery. Reply with your full name, bank account, and SSN to claim prize. [Case ID: 55743c]",1
IRS Notice: Final warning! A lawsuit is filed against you for unpaid taxes. Call immediately at +1-800-555-0199 or send $500 via Bitcoin to settle. [Case ID: 30ef30],1
"Bank of America Security Alert: Unauthorized transaction of $1,250.00 detected. Click http://bofa-fraud-cancel.top/cancel to reverse charge within 2 hours. [Case ID: eaae33]",1
IRS Notice: Final warning! A lawsuit is filed against you for unpaid taxes. Call immediately at +1-800-555-0199 or send $500 via Bitcoin to settle. [Case ID: ab233b],1
Customs Clearance Alert: Your international parcel #US89218 is held at customs due to unpaid duties of $45. Pay now at http://customs-parcel-release.click [Case ID: 3d2d8c],1
Your debit card has been blocked. Call support immediately at 9845012345 or visit http://bank-card-reactivate.ml to prevent permanent cancellation. [Case ID: 26408f],1
Customs Clearance Alert: Your international parcel #US89218 is held at customs due to unpaid duties of $45. Pay now at http://customs-parcel-release.click [Case ID: b4288d],1
Customs Clearance Alert: Your international parcel #US89218 is held at customs due to unpaid duties of $45. Pay now at http://customs-parcel-release.click [Case ID: 2f37d1],1
Security Alert: Your Apple ID has been locked due to multiple failed login attempts. Verify identity at http://appleid-support-security.xyz now. [Case ID: 0ff803],1
"Your PayPal account was accessed from an unknown device in Russia. If this wasn't you, login now at http://paypal-security-alert.tk/auth to secure funds. [Case ID: 68264b]",1
"Bank of America Security Alert: Unauthorized transaction of $1,250.00 detected. Click http://bofa-fraud-cancel.top/cancel to reverse charge within 2 hours. [Case ID: 3a066b]",1
"Bank of America Security Alert: Unauthorized transaction of $1,250.00 detected. Click http://bofa-fraud-cancel.top/cancel to reverse charge within 2 hours. [Case ID: be3159]",1
Customs Clearance Alert: Your international parcel #US89218 is held at customs due to unpaid duties of $45. Pay now at http://customs-parcel-release.click [Case ID: 875715],1
"Job Offer: Work from home and earn $5,000/week! Send $50 registration fee via UPI / Apple Gift Card to hr@global-remote-jobs.xyz to get started. [Case ID: 2291d2]",1
Security Alert: Your Apple ID has been locked due to multiple failed login attempts. Verify identity at http://appleid-support-security.xyz now. [Case ID: 841172],1
Customs Clearance Alert: Your international parcel #US89218 is held at customs due to unpaid duties of $45. Pay now at http://customs-parcel-release.click [Case ID: fae0b2],1
"CONGRATULATIONS! You have won $1,000,000 in the International Mobile Lottery. Reply with your full name, bank account, and SSN to claim prize. [Case ID: b5dc4e]",1
Your debit card has been blocked. Call support immediately at 9845012345 or visit http://bank-card-reactivate.ml to prevent permanent cancellation. [Case ID: 192fc0],1
"Your PayPal account was accessed from an unknown device in Russia. If this wasn't you, login now at http://paypal-security-alert.tk/auth to secure funds. [Case ID: 5c0492]",1
"Dear Customer, your Netflix subscription expired. Update your credit card details immediately at http://netflix-billing-update.cf or your service terminates today. [Case ID: 17c276]",1
"CONGRATULATIONS! You have won $1,000,000 in the International Mobile Lottery. Reply with your full name, bank account, and SSN to claim prize. [Case ID: 5dd9db]",1
"Job Offer: Work from home and earn $5,000/week! Send $50 registration fee via UPI / Apple Gift Card to hr@global-remote-jobs.xyz to get started. [Case ID: 2dea61]",1
IRS Notice: Final warning! A lawsuit is filed against you for unpaid taxes. Call immediately at +1-800-555-0199 or send $500 via Bitcoin to settle. [Case ID: 9f396f],1
IRS Notice: Final warning! A lawsuit is filed against you for unpaid taxes. Call immediately at +1-800-555-0199 or send $500 via Bitcoin to settle. [Case ID: 0d7de1],1
"CONGRATULATIONS! You have won $1,000,000 in the International Mobile Lottery. Reply with your full name, bank account, and SSN to claim prize. [Case ID: 8fecb2]",1
Customs Clearance Alert: Your international parcel #US89218 is held at customs due to unpaid duties of $45. Pay now at http://customs-parcel-release.click [Case ID: dc6a70],1
"Dear Customer, your Netflix subscription expired. Update your credit card details immediately at http://netflix-billing-update.cf or your service terminates today. [Case ID: 71a3cb]",1
URGENT: Your Wells Fargo account has been suspended! Verify your credentials immediately at http://wellsfargo-verify-login.xyz to restore access. [Case ID: 9fe859],1
URGENT: Your Wells Fargo account has been suspended! Verify your credentials immediately at http://wellsfargo-verify-login.xyz to restore access. [Case ID: ca9c26],1
"Job Offer: Work from home and earn $5,000/week! Send $50 registration fee via UPI / Apple Gift Card to hr@global-remote-jobs.xyz to get started. [Case ID: fccb3c]",1
Customs Clearance Alert: Your international parcel #US89218 is held at customs due to unpaid duties of $45. Pay now at http://customs-parcel-release.click [Case ID: 1595af],1
"Bank of America Security Alert: Unauthorized transaction of $1,250.00 detected. Click http://bofa-fraud-cancel.top/cancel to reverse charge within 2 hours. [Case ID: 08d986]",1
"Bank of America Security Alert: Unauthorized transaction of $1,250.00 detected. Click http://bofa-fraud-cancel.top/cancel to reverse charge within 2 hours. [Case ID: 246819]",1
"Your PayPal account was accessed from an unknown device in Russia. If this wasn't you, login now at http://paypal-security-alert.tk/auth to secure funds. [Case ID: 556f39]",1
"Dear Customer, your Netflix subscription expired. Update your credit card details immediately at http://netflix-billing-update.cf or your service terminates today. [Case ID: 3328bd]",1
"Dear Customer, your Netflix subscription expired. Update your credit card details immediately at http://netflix-billing-update.cf or your service terminates today. [Case ID: 109a0c]",1
IRS Notice: Final warning! A lawsuit is filed against you for unpaid taxes. Call immediately at +1-800-555-0199 or send $500 via Bitcoin to settle. [Case ID: 7f5d04],1
Security Alert: Your Apple ID has been locked due to multiple failed login attempts. Verify identity at http://appleid-support-security.xyz now. [Case ID: f79921],1
"Job Offer: Work from home and earn $5,000/week! Send $50 registration fee via UPI / Apple Gift Card to hr@global-remote-jobs.xyz to get started. [Case ID: 07a96b]",1
URGENT: Your Wells Fargo account has been suspended! Verify your credentials immediately at http://wellsfargo-verify-login.xyz to restore access. [Case ID: c06d06],1
"Job Offer: Work from home and earn $5,000/week! Send $50 registration fee via UPI / Apple Gift Card to hr@global-remote-jobs.xyz to get started. [Case ID: 10a5ab]",1
"Bank of America Security Alert: Unauthorized transaction of $1,250.00 detected. Click http://bofa-fraud-cancel.top/cancel to reverse charge within 2 hours. [Case ID: e555eb]",1
"Bank of America Security Alert: Unauthorized transaction of $1,250.00 detected. Click http://bofa-fraud-cancel.top/cancel to reverse charge within 2 hours. [Case ID: 53e3a7]",1
"CONGRATULATIONS! You have won $1,000,000 in the International Mobile Lottery. Reply with your full name, bank account, and SSN to claim prize. [Case ID: 548731]",1
"Your PayPal account was accessed from an unknown device in Russia. If this wasn't you, login now at http://paypal-security-alert.tk/auth to secure funds. [Case ID: e4bb4c]",1
"Dear Customer, your Netflix subscription expired. Update your credit card details immediately at http://netflix-billing-update.cf or your service terminates today. [Case ID: 0cb929]",1
Your debit card has been blocked. Call support immediately at 9845012345 or visit http://bank-card-reactivate.ml to prevent permanent cancellation. [Case ID: 8a0e11],1
"Job Offer: Work from home and earn $5,000/week! Send $50 registration fee via UPI / Apple Gift Card to hr@global-remote-jobs.xyz to get started. [Case ID: 99bcfc]",1
"Bank of America Security Alert: Unauthorized transaction of $1,250.00 detected. Click http://bofa-fraud-cancel.top/cancel to reverse charge within 2 hours. [Case ID: afd483]",1
Security Alert: Your Apple ID has been locked due to multiple failed login attempts. Verify identity at http://appleid-support-security.xyz now. [Case ID: e5841d],1
IRS Notice: Final warning! A lawsuit is filed against you for unpaid taxes. Call immediately at +1-800-555-0199 or send $500 via Bitcoin to settle. [Case ID: b4a528],1
URGENT: Your Wells Fargo account has been suspended! Verify your credentials immediately at http://wellsfargo-verify-login.xyz to restore access. [Case ID: b1eec3],1
"Your PayPal account was accessed from an unknown device in Russia. If this wasn't you, login now at http://paypal-security-alert.tk/auth to secure funds. [Case ID: d6c651]",1
Security Alert: Your Apple ID has been locked due to multiple failed login attempts. Verify identity at http://appleid-support-security.xyz now. [Case ID: f64eac],1
"Your PayPal account was accessed from an unknown device in Russia. If this wasn't you, login now at http://paypal-security-alert.tk/auth to secure funds. [Case ID: 4a47d2]",1
"CONGRATULATIONS! You have won $1,000,000 in the International Mobile Lottery. Reply with your full name, bank account, and SSN to claim prize. [Case ID: 9c82c7]",1
Your debit card has been blocked. Call support immediately at 9845012345 or visit http://bank-card-reactivate.ml to prevent permanent cancellation. [Case ID: 500e75],1
"Bank of America Security Alert: Unauthorized transaction of $1,250.00 detected. Click http://bofa-fraud-cancel.top/cancel to reverse charge within 2 hours. [Case ID: ae0eb3]",1
IRS Notice: Final warning! A lawsuit is filed against you for unpaid taxes. Call immediately at +1-800-555-0199 or send $500 via Bitcoin to settle. [Case ID: 1ecfb4],1
Security Alert: Your Apple ID has been locked due to multiple failed login attempts. Verify identity at http://appleid-support-security.xyz now. [Case ID: e70611],1
"Your PayPal account was accessed from an unknown device in Russia. If this wasn't you, login now at http://paypal-security-alert.tk/auth to secure funds. [Case ID: 608159]",1
"Dear Customer, your Netflix subscription expired. Update your credit card details immediately at http://netflix-billing-update.cf or your service terminates today. [Case ID: 19bc91]",1
"CONGRATULATIONS! You have won $1,000,000 in the International Mobile Lottery. Reply with your full name, bank account, and SSN to claim prize. [Case ID: 07c580]",1
"Dear Customer, your Netflix subscription expired. Update your credit card details immediately at http://netflix-billing-update.cf or your service terminates today. [Case ID: d14220]",1
IRS Notice: Final warning! A lawsuit is filed against you for unpaid taxes. Call immediately at +1-800-555-0199 or send $500 via Bitcoin to settle. [Case ID: 8df707],1
Security Alert: Your Apple ID has been locked due to multiple failed login attempts. Verify identity at http://appleid-support-security.xyz now. [Case ID: e7f8a7],1
"CONGRATULATIONS! You have won $1,000,000 in the International Mobile Lottery. Reply with your full name, bank account, and SSN to claim prize. [Case ID: 788d98]",1
Security Alert: Your Apple ID has been locked due to multiple failed login attempts. Verify identity at http://appleid-support-security.xyz now. [Case ID: 50c3d7],1
"Bank of America Security Alert: Unauthorized transaction of $1,250.00 detected. Click http://bofa-fraud-cancel.top/cancel to reverse charge within 2 hours. [Case ID: 2afe45]",1
Customs Clearance Alert: Your international parcel #US89218 is held at customs due to unpaid duties of $45. Pay now at http://customs-parcel-release.click [Case ID: 5f2c22],1
"CONGRATULATIONS! You have won $1,000,000 in the International Mobile Lottery. Reply with your full name, bank account, and SSN to claim prize. [Case ID: aba3b6]",1
"Dear Customer, your Netflix subscription expired. Update your credit card details immediately at http://netflix-billing-update.cf or your service terminates today. [Case ID: c8ed21]",1
IRS Notice: Final warning! A lawsuit is filed against you for unpaid taxes. Call immediately at +1-800-555-0199 or send $500 via Bitcoin to settle. [Case ID: 08419b],1
Your debit card has been blocked. Call support immediately at 9845012345 or visit http://bank-card-reactivate.ml to prevent permanent cancellation. [Case ID: 7f1171],1
"Bank of America Security Alert: Unauthorized transaction of $1,250.00 detected. Click http://bofa-fraud-cancel.top/cancel to reverse charge within 2 hours. [Case ID: 82f2b3]",1
Customs Clearance Alert: Your international parcel #US89218 is held at customs due to unpaid duties of $45. Pay now at http://customs-parcel-release.click [Case ID: 0d3180],1
Your debit card has been blocked. Call support immediately at 9845012345 or visit http://bank-card-reactivate.ml to prevent permanent cancellation. [Case ID: fb8970],1
URGENT: Your Wells Fargo account has been suspended! Verify your credentials immediately at http://wellsfargo-verify-login.xyz to restore access. [Case ID: d4c2e4],1
"Bank of America Security Alert: Unauthorized transaction of $1,250.00 detected. Click http://bofa-fraud-cancel.top/cancel to reverse charge within 2 hours. [Case ID: 5751ec]",1
IRS Notice: Final warning! A lawsuit is filed against you for unpaid taxes. Call immediately at +1-800-555-0199 or send $500 via Bitcoin to settle. [Case ID: d5cfea],1
"Your PayPal account was accessed from an unknown device in Russia. If this wasn't you, login now at http://paypal-security-alert.tk/auth to secure funds. [Case ID: 59c330]",1
"CONGRATULATIONS! You have won $1,000,000 in the International Mobile Lottery. Reply with your full name, bank account, and SSN to claim prize. [Case ID: ba3866]",1
Security Alert: Your Apple ID has been locked due to multiple failed login attempts. Verify identity at http://appleid-support-security.xyz now. [Case ID: 6c2979],1
IRS Notice: Final warning! A lawsuit is filed against you for unpaid taxes. Call immediately at +1-800-555-0199 or send $500 via Bitcoin to settle. [Case ID: e995f9],1
"CONGRATULATIONS! You have won $1,000,000 in the International Mobile Lottery. Reply with your full name, bank account, and SSN to claim prize. [Case ID: 6cd67d]",1
Your debit card has been blocked. Call support immediately at 9845012345 or visit http://bank-card-reactivate.ml to prevent permanent cancellation. [Case ID: 6bc24f],1
Security Alert: Your Apple ID has been locked due to multiple failed login attempts. Verify identity at http://appleid-support-security.xyz now. [Case ID: a5cdd4],1
"Job Offer: Work from home and earn $5,000/week! Send $50 registration fee via UPI / Apple Gift Card to hr@global-remote-jobs.xyz to get started. [Case ID: 217eed]",1
"Dear Customer, your Netflix subscription expired. Update your credit card details immediately at http://netflix-billing-update.cf or your service terminates today. [Case ID: df263d]",1
URGENT: Your Wells Fargo account has been suspended! Verify your credentials immediately at http://wellsfargo-verify-login.xyz to restore access. [Case ID: edfbe1],1
"Bank of America Security Alert: Unauthorized transaction of $1,250.00 detected. Click http://bofa-fraud-cancel.top/cancel to reverse charge within 2 hours. [Case ID: 2e65f2]",1
IRS Notice: Final warning! A lawsuit is filed against you for unpaid taxes. Call immediately at +1-800-555-0199 or send $500 via Bitcoin to settle. [Case ID: e94550],1
URGENT: Your Wells Fargo account has been suspended! Verify your credentials immediately at http://wellsfargo-verify-login.xyz to restore access. [Case ID: 5c572e],1
"Your PayPal account was accessed from an unknown device in Russia. If this wasn't you, login now at http://paypal-security-alert.tk/auth to secure funds. [Case ID: 0537fb]",1
"CONGRATULATIONS! You have won $1,000,000 in the International Mobile Lottery. Reply with your full name, bank account, and SSN to claim prize. [Case ID: 5f0f5e]",1
"CONGRATULATIONS! You have won $1,000,000 in the International Mobile Lottery. Reply with your full name, bank account, and SSN to claim prize. [Case ID: 185e65]",1
IRS Notice: Final warning! A lawsuit is filed against you for unpaid taxes. Call immediately at +1-800-555-0199 or send $500 via Bitcoin to settle. [Case ID: 8d317b],1
Customs Clearance Alert: Your international parcel #US89218 is held at customs due to unpaid duties of $45. Pay now at http://customs-parcel-release.click [Case ID: e49b8b],1
Customs Clearance Alert: Your international parcel #US89218 is held at customs due to unpaid duties of $45. Pay now at http://customs-parcel-release.click [Case ID: b056eb],1
"Job Offer: Work from home and earn $5,000/week! Send $50 registration fee via UPI / Apple Gift Card to hr@global-remote-jobs.xyz to get started. [Case ID: b137fd]",1
"Dear Customer, your Netflix subscription expired. Update your credit card details immediately at http://netflix-billing-update.cf or your service terminates today. [Case ID: 912d2b]",1
Security Alert: Your Apple ID has been locked due to multiple failed login attempts. Verify identity at http://appleid-support-security.xyz now. [Case ID: a1d33d],1
"Your PayPal account was accessed from an unknown device in Russia. If this wasn't you, login now at http://paypal-security-alert.tk/auth to secure funds. [Case ID: 6f2268]",1
URGENT: Your Wells Fargo account has been suspended! Verify your credentials immediately at http://wellsfargo-verify-login.xyz to restore access. [Case ID: 872488],1
Customs Clearance Alert: Your international parcel #US89218 is held at customs due to unpaid duties of $45. Pay now at http://customs-parcel-release.click [Case ID: ccb098],1
"Job Offer: Work from home and earn $5,000/week! Send $50 registration fee via UPI / Apple Gift Card to hr@global-remote-jobs.xyz to get started. [Case ID: 2823f4]",1
"Job Offer: Work from home and earn $5,000/week! Send $50 registration fee via UPI / Apple Gift Card to hr@global-remote-jobs.xyz to get started. [Case ID: 470e7a]",1
IRS Notice: Final warning! A lawsuit is filed against you for unpaid taxes. Call immediately at +1-800-555-0199 or send $500 via Bitcoin to settle. [Case ID: bf6276],1
"Your PayPal account was accessed from an unknown device in Russia. If this wasn't you, login now at http://paypal-security-alert.tk/auth to secure funds. [Case ID: fa14d4]",1
Your debit card has been blocked. Call support immediately at 9845012345 or visit http://bank-card-reactivate.ml to prevent permanent cancellation. [Case ID: 2ca65f],1
Security Alert: Your Apple ID has been locked due to multiple failed login attempts. Verify identity at http://appleid-support-security.xyz now. [Case ID: 88ae63],1
"Dear Customer, your Netflix subscription expired. Update your credit card details immediately at http://netflix-billing-update.cf or your service terminates today. [Case ID: 06997f]",1
"Bank of America Security Alert: Unauthorized transaction of $1,250.00 detected. Click http://bofa-fraud-cancel.top/cancel to reverse charge within 2 hours. [Case ID: eefc9e]",1
IRS Notice: Final warning! A lawsuit is filed against you for unpaid taxes. Call immediately at +1-800-555-0199 or send $500 via Bitcoin to settle. [Case ID: 5807a6],1
Security Alert: Your Apple ID has been locked due to multiple failed login attempts. Verify identity at http://appleid-support-security.xyz now. [Case ID: d840cc],1
"Bank of America Security Alert: Unauthorized transaction of $1,250.00 detected. Click http://bofa-fraud-cancel.top/cancel to reverse charge within 2 hours. [Case ID: 959a55]",1
"Bank of America Security Alert: Unauthorized transaction of $1,250.00 detected. Click http://bofa-fraud-cancel.top/cancel to reverse charge within 2 hours. [Case ID: f2201f]",1
"Your PayPal account was accessed from an unknown device in Russia. If this wasn't you, login now at http://paypal-security-alert.tk/auth to secure funds. [Case ID: 3a835d]",1
"Your PayPal account was accessed from an unknown device in Russia. If this wasn't you, login now at http://paypal-security-alert.tk/auth to secure funds. [Case ID: 288cc0]",1
URGENT: Your Wells Fargo account has been suspended! Verify your credentials immediately at http://wellsfargo-verify-login.xyz to restore access. [Case ID: 4ea06f],1
"Job Offer: Work from home and earn $5,000/week! Send $50 registration fee via UPI / Apple Gift Card to hr@global-remote-jobs.xyz to get started. [Case ID: b7ee6f]",1
Security Alert: Your Apple ID has been locked due to multiple failed login attempts. Verify identity at http://appleid-support-security.xyz now. [Case ID: e57c6b],1
IRS Notice: Final warning! A lawsuit is filed against you for unpaid taxes. Call immediately at +1-800-555-0199 or send $500 via Bitcoin to settle. [Case ID: 86b122],1
"CONGRATULATIONS! You have won $1,000,000 in the International Mobile Lottery. Reply with your full name, bank account, and SSN to claim prize. [Case ID: 4e0928]",1
IRS Notice: Final warning! A lawsuit is filed against you for unpaid taxes. Call immediately at +1-800-555-0199 or send $500 via Bitcoin to settle. [Case ID: c0f168],1
URGENT: Your Wells Fargo account has been suspended! Verify your credentials immediately at http://wellsfargo-verify-login.xyz to restore access. [Case ID: 8c6744],1
"Dear Customer, your Netflix subscription expired. Update your credit card details immediately at http://netflix-billing-update.cf or your service terminates today. [Case ID: f1c159]",1
"Job Offer: Work from home and earn $5,000/week! Send $50 registration fee via UPI / Apple Gift Card to hr@global-remote-jobs.xyz to get started. [Case ID: e07413]",1
"CONGRATULATIONS! You have won $1,000,000 in the International Mobile Lottery. Reply with your full name, bank account, and SSN to claim prize. [Case ID: 67d96d]",1
Customs Clearance Alert: Your international parcel #US89218 is held at customs due to unpaid duties of $45. Pay now at http://customs-parcel-release.click [Case ID: a8e864],1
"Dear Customer, your Netflix subscription expired. Update your credit card details immediately at http://netflix-billing-update.cf or your service terminates today. [Case ID: 7143d7]",1
"Your PayPal account was accessed from an unknown device in Russia. If this wasn't you, login now at http://paypal-security-alert.tk/auth to secure funds. [Case ID: 72da7f]",1
"Bank of America Security Alert: Unauthorized transaction of $1,250.00 detected. Click http://bofa-fraud-cancel.top/cancel to reverse charge within 2 hours. [Case ID: 6e0721]",1
Customs Clearance Alert: Your international parcel #US89218 is held at customs due to unpaid duties of $45. Pay now at http://customs-parcel-release.click [Case ID: fc8001],1
IRS Notice: Final warning! A lawsuit is filed against you for unpaid taxes. Call immediately at +1-800-555-0199 or send $500 via Bitcoin to settle. [Case ID: 4b04a6],1
IRS Notice: Final warning! A lawsuit is filed against you for unpaid taxes. Call immediately at +1-800-555-0199 or send $500 via Bitcoin to settle. [Case ID: 61b4a6],1
"Your PayPal account was accessed from an unknown device in Russia. If this wasn't you, login now at http://paypal-security-alert.tk/auth to secure funds. [Case ID: 3621f1]",1
URGENT: Your Wells Fargo account has been suspended! Verify your credentials immediately at http://wellsfargo-verify-login.xyz to restore access. [Case ID: c15da1],1
Security Alert: Your Apple ID has been locked due to multiple failed login attempts. Verify identity at http://appleid-support-security.xyz now. [Case ID: 68053a],1
Customs Clearance Alert: Your international parcel #US89218 is held at customs due to unpaid duties of $45. Pay now at http://customs-parcel-release.click [Case ID: 2dace7],1
Customs Clearance Alert: Your international parcel #US89218 is held at customs due to unpaid duties of $45. Pay now at http://customs-parcel-release.click [Case ID: df7f28],1
Your debit card has been blocked. Call support immediately at 9845012345 or visit http://bank-card-reactivate.ml to prevent permanent cancellation. [Case ID: 96ea64],1
"Dear Customer, your Netflix subscription expired. Update your credit card details immediately at http://netflix-billing-update.cf or your service terminates today. [Case ID: da8ce5]",1
"Job Offer: Work from home and earn $5,000/week! Send $50 registration fee via UPI / Apple Gift Card to hr@global-remote-jobs.xyz to get started. [Case ID: 82489c]",1
"Dear Customer, your Netflix subscription expired. Update your credit card details immediately at http://netflix-billing-update.cf or your service terminates today. [Case ID: 7c590f]",1
Security Alert: Your Apple ID has been locked due to multiple failed login attempts. Verify identity at http://appleid-support-security.xyz now. [Case ID: 35cf86],1
IRS Notice: Final warning! A lawsuit is filed against you for unpaid taxes. Call immediately at +1-800-555-0199 or send $500 via Bitcoin to settle. [Case ID: beb22f],1
IRS Notice: Final warning! A lawsuit is filed against you for unpaid taxes. Call immediately at +1-800-555-0199 or send $500 via Bitcoin to settle. [Case ID: 9e3cfc],1
IRS Notice: Final warning! A lawsuit is filed against you for unpaid taxes. Call immediately at +1-800-555-0199 or send $500 via Bitcoin to settle. [Case ID: 28267a],1
Your debit card has been blocked. Call support immediately at 9845012345 or visit http://bank-card-reactivate.ml to prevent permanent cancellation. [Case ID: 7a5392],1
IRS Notice: Final warning! A lawsuit is filed against you for unpaid taxes. Call immediately at +1-800-555-0199 or send $500 via Bitcoin to settle. [Case ID: 1905ae],1
Security Alert: Your Apple ID has been locked due to multiple failed login attempts. Verify identity at http://appleid-support-security.xyz now. [Case ID: 114193],1
"Your PayPal account was accessed from an unknown device in Russia. If this wasn't you, login now at http://paypal-security-alert.tk/auth to secure funds. [Case ID: 1aa48f]",1
"Job Offer: Work from home and earn $5,000/week! Send $50 registration fee via UPI / Apple Gift Card to hr@global-remote-jobs.xyz to get started. [Case ID: dc5689]",1
Security Alert: Your Apple ID has been locked due to multiple failed login attempts. Verify identity at http://appleid-support-security.xyz now. [Case ID: 846c26],1
"Job Offer: Work from home and earn $5,000/week! Send $50 registration fee via UPI / Apple Gift Card to hr@global-remote-jobs.xyz to get started. [Case ID: d58072]",1
Security Alert: Your Apple ID has been locked due to multiple failed login attempts. Verify identity at http://appleid-support-security.xyz now. [Case ID: 6e7b33],1
IRS Notice: Final warning! A lawsuit is filed against you for unpaid taxes. Call immediately at +1-800-555-0199 or send $500 via Bitcoin to settle. [Case ID: a8ecba],1
"Your PayPal account was accessed from an unknown device in Russia. If this wasn't you, login now at http://paypal-security-alert.tk/auth to secure funds. [Case ID: 32b30a]",1
Customs Clearance Alert: Your international parcel #US89218 is held at customs due to unpaid duties of $45. Pay now at http://customs-parcel-release.click [Case ID: b6edc1],1
"Dear Customer, your Netflix subscription expired. Update your credit card details immediately at http://netflix-billing-update.cf or your service terminates today. [Case ID: 670e8a]",1
"Bank of America Security Alert: Unauthorized transaction of $1,250.00 detected. Click http://bofa-fraud-cancel.top/cancel to reverse charge within 2 hours. [Case ID: 81e74d]",1
"Your PayPal account was accessed from an unknown device in Russia. If this wasn't you, login now at http://paypal-security-alert.tk/auth to secure funds. [Case ID: e0cf1f]",1
Customs Clearance Alert: Your international parcel #US89218 is held at customs due to unpaid duties of $45. Pay now at http://customs-parcel-release.click [Case ID: 96b9bf],1
URGENT: Your Wells Fargo account has been suspended! Verify your credentials immediately at http://wellsfargo-verify-login.xyz to restore access. [Case ID: 71ad16],1
Security Alert: Your Apple ID has been locked due to multiple failed login attempts. Verify identity at http://appleid-support-security.xyz now. [Case ID: 43fa7f],1
URGENT: Your Wells Fargo account has been suspended! Verify your credentials immediately at http://wellsfargo-verify-login.xyz to restore access. [Case ID: 31839b],1
Customs Clearance Alert: Your international parcel #US89218 is held at customs due to unpaid duties of $45. Pay now at http://customs-parcel-release.click [Case ID: f0adc8],1
"Your PayPal account was accessed from an unknown device in Russia. If this wasn't you, login now at http://paypal-security-alert.tk/auth to secure funds. [Case ID: 3b5dca]",1
Security Alert: Your Apple ID has been locked due to multiple failed login attempts. Verify identity at http://appleid-support-security.xyz now. [Case ID: e2a2dc],1
"Bank of America Security Alert: Unauthorized transaction of $1,250.00 detected. Click http://bofa-fraud-cancel.top/cancel to reverse charge within 2 hours. [Case ID: 4558db]",1
IRS Notice: Final warning! A lawsuit is filed against you for unpaid taxes. Call immediately at +1-800-555-0199 or send $500 via Bitcoin to settle. [Case ID: afda33],1
Security Alert: Your Apple ID has been locked due to multiple failed login attempts. Verify identity at http://appleid-support-security.xyz now. [Case ID: 632cee],1
Security Alert: Your Apple ID has been locked due to multiple failed login attempts. Verify identity at http://appleid-support-security.xyz now. [Case ID: 677e09],1
"Your PayPal account was accessed from an unknown device in Russia. If this wasn't you, login now at http://paypal-security-alert.tk/auth to secure funds. [Case ID: d554f7]",1
"Your PayPal account was accessed from an unknown device in Russia. If this wasn't you, login now at http://paypal-security-alert.tk/auth to secure funds. [Case ID: 795c7a]",1
Customs Clearance Alert: Your international parcel #US89218 is held at customs due to unpaid duties of $45. Pay now at http://customs-parcel-release.click [Case ID: fa3a3c],1
"CONGRATULATIONS! You have won $1,000,000 in the International Mobile Lottery. Reply with your full name, bank account, and SSN to claim prize. [Case ID: c2626d]",1
Security Alert: Your Apple ID has been locked due to multiple failed login attempts. Verify identity at http://appleid-support-security.xyz now. [Case ID: ce78d1],1
"Dear Customer, your Netflix subscription expired. Update your credit card details immediately at http://netflix-billing-update.cf or your service terminates today. [Case ID: 8e82ab]",1
Security Alert: Your Apple ID has been locked due to multiple failed login attempts. Verify identity at http://appleid-support-security.xyz now. [Case ID: e0ec45],1
Customs Clearance Alert: Your international parcel #US89218 is held at customs due to unpaid duties of $45. Pay now at http://customs-parcel-release.click [Case ID: 7250eb],1
"Job Offer: Work from home and earn $5,000/week! Send $50 registration fee via UPI / Apple Gift Card to hr@global-remote-jobs.xyz to get started. [Case ID: 013a00]",1
URGENT: Your Wells Fargo account has been suspended! Verify your credentials immediately at http://wellsfargo-verify-login.xyz to restore access. [Case ID: 301ad0],1
IRS Notice: Final warning! A lawsuit is filed against you for unpaid taxes. Call immediately at +1-800-555-0199 or send $500 via Bitcoin to settle. [Case ID: 4d5b99],1
"CONGRATULATIONS! You have won $1,000,000 in the International Mobile Lottery. Reply with your full name, bank account, and SSN to claim prize. [Case ID: ab88b1]",1
"Bank of America Security Alert: Unauthorized transaction of $1,250.00 detected. Click http://bofa-fraud-cancel.top/cancel to reverse charge within 2 hours. [Case ID: b0b183]",1
"Bank of America Security Alert: Unauthorized transaction of $1,250.00 detected. Click http://bofa-fraud-cancel.top/cancel to reverse charge within 2 hours. [Case ID: f9028f]",1
"Bank of America Security Alert: Unauthorized transaction of $1,250.00 detected. Click http://bofa-fraud-cancel.top/cancel to reverse charge within 2 hours. [Case ID: 8f7d80]",1
"Your PayPal account was accessed from an unknown device in Russia. If this wasn't you, login now at http://paypal-security-alert.tk/auth to secure funds. [Case ID: fa83a1]",1
"Bank of America Security Alert: Unauthorized transaction of $1,250.00 detected. Click http://bofa-fraud-cancel.top/cancel to reverse charge within 2 hours. [Case ID: 02a32a]",1
IRS Notice: Final warning! A lawsuit is filed against you for unpaid taxes. Call immediately at +1-800-555-0199 or send $500 via Bitcoin to settle. [Case ID: fc3cf4],1
URGENT: Your Wells Fargo account has been suspended! Verify your credentials immediately at http://wellsfargo-verify-login.xyz to restore access. [Case ID: 3d8e28],1
"Bank of America Security Alert: Unauthorized transaction of $1,250.00 detected. Click http://bofa-fraud-cancel.top/cancel to reverse charge within 2 hours. [Case ID: e97ee2]",1
Security Alert: Your Apple ID has been locked due to multiple failed login attempts. Verify identity at http://appleid-support-security.xyz now. [Case ID: b86e8d],1
Security Alert: Your Apple ID has been locked due to multiple failed login attempts. Verify identity at http://appleid-support-security.xyz now. [Case ID: 84f7e6],1
"Your PayPal account was accessed from an unknown device in Russia. If this wasn't you, login now at http://paypal-security-alert.tk/auth to secure funds. [Case ID: f45526]",1
IRS Notice: Final warning! A lawsuit is filed against you for unpaid taxes. Call immediately at +1-800-555-0199 or send $500 via Bitcoin to settle. [Case ID: 362e80],1
URGENT: Your Wells Fargo account has been suspended! Verify your credentials immediately at http://wellsfargo-verify-login.xyz to restore access. [Case ID: fe8c15],1
"CONGRATULATIONS! You have won $1,000,000 in the International Mobile Lottery. Reply with your full name, bank account, and SSN to claim prize. [Case ID: 1efa39]",1
Customs Clearance Alert: Your international parcel #US89218 is held at customs due to unpaid duties of $45. Pay now at http://customs-parcel-release.click [Case ID: 92fb0c],1
URGENT: Your Wells Fargo account has been suspended! Verify your credentials immediately at http://wellsfargo-verify-login.xyz to restore access. [Case ID: 22ac3c],1
Customs Clearance Alert: Your international parcel #US89218 is held at customs due to unpaid duties of $45. Pay now at http://customs-parcel-release.click [Case ID: aff162],1
"Job Offer: Work from home and earn $5,000/week! Send $50 registration fee via UPI / Apple Gift Card to hr@global-remote-jobs.xyz to get started. [Case ID: f7e905]",1
Customs Clearance Alert: Your international parcel #US89218 is held at customs due to unpaid duties of $45. Pay now at http://customs-parcel-release.click [Case ID: addfa9],1
"Dear Customer, your Netflix subscription expired. Update your credit card details immediately at http://netflix-billing-update.cf or your service terminates today. [Case ID: 8c235f]",1
Security Alert: Your Apple ID has been locked due to multiple failed login attempts. Verify identity at http://appleid-support-security.xyz now. [Case ID: 847cc5],1
IRS Notice: Final warning! A lawsuit is filed against you for unpaid taxes. Call immediately at +1-800-555-0199 or send $500 via Bitcoin to settle. [Case ID: a67f09],1
Your debit card has been blocked. Call support immediately at 9845012345 or visit http://bank-card-reactivate.ml to prevent permanent cancellation. [Case ID: 2a084e],1
"Your PayPal account was accessed from an unknown device in Russia. If this wasn't you, login now at http://paypal-security-alert.tk/auth to secure funds. [Case ID: fc4930]",1
"Dear Customer, your Netflix subscription expired. Update your credit card details immediately at http://netflix-billing-update.cf or your service terminates today. [Case ID: f9a40a]",1
Customs Clearance Alert: Your international parcel #US89218 is held at customs due to unpaid duties of $45. Pay now at http://customs-parcel-release.click [Case ID: 5ec91a],1
"Bank of America Security Alert: Unauthorized transaction of $1,250.00 detected. Click http://bofa-fraud-cancel.top/cancel to reverse charge within 2 hours. [Case ID: 19b650]",1
IRS Notice: Final warning! A lawsuit is filed against you for unpaid taxes. Call immediately at +1-800-555-0199 or send $500 via Bitcoin to settle. [Case ID: 1fc214],1
"Dear Customer, your Netflix subscription expired. Update your credit card details immediately at http://netflix-billing-update.cf or your service terminates today. [Case ID: 3b3dba]",1
"Your PayPal account was accessed from an unknown device in Russia. If this wasn't you, login now at http://paypal-security-alert.tk/auth to secure funds. [Case ID: ca8155]",1
Security Alert: Your Apple ID has been locked due to multiple failed login attempts. Verify identity at http://appleid-support-security.xyz now. [Case ID: ede7e2],1
IRS Notice: Final warning! A lawsuit is filed against you for unpaid taxes. Call immediately at +1-800-555-0199 or send $500 via Bitcoin to settle. [Case ID: dd4504],1
"Your PayPal account was accessed from an unknown device in Russia. If this wasn't you, login now at http://paypal-security-alert.tk/auth to secure funds. [Case ID: 49c9ad]",1
"Job Offer: Work from home and earn $5,000/week! Send $50 registration fee via UPI / Apple Gift Card to hr@global-remote-jobs.xyz to get started. [Case ID: 22fb0c]",1
"Job Offer: Work from home and earn $5,000/week! Send $50 registration fee via UPI / Apple Gift Card to hr@global-remote-jobs.xyz to get started. [Case ID: aeb313]",1
"Your PayPal account was accessed from an unknown device in Russia. If this wasn't you, login now at http://paypal-security-alert.tk/auth to secure funds. [Case ID: 43feae]",1
"Dear Customer, your Netflix subscription expired. Update your credit card details immediately at http://netflix-billing-update.cf or your service terminates today. [Case ID: 98d6f5]",1
IRS Notice: Final warning! A lawsuit is filed against you for unpaid taxes. Call immediately at +1-800-555-0199 or send $500 via Bitcoin to settle. [Case ID: 51ef18],1
"Dear Customer, your Netflix subscription expired. Update your credit card details immediately at http://netflix-billing-update.cf or your service terminates today. [Case ID: 4b0a59]",1
"CONGRATULATIONS! You have won $1,000,000 in the International Mobile Lottery. Reply with your full name, bank account, and SSN to claim prize. [Case ID: 67d16d]",1
Customs Clearance Alert: Your international parcel #US89218 is held at customs due to unpaid duties of $45. Pay now at http://customs-parcel-release.click [Case ID: 352407],1
"CONGRATULATIONS! You have won $1,000,000 in the International Mobile Lottery. Reply with your full name, bank account, and SSN to claim prize. [Case ID: dd8eb9]",1
"Job Offer: Work from home and earn $5,000/week! Send $50 registration fee via UPI / Apple Gift Card to hr@global-remote-jobs.xyz to get started. [Case ID: d516b1]",1
Security Alert: Your Apple ID has been locked due to multiple failed login attempts. Verify identity at http://appleid-support-security.xyz now. [Case ID: 1f5089],1
URGENT: Your Wells Fargo account has been suspended! Verify your credentials immediately at http://wellsfargo-verify-login.xyz to restore access. [Case ID: 7504ad],1
Customs Clearance Alert: Your international parcel #US89218 is held at customs due to unpaid duties of $45. Pay now at http://customs-parcel-release.click [Case ID: 6c3cf7],1
"Job Offer: Work from home and earn $5,000/week! Send $50 registration fee via UPI / Apple Gift Card to hr@global-remote-jobs.xyz to get started. [Case ID: 210f76]",1
"Dear Customer, your Netflix subscription expired. Update your credit card details immediately at http://netflix-billing-update.cf or your service terminates today. [Case ID: 170c94]",1
"Dear Customer, your Netflix subscription expired. Update your credit card details immediately at http://netflix-billing-update.cf or your service terminates today. [Case ID: 0efe32]",1
"Dear Customer, your Netflix subscription expired. Update your credit card details immediately at http://netflix-billing-update.cf or your service terminates today. [Case ID: 704afe]",1
Security Alert: Your Apple ID has been locked due to multiple failed login attempts. Verify identity at http://appleid-support-security.xyz now. [Case ID: 7ce328],1
"CONGRATULATIONS! You have won $1,000,000 in the International Mobile Lottery. Reply with your full name, bank account, and SSN to claim prize. [Case ID: 0a113e]",1
URGENT: Your Wells Fargo account has been suspended! Verify your credentials immediately at http://wellsfargo-verify-login.xyz to restore access. [Case ID: 078719],1
"Dear Customer, your Netflix subscription expired. Update your credit card details immediately at http://netflix-billing-update.cf or your service terminates today. [Case ID: 024d7f]",1
Your debit card has been blocked. Call support immediately at 9845012345 or visit http://bank-card-reactivate.ml to prevent permanent cancellation. [Case ID: cfbce4],1
Customs Clearance Alert: Your international parcel #US89218 is held at customs due to unpaid duties of $45. Pay now at http://customs-parcel-release.click [Case ID: c2aee8],1
IRS Notice: Final warning! A lawsuit is filed against you for unpaid taxes. Call immediately at +1-800-555-0199 or send $500 via Bitcoin to settle. [Case ID: d56b9f],1
Your debit card has been blocked. Call support immediately at 9845012345 or visit http://bank-card-reactivate.ml to prevent permanent cancellation. [Case ID: 4b0250],1
URGENT: Your Wells Fargo account has been suspended! Verify your credentials immediately at http://wellsfargo-verify-login.xyz to restore access. [Case ID: 20aee3],1
Security Alert: Your Apple ID has been locked due to multiple failed login attempts. Verify identity at http://appleid-support-security.xyz now. [Case ID: 061412],1
URGENT: Your Wells Fargo account has been suspended! Verify your credentials immediately at http://wellsfargo-verify-login.xyz to restore access. [Case ID: 5705e1],1
IRS Notice: Final warning! A lawsuit is filed against you for unpaid taxes. Call immediately at +1-800-555-0199 or send $500 via Bitcoin to settle. [Case ID: a64c94],1
Customs Clearance Alert: Your international parcel #US89218 is held at customs due to unpaid duties of $45. Pay now at http://customs-parcel-release.click [Case ID: 018825],1
IRS Notice: Final warning! A lawsuit is filed against you for unpaid taxes. Call immediately at +1-800-555-0199 or send $500 via Bitcoin to settle. [Case ID: acf4b8],1
"Your PayPal account was accessed from an unknown device in Russia. If this wasn't you, login now at http://paypal-security-alert.tk/auth to secure funds. [Case ID: 892c91]",1
Customs Clearance Alert: Your international parcel #US89218 is held at customs due to unpaid duties of $45. Pay now at http://customs-parcel-release.click [Case ID: b6a108],1
URGENT: Your Wells Fargo account has been suspended! Verify your credentials immediately at http://wellsfargo-verify-login.xyz to restore access. [Case ID: aa169b],1
"Dear Customer, your Netflix subscription expired. Update your credit card details immediately at http://netflix-billing-update.cf or your service terminates today. [Case ID: f47d0a]",1
URGENT: Your Wells Fargo account has been suspended! Verify your credentials immediately at http://wellsfargo-verify-login.xyz to restore access. [Case ID: f57a2f],1
URGENT: Your Wells Fargo account has been suspended! Verify your credentials immediately at http://wellsfargo-verify-login.xyz to restore access. [Case ID: c8fbbc],1
Customs Clearance Alert: Your international parcel #US89218 is held at customs due to unpaid duties of $45. Pay now at http://customs-parcel-release.click [Case ID: 621461],1
"Your PayPal account was accessed from an unknown device in Russia. If this wasn't you, login now at http://paypal-security-alert.tk/auth to secure funds. [Case ID: 8b6dd7]",1
URGENT: Your Wells Fargo account has been suspended! Verify your credentials immediately at http://wellsfargo-verify-login.xyz to restore access. [Case ID: a4300b],1
Your debit card has been blocked. Call support immediately at 9845012345 or visit http://bank-card-reactivate.ml to prevent permanent cancellation. [Case ID: e205ee],1
"Job Offer: Work from home and earn $5,000/week! Send $50 registration fee via UPI / Apple Gift Card to hr@global-remote-jobs.xyz to get started. [Case ID: b56a18]",1
"Bank of America Security Alert: Unauthorized transaction of $1,250.00 detected. Click http://bofa-fraud-cancel.top/cancel to reverse charge within 2 hours. [Case ID: 2a9d12]",1
"Bank of America Security Alert: Unauthorized transaction of $1,250.00 detected. Click http://bofa-fraud-cancel.top/cancel to reverse charge within 2 hours. [Case ID: 8b5040]",1
URGENT: Your Wells Fargo account has been suspended! Verify your credentials immediately at http://wellsfargo-verify-login.xyz to restore access. [Case ID: 7634ea],1
Your debit card has been blocked. Call support immediately at 9845012345 or visit http://bank-card-reactivate.ml to prevent permanent cancellation. [Case ID: 24896e],1
"Dear Customer, your Netflix subscription expired. Update your credit card details immediately at http://netflix-billing-update.cf or your service terminates today. [Case ID: 23ce18]",1
Security Alert: Your Apple ID has been locked due to multiple failed login attempts. Verify identity at http://appleid-support-security.xyz now. [Case ID: da0d11],1
Security Alert: Your Apple ID has been locked due to multiple failed login attempts. Verify identity at http://appleid-support-security.xyz now. [Case ID: 1e056d],1
Customs Clearance Alert: Your international parcel #US89218 is held at customs due to unpaid duties of $45. Pay now at http://customs-parcel-release.click [Case ID: 3e89eb],1
"Bank of America Security Alert: Unauthorized transaction of $1,250.00 detected. Click http://bofa-fraud-cancel.top/cancel to reverse charge within 2 hours. [Case ID: 6d0f84]",1
URGENT: Your Wells Fargo account has been suspended! Verify your credentials immediately at http://wellsfargo-verify-login.xyz to restore access. [Case ID: 430c36],1
Security Alert: Your Apple ID has been locked due to multiple failed login attempts. Verify identity at http://appleid-support-security.xyz now. [Case ID: ccc0aa],1
URGENT: Your Wells Fargo account has been suspended! Verify your credentials immediately at http://wellsfargo-verify-login.xyz to restore access. [Case ID: c4015b],1
Customs Clearance Alert: Your international parcel #US89218 is held at customs due to unpaid duties of $45. Pay now at http://customs-parcel-release.click [Case ID: bea595],1
"Bank of America Security Alert: Unauthorized transaction of $1,250.00 detected. Click http://bofa-fraud-cancel.top/cancel to reverse charge within 2 hours. [Case ID: 7fa732]",1
IRS Notice: Final warning! A lawsuit is filed against you for unpaid taxes. Call immediately at +1-800-555-0199 or send $500 via Bitcoin to settle. [Case ID: cbb6a3],1
"Job Offer: Work from home and earn $5,000/week! Send $50 registration fee via UPI / Apple Gift Card to hr@global-remote-jobs.xyz to get started. [Case ID: 1f4477]",1
"Job Offer: Work from home and earn $5,000/week! Send $50 registration fee via UPI / Apple Gift Card to hr@global-remote-jobs.xyz to get started. [Case ID: d045c5]",1
Security Alert: Your Apple ID has been locked due to multiple failed login attempts. Verify identity at http://appleid-support-security.xyz now. [Case ID: 0d0871],1
"Job Offer: Work from home and earn $5,000/week! Send $50 registration fee via UPI / Apple Gift Card to hr@global-remote-jobs.xyz to get started. [Case ID: 1cc363]",1
IRS Notice: Final warning! A lawsuit is filed against you for unpaid taxes. Call immediately at +1-800-555-0199 or send $500 via Bitcoin to settle. [Case ID: 9f53d8],1
URGENT: Your Wells Fargo account has been suspended! Verify your credentials immediately at http://wellsfargo-verify-login.xyz to restore access. [Case ID: d2ed45],1
Customs Clearance Alert: Your international parcel #US89218 is held at customs due to unpaid duties of $45. Pay now at http://customs-parcel-release.click [Case ID: 043c3d],1
IRS Notice: Final warning! A lawsuit is filed against you for unpaid taxes. Call immediately at +1-800-555-0199 or send $500 via Bitcoin to settle. [Case ID: 4daa3d],1
Customs Clearance Alert: Your international parcel #US89218 is held at customs due to unpaid duties of $45. Pay now at http://customs-parcel-release.click [Case ID: e820a4],1
Customs Clearance Alert: Your international parcel #US89218 is held at customs due to unpaid duties of $45. Pay now at http://customs-parcel-release.click [Case ID: 90794e],1
"Bank of America Security Alert: Unauthorized transaction of $1,250.00 detected. Click http://bofa-fraud-cancel.top/cancel to reverse charge within 2 hours. [Case ID: b7892f]",1
URGENT: Your Wells Fargo account has been suspended! Verify your credentials immediately at http://wellsfargo-verify-login.xyz to restore access. [Case ID: 74bba2],1
Your debit card has been blocked. Call support immediately at 9845012345 or visit http://bank-card-reactivate.ml to prevent permanent cancellation. [Case ID: 3df1d4],1
"Job Offer: Work from home and earn $5,000/week! Send $50 registration fee via UPI / Apple Gift Card to hr@global-remote-jobs.xyz to get started. [Case ID: 8d6dc3]",1
Your debit card has been blocked. Call support immediately at 9845012345 or visit http://bank-card-reactivate.ml to prevent permanent cancellation. [Case ID: 92262b],1
"Bank of America Security Alert: Unauthorized transaction of $1,250.00 detected. Click http://bofa-fraud-cancel.top/cancel to reverse charge within 2 hours. [Case ID: b55ec2]",1
Customs Clearance Alert: Your international parcel #US89218 is held at customs due to unpaid duties of $45. Pay now at http://customs-parcel-release.click [Case ID: 2f885d],1
Security Alert: Your Apple ID has been locked due to multiple failed login attempts. Verify identity at http://appleid-support-security.xyz now. [Case ID: 64223c],1
"Job Offer: Work from home and earn $5,000/week! Send $50 registration fee via UPI / Apple Gift Card to hr@global-remote-jobs.xyz to get started. [Case ID: 4b6538]",1
"Job Offer: Work from home and earn $5,000/week! Send $50 registration fee via UPI / Apple Gift Card to hr@global-remote-jobs.xyz to get started. [Case ID: c8c41c]",1
URGENT: Your Wells Fargo account has been suspended! Verify your credentials immediately at http://wellsfargo-verify-login.xyz to restore access. [Case ID: c4b31c],1
"Your PayPal account was accessed from an unknown device in Russia. If this wasn't you, login now at http://paypal-security-alert.tk/auth to secure funds. [Case ID: 58e4d4]",1
"CONGRATULATIONS! You have won $1,000,000 in the International Mobile Lottery. Reply with your full name, bank account, and SSN to claim prize. [Case ID: 3cef96]",1
"CONGRATULATIONS! You have won $1,000,000 in the International Mobile Lottery. Reply with your full name, bank account, and SSN to claim prize. [Case ID: a3d68b]",1
"CONGRATULATIONS! You have won $1,000,000 in the International Mobile Lottery. Reply with your full name, bank account, and SSN to claim prize. [Case ID: 1c1d4d]",1
"Your PayPal account was accessed from an unknown device in Russia. If this wasn't you, login now at http://paypal-security-alert.tk/auth to secure funds. [Case ID: e6cb2a]",1
URGENT: Your Wells Fargo account has been suspended! Verify your credentials immediately at http://wellsfargo-verify-login.xyz to restore access. [Case ID: 9232fe],1
"Your PayPal account was accessed from an unknown device in Russia. If this wasn't you, login now at http://paypal-security-alert.tk/auth to secure funds. [Case ID: 6395eb]",1
"CONGRATULATIONS! You have won $1,000,000 in the International Mobile Lottery. Reply with your full name, bank account, and SSN to claim prize. [Case ID: ef4e3b]",1
"Bank of America Security Alert: Unauthorized transaction of $1,250.00 detected. Click http://bofa-fraud-cancel.top/cancel to reverse charge within 2 hours. [Case ID: 168908]",1
IRS Notice: Final warning! A lawsuit is filed against you for unpaid taxes. Call immediately at +1-800-555-0199 or send $500 via Bitcoin to settle. [Case ID: 2ba596],1
Customs Clearance Alert: Your international parcel #US89218 is held at customs due to unpaid duties of $45. Pay now at http://customs-parcel-release.click [Case ID: d240e3],1
"Your PayPal account was accessed from an unknown device in Russia. If this wasn't you, login now at http://paypal-security-alert.tk/auth to secure funds. [Case ID: 0f840b]",1
URGENT: Your Wells Fargo account has been suspended! Verify your credentials immediately at http://wellsfargo-verify-login.xyz to restore access. [Case ID: 437d7d],1
URGENT: Your Wells Fargo account has been suspended! Verify your credentials immediately at http://wellsfargo-verify-login.xyz to restore access. [Case ID: d70732],1
Your debit card has been blocked. Call support immediately at 9845012345 or visit http://bank-card-reactivate.ml to prevent permanent cancellation. [Case ID: 5c9362],1
IRS Notice: Final warning! A lawsuit is filed against you for unpaid taxes. Call immediately at +1-800-555-0199 or send $500 via Bitcoin to settle. [Case ID: 1ce927],1
Security Alert: Your Apple ID has been locked due to multiple failed login attempts. Verify identity at http://appleid-support-security.xyz now. [Case ID: 8065d0],1
"Job Offer: Work from home and earn $5,000/week! Send $50 registration fee via UPI / Apple Gift Card to hr@global-remote-jobs.xyz to get started. [Case ID: eeb69a]",1
"CONGRATULATIONS! You have won $1,000,000 in the International Mobile Lottery. Reply with your full name, bank account, and SSN to claim prize. [Case ID: 4e0cb6]",1
Security Alert: Your Apple ID has been locked due to multiple failed login attempts. Verify identity at http://appleid-support-security.xyz now. [Case ID: 6cfe0e],1
Your debit card has been blocked. Call support immediately at 9845012345 or visit http://bank-card-reactivate.ml to prevent permanent cancellation. [Case ID: 8f468c],1
"CONGRATULATIONS! You have won $1,000,000 in the International Mobile Lottery. Reply with your full name, bank account, and SSN to claim prize. [Case ID: e744f9]",1
IRS Notice: Final warning! A lawsuit is filed against you for unpaid taxes. Call immediately at +1-800-555-0199 or send $500 via Bitcoin to settle. [Case ID: 89fcd0],1
Your debit card has been blocked. Call support immediately at 9845012345 or visit http://bank-card-reactivate.ml to prevent permanent cancellation. [Case ID: 660229],1
"CONGRATULATIONS! You have won $1,000,000 in the International Mobile Lottery. Reply with your full name, bank account, and SSN to claim prize. [Case ID: c22abf]",1
IRS Notice: Final warning! A lawsuit is filed against you for unpaid taxes. Call immediately at +1-800-555-0199 or send $500 via Bitcoin to settle. [Case ID: ca7591],1
"Dear Customer, your Netflix subscription expired. Update your credit card details immediately at http://netflix-billing-update.cf or your service terminates today. [Case ID: 431135]",1
Security Alert: Your Apple ID has been locked due to multiple failed login attempts. Verify identity at http://appleid-support-security.xyz now. [Case ID: 92977a],1
Security Alert: Your Apple ID has been locked due to multiple failed login attempts. Verify identity at http://appleid-support-security.xyz now. [Case ID: 9c0180],1
"Job Offer: Work from home and earn $5,000/week! Send $50 registration fee via UPI / Apple Gift Card to hr@global-remote-jobs.xyz to get started. [Case ID: cc1aa4]",1
IRS Notice: Final warning! A lawsuit is filed against you for unpaid taxes. Call immediately at +1-800-555-0199 or send $500 via Bitcoin to settle. [Case ID: 2ab564],1
"Your PayPal account was accessed from an unknown device in Russia. If this wasn't you, login now at http://paypal-security-alert.tk/auth to secure funds. [Case ID: c32d9b]",1
"Dear Customer, your Netflix subscription expired. Update your credit card details immediately at http://netflix-billing-update.cf or your service terminates today. [Case ID: d79aac]",1
"Bank of America Security Alert: Unauthorized transaction of $1,250.00 detected. Click http://bofa-fraud-cancel.top/cancel to reverse charge within 2 hours. [Case ID: 287e03]",1
"CONGRATULATIONS! You have won $1,000,000 in the International Mobile Lottery. Reply with your full name, bank account, and SSN to claim prize. [Case ID: fec8d4]",1
"Dear Customer, your Netflix subscription expired. Update your credit card details immediately at http://netflix-billing-update.cf or your service terminates today. [Case ID: 6aab12]",1
IRS Notice: Final warning! A lawsuit is filed against you for unpaid taxes. Call immediately at +1-800-555-0199 or send $500 via Bitcoin to settle. [Case ID: d93ed5],1
Customs Clearance Alert: Your international parcel #US89218 is held at customs due to unpaid duties of $45. Pay now at http://customs-parcel-release.click [Case ID: 54a367],1
"CONGRATULATIONS! You have won $1,000,000 in the International Mobile Lottery. Reply with your full name, bank account, and SSN to claim prize. [Case ID: fe7ee8]",1
URGENT: Your Wells Fargo account has been suspended! Verify your credentials immediately at http://wellsfargo-verify-login.xyz to restore access. [Case ID: df6d23],1
Security Alert: Your Apple ID has been locked due to multiple failed login attempts. Verify identity at http://appleid-support-security.xyz now. [Case ID: 990827],1
IRS Notice: Final warning! A lawsuit is filed against you for unpaid taxes. Call immediately at +1-800-555-0199 or send $500 via Bitcoin to settle. [Case ID: a1140a],1
URGENT: Your Wells Fargo account has been suspended! Verify your credentials immediately at http://wellsfargo-verify-login.xyz to restore access. [Case ID: 4fac9b],1
"Job Offer: Work from home and earn $5,000/week! Send $50 registration fee via UPI / Apple Gift Card to hr@global-remote-jobs.xyz to get started. [Case ID: 692f93]",1
Your debit card has been blocked. Call support immediately at 9845012345 or visit http://bank-card-reactivate.ml to prevent permanent cancellation. [Case ID: 860320],1
"Bank of America Security Alert: Unauthorized transaction of $1,250.00 detected. Click http://bofa-fraud-cancel.top/cancel to reverse charge within 2 hours. [Case ID: 7b13b2]",1
"Bank of America Security Alert: Unauthorized transaction of $1,250.00 detected. Click http://bofa-fraud-cancel.top/cancel to reverse charge within 2 hours. [Case ID: 934815]",1
URGENT: Your Wells Fargo account has been suspended! Verify your credentials immediately at http://wellsfargo-verify-login.xyz to restore access. [Case ID: 2bcab9],1
Security Alert: Your Apple ID has been locked due to multiple failed login attempts. Verify identity at http://appleid-support-security.xyz now. [Case ID: 0b8aff],1
"Job Offer: Work from home and earn $5,000/week! Send $50 registration fee via UPI / Apple Gift Card to hr@global-remote-jobs.xyz to get started. [Case ID: ec5aa0]",1
Customs Clearance Alert: Your international parcel #US89218 is held at customs due to unpaid duties of $45. Pay now at http://customs-parcel-release.click [Case ID: 9ab0d8],1
Security Alert: Your Apple ID has been locked due to multiple failed login attempts. Verify identity at http://appleid-support-security.xyz now. [Case ID: b70683],1
"Dear Customer, your Netflix subscription expired. Update your credit card details immediately at http://netflix-billing-update.cf or your service terminates today. [Case ID: a9b7ba]",1
"Bank of America Security Alert: Unauthorized transaction of $1,250.00 detected. Click http://bofa-fraud-cancel.top/cancel to reverse charge within 2 hours. [Case ID: b8c37e]",1
"Dear Customer, your Netflix subscription expired. Update your credit card details immediately at http://netflix-billing-update.cf or your service terminates today. [Case ID: fba9d8]",1
"CONGRATULATIONS! You have won $1,000,000 in the International Mobile Lottery. Reply with your full name, bank account, and SSN to claim prize. [Case ID: aa68c7]",1
"Your PayPal account was accessed from an unknown device in Russia. If this wasn't you, login now at http://paypal-security-alert.tk/auth to secure funds. [Case ID: fed333]",1
IRS Notice: Final warning! A lawsuit is filed against you for unpaid taxes. Call immediately at +1-800-555-0199 or send $500 via Bitcoin to settle. [Case ID: 238733],1
"Job Offer: Work from home and earn $5,000/week! Send $50 registration fee via UPI / Apple Gift Card to hr@global-remote-jobs.xyz to get started. [Case ID: 924644]",1
Security Alert: Your Apple ID has been locked due to multiple failed login attempts. Verify identity at http://appleid-support-security.xyz now. [Case ID: d7322e],1
"Bank of America Security Alert: Unauthorized transaction of $1,250.00 detected. Click http://bofa-fraud-cancel.top/cancel to reverse charge within 2 hours. [Case ID: 158796]",1
"Dear Customer, your Netflix subscription expired. Update your credit card details immediately at http://netflix-billing-update.cf or your service terminates today. [Case ID: 31b3b3]",1
Your debit card has been blocked. Call support immediately at 9845012345 or visit http://bank-card-reactivate.ml to prevent permanent cancellation. [Case ID: 1e48c4],1
"CONGRATULATIONS! You have won $1,000,000 in the International Mobile Lottery. Reply with your full name, bank account, and SSN to claim prize. [Case ID: 7f975a]",1
IRS Notice: Final warning! A lawsuit is filed against you for unpaid taxes. Call immediately at +1-800-555-0199 or send $500 via Bitcoin to settle. [Case ID: f33ba1],1
IRS Notice: Final warning! A lawsuit is filed against you for unpaid taxes. Call immediately at +1-800-555-0199 or send $500 via Bitcoin to settle. [Case ID: 6b1800],1
Security Alert: Your Apple ID has been locked due to multiple failed login attempts. Verify identity at http://appleid-support-security.xyz now. [Case ID: 766d85],1
"Job Offer: Work from home and earn $5,000/week! Send $50 registration fee via UPI / Apple Gift Card to hr@global-remote-jobs.xyz to get started. [Case ID: 298923]",1
Customs Clearance Alert: Your international parcel #US89218 is held at customs due to unpaid duties of $45. Pay now at http://customs-parcel-release.click [Case ID: 08fe26],1
Your debit card has been blocked. Call support immediately at 9845012345 or visit http://bank-card-reactivate.ml to prevent permanent cancellation. [Case ID: 5d616d],1
Security Alert: Your Apple ID has been locked due to multiple failed login attempts. Verify identity at http://appleid-support-security.xyz now. [Case ID: ef50c3],1
"Dear Customer, your Netflix subscription expired. Update your credit card details immediately at http://netflix-billing-update.cf or your service terminates today. [Case ID: 03e070]",1
"Your PayPal account was accessed from an unknown device in Russia. If this wasn't you, login now at http://paypal-security-alert.tk/auth to secure funds. [Case ID: 65cc2c]",1
URGENT: Your Wells Fargo account has been suspended! Verify your credentials immediately at http://wellsfargo-verify-login.xyz to restore access. [Case ID: 076828],1
Customs Clearance Alert: Your international parcel #US89218 is held at customs due to unpaid duties of $45. Pay now at http://customs-parcel-release.click [Case ID: 93d656],1
"Job Offer: Work from home and earn $5,000/week! Send $50 registration fee via UPI / Apple Gift Card to hr@global-remote-jobs.xyz to get started. [Case ID: ce5140]",1
"CONGRATULATIONS! You have won $1,000,000 in the International Mobile Lottery. Reply with your full name, bank account, and SSN to claim prize. [Case ID: 021bbc]",1
Customs Clearance Alert: Your international parcel #US89218 is held at customs due to unpaid duties of $45. Pay now at http://customs-parcel-release.click [Case ID: 82b8a3],1
"Bank of America Security Alert: Unauthorized transaction of $1,250.00 detected. Click http://bofa-fraud-cancel.top/cancel to reverse charge within 2 hours. [Case ID: 24146d]",1
"Job Offer: Work from home and earn $5,000/week! Send $50 registration fee via UPI / Apple Gift Card to hr@global-remote-jobs.xyz to get started. [Case ID: 883e88]",1
"Your PayPal account was accessed from an unknown device in Russia. If this wasn't you, login now at http://paypal-security-alert.tk/auth to secure funds. [Case ID: 380673]",1
"Bank of America Security Alert: Unauthorized transaction of $1,250.00 detected. Click http://bofa-fraud-cancel.top/cancel to reverse charge within 2 hours. [Case ID: 84d200]",1
Customs Clearance Alert: Your international parcel #US89218 is held at customs due to unpaid duties of $45. Pay now at http://customs-parcel-release.click [Case ID: e515df],1
URGENT: Your Wells Fargo account has been suspended! Verify your credentials immediately at http://wellsfargo-verify-login.xyz to restore access. [Case ID: afdec7],1
URGENT: Your Wells Fargo account has been suspended! Verify your credentials immediately at http://wellsfargo-verify-login.xyz to restore access. [Case ID: 995e1f],1
"Your PayPal account was accessed from an unknown device in Russia. If this wasn't you, login now at http://paypal-security-alert.tk/auth to secure funds. [Case ID: e17184]",1
IRS Notice: Final warning! A lawsuit is filed against you for unpaid taxes. Call immediately at +1-800-555-0199 or send $500 via Bitcoin to settle. [Case ID: bdb106],1
Your debit card has been blocked. Call support immediately at 9845012345 or visit http://bank-card-reactivate.ml to prevent permanent cancellation. [Case ID: a34bac],1
"CONGRATULATIONS! You have won $1,000,000 in the International Mobile Lottery. Reply with your full name, bank account, and SSN to claim prize. [Case ID: 83fa5a]",1
IRS Notice: Final warning! A lawsuit is filed against you for unpaid taxes. Call immediately at +1-800-555-0199 or send $500 via Bitcoin to settle. [Case ID: eddb90],1
URGENT: Your Wells Fargo account has been suspended! Verify your credentials immediately at http://wellsfargo-verify-login.xyz to restore access. [Case ID: 6d70cb],1
URGENT: Your Wells Fargo account has been suspended! Verify your credentials immediately at http://wellsfargo-verify-login.xyz to restore access. [Case ID: 27ed0f],1
"Dear Customer, your Netflix subscription expired. Update your credit card details immediately at http://netflix-billing-update.cf or your service terminates today. [Case ID: 537d9b]",1
"Bank of America Security Alert: Unauthorized transaction of $1,250.00 detected. Click http://bofa-fraud-cancel.top/cancel to reverse charge within 2 hours. [Case ID: d736bb]",1
Customs Clearance Alert: Your international parcel #US89218 is held at customs due to unpaid duties of $45. Pay now at http://customs-parcel-release.click [Case ID: 9ac403],1
"CONGRATULATIONS! You have won $1,000,000 in the International Mobile Lottery. Reply with your full name, bank account, and SSN to claim prize. [Case ID: b9141a]",1
"Your PayPal account was accessed from an unknown device in Russia. If this wasn't you, login now at http://paypal-security-alert.tk/auth to secure funds. [Case ID: 1019c8]",1
Customs Clearance Alert: Your international parcel #US89218 is held at customs due to unpaid duties of $45. Pay now at http://customs-parcel-release.click [Case ID: a0e2a2],1
"Dear Customer, your Netflix subscription expired. Update your credit card details immediately at http://netflix-billing-update.cf or your service terminates today. [Case ID: 157977]",1
URGENT: Your Wells Fargo account has been suspended! Verify your credentials immediately at http://wellsfargo-verify-login.xyz to restore access. [Case ID: 20b5e1],1
"Your PayPal account was accessed from an unknown device in Russia. If this wasn't you, login now at http://paypal-security-alert.tk/auth to secure funds. [Case ID: 7cce53]",1
URGENT: Your Wells Fargo account has been suspended! Verify your credentials immediately at http://wellsfargo-verify-login.xyz to restore access. [Case ID: 58c548],1
"CONGRATULATIONS! You have won $1,000,000 in the International Mobile Lottery. Reply with your full name, bank account, and SSN to claim prize. [Case ID: 5055cb]",1
"Bank of America Security Alert: Unauthorized transaction of $1,250.00 detected. Click http://bofa-fraud-cancel.top/cancel to reverse charge within 2 hours. [Case ID: 456ac9]",1
Customs Clearance Alert: Your international parcel #US89218 is held at customs due to unpaid duties of $45. Pay now at http://customs-parcel-release.click [Case ID: f4dd76],1
Customs Clearance Alert: Your international parcel #US89218 is held at customs due to unpaid duties of $45. Pay now at http://customs-parcel-release.click [Case ID: 7fec30],1
IRS Notice: Final warning! A lawsuit is filed against you for unpaid taxes. Call immediately at +1-800-555-0199 or send $500 via Bitcoin to settle. [Case ID: db576a],1
"Your PayPal account was accessed from an unknown device in Russia. If this wasn't you, login now at http://paypal-security-alert.tk/auth to secure funds. [Case ID: 53c041]",1
Your debit card has been blocked. Call support immediately at 9845012345 or visit http://bank-card-reactivate.ml to prevent permanent cancellation. [Case ID: 4ca827],1
"Dear Customer, your Netflix subscription expired. Update your credit card details immediately at http://netflix-billing-update.cf or your service terminates today. [Case ID: d8700c]",1
Your debit card has been blocked. Call support immediately at 9845012345 or visit http://bank-card-reactivate.ml to prevent permanent cancellation. [Case ID: b4d168],1
IRS Notice: Final warning! A lawsuit is filed against you for unpaid taxes. Call immediately at +1-800-555-0199 or send $500 via Bitcoin to settle. [Case ID: 4a0814],1
"CONGRATULATIONS! You have won $1,000,000 in the International Mobile Lottery. Reply with your full name, bank account, and SSN to claim prize. [Case ID: 299a23]",1
"Dear Customer, your Netflix subscription expired. Update your credit card details immediately at http://netflix-billing-update.cf or your service terminates today. [Case ID: a89cf5]",1
"Bank of America Security Alert: Unauthorized transaction of $1,250.00 detected. Click http://bofa-fraud-cancel.top/cancel to reverse charge within 2 hours. [Case ID: cd89fe]",1
Your debit card has been blocked. Call support immediately at 9845012345 or visit http://bank-card-reactivate.ml to prevent permanent cancellation. [Case ID: 6c340f],1
"Bank of America Security Alert: Unauthorized transaction of $1,250.00 detected. Click http://bofa-fraud-cancel.top/cancel to reverse charge within 2 hours. [Case ID: 2290a7]",1
Your debit card has been blocked. Call support immediately at 9845012345 or visit http://bank-card-reactivate.ml to prevent permanent cancellation. [Case ID: a2137a],1
"Bank of America Security Alert: Unauthorized transaction of $1,250.00 detected. Click http://bofa-fraud-cancel.top/cancel to reverse charge within 2 hours. [Case ID: 43dd49]",1
Your debit card has been blocked. Call support immediately at 9845012345 or visit http://bank-card-reactivate.ml to prevent permanent cancellation. [Case ID: 31857b],1
"Bank of America Security Alert: Unauthorized transaction of $1,250.00 detected. Click http://bofa-fraud-cancel.top/cancel to reverse charge within 2 hours. [Case ID: 53adaf]",1
IRS Notice: Final warning! A lawsuit is filed against you for unpaid taxes. Call immediately at +1-800-555-0199 or send $500 via Bitcoin to settle. [Case ID: fc2c7c],1
"Job Offer: Work from home and earn $5,000/week! Send $50 registration fee via UPI / Apple Gift Card to hr@global-remote-jobs.xyz to get started. [Case ID: dc58e3]",1
"Dear Customer, your Netflix subscription expired. Update your credit card details immediately at http://netflix-billing-update.cf or your service terminates today. [Case ID: 1b0114]",1
"Your PayPal account was accessed from an unknown device in Russia. If this wasn't you, login now at http://paypal-security-alert.tk/auth to secure funds. [Case ID: a1519d]",1
"CONGRATULATIONS! You have won $1,000,000 in the International Mobile Lottery. Reply with your full name, bank account, and SSN to claim prize. [Case ID: 390e98]",1
Security Alert: Your Apple ID has been locked due to multiple failed login attempts. Verify identity at http://appleid-support-security.xyz now. [Case ID: 708f3c],1
URGENT: Your Wells Fargo account has been suspended! Verify your credentials immediately at http://wellsfargo-verify-login.xyz to restore access. [Case ID: 460726],1
"Your PayPal account was accessed from an unknown device in Russia. If this wasn't you, login now at http://paypal-security-alert.tk/auth to secure funds. [Case ID: 8a1e80]",1
URGENT: Your Wells Fargo account has been suspended! Verify your credentials immediately at http://wellsfargo-verify-login.xyz to restore access. [Case ID: 062ddb],1
"Dear Customer, your Netflix subscription expired. Update your credit card details immediately at http://netflix-billing-update.cf or your service terminates today. [Case ID: 522a9a]",1
"Your PayPal account was accessed from an unknown device in Russia. If this wasn't you, login now at http://paypal-security-alert.tk/auth to secure funds. [Case ID: 43baa6]",1
"Bank of America Security Alert: Unauthorized transaction of $1,250.00 detected. Click http://bofa-fraud-cancel.top/cancel to reverse charge within 2 hours. [Case ID: 731c83]",1
"Bank of America Security Alert: Unauthorized transaction of $1,250.00 detected. Click http://bofa-fraud-cancel.top/cancel to reverse charge within 2 hours. [Case ID: 36a16a]",1
Security Alert: Your Apple ID has been locked due to multiple failed login attempts. Verify identity at http://appleid-support-security.xyz now. [Case ID: 818f46],1
URGENT: Your Wells Fargo account has been suspended! Verify your credentials immediately at http://wellsfargo-verify-login.xyz to restore access. [Case ID: e5e63d],1
"CONGRATULATIONS! You have won $1,000,000 in the International Mobile Lottery. Reply with your full name, bank account, and SSN to claim prize. [Case ID: 9f3640]",1
"Dear Customer, your Netflix subscription expired. Update your credit card details immediately at http://netflix-billing-update.cf or your service terminates today. [Case ID: 4f16c8]",1
"Bank of America Security Alert: Unauthorized transaction of $1,250.00 detected. Click http://bofa-fraud-cancel.top/cancel to reverse charge within 2 hours. [Case ID: d91d1b]",1
"Job Offer: Work from home and earn $5,000/week! Send $50 registration fee via UPI / Apple Gift Card to hr@global-remote-jobs.xyz to get started. [Case ID: a26398]",1
IRS Notice: Final warning! A lawsuit is filed against you for unpaid taxes. Call immediately at +1-800-555-0199 or send $500 via Bitcoin to settle. [Case ID: b1563a],1
IRS Notice: Final warning! A lawsuit is filed against you for unpaid taxes. Call immediately at +1-800-555-0199 or send $500 via Bitcoin to settle. [Case ID: 03f544],1
Your debit card has been blocked. Call support immediately at 9845012345 or visit http://bank-card-reactivate.ml to prevent permanent cancellation. [Case ID: 8b4066],1
"CONGRATULATIONS! You have won $1,000,000 in the International Mobile Lottery. Reply with your full name, bank account, and SSN to claim prize. [Case ID: 754dda]",1
IRS Notice: Final warning! A lawsuit is filed against you for unpaid taxes. Call immediately at +1-800-555-0199 or send $500 via Bitcoin to settle. [Case ID: 6a2fee],1
Your debit card has been blocked. Call support immediately at 9845012345 or visit http://bank-card-reactivate.ml to prevent permanent cancellation. [Case ID: 68b1fb],1
URGENT: Your Wells Fargo account has been suspended! Verify your credentials immediately at http://wellsfargo-verify-login.xyz to restore access. [Case ID: 41bfd2],1
"Bank of America Security Alert: Unauthorized transaction of $1,250.00 detected. Click http://bofa-fraud-cancel.top/cancel to reverse charge within 2 hours. [Case ID: d6723e]",1
"Bank of America Security Alert: Unauthorized transaction of $1,250.00 detected. Click http://bofa-fraud-cancel.top/cancel to reverse charge within 2 hours. [Case ID: 4e2545]",1
"Job Offer: Work from home and earn $5,000/week! Send $50 registration fee via UPI / Apple Gift Card to hr@global-remote-jobs.xyz to get started. [Case ID: db2b41]",1
"Your PayPal account was accessed from an unknown device in Russia. If this wasn't you, login now at http://paypal-security-alert.tk/auth to secure funds. [Case ID: a5e0ff]",1
IRS Notice: Final warning! A lawsuit is filed against you for unpaid taxes. Call immediately at +1-800-555-0199 or send $500 via Bitcoin to settle. [Case ID: a01607],1
URGENT: Your Wells Fargo account has been suspended! Verify your credentials immediately at http://wellsfargo-verify-login.xyz to restore access. [Case ID: 1e6e0a],1
Customs Clearance Alert: Your international parcel #US89218 is held at customs due to unpaid duties of $45. Pay now at http://customs-parcel-release.click [Case ID: c6bff6],1
IRS Notice: Final warning! A lawsuit is filed against you for unpaid taxes. Call immediately at +1-800-555-0199 or send $500 via Bitcoin to settle. [Case ID: c667d5],1
"CONGRATULATIONS! You have won $1,000,000 in the International Mobile Lottery. Reply with your full name, bank account, and SSN to claim prize. [Case ID: aace49]",1
"Your PayPal account was accessed from an unknown device in Russia. If this wasn't you, login now at http://paypal-security-alert.tk/auth to secure funds. [Case ID: 4da040]",1
IRS Notice: Final warning! A lawsuit is filed against you for unpaid taxes. Call immediately at +1-800-555-0199 or send $500 via Bitcoin to settle. [Case ID: af21d0],1
URGENT: Your Wells Fargo account has been suspended! Verify your credentials immediately at http://wellsfargo-verify-login.xyz to restore access. [Case ID: c9f95a],1
IRS Notice: Final warning! A lawsuit is filed against you for unpaid taxes. Call immediately at +1-800-555-0199 or send $500 via Bitcoin to settle. [Case ID: e58cc5],1
"CONGRATULATIONS! You have won $1,000,000 in the International Mobile Lottery. Reply with your full name, bank account, and SSN to claim prize. [Case ID: b9d487]",1
Customs Clearance Alert: Your international parcel #US89218 is held at customs due to unpaid duties of $45. Pay now at http://customs-parcel-release.click [Case ID: 8f1d43],1
"Dear Customer, your Netflix subscription expired. Update your credit card details immediately at http://netflix-billing-update.cf or your service terminates today. [Case ID: 2cbca4]",1
Security Alert: Your Apple ID has been locked due to multiple failed login attempts. Verify identity at http://appleid-support-security.xyz now. [Case ID: b59c67],1
Customs Clearance Alert: Your international parcel #US89218 is held at customs due to unpaid duties of $45. Pay now at http://customs-parcel-release.click [Case ID: 20d135],1
Your debit card has been blocked. Call support immediately at 9845012345 or visit http://bank-card-reactivate.ml to prevent permanent cancellation. [Case ID: 9c3b18],1
IRS Notice: Final warning! A lawsuit is filed against you for unpaid taxes. Call immediately at +1-800-555-0199 or send $500 via Bitcoin to settle. [Case ID: d6ef5f],1
"Bank of America Security Alert: Unauthorized transaction of $1,250.00 detected. Click http://bofa-fraud-cancel.top/cancel to reverse charge within 2 hours. [Case ID: e19347]",1
"Job Offer: Work from home and earn $5,000/week! Send $50 registration fee via UPI / Apple Gift Card to hr@global-remote-jobs.xyz to get started. [Case ID: dd7727]",1
"Bank of America Security Alert: Unauthorized transaction of $1,250.00 detected. Click http://bofa-fraud-cancel.top/cancel to reverse charge within 2 hours. [Case ID: 0eec27]",1
Customs Clearance Alert: Your international parcel #US89218 is held at customs due to unpaid duties of $45. Pay now at http://customs-parcel-release.click [Case ID: c60d06],1
"Bank of America Security Alert: Unauthorized transaction of $1,250.00 detected. Click http://bofa-fraud-cancel.top/cancel to reverse charge within 2 hours. [Case ID: 8597a6]",1
URGENT: Your Wells Fargo account has been suspended! Verify your credentials immediately at http://wellsfargo-verify-login.xyz to restore access. [Case ID: c6036a],1
"Bank of America Security Alert: Unauthorized transaction of $1,250.00 detected. Click http://bofa-fraud-cancel.top/cancel to reverse charge within 2 hours. [Case ID: 3a15c7]",1
"Your PayPal account was accessed from an unknown device in Russia. If this wasn't you, login now at http://paypal-security-alert.tk/auth to secure funds. [Case ID: 3b712d]",1
"Dear Customer, your Netflix subscription expired. Update your credit card details immediately at http://netflix-billing-update.cf or your service terminates today. [Case ID: 2cfd45]",1
IRS Notice: Final warning! A lawsuit is filed against you for unpaid taxes. Call immediately at +1-800-555-0199 or send $500 via Bitcoin to settle. [Case ID: c7635b],1
"Bank of America Security Alert: Unauthorized transaction of $1,250.00 detected. Click http://bofa-fraud-cancel.top/cancel to reverse charge within 2 hours. [Case ID: c21002]",1
"CONGRATULATIONS! You have won $1,000,000 in the International Mobile Lottery. Reply with your full name, bank account, and SSN to claim prize. [Case ID: ffeed8]",1
"Dear Customer, your Netflix subscription expired. Update your credit card details immediately at http://netflix-billing-update.cf or your service terminates today. [Case ID: 678a14]",1
"Dear Customer, your Netflix subscription expired. Update your credit card details immediately at http://netflix-billing-update.cf or your service terminates today. [Case ID: 3fe78a]",1
"Bank of America Security Alert: Unauthorized transaction of $1,250.00 detected. Click http://bofa-fraud-cancel.top/cancel to reverse charge within 2 hours. [Case ID: 69a5b5]",1
"Dear Customer, your Netflix subscription expired. Update your credit card details immediately at http://netflix-billing-update.cf or your service terminates today. [Case ID: 4a213d]",1
"Job Offer: Work from home and earn $5,000/week! Send $50 registration fee via UPI / Apple Gift Card to hr@global-remote-jobs.xyz to get started. [Case ID: fe709c]",1
"Bank of America Security Alert: Unauthorized transaction of $1,250.00 detected. Click http://bofa-fraud-cancel.top/cancel to reverse charge within 2 hours. [Case ID: 571e0f]",1
URGENT: Your Wells Fargo account has been suspended! Verify your credentials immediately at http://wellsfargo-verify-login.xyz to restore access. [Case ID: fd06b8],1
Customs Clearance Alert: Your international parcel #US89218 is held at customs due to unpaid duties of $45. Pay now at http://customs-parcel-release.click [Case ID: 7c9d0b],1
"Your PayPal account was accessed from an unknown device in Russia. If this wasn't you, login now at http://paypal-security-alert.tk/auth to secure funds. [Case ID: fd2c5e]",1
Security Alert: Your Apple ID has been locked due to multiple failed login attempts. Verify identity at http://appleid-support-security.xyz now. [Case ID: 47a658],1
Your debit card has been blocked. Call support immediately at 9845012345 or visit http://bank-card-reactivate.ml to prevent permanent cancellation. [Case ID: 801c14],1
"Dear Customer, your Netflix subscription expired. Update your credit card details immediately at http://netflix-billing-update.cf or your service terminates today. [Case ID: c3e0c6]",1
URGENT: Your Wells Fargo account has been suspended! Verify your credentials immediately at http://wellsfargo-verify-login.xyz to restore access. [Case ID: 184260],1
IRS Notice: Final warning! A lawsuit is filed against you for unpaid taxes. Call immediately at +1-800-555-0199 or send $500 via Bitcoin to settle. [Case ID: 8248a9],1
IRS Notice: Final warning! A lawsuit is filed against you for unpaid taxes. Call immediately at +1-800-555-0199 or send $500 via Bitcoin to settle. [Case ID: f7f580],1
Your debit card has been blocked. Call support immediately at 9845012345 or visit http://bank-card-reactivate.ml to prevent permanent cancellation. [Case ID: 8ce679],1
"Your PayPal account was accessed from an unknown device in Russia. If this wasn't you, login now at http://paypal-security-alert.tk/auth to secure funds. [Case ID: 208e43]",1
"Dear Customer, your Netflix subscription expired. Update your credit card details immediately at http://netflix-billing-update.cf or your service terminates today. [Case ID: 4588e6]",1
"Job Offer: Work from home and earn $5,000/week! Send $50 registration fee via UPI / Apple Gift Card to hr@global-remote-jobs.xyz to get started. [Case ID: feab05]",1
Your debit card has been blocked. Call support immediately at 9845012345 or visit http://bank-card-reactivate.ml to prevent permanent cancellation. [Case ID: 8a3363],1
"Your PayPal account was accessed from an unknown device in Russia. If this wasn't you, login now at http://paypal-security-alert.tk/auth to secure funds. [Case ID: a1d501]",1
"Dear Customer, your Netflix subscription expired. Update your credit card details immediately at http://netflix-billing-update.cf or your service terminates today. [Case ID: df0aab]",1
URGENT: Your Wells Fargo account has been suspended! Verify your credentials immediately at http://wellsfargo-verify-login.xyz to restore access. [Case ID: 09c6c3],1
Customs Clearance Alert: Your international parcel #US89218 is held at customs due to unpaid duties of $45. Pay now at http://customs-parcel-release.click [Case ID: 2b38c2],1
"Job Offer: Work from home and earn $5,000/week! Send $50 registration fee via UPI / Apple Gift Card to hr@global-remote-jobs.xyz to get started. [Case ID: f19700]",1
Security Alert: Your Apple ID has been locked due to multiple failed login attempts. Verify identity at http://appleid-support-security.xyz now. [Case ID: 45f31d],1
IRS Notice: Final warning! A lawsuit is filed against you for unpaid taxes. Call immediately at +1-800-555-0199 or send $500 via Bitcoin to settle. [Case ID: 55b192],1
"CONGRATULATIONS! You have won $1,000,000 in the International Mobile Lottery. Reply with your full name, bank account, and SSN to claim prize. [Case ID: e8b1cb]",1
URGENT: Your Wells Fargo account has been suspended! Verify your credentials immediately at http://wellsfargo-verify-login.xyz to restore access. [Case ID: 285f89],1
IRS Notice: Final warning! A lawsuit is filed against you for unpaid taxes. Call immediately at +1-800-555-0199 or send $500 via Bitcoin to settle. [Case ID: e22312],1
"Bank of America Security Alert: Unauthorized transaction of $1,250.00 detected. Click http://bofa-fraud-cancel.top/cancel to reverse charge within 2 hours. [Case ID: a8240c]",1
"CONGRATULATIONS! You have won $1,000,000 in the International Mobile Lottery. Reply with your full name, bank account, and SSN to claim prize. [Case ID: 0c048b]",1
IRS Notice: Final warning! A lawsuit is filed against you for unpaid taxes. Call immediately at +1-800-555-0199 or send $500 via Bitcoin to settle. [Case ID: 16e6a3],1
"Your PayPal account was accessed from an unknown device in Russia. If this wasn't you, login now at http://paypal-security-alert.tk/auth to secure funds. [Case ID: 884d79]",1
"Job Offer: Work from home and earn $5,000/week! Send $50 registration fee via UPI / Apple Gift Card to hr@global-remote-jobs.xyz to get started. [Case ID: 38ca89]",1
IRS Notice: Final warning! A lawsuit is filed against you for unpaid taxes. Call immediately at +1-800-555-0199 or send $500 via Bitcoin to settle. [Case ID: abea47],1
Security Alert: Your Apple ID has been locked due to multiple failed login attempts. Verify identity at http://appleid-support-security.xyz now. [Case ID: 6e7d2d],1
Customs Clearance Alert: Your international parcel #US89218 is held at customs due to unpaid duties of $45. Pay now at http://customs-parcel-release.click [Case ID: 00e26a],1
"Your PayPal account was accessed from an unknown device in Russia. If this wasn't you, login now at http://paypal-security-alert.tk/auth to secure funds. [Case ID: a3fb4f]",1
URGENT: Your Wells Fargo account has been suspended! Verify your credentials immediately at http://wellsfargo-verify-login.xyz to restore access. [Case ID: 0f2c9a],1
URGENT: Your Wells Fargo account has been suspended! Verify your credentials immediately at http://wellsfargo-verify-login.xyz to restore access. [Case ID: 9da187],1
URGENT: Your Wells Fargo account has been suspended! Verify your credentials immediately at http://wellsfargo-verify-login.xyz to restore access. [Case ID: 2f29b6],1
URGENT: Your Wells Fargo account has been suspended! Verify your credentials immediately at http://wellsfargo-verify-login.xyz to restore access. [Case ID: 1e1d18],1
Customs Clearance Alert: Your international parcel #US89218 is held at customs due to unpaid duties of $45. Pay now at http://customs-parcel-release.click [Case ID: 3eb71f],1
IRS Notice: Final warning! A lawsuit is filed against you for unpaid taxes. Call immediately at +1-800-555-0199 or send $500 via Bitcoin to settle. [Case ID: a113c1],1
"Dear Customer, your Netflix subscription expired. Update your credit card details immediately at http://netflix-billing-update.cf or your service terminates today. [Case ID: 36a169]",1
IRS Notice: Final warning! A lawsuit is filed against you for unpaid taxes. Call immediately at +1-800-555-0199 or send $500 via Bitcoin to settle. [Case ID: 0a0a0c],1
"Bank of America Security Alert: Unauthorized transaction of $1,250.00 detected. Click http://bofa-fraud-cancel.top/cancel to reverse charge within 2 hours. [Case ID: 3473de]",1
"Job Offer: Work from home and earn $5,000/week! Send $50 registration fee via UPI / Apple Gift Card to hr@global-remote-jobs.xyz to get started. [Case ID: 1896a3]",1
"CONGRATULATIONS! You have won $1,000,000 in the International Mobile Lottery. Reply with your full name, bank account, and SSN to claim prize. [Case ID: a7d8ae]",1
"Dear Customer, your Netflix subscription expired. Update your credit card details immediately at http://netflix-billing-update.cf or your service terminates today. [Case ID: 83f97f]",1
"Dear Customer, your Netflix subscription expired. Update your credit card details immediately at http://netflix-billing-update.cf or your service terminates today. [Case ID: 7d771e]",1
IRS Notice: Final warning! A lawsuit is filed against you for unpaid taxes. Call immediately at +1-800-555-0199 or send $500 via Bitcoin to settle. [Case ID: dabd8d],1
"Dear Customer, your Netflix subscription expired. Update your credit card details immediately at http://netflix-billing-update.cf or your service terminates today. [Case ID: 6eb6e7]",1
Your debit card has been blocked. Call support immediately at 9845012345 or visit http://bank-card-reactivate.ml to prevent permanent cancellation. [Case ID: 2ac240],1
Your debit card has been blocked. Call support immediately at 9845012345 or visit http://bank-card-reactivate.ml to prevent permanent cancellation. [Case ID: f47330],1
"Bank of America Security Alert: Unauthorized transaction of $1,250.00 detected. Click http://bofa-fraud-cancel.top/cancel to reverse charge within 2 hours. [Case ID: 0e095e]",1
"CONGRATULATIONS! You have won $1,000,000 in the International Mobile Lottery. Reply with your full name, bank account, and SSN to claim prize. [Case ID: 97af4f]",1
Security Alert: Your Apple ID has been locked due to multiple failed login attempts. Verify identity at http://appleid-support-security.xyz now. [Case ID: 568052],1
Customs Clearance Alert: Your international parcel #US89218 is held at customs due to unpaid duties of $45. Pay now at http://customs-parcel-release.click [Case ID: 2b6d65],1
IRS Notice: Final warning! A lawsuit is filed against you for unpaid taxes. Call immediately at +1-800-555-0199 or send $500 via Bitcoin to settle. [Case ID: 4f2848],1
Customs Clearance Alert: Your international parcel #US89218 is held at customs due to unpaid duties of $45. Pay now at http://customs-parcel-release.click [Case ID: c44e50],1
Security Alert: Your Apple ID has been locked due to multiple failed login attempts. Verify identity at http://appleid-support-security.xyz now. [Case ID: 82c255],1
IRS Notice: Final warning! A lawsuit is filed against you for unpaid taxes. Call immediately at +1-800-555-0199 or send $500 via Bitcoin to settle. [Case ID: 160c88],1
IRS Notice: Final warning! A lawsuit is filed against you for unpaid taxes. Call immediately at +1-800-555-0199 or send $500 via Bitcoin to settle. [Case ID: b20bb9],1
"CONGRATULATIONS! You have won $1,000,000 in the International Mobile Lottery. Reply with your full name, bank account, and SSN to claim prize. [Case ID: 52292e]",1
Customs Clearance Alert: Your international parcel #US89218 is held at customs due to unpaid duties of $45. Pay now at http://customs-parcel-release.click [Case ID: 9a3d45],1
Your debit card has been blocked. Call support immediately at 9845012345 or visit http://bank-card-reactivate.ml to prevent permanent cancellation. [Case ID: a42a59],1
URGENT: Your Wells Fargo account has been suspended! Verify your credentials immediately at http://wellsfargo-verify-login.xyz to restore access. [Case ID: 0188e8],1
Customs Clearance Alert: Your international parcel #US89218 is held at customs due to unpaid duties of $45. Pay now at http://customs-parcel-release.click [Case ID: 9adeb8],1
"Job Offer: Work from home and earn $5,000/week! Send $50 registration fee via UPI / Apple Gift Card to hr@global-remote-jobs.xyz to get started. [Case ID: ae5e3c]",1
"Job Offer: Work from home and earn $5,000/week! Send $50 registration fee via UPI / Apple Gift Card to hr@global-remote-jobs.xyz to get started. [Case ID: c54e78]",1
IRS Notice: Final warning! A lawsuit is filed against you for unpaid taxes. Call immediately at +1-800-555-0199 or send $500 via Bitcoin to settle. [Case ID: 4d2e7b],1
URGENT: Your Wells Fargo account has been suspended! Verify your credentials immediately at http://wellsfargo-verify-login.xyz to restore access. [Case ID: fe2d01],1
"Your PayPal account was accessed from an unknown device in Russia. If this wasn't you, login now at http://paypal-security-alert.tk/auth to secure funds. [Case ID: 7501e5]",1
Security Alert: Your Apple ID has been locked due to multiple failed login attempts. Verify identity at http://appleid-support-security.xyz now. [Case ID: 147702],1
"Bank of America Security Alert: Unauthorized transaction of $1,250.00 detected. Click http://bofa-fraud-cancel.top/cancel to reverse charge within 2 hours. [Case ID: 491442]",1
URGENT: Your Wells Fargo account has been suspended! Verify your credentials immediately at http://wellsfargo-verify-login.xyz to restore access. [Case ID: fb2fcd],1
"Bank of America Security Alert: Unauthorized transaction of $1,250.00 detected. Click http://bofa-fraud-cancel.top/cancel to reverse charge within 2 hours. [Case ID: b571ec]",1
Customs Clearance Alert: Your international parcel #US89218 is held at customs due to unpaid duties of $45. Pay now at http://customs-parcel-release.click [Case ID: 144a3f],1
Customs Clearance Alert: Your international parcel #US89218 is held at customs due to unpaid duties of $45. Pay now at http://customs-parcel-release.click [Case ID: 4e4e53],1
"Bank of America Security Alert: Unauthorized transaction of $1,250.00 detected. Click http://bofa-fraud-cancel.top/cancel to reverse charge within 2 hours. [Case ID: a58149]",1
Security Alert: Your Apple ID has been locked due to multiple failed login attempts. Verify identity at http://appleid-support-security.xyz now. [Case ID: 7e7e69],1
URGENT: Your Wells Fargo account has been suspended! Verify your credentials immediately at http://wellsfargo-verify-login.xyz to restore access. [Case ID: f7cade],1
"Your PayPal account was accessed from an unknown device in Russia. If this wasn't you, login now at http://paypal-security-alert.tk/auth to secure funds. [Case ID: 285ab9]",1
IRS Notice: Final warning! A lawsuit is filed against you for unpaid taxes. Call immediately at +1-800-555-0199 or send $500 via Bitcoin to settle. [Case ID: a01610],1
"CONGRATULATIONS! You have won $1,000,000 in the International Mobile Lottery. Reply with your full name, bank account, and SSN to claim prize. [Case ID: 33ceb0]",1
Customs Clearance Alert: Your international parcel #US89218 is held at customs due to unpaid duties of $45. Pay now at http://customs-parcel-release.click [Case ID: c8ba76],1
"Job Offer: Work from home and earn $5,000/week! Send $50 registration fee via UPI / Apple Gift Card to hr@global-remote-jobs.xyz to get started. [Case ID: a4d2f0]",1
Security Alert: Your Apple ID has been locked due to multiple failed login attempts. Verify identity at http://appleid-support-security.xyz now. [Case ID: 3948ea],1
"CONGRATULATIONS! You have won $1,000,000 in the International Mobile Lottery. Reply with your full name, bank account, and SSN to claim prize. [Case ID: 6a61d4]",1
"Your PayPal account was accessed from an unknown device in Russia. If this wasn't you, login now at http://paypal-security-alert.tk/auth to secure funds. [Case ID: 3f67fd]",1
"Dear Customer, your Netflix subscription expired. Update your credit card details immediately at http://netflix-billing-update.cf or your service terminates today. [Case ID: 271551]",1
IRS Notice: Final warning! A lawsuit is filed against you for unpaid taxes. Call immediately at +1-800-555-0199 or send $500 via Bitcoin to settle. [Case ID: b24d51],1
Customs Clearance Alert: Your international parcel #US89218 is held at customs due to unpaid duties of $45. Pay now at http://customs-parcel-release.click [Case ID: 1d7231],1
IRS Notice: Final warning! A lawsuit is filed against you for unpaid taxes. Call immediately at +1-800-555-0199 or send $500 via Bitcoin to settle. [Case ID: 3a029f],1
"CONGRATULATIONS! You have won $1,000,000 in the International Mobile Lottery. Reply with your full name, bank account, and SSN to claim prize. [Case ID: 43cca4]",1
IRS Notice: Final warning! A lawsuit is filed against you for unpaid taxes. Call immediately at +1-800-555-0199 or send $500 via Bitcoin to settle. [Case ID: 68d13c],1
"Dear Customer, your Netflix subscription expired. Update your credit card details immediately at http://netflix-billing-update.cf or your service terminates today. [Case ID: 25df35]",1
"CONGRATULATIONS! You have won $1,000,000 in the International Mobile Lottery. Reply with your full name, bank account, and SSN to claim prize. [Case ID: 3210dd]",1
Customs Clearance Alert: Your international parcel #US89218 is held at customs due to unpaid duties of $45. Pay now at http://customs-parcel-release.click [Case ID: c4851e],1
URGENT: Your Wells Fargo account has been suspended! Verify your credentials immediately at http://wellsfargo-verify-login.xyz to restore access. [Case ID: eb86d5],1
"Job Offer: Work from home and earn $5,000/week! Send $50 registration fee via UPI / Apple Gift Card to hr@global-remote-jobs.xyz to get started. [Case ID: 310ce6]",1
"CONGRATULATIONS! You have won $1,000,000 in the International Mobile Lottery. Reply with your full name, bank account, and SSN to claim prize. [Case ID: 4122cb]",1
Your debit card has been blocked. Call support immediately at 9845012345 or visit http://bank-card-reactivate.ml to prevent permanent cancellation. [Case ID: 6c14da],1
"Dear Customer, your Netflix subscription expired. Update your credit card details immediately at http://netflix-billing-update.cf or your service terminates today. [Case ID: e53a0a]",1
"CONGRATULATIONS! You have won $1,000,000 in the International Mobile Lottery. Reply with your full name, bank account, and SSN to claim prize. [Case ID: e034fb]",1
"CONGRATULATIONS! You have won $1,000,000 in the International Mobile Lottery. Reply with your full name, bank account, and SSN to claim prize. [Case ID: 81dc9b]",1
Your debit card has been blocked. Call support immediately at 9845012345 or visit http://bank-card-reactivate.ml to prevent permanent cancellation. [Case ID: 999653],1
Customs Clearance Alert: Your international parcel #US89218 is held at customs due to unpaid duties of $45. Pay now at http://customs-parcel-release.click [Case ID: 7bccfd],1
"CONGRATULATIONS! You have won $1,000,000 in the International Mobile Lottery. Reply with your full name, bank account, and SSN to claim prize. [Case ID: a9eb81]",1
"Job Offer: Work from home and earn $5,000/week! Send $50 registration fee via UPI / Apple Gift Card to hr@global-remote-jobs.xyz to get started. [Case ID: d38901]",1
IRS Notice: Final warning! A lawsuit is filed against you for unpaid taxes. Call immediately at +1-800-555-0199 or send $500 via Bitcoin to settle. [Case ID: b3ba8f],1
Customs Clearance Alert: Your international parcel #US89218 is held at customs due to unpaid duties of $45. Pay now at http://customs-parcel-release.click [Case ID: a9078e],1
"Job Offer: Work from home and earn $5,000/week! Send $50 registration fee via UPI / Apple Gift Card to hr@global-remote-jobs.xyz to get started. [Case ID: 1c65ce]",1
Customs Clearance Alert: Your international parcel #US89218 is held at customs due to unpaid duties of $45. Pay now at http://customs-parcel-release.click [Case ID: 2de5d1],1
"Job Offer: Work from home and earn $5,000/week! Send $50 registration fee via UPI / Apple Gift Card to hr@global-remote-jobs.xyz to get started. [Case ID: e1d5be]",1
"Dear Customer, your Netflix subscription expired. Update your credit card details immediately at http://netflix-billing-update.cf or your service terminates today. [Case ID: 2c8910]",1
"Job Offer: Work from home and earn $5,000/week! Send $50 registration fee via UPI / Apple Gift Card to hr@global-remote-jobs.xyz to get started. [Case ID: 5eac43]",1
"Bank of America Security Alert: Unauthorized transaction of $1,250.00 detected. Click http://bofa-fraud-cancel.top/cancel to reverse charge within 2 hours. [Case ID: 905056]",1
"Job Offer: Work from home and earn $5,000/week! Send $50 registration fee via UPI / Apple Gift Card to hr@global-remote-jobs.xyz to get started. [Case ID: e6d854]",1
URGENT: Your Wells Fargo account has been suspended! Verify your credentials immediately at http://wellsfargo-verify-login.xyz to restore access. [Case ID: 39e497],1
URGENT: Your Wells Fargo account has been suspended! Verify your credentials immediately at http://wellsfargo-verify-login.xyz to restore access. [Case ID: 2ba869],1
Security Alert: Your Apple ID has been locked due to multiple failed login attempts. Verify identity at http://appleid-support-security.xyz now. [Case ID: 81e5f8],1
"Bank of America Security Alert: Unauthorized transaction of $1,250.00 detected. Click http://bofa-fraud-cancel.top/cancel to reverse charge within 2 hours. [Case ID: 838e8a]",1
"Bank of America Security Alert: Unauthorized transaction of $1,250.00 detected. Click http://bofa-fraud-cancel.top/cancel to reverse charge within 2 hours. [Case ID: a284df]",1
IRS Notice: Final warning! A lawsuit is filed against you for unpaid taxes. Call immediately at +1-800-555-0199 or send $500 via Bitcoin to settle. [Case ID: b495ce],1
"Bank of America Security Alert: Unauthorized transaction of $1,250.00 detected. Click http://bofa-fraud-cancel.top/cancel to reverse charge within 2 hours. [Case ID: 884ce4]",1
IRS Notice: Final warning! A lawsuit is filed against you for unpaid taxes. Call immediately at +1-800-555-0199 or send $500 via Bitcoin to settle. [Case ID: 3bf55b],1
Security Alert: Your Apple ID has been locked due to multiple failed login attempts. Verify identity at http://appleid-support-security.xyz now. [Case ID: e32510],1
Security Alert: Your Apple ID has been locked due to multiple failed login attempts. Verify identity at http://appleid-support-security.xyz now. [Case ID: cd758e],1
"Dear Customer, your Netflix subscription expired. Update your credit card details immediately at http://netflix-billing-update.cf or your service terminates today. [Case ID: 26588e]",1
URGENT: Your Wells Fargo account has been suspended! Verify your credentials immediately at http://wellsfargo-verify-login.xyz to restore access. [Case ID: 68a83e],1
"Job Offer: Work from home and earn $5,000/week! Send $50 registration fee via UPI / Apple Gift Card to hr@global-remote-jobs.xyz to get started. [Case ID: f4573f]",1
"Job Offer: Work from home and earn $5,000/week! Send $50 registration fee via UPI / Apple Gift Card to hr@global-remote-jobs.xyz to get started. [Case ID: 17326d]",1
Your debit card has been blocked. Call support immediately at 9845012345 or visit http://bank-card-reactivate.ml to prevent permanent cancellation. [Case ID: dc4c44],1
Your debit card has been blocked. Call support immediately at 9845012345 or visit http://bank-card-reactivate.ml to prevent permanent cancellation. [Case ID: 7eb3c8],1
"Your PayPal account was accessed from an unknown device in Russia. If this wasn't you, login now at http://paypal-security-alert.tk/auth to secure funds. [Case ID: 6c8dba]",1
Customs Clearance Alert: Your international parcel #US89218 is held at customs due to unpaid duties of $45. Pay now at http://customs-parcel-release.click [Case ID: 0ce2ff],1
"Dear Customer, your Netflix subscription expired. Update your credit card details immediately at http://netflix-billing-update.cf or your service terminates today. [Case ID: 8e2cfd]",1
"Your PayPal account was accessed from an unknown device in Russia. If this wasn't you, login now at http://paypal-security-alert.tk/auth to secure funds. [Case ID: b51a15]",1
"Your PayPal account was accessed from an unknown device in Russia. If this wasn't you, login now at http://paypal-security-alert.tk/auth to secure funds. [Case ID: 193002]",1
"CONGRATULATIONS! You have won $1,000,000 in the International Mobile Lottery. Reply with your full name, bank account, and SSN to claim prize. [Case ID: e00406]",1
"CONGRATULATIONS! You have won $1,000,000 in the International Mobile Lottery. Reply with your full name, bank account, and SSN to claim prize. [Case ID: c85037]",1
"Your PayPal account was accessed from an unknown device in Russia. If this wasn't you, login now at http://paypal-security-alert.tk/auth to secure funds. [Case ID: c1e39d]",1
"Bank of America Security Alert: Unauthorized transaction of $1,250.00 detected. Click http://bofa-fraud-cancel.top/cancel to reverse charge within 2 hours. [Case ID: 7810cc]",1
Customs Clearance Alert: Your international parcel #US89218 is held at customs due to unpaid duties of $45. Pay now at http://customs-parcel-release.click [Case ID: f91e24],1
"Dear Customer, your Netflix subscription expired. Update your credit card details immediately at http://netflix-billing-update.cf or your service terminates today. [Case ID: e702e5]",1
"Your PayPal account was accessed from an unknown device in Russia. If this wasn't you, login now at http://paypal-security-alert.tk/auth to secure funds. [Case ID: bb04af]",1
"Job Offer: Work from home and earn $5,000/week! Send $50 registration fee via UPI / Apple Gift Card to hr@global-remote-jobs.xyz to get started. [Case ID: fb60d4]",1
Customs Clearance Alert: Your international parcel #US89218 is held at customs due to unpaid duties of $45. Pay now at http://customs-parcel-release.click [Case ID: d75917],1
"CONGRATULATIONS! You have won $1,000,000 in the International Mobile Lottery. Reply with your full name, bank account, and SSN to claim prize. [Case ID: ab1a4d]",1
"Job Offer: Work from home and earn $5,000/week! Send $50 registration fee via UPI / Apple Gift Card to hr@global-remote-jobs.xyz to get started. [Case ID: 995665]",1
"CONGRATULATIONS! You have won $1,000,000 in the International Mobile Lottery. Reply with your full name, bank account, and SSN to claim prize. [Case ID: da11e8]",1
"CONGRATULATIONS! You have won $1,000,000 in the International Mobile Lottery. Reply with your full name, bank account, and SSN to claim prize. [Case ID: d94e18]",1
Customs Clearance Alert: Your international parcel #US89218 is held at customs due to unpaid duties of $45. Pay now at http://customs-parcel-release.click [Case ID: 1cecc7],1
"CONGRATULATIONS! You have won $1,000,000 in the International Mobile Lottery. Reply with your full name, bank account, and SSN to claim prize. [Case ID: 018b59]",1
Security Alert: Your Apple ID has been locked due to multiple failed login attempts. Verify identity at http://appleid-support-security.xyz now. [Case ID: 242c10],1
URGENT: Your Wells Fargo account has been suspended! Verify your credentials immediately at http://wellsfargo-verify-login.xyz to restore access. [Case ID: 944bdd],1
Security Alert: Your Apple ID has been locked due to multiple failed login attempts. Verify identity at http://appleid-support-security.xyz now. [Case ID: c0a271],1
URGENT: Your Wells Fargo account has been suspended! Verify your credentials immediately at http://wellsfargo-verify-login.xyz to restore access. [Case ID: 407901],1
Your debit card has been blocked. Call support immediately at 9845012345 or visit http://bank-card-reactivate.ml to prevent permanent cancellation. [Case ID: 0e9fa1],1
Your debit card has been blocked. Call support immediately at 9845012345 or visit http://bank-card-reactivate.ml to prevent permanent cancellation. [Case ID: 082942],1
"CONGRATULATIONS! You have won $1,000,000 in the International Mobile Lottery. Reply with your full name, bank account, and SSN to claim prize. [Case ID: 702229]",1
"Dear Customer, your Netflix subscription expired. Update your credit card details immediately at http://netflix-billing-update.cf or your service terminates today. [Case ID: 71f627]",1
"Dear Customer, your Netflix subscription expired. Update your credit card details immediately at http://netflix-billing-update.cf or your service terminates today. [Case ID: 459a4d]",1
URGENT: Your Wells Fargo account has been suspended! Verify your credentials immediately at http://wellsfargo-verify-login.xyz to restore access. [Case ID: 7c82fa],1
"Job Offer: Work from home and earn $5,000/week! Send $50 registration fee via UPI / Apple Gift Card to hr@global-remote-jobs.xyz to get started. [Case ID: 84438b]",1
Customs Clearance Alert: Your international parcel #US89218 is held at customs due to unpaid duties of $45. Pay now at http://customs-parcel-release.click [Case ID: dc87c1],1
"CONGRATULATIONS! You have won $1,000,000 in the International Mobile Lottery. Reply with your full name, bank account, and SSN to claim prize. [Case ID: 2812e5]",1
Customs Clearance Alert: Your international parcel #US89218 is held at customs due to unpaid duties of $45. Pay now at http://customs-parcel-release.click [Case ID: 286674],1
Security Alert: Your Apple ID has been locked due to multiple failed login attempts. Verify identity at http://appleid-support-security.xyz now. [Case ID: a51fb9],1
"Dear Customer, your Netflix subscription expired. Update your credit card details immediately at http://netflix-billing-update.cf or your service terminates today. [Case ID: a0833c]",1
"Bank of America Security Alert: Unauthorized transaction of $1,250.00 detected. Click http://bofa-fraud-cancel.top/cancel to reverse charge within 2 hours. [Case ID: 6f3e29]",1
Security Alert: Your Apple ID has been locked due to multiple failed login attempts. Verify identity at http://appleid-support-security.xyz now. [Case ID: 2df452],1
Security Alert: Your Apple ID has been locked due to multiple failed login attempts. Verify identity at http://appleid-support-security.xyz now. [Case ID: 996009],1
URGENT: Your Wells Fargo account has been suspended! Verify your credentials immediately at http://wellsfargo-verify-login.xyz to restore access. [Case ID: d282ef],1
IRS Notice: Final warning! A lawsuit is filed against you for unpaid taxes. Call immediately at +1-800-555-0199 or send $500 via Bitcoin to settle. [Case ID: 5caf41],1
Security Alert: Your Apple ID has been locked due to multiple failed login attempts. Verify identity at http://appleid-support-security.xyz now. [Case ID: fd5c90],1
"CONGRATULATIONS! You have won $1,000,000 in the International Mobile Lottery. Reply with your full name, bank account, and SSN to claim prize. [Case ID: 7940ab]",1
"Your PayPal account was accessed from an unknown device in Russia. If this wasn't you, login now at http://paypal-security-alert.tk/auth to secure funds. [Case ID: f93882]",1
"Your PayPal account was accessed from an unknown device in Russia. If this wasn't you, login now at http://paypal-security-alert.tk/auth to secure funds. [Case ID: a0872c]",1
"CONGRATULATIONS! You have won $1,000,000 in the International Mobile Lottery. Reply with your full name, bank account, and SSN to claim prize. [Case ID: 4476b9]",1
IRS Notice: Final warning! A lawsuit is filed against you for unpaid taxes. Call immediately at +1-800-555-0199 or send $500 via Bitcoin to settle. [Case ID: 535ab7],1
IRS Notice: Final warning! A lawsuit is filed against you for unpaid taxes. Call immediately at +1-800-555-0199 or send $500 via Bitcoin to settle. [Case ID: 7bb060],1
URGENT: Your Wells Fargo account has been suspended! Verify your credentials immediately at http://wellsfargo-verify-login.xyz to restore access. [Case ID: f29b38],1
"Dear Customer, your Netflix subscription expired. Update your credit card details immediately at http://netflix-billing-update.cf or your service terminates today. [Case ID: f09696]",1
Customs Clearance Alert: Your international parcel #US89218 is held at customs due to unpaid duties of $45. Pay now at http://customs-parcel-release.click [Case ID: 50905d],1
IRS Notice: Final warning! A lawsuit is filed against you for unpaid taxes. Call immediately at +1-800-555-0199 or send $500 via Bitcoin to settle. [Case ID: dfd746],1
"Bank of America Security Alert: Unauthorized transaction of $1,250.00 detected. Click http://bofa-fraud-cancel.top/cancel to reverse charge within 2 hours. [Case ID: f3f1b7]",1
URGENT: Your Wells Fargo account has been suspended! Verify your credentials immediately at http://wellsfargo-verify-login.xyz to restore access. [Case ID: 93fb9d],1
Your debit card has been blocked. Call support immediately at 9845012345 or visit http://bank-card-reactivate.ml to prevent permanent cancellation. [Case ID: 76cf99],1
"Job Offer: Work from home and earn $5,000/week! Send $50 registration fee via UPI / Apple Gift Card to hr@global-remote-jobs.xyz to get started. [Case ID: 1ee3df]",1
Your debit card has been blocked. Call support immediately at 9845012345 or visit http://bank-card-reactivate.ml to prevent permanent cancellation. [Case ID: 2a50e9],1
URGENT: Your Wells Fargo account has been suspended! Verify your credentials immediately at http://wellsfargo-verify-login.xyz to restore access. [Case ID: f9be31],1
Security Alert: Your Apple ID has been locked due to multiple failed login attempts. Verify identity at http://appleid-support-security.xyz now. [Case ID: dc960c],1
Customs Clearance Alert: Your international parcel #US89218 is held at customs due to unpaid duties of $45. Pay now at http://customs-parcel-release.click [Case ID: 4671ae],1
"Job Offer: Work from home and earn $5,000/week! Send $50 registration fee via UPI / Apple Gift Card to hr@global-remote-jobs.xyz to get started. [Case ID: bb7946]",1
Your debit card has been blocked. Call support immediately at 9845012345 or visit http://bank-card-reactivate.ml to prevent permanent cancellation. [Case ID: 3546ab],1
"Job Offer: Work from home and earn $5,000/week! Send $50 registration fee via UPI / Apple Gift Card to hr@global-remote-jobs.xyz to get started. [Case ID: c70daf]",1
"Bank of America Security Alert: Unauthorized transaction of $1,250.00 detected. Click http://bofa-fraud-cancel.top/cancel to reverse charge within 2 hours. [Case ID: 17fafe]",1
"Bank of America Security Alert: Unauthorized transaction of $1,250.00 detected. Click http://bofa-fraud-cancel.top/cancel to reverse charge within 2 hours. [Case ID: 4c22bd]",1
"Bank of America Security Alert: Unauthorized transaction of $1,250.00 detected. Click http://bofa-fraud-cancel.top/cancel to reverse charge within 2 hours. [Case ID: 01e956]",1
URGENT: Your Wells Fargo account has been suspended! Verify your credentials immediately at http://wellsfargo-verify-login.xyz to restore access. [Case ID: fe5151],1
Customs Clearance Alert: Your international parcel #US89218 is held at customs due to unpaid duties of $45. Pay now at http://customs-parcel-release.click [Case ID: e077e1],1
URGENT: Your Wells Fargo account has been suspended! Verify your credentials immediately at http://wellsfargo-verify-login.xyz to restore access. [Case ID: 28e209],1
"Your PayPal account was accessed from an unknown device in Russia. If this wasn't you, login now at http://paypal-security-alert.tk/auth to secure funds. [Case ID: ff49cc]",1
Security Alert: Your Apple ID has been locked due to multiple failed login attempts. Verify identity at http://appleid-support-security.xyz now. [Case ID: 8edd72],1
Security Alert: Your Apple ID has been locked due to multiple failed login attempts. Verify identity at http://appleid-support-security.xyz now. [Case ID: 9cb67f],1
"Bank of America Security Alert: Unauthorized transaction of $1,250.00 detected. Click http://bofa-fraud-cancel.top/cancel to reverse charge within 2 hours. [Case ID: 3d779c]",1
"Your PayPal account was accessed from an unknown device in Russia. If this wasn't you, login now at http://paypal-security-alert.tk/auth to secure funds. [Case ID: e48e13]",1
IRS Notice: Final warning! A lawsuit is filed against you for unpaid taxes. Call immediately at +1-800-555-0199 or send $500 via Bitcoin to settle. [Case ID: 053116],1
IRS Notice: Final warning! A lawsuit is filed against you for unpaid taxes. Call immediately at +1-800-555-0199 or send $500 via Bitcoin to settle. [Case ID: d10ec7],1
"Bank of America Security Alert: Unauthorized transaction of $1,250.00 detected. Click http://bofa-fraud-cancel.top/cancel to reverse charge within 2 hours. [Case ID: 4f8765]",1
Your debit card has been blocked. Call support immediately at 9845012345 or visit http://bank-card-reactivate.ml to prevent permanent cancellation. [Case ID: 33ebd5],1
URGENT: Your Wells Fargo account has been suspended! Verify your credentials immediately at http://wellsfargo-verify-login.xyz to restore access. [Case ID: 5e1b18],1
"Bank of America Security Alert: Unauthorized transaction of $1,250.00 detected. Click http://bofa-fraud-cancel.top/cancel to reverse charge within 2 hours. [Case ID: 674bfc]",1
"Dear Customer, your Netflix subscription expired. Update your credit card details immediately at http://netflix-billing-update.cf or your service terminates today. [Case ID: a50abb]",1
"Job Offer: Work from home and earn $5,000/week! Send $50 registration fee via UPI / Apple Gift Card to hr@global-remote-jobs.xyz to get started. [Case ID: 86109d]",1
Security Alert: Your Apple ID has been locked due to multiple failed login attempts. Verify identity at http://appleid-support-security.xyz now. [Case ID: 82965d],1
IRS Notice: Final warning! A lawsuit is filed against you for unpaid taxes. Call immediately at +1-800-555-0199 or send $500 via Bitcoin to settle. [Case ID: 0e5566],1
"CONGRATULATIONS! You have won $1,000,000 in the International Mobile Lottery. Reply with your full name, bank account, and SSN to claim prize. [Case ID: c73dfe]",1
IRS Notice: Final warning! A lawsuit is filed against you for unpaid taxes. Call immediately at +1-800-555-0199 or send $500 via Bitcoin to settle. [Case ID: bcc0d4],1
Security Alert: Your Apple ID has been locked due to multiple failed login attempts. Verify identity at http://appleid-support-security.xyz now. [Case ID: 861dc9],1
"Job Offer: Work from home and earn $5,000/week! Send $50 registration fee via UPI / Apple Gift Card to hr@global-remote-jobs.xyz to get started. [Case ID: 3e313b]",1
Security Alert: Your Apple ID has been locked due to multiple failed login attempts. Verify identity at http://appleid-support-security.xyz now. [Case ID: 8b0dc6],1
"CONGRATULATIONS! You have won $1,000,000 in the International Mobile Lottery. Reply with your full name, bank account, and SSN to claim prize. [Case ID: ee8374]",1
"Bank of America Security Alert: Unauthorized transaction of $1,250.00 detected. Click http://bofa-fraud-cancel.top/cancel to reverse charge within 2 hours. [Case ID: af4732]",1
"Your PayPal account was accessed from an unknown device in Russia. If this wasn't you, login now at http://paypal-security-alert.tk/auth to secure funds. [Case ID: b8c27b]",1
"CONGRATULATIONS! You have won $1,000,000 in the International Mobile Lottery. Reply with your full name, bank account, and SSN to claim prize. [Case ID: 980ecd]",1
Security Alert: Your Apple ID has been locked due to multiple failed login attempts. Verify identity at http://appleid-support-security.xyz now. [Case ID: c26820],1
Security Alert: Your Apple ID has been locked due to multiple failed login attempts. Verify identity at http://appleid-support-security.xyz now. [Case ID: 83adc9],1
"Dear Customer, your Netflix subscription expired. Update your credit card details immediately at http://netflix-billing-update.cf or your service terminates today. [Case ID: 8d3369]",1
"Dear Customer, your Netflix subscription expired. Update your credit card details immediately at http://netflix-billing-update.cf or your service terminates today. [Case ID: fb508e]",1
Customs Clearance Alert: Your international parcel #US89218 is held at customs due to unpaid duties of $45. Pay now at http://customs-parcel-release.click [Case ID: cf9a24],1
"Dear Customer, your Netflix subscription expired. Update your credit card details immediately at http://netflix-billing-update.cf or your service terminates today. [Case ID: a9be4c]",1
URGENT: Your Wells Fargo account has been suspended! Verify your credentials immediately at http://wellsfargo-verify-login.xyz to restore access. [Case ID: 9683cc],1
"Your PayPal account was accessed from an unknown device in Russia. If this wasn't you, login now at http://paypal-security-alert.tk/auth to secure funds. [Case ID: effc29]",1
"Job Offer: Work from home and earn $5,000/week! Send $50 registration fee via UPI / Apple Gift Card to hr@global-remote-jobs.xyz to get started. [Case ID: cf1f78]",1
"CONGRATULATIONS! You have won $1,000,000 in the International Mobile Lottery. Reply with your full name, bank account, and SSN to claim prize. [Case ID: 6a5889]",1
Security Alert: Your Apple ID has been locked due to multiple failed login attempts. Verify identity at http://appleid-support-security.xyz now. [Case ID: a223c6],1
Customs Clearance Alert: Your international parcel #US89218 is held at customs due to unpaid duties of $45. Pay now at http://customs-parcel-release.click [Case ID: 6c1da8],1
Customs Clearance Alert: Your international parcel #US89218 is held at customs due to unpaid duties of $45. Pay now at http://customs-parcel-release.click [Case ID: 0e3a37],1
"Job Offer: Work from home and earn $5,000/week! Send $50 registration fee via UPI / Apple Gift Card to hr@global-remote-jobs.xyz to get started. [Case ID: d1ee59]",1
"Your PayPal account was accessed from an unknown device in Russia. If this wasn't you, login now at http://paypal-security-alert.tk/auth to secure funds. [Case ID: 81ca02]",1
"CONGRATULATIONS! You have won $1,000,000 in the International Mobile Lottery. Reply with your full name, bank account, and SSN to claim prize. [Case ID: f3bd5a]",1
IRS Notice: Final warning! A lawsuit is filed against you for unpaid taxes. Call immediately at +1-800-555-0199 or send $500 via Bitcoin to settle. [Case ID: e56b06],1
"Dear Customer, your Netflix subscription expired. Update your credit card details immediately at http://netflix-billing-update.cf or your service terminates today. [Case ID: 792c7b]",1
"Bank of America Security Alert: Unauthorized transaction of $1,250.00 detected. Click http://bofa-fraud-cancel.top/cancel to reverse charge within 2 hours. [Case ID: 70feb6]",1
Customs Clearance Alert: Your international parcel #US89218 is held at customs due to unpaid duties of $45. Pay now at http://customs-parcel-release.click [Case ID: 79a49b],1
"Dear Customer, your Netflix subscription expired. Update your credit card details immediately at http://netflix-billing-update.cf or your service terminates today. [Case ID: f52378]",1
"Dear Customer, your Netflix subscription expired. Update your credit card details immediately at http://netflix-billing-update.cf or your service terminates today. [Case ID: 8d9a0a]",1
URGENT: Your Wells Fargo account has been suspended! Verify your credentials immediately at http://wellsfargo-verify-login.xyz to restore access. [Case ID: bad5f3],1
"Your PayPal account was accessed from an unknown device in Russia. If this wasn't you, login now at http://paypal-security-alert.tk/auth to secure funds. [Case ID: ea8fcd]",1
"Bank of America Security Alert: Unauthorized transaction of $1,250.00 detected. Click http://bofa-fraud-cancel.top/cancel to reverse charge within 2 hours. [Case ID: d82118]",1
IRS Notice: Final warning! A lawsuit is filed against you for unpaid taxes. Call immediately at +1-800-555-0199 or send $500 via Bitcoin to settle. [Case ID: 4e0d67],1
Security Alert: Your Apple ID has been locked due to multiple failed login attempts. Verify identity at http://appleid-support-security.xyz now. [Case ID: cd0dce],1
URGENT: Your Wells Fargo account has been suspended! Verify your credentials immediately at http://wellsfargo-verify-login.xyz to restore access. [Case ID: 5ca3e9],1
"Dear Customer, your Netflix subscription expired. Update your credit card details immediately at http://netflix-billing-update.cf or your service terminates today. [Case ID: 86e8f7]",1
"Dear Customer, your Netflix subscription expired. Update your credit card details immediately at http://netflix-billing-update.cf or your service terminates today. [Case ID: 363763]",1
Your debit card has been blocked. Call support immediately at 9845012345 or visit http://bank-card-reactivate.ml to prevent permanent cancellation. [Case ID: 4fa7c6],1
"Bank of America Security Alert: Unauthorized transaction of $1,250.00 detected. Click http://bofa-fraud-cancel.top/cancel to reverse charge within 2 hours. [Case ID: 0c0a75]",1
"Bank of America Security Alert: Unauthorized transaction of $1,250.00 detected. Click http://bofa-fraud-cancel.top/cancel to reverse charge within 2 hours. [Case ID: 2bd7f9]",1
Your debit card has been blocked. Call support immediately at 9845012345 or visit http://bank-card-reactivate.ml to prevent permanent cancellation. [Case ID: 359f38],1
"Bank of America Security Alert: Unauthorized transaction of $1,250.00 detected. Click http://bofa-fraud-cancel.top/cancel to reverse charge within 2 hours. [Case ID: 7f53f8]",1
"Dear Customer, your Netflix subscription expired. Update your credit card details immediately at http://netflix-billing-update.cf or your service terminates today. [Case ID: c08268]",1
Customs Clearance Alert: Your international parcel #US89218 is held at customs due to unpaid duties of $45. Pay now at http://customs-parcel-release.click [Case ID: ad3019],1
"CONGRATULATIONS! You have won $1,000,000 in the International Mobile Lottery. Reply with your full name, bank account, and SSN to claim prize. [Case ID: f016e5]",1
"Dear Customer, your Netflix subscription expired. Update your credit card details immediately at http://netflix-billing-update.cf or your service terminates today. [Case ID: 14d9e8]",1
URGENT: Your Wells Fargo account has been suspended! Verify your credentials immediately at http://wellsfargo-verify-login.xyz to restore access. [Case ID: 096628],1
"Your PayPal account was accessed from an unknown device in Russia. If this wasn't you, login now at http://paypal-security-alert.tk/auth to secure funds. [Case ID: 215a71]",1
Your debit card has been blocked. Call support immediately at 9845012345 or visit http://bank-card-reactivate.ml to prevent permanent cancellation. [Case ID: d97313],1
IRS Notice: Final warning! A lawsuit is filed against you for unpaid taxes. Call immediately at +1-800-555-0199 or send $500 via Bitcoin to settle. [Case ID: 602d13],1
Security Alert: Your Apple ID has been locked due to multiple failed login attempts. Verify identity at http://appleid-support-security.xyz now. [Case ID: f0dd4a],1
IRS Notice: Final warning! A lawsuit is filed against you for unpaid taxes. Call immediately at +1-800-555-0199 or send $500 via Bitcoin to settle. [Case ID: 9701a1],1
"Dear Customer, your Netflix subscription expired. Update your credit card details immediately at http://netflix-billing-update.cf or your service terminates today. [Case ID: 28fc27]",1
URGENT: Your Wells Fargo account has been suspended! Verify your credentials immediately at http://wellsfargo-verify-login.xyz to restore access. [Case ID: 4edaa1],1
"Dear Customer, your Netflix subscription expired. Update your credit card details immediately at http://netflix-billing-update.cf or your service terminates today. [Case ID: 186a15]",1
"Your PayPal account was accessed from an unknown device in Russia. If this wasn't you, login now at http://paypal-security-alert.tk/auth to secure funds. [Case ID: 3de233]",1
Customs Clearance Alert: Your international parcel #US89218 is held at customs due to unpaid duties of $45. Pay now at http://customs-parcel-release.click [Case ID: b7087c],1
Security Alert: Your Apple ID has been locked due to multiple failed login attempts. Verify identity at http://appleid-support-security.xyz now. [Case ID: 46771d],1
"Your PayPal account was accessed from an unknown device in Russia. If this wasn't you, login now at http://paypal-security-alert.tk/auth to secure funds. [Case ID: 6d9c54]",1
Your debit card has been blocked. Call support immediately at 9845012345 or visit http://bank-card-reactivate.ml to prevent permanent cancellation. [Case ID: 7b5b23],1
Your debit card has been blocked. Call support immediately at 9845012345 or visit http://bank-card-reactivate.ml to prevent permanent cancellation. [Case ID: 512c5c],1
"Dear Customer, your Netflix subscription expired. Update your credit card details immediately at http://netflix-billing-update.cf or your service terminates today. [Case ID: 54072f]",1
URGENT: Your Wells Fargo account has been suspended! Verify your credentials immediately at http://wellsfargo-verify-login.xyz to restore access. [Case ID: 0e4e94],1
"Your PayPal account was accessed from an unknown device in Russia. If this wasn't you, login now at http://paypal-security-alert.tk/auth to secure funds. [Case ID: 59f51f]",1
"Job Offer: Work from home and earn $5,000/week! Send $50 registration fee via UPI / Apple Gift Card to hr@global-remote-jobs.xyz to get started. [Case ID: 7a6741]",1
URGENT: Your Wells Fargo account has been suspended! Verify your credentials immediately at http://wellsfargo-verify-login.xyz to restore access. [Case ID: a60937],1
Customs Clearance Alert: Your international parcel #US89218 is held at customs due to unpaid duties of $45. Pay now at http://customs-parcel-release.click [Case ID: 23ad3e],1
Your debit card has been blocked. Call support immediately at 9845012345 or visit http://bank-card-reactivate.ml to prevent permanent cancellation. [Case ID: 9a1756],1
"Dear Customer, your Netflix subscription expired. Update your credit card details immediately at http://netflix-billing-update.cf or your service terminates today. [Case ID: 309928]",1
"Bank of America Security Alert: Unauthorized transaction of $1,250.00 detected. Click http://bofa-fraud-cancel.top/cancel to reverse charge within 2 hours. [Case ID: 30c8e1]",1
Your debit card has been blocked. Call support immediately at 9845012345 or visit http://bank-card-reactivate.ml to prevent permanent cancellation. [Case ID: 90db9d],1
Security Alert: Your Apple ID has been locked due to multiple failed login attempts. Verify identity at http://appleid-support-security.xyz now. [Case ID: 9aa42b],1
"CONGRATULATIONS! You have won $1,000,000 in the International Mobile Lottery. Reply with your full name, bank account, and SSN to claim prize. [Case ID: 0ed942]",1
"Bank of America Security Alert: Unauthorized transaction of $1,250.00 detected. Click http://bofa-fraud-cancel.top/cancel to reverse charge within 2 hours. [Case ID: 856fc8]",1
"Dear Customer, your Netflix subscription expired. Update your credit card details immediately at http://netflix-billing-update.cf or your service terminates today. [Case ID: 489d03]",1
"Job Offer: Work from home and earn $5,000/week! Send $50 registration fee via UPI / Apple Gift Card to hr@global-remote-jobs.xyz to get started. [Case ID: a424ed]",1
"Bank of America Security Alert: Unauthorized transaction of $1,250.00 detected. Click http://bofa-fraud-cancel.top/cancel to reverse charge within 2 hours. [Case ID: 299fb2]",1
Security Alert: Your Apple ID has been locked due to multiple failed login attempts. Verify identity at http://appleid-support-security.xyz now. [Case ID: 970af3],1
URGENT: Your Wells Fargo account has been suspended! Verify your credentials immediately at http://wellsfargo-verify-login.xyz to restore access. [Case ID: 0663a4],1
"Job Offer: Work from home and earn $5,000/week! Send $50 registration fee via UPI / Apple Gift Card to hr@global-remote-jobs.xyz to get started. [Case ID: 563527]",1
Your debit card has been blocked. Call support immediately at 9845012345 or visit http://bank-card-reactivate.ml to prevent permanent cancellation. [Case ID: 411ae1],1
"Job Offer: Work from home and earn $5,000/week! Send $50 registration fee via UPI / Apple Gift Card to hr@global-remote-jobs.xyz to get started. [Case ID: e11943]",1
"Your PayPal account was accessed from an unknown device in Russia. If this wasn't you, login now at http://paypal-security-alert.tk/auth to secure funds. [Case ID: 56468d]",1
Security Alert: Your Apple ID has been locked due to multiple failed login attempts. Verify identity at http://appleid-support-security.xyz now. [Case ID: b069b3],1
"Bank of America Security Alert: Unauthorized transaction of $1,250.00 detected. Click http://bofa-fraud-cancel.top/cancel to reverse charge within 2 hours. [Case ID: 7895fc]",1
"Your PayPal account was accessed from an unknown device in Russia. If this wasn't you, login now at http://paypal-security-alert.tk/auth to secure funds. [Case ID: 1f3202]",1
"Job Offer: Work from home and earn $5,000/week! Send $50 registration fee via UPI / Apple Gift Card to hr@global-remote-jobs.xyz to get started. [Case ID: eaa32c]",1
"Your PayPal account was accessed from an unknown device in Russia. If this wasn't you, login now at http://paypal-security-alert.tk/auth to secure funds. [Case ID: a8f8f6]",1
IRS Notice: Final warning! A lawsuit is filed against you for unpaid taxes. Call immediately at +1-800-555-0199 or send $500 via Bitcoin to settle. [Case ID: db6ebd],1
Security Alert: Your Apple ID has been locked due to multiple failed login attempts. Verify identity at http://appleid-support-security.xyz now. [Case ID: 540ae6],1
Customs Clearance Alert: Your international parcel #US89218 is held at customs due to unpaid duties of $45. Pay now at http://customs-parcel-release.click [Case ID: f4a331],1
URGENT: Your Wells Fargo account has been suspended! Verify your credentials immediately at http://wellsfargo-verify-login.xyz to restore access. [Case ID: b197ff],1
"Job Offer: Work from home and earn $5,000/week! Send $50 registration fee via UPI / Apple Gift Card to hr@global-remote-jobs.xyz to get started. [Case ID: f69e50]",1
Security Alert: Your Apple ID has been locked due to multiple failed login attempts. Verify identity at http://appleid-support-security.xyz now. [Case ID: 8fb5f8],1
Customs Clearance Alert: Your international parcel #US89218 is held at customs due to unpaid duties of $45. Pay now at http://customs-parcel-release.click [Case ID: afe434],1
Customs Clearance Alert: Your international parcel #US89218 is held at customs due to unpaid duties of $45. Pay now at http://customs-parcel-release.click [Case ID: b265ce],1
"Dear Customer, your Netflix subscription expired. Update your credit card details immediately at http://netflix-billing-update.cf or your service terminates today. [Case ID: 8fb21e]",1
"Your PayPal account was accessed from an unknown device in Russia. If this wasn't you, login now at http://paypal-security-alert.tk/auth to secure funds. [Case ID: c930ee]",1
Customs Clearance Alert: Your international parcel #US89218 is held at customs due to unpaid duties of $45. Pay now at http://customs-parcel-release.click [Case ID: e94f63],1
IRS Notice: Final warning! A lawsuit is filed against you for unpaid taxes. Call immediately at +1-800-555-0199 or send $500 via Bitcoin to settle. [Case ID: 2dffbc],1
Security Alert: Your Apple ID has been locked due to multiple failed login attempts. Verify identity at http://appleid-support-security.xyz now. [Case ID: c5cc17],1
"CONGRATULATIONS! You have won $1,000,000 in the International Mobile Lottery. Reply with your full name, bank account, and SSN to claim prize. [Case ID: 80a815]",1
"CONGRATULATIONS! You have won $1,000,000 in the International Mobile Lottery. Reply with your full name, bank account, and SSN to claim prize. [Case ID: 6786f3]",1
"Job Offer: Work from home and earn $5,000/week! Send $50 registration fee via UPI / Apple Gift Card to hr@global-remote-jobs.xyz to get started. [Case ID: 536a76]",1
Your debit card has been blocked. Call support immediately at 9845012345 or visit http://bank-card-reactivate.ml to prevent permanent cancellation. [Case ID: 3bbfdd],1
"Your PayPal account was accessed from an unknown device in Russia. If this wasn't you, login now at http://paypal-security-alert.tk/auth to secure funds. [Case ID: 0a1bf9]",1
Your debit card has been blocked. Call support immediately at 9845012345 or visit http://bank-card-reactivate.ml to prevent permanent cancellation. [Case ID: 5e76be],1
Customs Clearance Alert: Your international parcel #US89218 is held at customs due to unpaid duties of $45. Pay now at http://customs-parcel-release.click [Case ID: 01d8ba],1
Security Alert: Your Apple ID has been locked due to multiple failed login attempts. Verify identity at http://appleid-support-security.xyz now. [Case ID: 4dcae3],1
"Job Offer: Work from home and earn $5,000/week! Send $50 registration fee via UPI / Apple Gift Card to hr@global-remote-jobs.xyz to get started. [Case ID: 1abb1e]",1
"Bank of America Security Alert: Unauthorized transaction of $1,250.00 detected. Click http://bofa-fraud-cancel.top/cancel to reverse charge within 2 hours. [Case ID: 07042a]",1
Customs Clearance Alert: Your international parcel #US89218 is held at customs due to unpaid duties of $45. Pay now at http://customs-parcel-release.click [Case ID: 951514],1
"Your PayPal account was accessed from an unknown device in Russia. If this wasn't you, login now at http://paypal-security-alert.tk/auth to secure funds. [Case ID: ad71c8]",1
"CONGRATULATIONS! You have won $1,000,000 in the International Mobile Lottery. Reply with your full name, bank account, and SSN to claim prize. [Case ID: fe70c3]",1
"Dear Customer, your Netflix subscription expired. Update your credit card details immediately at http://netflix-billing-update.cf or your service terminates today. [Case ID: c91330]",1
Security Alert: Your Apple ID has been locked due to multiple failed login attempts. Verify identity at http://appleid-support-security.xyz now. [Case ID: 372d3f],1
URGENT: Your Wells Fargo account has been suspended! Verify your credentials immediately at http://wellsfargo-verify-login.xyz to restore access. [Case ID: 6d9cb7],1
Your debit card has been blocked. Call support immediately at 9845012345 or visit http://bank-card-reactivate.ml to prevent permanent cancellation. [Case ID: 024595],1
"Job Offer: Work from home and earn $5,000/week! Send $50 registration fee via UPI / Apple Gift Card to hr@global-remote-jobs.xyz to get started. [Case ID: cec6f6]",1
Your debit card has been blocked. Call support immediately at 9845012345 or visit http://bank-card-reactivate.ml to prevent permanent cancellation. [Case ID: 991de2],1
Security Alert: Your Apple ID has been locked due to multiple failed login attempts. Verify identity at http://appleid-support-security.xyz now. [Case ID: 42ffcf],1
Your debit card has been blocked. Call support immediately at 9845012345 or visit http://bank-card-reactivate.ml to prevent permanent cancellation. [Case ID: 8b0d26],1
Security Alert: Your Apple ID has been locked due to multiple failed login attempts. Verify identity at http://appleid-support-security.xyz now. [Case ID: daa96d],1
Your debit card has been blocked. Call support immediately at 9845012345 or visit http://bank-card-reactivate.ml to prevent permanent cancellation. [Case ID: ac796a],1
IRS Notice: Final warning! A lawsuit is filed against you for unpaid taxes. Call immediately at +1-800-555-0199 or send $500 via Bitcoin to settle. [Case ID: 7d6044],1
"Bank of America Security Alert: Unauthorized transaction of $1,250.00 detected. Click http://bofa-fraud-cancel.top/cancel to reverse charge within 2 hours. [Case ID: 571d3a]",1
Customs Clearance Alert: Your international parcel #US89218 is held at customs due to unpaid duties of $45. Pay now at http://customs-parcel-release.click [Case ID: 97275a],1
Customs Clearance Alert: Your international parcel #US89218 is held at customs due to unpaid duties of $45. Pay now at http://customs-parcel-release.click [Case ID: 78b9ca],1
"Your PayPal account was accessed from an unknown device in Russia. If this wasn't you, login now at http://paypal-security-alert.tk/auth to secure funds. [Case ID: 83cdce]",1
URGENT: Your Wells Fargo account has been suspended! Verify your credentials immediately at http://wellsfargo-verify-login.xyz to restore access. [Case ID: dc09c9],1
URGENT: Your Wells Fargo account has been suspended! Verify your credentials immediately at http://wellsfargo-verify-login.xyz to restore access. [Case ID: e816c6],1
"Your PayPal account was accessed from an unknown device in Russia. If this wasn't you, login now at http://paypal-security-alert.tk/auth to secure funds. [Case ID: 4e8412]",1
"Dear Customer, your Netflix subscription expired. Update your credit card details immediately at http://netflix-billing-update.cf or your service terminates today. [Case ID: ab541d]",1
Customs Clearance Alert: Your international parcel #US89218 is held at customs due to unpaid duties of $45. Pay now at http://customs-parcel-release.click [Case ID: bffc98],1
"Dear Customer, your Netflix subscription expired. Update your credit card details immediately at http://netflix-billing-update.cf or your service terminates today. [Case ID: 729c68]",1
Security Alert: Your Apple ID has been locked due to multiple failed login attempts. Verify identity at http://appleid-support-security.xyz now. [Case ID: 7fb8ce],1
Security Alert: Your Apple ID has been locked due to multiple failed login attempts. Verify identity at http://appleid-support-security.xyz now. [Case ID: 86df7d],1
"CONGRATULATIONS! You have won $1,000,000 in the International Mobile Lottery. Reply with your full name, bank account, and SSN to claim prize. [Case ID: 6d3a1e]",1
Your debit card has been blocked. Call support immediately at 9845012345 or visit http://bank-card-reactivate.ml to prevent permanent cancellation. [Case ID: 8a146f],1
URGENT: Your Wells Fargo account has been suspended! Verify your credentials immediately at http://wellsfargo-verify-login.xyz to restore access. [Case ID: 1baff7],1
"CONGRATULATIONS! You have won $1,000,000 in the International Mobile Lottery. Reply with your full name, bank account, and SSN to claim prize. [Case ID: f187a2]",1
"Bank of America Security Alert: Unauthorized transaction of $1,250.00 detected. Click http://bofa-fraud-cancel.top/cancel to reverse charge within 2 hours. [Case ID: 226d1f]",1
"Your PayPal account was accessed from an unknown device in Russia. If this wasn't you, login now at http://paypal-security-alert.tk/auth to secure funds. [Case ID: e655c7]",1
"Your PayPal account was accessed from an unknown device in Russia. If this wasn't you, login now at http://paypal-security-alert.tk/auth to secure funds. [Case ID: 171472]",1
Security Alert: Your Apple ID has been locked due to multiple failed login attempts. Verify identity at http://appleid-support-security.xyz now. [Case ID: fcdf25],1
Customs Clearance Alert: Your international parcel #US89218 is held at customs due to unpaid duties of $45. Pay now at http://customs-parcel-release.click [Case ID: fa1e9c],1
"Dear Customer, your Netflix subscription expired. Update your credit card details immediately at http://netflix-billing-update.cf or your service terminates today. [Case ID: 1415db]",1
URGENT: Your Wells Fargo account has been suspended! Verify your credentials immediately at http://wellsfargo-verify-login.xyz to restore access. [Case ID: 55c567],1
"CONGRATULATIONS! You have won $1,000,000 in the International Mobile Lottery. Reply with your full name, bank account, and SSN to claim prize. [Case ID: ced556]",1
"Dear Customer, your Netflix subscription expired. Update your credit card details immediately at http://netflix-billing-update.cf or your service terminates today. [Case ID: 649079]",1
"CONGRATULATIONS! You have won $1,000,000 in the International Mobile Lottery. Reply with your full name, bank account, and SSN to claim prize. [Case ID: cfa530]",1
Your debit card has been blocked. Call support immediately at 9845012345 or visit http://bank-card-reactivate.ml to prevent permanent cancellation. [Case ID: 5cbdfd],1
"Bank of America Security Alert: Unauthorized transaction of $1,250.00 detected. Click http://bofa-fraud-cancel.top/cancel to reverse charge within 2 hours. [Case ID: 77f959]",1
"Bank of America Security Alert: Unauthorized transaction of $1,250.00 detected. Click http://bofa-fraud-cancel.top/cancel to reverse charge within 2 hours. [Case ID: 0c8ce5]",1
"Dear Customer, your Netflix subscription expired. Update your credit card details immediately at http://netflix-billing-update.cf or your service terminates today. [Case ID: 49b8b4]",1
"Dear Customer, your Netflix subscription expired. Update your credit card details immediately at http://netflix-billing-update.cf or your service terminates today. [Case ID: 0c9ebb]",1
"Dear Customer, your Netflix subscription expired. Update your credit card details immediately at http://netflix-billing-update.cf or your service terminates today. [Case ID: b5488a]",1
"CONGRATULATIONS! You have won $1,000,000 in the International Mobile Lottery. Reply with your full name, bank account, and SSN to claim prize. [Case ID: 4dcf43]",1
Your debit card has been blocked. Call support immediately at 9845012345 or visit http://bank-card-reactivate.ml to prevent permanent cancellation. [Case ID: ebd6d2],1
IRS Notice: Final warning! A lawsuit is filed against you for unpaid taxes. Call immediately at +1-800-555-0199 or send $500 via Bitcoin to settle. [Case ID: 1cd388],1
"Dear Customer, your Netflix subscription expired. Update your credit card details immediately at http://netflix-billing-update.cf or your service terminates today. [Case ID: 41a603]",1
Customs Clearance Alert: Your international parcel #US89218 is held at customs due to unpaid duties of $45. Pay now at http://customs-parcel-release.click [Case ID: ebb710],1
URGENT: Your Wells Fargo account has been suspended! Verify your credentials immediately at http://wellsfargo-verify-login.xyz to restore access. [Case ID: 0f3d01],1
URGENT: Your Wells Fargo account has been suspended! Verify your credentials immediately at http://wellsfargo-verify-login.xyz to restore access. [Case ID: 2b3bf3],1
"CONGRATULATIONS! You have won $1,000,000 in the International Mobile Lottery. Reply with your full name, bank account, and SSN to claim prize. [Case ID: 83f255]",1
"Dear Customer, your Netflix subscription expired. Update your credit card details immediately at http://netflix-billing-update.cf or your service terminates today. [Case ID: bc7316]",1
Security Alert: Your Apple ID has been locked due to multiple failed login attempts. Verify identity at http://appleid-support-security.xyz now. [Case ID: 490640],1
"Your PayPal account was accessed from an unknown device in Russia. If this wasn't you, login now at http://paypal-security-alert.tk/auth to secure funds. [Case ID: 81c872]",1
IRS Notice: Final warning! A lawsuit is filed against you for unpaid taxes. Call immediately at +1-800-555-0199 or send $500 via Bitcoin to settle. [Case ID: 42d6c7],1
Customs Clearance Alert: Your international parcel #US89218 is held at customs due to unpaid duties of $45. Pay now at http://customs-parcel-release.click [Case ID: 5607fe],1
Your debit card has been blocked. Call support immediately at 9845012345 or visit http://bank-card-reactivate.ml to prevent permanent cancellation. [Case ID: db1915],1
Security Alert: Your Apple ID has been locked due to multiple failed login attempts. Verify identity at http://appleid-support-security.xyz now. [Case ID: 253f7b],1
"Bank of America Security Alert: Unauthorized transaction of $1,250.00 detected. Click http://bofa-fraud-cancel.top/cancel to reverse charge within 2 hours. [Case ID: 3fb451]",1
Security Alert: Your Apple ID has been locked due to multiple failed login attempts. Verify identity at http://appleid-support-security.xyz now. [Case ID: df12ec],1
"CONGRATULATIONS! You have won $1,000,000 in the International Mobile Lottery. Reply with your full name, bank account, and SSN to claim prize. [Case ID: 471c75]",1
IRS Notice: Final warning! A lawsuit is filed against you for unpaid taxes. Call immediately at +1-800-555-0199 or send $500 via Bitcoin to settle. [Case ID: 8c00de],1
"Job Offer: Work from home and earn $5,000/week! Send $50 registration fee via UPI / Apple Gift Card to hr@global-remote-jobs.xyz to get started. [Case ID: e60e81]",1
"Job Offer: Work from home and earn $5,000/week! Send $50 registration fee via UPI / Apple Gift Card to hr@global-remote-jobs.xyz to get started. [Case ID: 5cce8d]",1
"Dear Customer, your Netflix subscription expired. Update your credit card details immediately at http://netflix-billing-update.cf or your service terminates today. [Case ID: 109d2d]",1
"Dear Customer, your Netflix subscription expired. Update your credit card details immediately at http://netflix-billing-update.cf or your service terminates today. [Case ID: aa486f]",1
"CONGRATULATIONS! You have won $1,000,000 in the International Mobile Lottery. Reply with your full name, bank account, and SSN to claim prize. [Case ID: cb8acb]",1
Your debit card has been blocked. Call support immediately at 9845012345 or visit http://bank-card-reactivate.ml to prevent permanent cancellation. [Case ID: 99adff],1
"Dear Customer, your Netflix subscription expired. Update your credit card details immediately at http://netflix-billing-update.cf or your service terminates today. [Case ID: 080408]",1
"Your PayPal account was accessed from an unknown device in Russia. If this wasn't you, login now at http://paypal-security-alert.tk/auth to secure funds. [Case ID: 353092]",1
IRS Notice: Final warning! A lawsuit is filed against you for unpaid taxes. Call immediately at +1-800-555-0199 or send $500 via Bitcoin to settle. [Case ID: d63fbf],1
"CONGRATULATIONS! You have won $1,000,000 in the International Mobile Lottery. Reply with your full name, bank account, and SSN to claim prize. [Case ID: 748ba6]",1
URGENT: Your Wells Fargo account has been suspended! Verify your credentials immediately at http://wellsfargo-verify-login.xyz to restore access. [Case ID: b5a1fc],1
"Bank of America Security Alert: Unauthorized transaction of $1,250.00 detected. Click http://bofa-fraud-cancel.top/cancel to reverse charge within 2 hours. [Case ID: d1a696]",1
"CONGRATULATIONS! You have won $1,000,000 in the International Mobile Lottery. Reply with your full name, bank account, and SSN to claim prize. [Case ID: b60c5a]",1
"CONGRATULATIONS! You have won $1,000,000 in the International Mobile Lottery. Reply with your full name, bank account, and SSN to claim prize. [Case ID: 17e23e]",1
"Job Offer: Work from home and earn $5,000/week! Send $50 registration fee via UPI / Apple Gift Card to hr@global-remote-jobs.xyz to get started. [Case ID: cda721]",1
Customs Clearance Alert: Your international parcel #US89218 is held at customs due to unpaid duties of $45. Pay now at http://customs-parcel-release.click [Case ID: 1373b2],1
Your debit card has been blocked. Call support immediately at 9845012345 or visit http://bank-card-reactivate.ml to prevent permanent cancellation. [Case ID: d01039],1
Customs Clearance Alert: Your international parcel #US89218 is held at customs due to unpaid duties of $45. Pay now at http://customs-parcel-release.click [Case ID: 819c9f],1
"Your PayPal account was accessed from an unknown device in Russia. If this wasn't you, login now at http://paypal-security-alert.tk/auth to secure funds. [Case ID: f337d9]",1
URGENT: Your Wells Fargo account has been suspended! Verify your credentials immediately at http://wellsfargo-verify-login.xyz to restore access. [Case ID: 89ae0f],1
"Job Offer: Work from home and earn $5,000/week! Send $50 registration fee via UPI / Apple Gift Card to hr@global-remote-jobs.xyz to get started. [Case ID: aff0a6]",1
URGENT: Your Wells Fargo account has been suspended! Verify your credentials immediately at http://wellsfargo-verify-login.xyz to restore access. [Case ID: 204da2],1
"Your PayPal account was accessed from an unknown device in Russia. If this wasn't you, login now at http://paypal-security-alert.tk/auth to secure funds. [Case ID: 35464c]",1
Customs Clearance Alert: Your international parcel #US89218 is held at customs due to unpaid duties of $45. Pay now at http://customs-parcel-release.click [Case ID: c88d8d],1
"CONGRATULATIONS! You have won $1,000,000 in the International Mobile Lottery. Reply with your full name, bank account, and SSN to claim prize. [Case ID: 6b8eba]",1
"Dear Customer, your Netflix subscription expired. Update your credit card details immediately at http://netflix-billing-update.cf or your service terminates today. [Case ID: 4e6cd9]",1
"Dear Customer, your Netflix subscription expired. Update your credit card details immediately at http://netflix-billing-update.cf or your service terminates today. [Case ID: 351b33]",1
Security Alert: Your Apple ID has been locked due to multiple failed login attempts. Verify identity at http://appleid-support-security.xyz now. [Case ID: 18ead4],1
"Bank of America Security Alert: Unauthorized transaction of $1,250.00 detected. Click http://bofa-fraud-cancel.top/cancel to reverse charge within 2 hours. [Case ID: 98986c]",1
Your debit card has been blocked. Call support immediately at 9845012345 or visit http://bank-card-reactivate.ml to prevent permanent cancellation. [Case ID: b2dd14],1
"Your PayPal account was accessed from an unknown device in Russia. If this wasn't you, login now at http://paypal-security-alert.tk/auth to secure funds. [Case ID: 4e9cec]",1
"Bank of America Security Alert: Unauthorized transaction of $1,250.00 detected. Click http://bofa-fraud-cancel.top/cancel to reverse charge within 2 hours. [Case ID: 596f71]",1
Your debit card has been blocked. Call support immediately at 9845012345 or visit http://bank-card-reactivate.ml to prevent permanent cancellation. [Case ID: 299210],1
"Bank of America Security Alert: Unauthorized transaction of $1,250.00 detected. Click http://bofa-fraud-cancel.top/cancel to reverse charge within 2 hours. [Case ID: 020c8b]",1
Customs Clearance Alert: Your international parcel #US89218 is held at customs due to unpaid duties of $45. Pay now at http://customs-parcel-release.click [Case ID: 3a20f6],1
Your debit card has been blocked. Call support immediately at 9845012345 or visit http://bank-card-reactivate.ml to prevent permanent cancellation. [Case ID: b132ec],1
Customs Clearance Alert: Your international parcel #US89218 is held at customs due to unpaid duties of $45. Pay now at http://customs-parcel-release.click [Case ID: 92af93],1
"CONGRATULATIONS! You have won $1,000,000 in the International Mobile Lottery. Reply with your full name, bank account, and SSN to claim prize. [Case ID: 4d6e47]",1
"Job Offer: Work from home and earn $5,000/week! Send $50 registration fee via UPI / Apple Gift Card to hr@global-remote-jobs.xyz to get started. [Case ID: facf9f]",1
Customs Clearance Alert: Your international parcel #US89218 is held at customs due to unpaid duties of $45. Pay now at http://customs-parcel-release.click [Case ID: d961e9],1
"Dear Customer, your Netflix subscription expired. Update your credit card details immediately at http://netflix-billing-update.cf or your service terminates today. [Case ID: be53ee]",1
"Bank of America Security Alert: Unauthorized transaction of $1,250.00 detected. Click http://bofa-fraud-cancel.top/cancel to reverse charge within 2 hours. [Case ID: 18d10d]",1
Security Alert: Your Apple ID has been locked due to multiple failed login attempts. Verify identity at http://appleid-support-security.xyz now. [Case ID: dfa92d],1
IRS Notice: Final warning! A lawsuit is filed against you for unpaid taxes. Call immediately at +1-800-555-0199 or send $500 via Bitcoin to settle. [Case ID: 655ea4],1
Your debit card has been blocked. Call support immediately at 9845012345 or visit http://bank-card-reactivate.ml to prevent permanent cancellation. [Case ID: 7949e4],1
"Your PayPal account was accessed from an unknown device in Russia. If this wasn't you, login now at http://paypal-security-alert.tk/auth to secure funds. [Case ID: 7bd28f]",1
Security Alert: Your Apple ID has been locked due to multiple failed login attempts. Verify identity at http://appleid-support-security.xyz now. [Case ID: 452bf2],1
"Dear Customer, your Netflix subscription expired. Update your credit card details immediately at http://netflix-billing-update.cf or your service terminates today. [Case ID: a1afc5]",1
Customs Clearance Alert: Your international parcel #US89218 is held at customs due to unpaid duties of $45. Pay now at http://customs-parcel-release.click [Case ID: 0d4f48],1
"Job Offer: Work from home and earn $5,000/week! Send $50 registration fee via UPI / Apple Gift Card to hr@global-remote-jobs.xyz to get started. [Case ID: 70efba]",1
"CONGRATULATIONS! You have won $1,000,000 in the International Mobile Lottery. Reply with your full name, bank account, and SSN to claim prize. [Case ID: af5afd]",1
IRS Notice: Final warning! A lawsuit is filed against you for unpaid taxes. Call immediately at +1-800-555-0199 or send $500 via Bitcoin to settle. [Case ID: 7e1d84],1
URGENT: Your Wells Fargo account has been suspended! Verify your credentials immediately at http://wellsfargo-verify-login.xyz to restore access. [Case ID: 95d309],1
Security Alert: Your Apple ID has been locked due to multiple failed login attempts. Verify identity at http://appleid-support-security.xyz now. [Case ID: ed4227],1
"Job Offer: Work from home and earn $5,000/week! Send $50 registration fee via UPI / Apple Gift Card to hr@global-remote-jobs.xyz to get started. [Case ID: dc5c76]",1
URGENT: Your Wells Fargo account has been suspended! Verify your credentials immediately at http://wellsfargo-verify-login.xyz to restore access. [Case ID: 88a199],1
IRS Notice: Final warning! A lawsuit is filed against you for unpaid taxes. Call immediately at +1-800-555-0199 or send $500 via Bitcoin to settle. [Case ID: b71091],1
"Your PayPal account was accessed from an unknown device in Russia. If this wasn't you, login now at http://paypal-security-alert.tk/auth to secure funds. [Case ID: 076023]",1
"Your PayPal account was accessed from an unknown device in Russia. If this wasn't you, login now at http://paypal-security-alert.tk/auth to secure funds. [Case ID: 277281]",1
"Bank of America Security Alert: Unauthorized transaction of $1,250.00 detected. Click http://bofa-fraud-cancel.top/cancel to reverse charge within 2 hours. [Case ID: 228499]",1
IRS Notice: Final warning! A lawsuit is filed against you for unpaid taxes. Call immediately at +1-800-555-0199 or send $500 via Bitcoin to settle. [Case ID: 8f1979],1
IRS Notice: Final warning! A lawsuit is filed against you for unpaid taxes. Call immediately at +1-800-555-0199 or send $500 via Bitcoin to settle. [Case ID: 49af6c],1
URGENT: Your Wells Fargo account has been suspended! Verify your credentials immediately at http://wellsfargo-verify-login.xyz to restore access. [Case ID: 894b77],1
"Job Offer: Work from home and earn $5,000/week! Send $50 registration fee via UPI / Apple Gift Card to hr@global-remote-jobs.xyz to get started. [Case ID: dca567]",1
Your debit card has been blocked. Call support immediately at 9845012345 or visit http://bank-card-reactivate.ml to prevent permanent cancellation. [Case ID: bcb41c],1
URGENT: Your Wells Fargo account has been suspended! Verify your credentials immediately at http://wellsfargo-verify-login.xyz to restore access. [Case ID: 5129a5],1
"CONGRATULATIONS! You have won $1,000,000 in the International Mobile Lottery. Reply with your full name, bank account, and SSN to claim prize. [Case ID: d72fbb]",1
"Your PayPal account was accessed from an unknown device in Russia. If this wasn't you, login now at http://paypal-security-alert.tk/auth to secure funds. [Case ID: 06a81a]",1
"Your PayPal account was accessed from an unknown device in Russia. If this wasn't you, login now at http://paypal-security-alert.tk/auth to secure funds. [Case ID: 0ebcc7]",1
"Bank of America Security Alert: Unauthorized transaction of $1,250.00 detected. Click http://bofa-fraud-cancel.top/cancel to reverse charge within 2 hours. [Case ID: d88518]",1
"CONGRATULATIONS! You have won $1,000,000 in the International Mobile Lottery. Reply with your full name, bank account, and SSN to claim prize. [Case ID: 309fee]",1
"Your PayPal account was accessed from an unknown device in Russia. If this wasn't you, login now at http://paypal-security-alert.tk/auth to secure funds. [Case ID: 87ec2f]",1
URGENT: Your Wells Fargo account has been suspended! Verify your credentials immediately at http://wellsfargo-verify-login.xyz to restore access. [Case ID: 9c19a2],1
"CONGRATULATIONS! You have won $1,000,000 in the International Mobile Lottery. Reply with your full name, bank account, and SSN to claim prize. [Case ID: 83e8ef]",1
URGENT: Your Wells Fargo account has been suspended! Verify your credentials immediately at http://wellsfargo-verify-login.xyz to restore access. [Case ID: 9e984c],1
Your debit card has been blocked. Call support immediately at 9845012345 or visit http://bank-card-reactivate.ml to prevent permanent cancellation. [Case ID: c559da],1
Your debit card has been blocked. Call support immediately at 9845012345 or visit http://bank-card-reactivate.ml to prevent permanent cancellation. [Case ID: 1bc024],1
"Your PayPal account was accessed from an unknown device in Russia. If this wasn't you, login now at http://paypal-security-alert.tk/auth to secure funds. [Case ID: f31739]",1
"Your PayPal account was accessed from an unknown device in Russia. If this wasn't you, login now at http://paypal-security-alert.tk/auth to secure funds. [Case ID: a368b0]",1
"Job Offer: Work from home and earn $5,000/week! Send $50 registration fee via UPI / Apple Gift Card to hr@global-remote-jobs.xyz to get started. [Case ID: f18a6d]",1
Your debit card has been blocked. Call support immediately at 9845012345 or visit http://bank-card-reactivate.ml to prevent permanent cancellation. [Case ID: 495dab],1
Security Alert: Your Apple ID has been locked due to multiple failed login attempts. Verify identity at http://appleid-support-security.xyz now. [Case ID: 959735],1
Security Alert: Your Apple ID has been locked due to multiple failed login attempts. Verify identity at http://appleid-support-security.xyz now. [Case ID: faafda],1
"Bank of America Security Alert: Unauthorized transaction of $1,250.00 detected. Click http://bofa-fraud-cancel.top/cancel to reverse charge within 2 hours. [Case ID: a2cc63]",1
Your debit card has been blocked. Call support immediately at 9845012345 or visit http://bank-card-reactivate.ml to prevent permanent cancellation. [Case ID: a14ac5],1
URGENT: Your Wells Fargo account has been suspended! Verify your credentials immediately at http://wellsfargo-verify-login.xyz to restore access. [Case ID: 7a6a74],1
URGENT: Your Wells Fargo account has been suspended! Verify your credentials immediately at http://wellsfargo-verify-login.xyz to restore access. [Case ID: 52947e],1
"Dear Customer, your Netflix subscription expired. Update your credit card details immediately at http://netflix-billing-update.cf or your service terminates today. [Case ID: 69d658]",1
"CONGRATULATIONS! You have won $1,000,000 in the International Mobile Lottery. Reply with your full name, bank account, and SSN to claim prize. [Case ID: e9fd7c]",1
Customs Clearance Alert: Your international parcel #US89218 is held at customs due to unpaid duties of $45. Pay now at http://customs-parcel-release.click [Case ID: 71a58e],1
Security Alert: Your Apple ID has been locked due to multiple failed login attempts. Verify identity at http://appleid-support-security.xyz now. [Case ID: 962e56],1
"Your PayPal account was accessed from an unknown device in Russia. If this wasn't you, login now at http://paypal-security-alert.tk/auth to secure funds. [Case ID: 297fa7]",1
"Bank of America Security Alert: Unauthorized transaction of $1,250.00 detected. Click http://bofa-fraud-cancel.top/cancel to reverse charge within 2 hours. [Case ID: f60bb6]",1
Customs Clearance Alert: Your international parcel #US89218 is held at customs due to unpaid duties of $45. Pay now at http://customs-parcel-release.click [Case ID: d1dc3a],1
IRS Notice: Final warning! A lawsuit is filed against you for unpaid taxes. Call immediately at +1-800-555-0199 or send $500 via Bitcoin to settle. [Case ID: 806bea],1
"Bank of America Security Alert: Unauthorized transaction of $1,250.00 detected. Click http://bofa-fraud-cancel.top/cancel to reverse charge within 2 hours. [Case ID: 4462bf]",1
IRS Notice: Final warning! A lawsuit is filed against you for unpaid taxes. Call immediately at +1-800-555-0199 or send $500 via Bitcoin to settle. [Case ID: c7af09],1
Your debit card has been blocked. Call support immediately at 9845012345 or visit http://bank-card-reactivate.ml to prevent permanent cancellation. [Case ID: fc5285],1
IRS Notice: Final warning! A lawsuit is filed against you for unpaid taxes. Call immediately at +1-800-555-0199 or send $500 via Bitcoin to settle. [Case ID: 932796],1
IRS Notice: Final warning! A lawsuit is filed against you for unpaid taxes. Call immediately at +1-800-555-0199 or send $500 via Bitcoin to settle. [Case ID: a981f2],1
"Job Offer: Work from home and earn $5,000/week! Send $50 registration fee via UPI / Apple Gift Card to hr@global-remote-jobs.xyz to get started. [Case ID: bc5738]",1
"Job Offer: Work from home and earn $5,000/week! Send $50 registration fee via UPI / Apple Gift Card to hr@global-remote-jobs.xyz to get started. [Case ID: 97d014]",1
"Job Offer: Work from home and earn $5,000/week! Send $50 registration fee via UPI / Apple Gift Card to hr@global-remote-jobs.xyz to get started. [Case ID: efb76c]",1
Your debit card has been blocked. Call support immediately at 9845012345 or visit http://bank-card-reactivate.ml to prevent permanent cancellation. [Case ID: 5c50b4],1
Customs Clearance Alert: Your international parcel #US89218 is held at customs due to unpaid duties of $45. Pay now at http://customs-parcel-release.click [Case ID: 46031b],1
"Bank of America Security Alert: Unauthorized transaction of $1,250.00 detected. Click http://bofa-fraud-cancel.top/cancel to reverse charge within 2 hours. [Case ID: 6ba3af]",1
"Bank of America Security Alert: Unauthorized transaction of $1,250.00 detected. Click http://bofa-fraud-cancel.top/cancel to reverse charge within 2 hours. [Case ID: 0771fc]",1
"Your PayPal account was accessed from an unknown device in Russia. If this wasn't you, login now at http://paypal-security-alert.tk/auth to secure funds. [Case ID: 21fe5b]",1
"Job Offer: Work from home and earn $5,000/week! Send $50 registration fee via UPI / Apple Gift Card to hr@global-remote-jobs.xyz to get started. [Case ID: 6dd4e1]",1
Your debit card has been blocked. Call support immediately at 9845012345 or visit http://bank-card-reactivate.ml to prevent permanent cancellation. [Case ID: 42a396],1
"Your PayPal account was accessed from an unknown device in Russia. If this wasn't you, login now at http://paypal-security-alert.tk/auth to secure funds. [Case ID: 1c5498]",1
"CONGRATULATIONS! You have won $1,000,000 in the International Mobile Lottery. Reply with your full name, bank account, and SSN to claim prize. [Case ID: 52c518]",1
"Your PayPal account was accessed from an unknown device in Russia. If this wasn't you, login now at http://paypal-security-alert.tk/auth to secure funds. [Case ID: 7e2305]",1
Customs Clearance Alert: Your international parcel #US89218 is held at customs due to unpaid duties of $45. Pay now at http://customs-parcel-release.click [Case ID: 3c1e4b],1
Security Alert: Your Apple ID has been locked due to multiple failed login attempts. Verify identity at http://appleid-support-security.xyz now. [Case ID: 84f0f2],1
IRS Notice: Final warning! A lawsuit is filed against you for unpaid taxes. Call immediately at +1-800-555-0199 or send $500 via Bitcoin to settle. [Case ID: 10c272],1
"Job Offer: Work from home and earn $5,000/week! Send $50 registration fee via UPI / Apple Gift Card to hr@global-remote-jobs.xyz to get started. [Case ID: 81c650]",1
Security Alert: Your Apple ID has been locked due to multiple failed login attempts. Verify identity at http://appleid-support-security.xyz now. [Case ID: f670ef],1
"Your PayPal account was accessed from an unknown device in Russia. If this wasn't you, login now at http://paypal-security-alert.tk/auth to secure funds. [Case ID: 89f03f]",1
Your debit card has been blocked. Call support immediately at 9845012345 or visit http://bank-card-reactivate.ml to prevent permanent cancellation. [Case ID: c1fea2],1
IRS Notice: Final warning! A lawsuit is filed against you for unpaid taxes. Call immediately at +1-800-555-0199 or send $500 via Bitcoin to settle. [Case ID: e4873a],1
"Bank of America Security Alert: Unauthorized transaction of $1,250.00 detected. Click http://bofa-fraud-cancel.top/cancel to reverse charge within 2 hours. [Case ID: 8d420f]",1
URGENT: Your Wells Fargo account has been suspended! Verify your credentials immediately at http://wellsfargo-verify-login.xyz to restore access. [Case ID: 7437d1],1
IRS Notice: Final warning! A lawsuit is filed against you for unpaid taxes. Call immediately at +1-800-555-0199 or send $500 via Bitcoin to settle. [Case ID: 96de25],1
Customs Clearance Alert: Your international parcel #US89218 is held at customs due to unpaid duties of $45. Pay now at http://customs-parcel-release.click [Case ID: 973a5f],1
Customs Clearance Alert: Your international parcel #US89218 is held at customs due to unpaid duties of $45. Pay now at http://customs-parcel-release.click [Case ID: be3e9d],1
"Your PayPal account was accessed from an unknown device in Russia. If this wasn't you, login now at http://paypal-security-alert.tk/auth to secure funds. [Case ID: 207f88]",1
"CONGRATULATIONS! You have won $1,000,000 in the International Mobile Lottery. Reply with your full name, bank account, and SSN to claim prize. [Case ID: b147a6]",1
Customs Clearance Alert: Your international parcel #US89218 is held at customs due to unpaid duties of $45. Pay now at http://customs-parcel-release.click [Case ID: 9d2682],1
Customs Clearance Alert: Your international parcel #US89218 is held at customs due to unpaid duties of $45. Pay now at http://customs-parcel-release.click [Case ID: cc42ac],1
Your debit card has been blocked. Call support immediately at 9845012345 or visit http://bank-card-reactivate.ml to prevent permanent cancellation. [Case ID: 712a3c],1
"Your PayPal account was accessed from an unknown device in Russia. If this wasn't you, login now at http://paypal-security-alert.tk/auth to secure funds. [Case ID: a40511]",1
IRS Notice: Final warning! A lawsuit is filed against you for unpaid taxes. Call immediately at +1-800-555-0199 or send $500 via Bitcoin to settle. [Case ID: c05607],1
"CONGRATULATIONS! You have won $1,000,000 in the International Mobile Lottery. Reply with your full name, bank account, and SSN to claim prize. [Case ID: e16960]",1
Security Alert: Your Apple ID has been locked due to multiple failed login attempts. Verify identity at http://appleid-support-security.xyz now. [Case ID: 9a4400],1
URGENT: Your Wells Fargo account has been suspended! Verify your credentials immediately at http://wellsfargo-verify-login.xyz to restore access. [Case ID: 7d12b6],1
"Job Offer: Work from home and earn $5,000/week! Send $50 registration fee via UPI / Apple Gift Card to hr@global-remote-jobs.xyz to get started. [Case ID: b2531e]",1
"Bank of America Security Alert: Unauthorized transaction of $1,250.00 detected. Click http://bofa-fraud-cancel.top/cancel to reverse charge within 2 hours. [Case ID: e449b9]",1
Customs Clearance Alert: Your international parcel #US89218 is held at customs due to unpaid duties of $45. Pay now at http://customs-parcel-release.click [Case ID: 4f398c],1
"Your PayPal account was accessed from an unknown device in Russia. If this wasn't you, login now at http://paypal-security-alert.tk/auth to secure funds. [Case ID: e8d92f]",1
"Job Offer: Work from home and earn $5,000/week! Send $50 registration fee via UPI / Apple Gift Card to hr@global-remote-jobs.xyz to get started. [Case ID: 86d7c8]",1
"Bank of America Security Alert: Unauthorized transaction of $1,250.00 detected. Click http://bofa-fraud-cancel.top/cancel to reverse charge within 2 hours. [Case ID: 158fc2]",1
"Bank of America Security Alert: Unauthorized transaction of $1,250.00 detected. Click http://bofa-fraud-cancel.top/cancel to reverse charge within 2 hours. [Case ID: b0f2ad]",1
Security Alert: Your Apple ID has been locked due to multiple failed login attempts. Verify identity at http://appleid-support-security.xyz now. [Case ID: cdf103],1
Security Alert: Your Apple ID has been locked due to multiple failed login attempts. Verify identity at http://appleid-support-security.xyz now. [Case ID: 148510],1
Security Alert: Your Apple ID has been locked due to multiple failed login attempts. Verify identity at http://appleid-support-security.xyz now. [Case ID: 647c72],1
"Dear Customer, your Netflix subscription expired. Update your credit card details immediately at http://netflix-billing-update.cf or your service terminates today. [Case ID: 245104]",1
"Dear Customer, your Netflix subscription expired. Update your credit card details immediately at http://netflix-billing-update.cf or your service terminates today. [Case ID: a0f360]",1
"Bank of America Security Alert: Unauthorized transaction of $1,250.00 detected. Click http://bofa-fraud-cancel.top/cancel to reverse charge within 2 hours. [Case ID: 757f84]",1
Security Alert: Your Apple ID has been locked due to multiple failed login attempts. Verify identity at http://appleid-support-security.xyz now. [Case ID: 64f1f2],1
Your debit card has been blocked. Call support immediately at 9845012345 or visit http://bank-card-reactivate.ml to prevent permanent cancellation. [Case ID: 831c2f],1
Customs Clearance Alert: Your international parcel #US89218 is held at customs due to unpaid duties of $45. Pay now at http://customs-parcel-release.click [Case ID: 08e6be],1
"Job Offer: Work from home and earn $5,000/week! Send $50 registration fee via UPI / Apple Gift Card to hr@global-remote-jobs.xyz to get started. [Case ID: 2cb6b1]",1
"Job Offer: Work from home and earn $5,000/week! Send $50 registration fee via UPI / Apple Gift Card to hr@global-remote-jobs.xyz to get started. [Case ID: e63847]",1
"Dear Customer, your Netflix subscription expired. Update your credit card details immediately at http://netflix-billing-update.cf or your service terminates today. [Case ID: 11d0e6]",1
"Bank of America Security Alert: Unauthorized transaction of $1,250.00 detected. Click http://bofa-fraud-cancel.top/cancel to reverse charge within 2 hours. [Case ID: f50a6c]",1
"Your PayPal account was accessed from an unknown device in Russia. If this wasn't you, login now at http://paypal-security-alert.tk/auth to secure funds. [Case ID: 6a8168]",1
IRS Notice: Final warning! A lawsuit is filed against you for unpaid taxes. Call immediately at +1-800-555-0199 or send $500 via Bitcoin to settle. [Case ID: fddd79],1
IRS Notice: Final warning! A lawsuit is filed against you for unpaid taxes. Call immediately at +1-800-555-0199 or send $500 via Bitcoin to settle. [Case ID: 1ef91c],1
"Dear Customer, your Netflix subscription expired. Update your credit card details immediately at http://netflix-billing-update.cf or your service terminates today. [Case ID: 5d7909]",1
"Your PayPal account was accessed from an unknown device in Russia. If this wasn't you, login now at http://paypal-security-alert.tk/auth to secure funds. [Case ID: b618c3]",1
"Dear Customer, your Netflix subscription expired. Update your credit card details immediately at http://netflix-billing-update.cf or your service terminates today. [Case ID: 7fea63]",1
IRS Notice: Final warning! A lawsuit is filed against you for unpaid taxes. Call immediately at +1-800-555-0199 or send $500 via Bitcoin to settle. [Case ID: ae614c],1
"Your PayPal account was accessed from an unknown device in Russia. If this wasn't you, login now at http://paypal-security-alert.tk/auth to secure funds. [Case ID: 7c4ede]",1
Security Alert: Your Apple ID has been locked due to multiple failed login attempts. Verify identity at http://appleid-support-security.xyz now. [Case ID: d43ab1],1
"Bank of America Security Alert: Unauthorized transaction of $1,250.00 detected. Click http://bofa-fraud-cancel.top/cancel to reverse charge within 2 hours. [Case ID: 8303a7]",1
"Job Offer: Work from home and earn $5,000/week! Send $50 registration fee via UPI / Apple Gift Card to hr@global-remote-jobs.xyz to get started. [Case ID: 4921f9]",1
Your debit card has been blocked. Call support immediately at 9845012345 or visit http://bank-card-reactivate.ml to prevent permanent cancellation. [Case ID: b59a51],1
"CONGRATULATIONS! You have won $1,000,000 in the International Mobile Lottery. Reply with your full name, bank account, and SSN to claim prize. [Case ID: 26751b]",1
"Bank of America Security Alert: Unauthorized transaction of $1,250.00 detected. Click http://bofa-fraud-cancel.top/cancel to reverse charge within 2 hours. [Case ID: e721a5]",1
Security Alert: Your Apple ID has been locked due to multiple failed login attempts. Verify identity at http://appleid-support-security.xyz now. [Case ID: 5cf21c],1
IRS Notice: Final warning! A lawsuit is filed against you for unpaid taxes. Call immediately at +1-800-555-0199 or send $500 via Bitcoin to settle. [Case ID: 673271],1
Security Alert: Your Apple ID has been locked due to multiple failed login attempts. Verify identity at http://appleid-support-security.xyz now. [Case ID: 9fe97f],1
"Dear Customer, your Netflix subscription expired. Update your credit card details immediately at http://netflix-billing-update.cf or your service terminates today. [Case ID: ef2a4b]",1
"Your PayPal account was accessed from an unknown device in Russia. If this wasn't you, login now at http://paypal-security-alert.tk/auth to secure funds. [Case ID: 01e00f]",1
"Job Offer: Work from home and earn $5,000/week! Send $50 registration fee via UPI / Apple Gift Card to hr@global-remote-jobs.xyz to get started. [Case ID: 15231a]",1
Customs Clearance Alert: Your international parcel #US89218 is held at customs due to unpaid duties of $45. Pay now at http://customs-parcel-release.click [Case ID: b9f94c],1
"Dear Customer, your Netflix subscription expired. Update your credit card details immediately at http://netflix-billing-update.cf or your service terminates today. [Case ID: 375c71]",1
"Bank of America Security Alert: Unauthorized transaction of $1,250.00 detected. Click http://bofa-fraud-cancel.top/cancel to reverse charge within 2 hours. [Case ID: a588a6]",1
"Dear Customer, your Netflix subscription expired. Update your credit card details immediately at http://netflix-billing-update.cf or your service terminates today. [Case ID: 2a27b8]",1
"Bank of America Security Alert: Unauthorized transaction of $1,250.00 detected. Click http://bofa-fraud-cancel.top/cancel to reverse charge within 2 hours. [Case ID: 8bb88f]",1
Customs Clearance Alert: Your international parcel #US89218 is held at customs due to unpaid duties of $45. Pay now at http://customs-parcel-release.click [Case ID: 02f039],1
URGENT: Your Wells Fargo account has been suspended! Verify your credentials immediately at http://wellsfargo-verify-login.xyz to restore access. [Case ID: c59b46],1
"Job Offer: Work from home and earn $5,000/week! Send $50 registration fee via UPI / Apple Gift Card to hr@global-remote-jobs.xyz to get started. [Case ID: 52d080]",1
Your debit card has been blocked. Call support immediately at 9845012345 or visit http://bank-card-reactivate.ml to prevent permanent cancellation. [Case ID: 5a142a],1
Your debit card has been blocked. Call support immediately at 9845012345 or visit http://bank-card-reactivate.ml to prevent permanent cancellation. [Case ID: a94149],1
"CONGRATULATIONS! You have won $1,000,000 in the International Mobile Lottery. Reply with your full name, bank account, and SSN to claim prize. [Case ID: a51c89]",1
Security Alert: Your Apple ID has been locked due to multiple failed login attempts. Verify identity at http://appleid-support-security.xyz now. [Case ID: 464d82],1
URGENT: Your Wells Fargo account has been suspended! Verify your credentials immediately at http://wellsfargo-verify-login.xyz to restore access. [Case ID: 798ed7],1
Your debit card has been blocked. Call support immediately at 9845012345 or visit http://bank-card-reactivate.ml to prevent permanent cancellation. [Case ID: 0efbe9],1
"Dear Customer, your Netflix subscription expired. Update your credit card details immediately at http://netflix-billing-update.cf or your service terminates today. [Case ID: 66be31]",1
Security Alert: Your Apple ID has been locked due to multiple failed login attempts. Verify identity at http://appleid-support-security.xyz now. [Case ID: 8b5700],1
URGENT: Your Wells Fargo account has been suspended! Verify your credentials immediately at http://wellsfargo-verify-login.xyz to restore access. [Case ID: fc6709],1
"Your PayPal account was accessed from an unknown device in Russia. If this wasn't you, login now at http://paypal-security-alert.tk/auth to secure funds. [Case ID: f3144c]",1
"Your PayPal account was accessed from an unknown device in Russia. If this wasn't you, login now at http://paypal-security-alert.tk/auth to secure funds. [Case ID: acab01]",1
Security Alert: Your Apple ID has been locked due to multiple failed login attempts. Verify identity at http://appleid-support-security.xyz now. [Case ID: 28dc6b],1
"Bank of America Security Alert: Unauthorized transaction of $1,250.00 detected. Click http://bofa-fraud-cancel.top/cancel to reverse charge within 2 hours. [Case ID: 404dcc]",1
"Bank of America Security Alert: Unauthorized transaction of $1,250.00 detected. Click http://bofa-fraud-cancel.top/cancel to reverse charge within 2 hours. [Case ID: 8725fb]",1
"Dear Customer, your Netflix subscription expired. Update your credit card details immediately at http://netflix-billing-update.cf or your service terminates today. [Case ID: 62889e]",1
URGENT: Your Wells Fargo account has been suspended! Verify your credentials immediately at http://wellsfargo-verify-login.xyz to restore access. [Case ID: 3e7e02],1
URGENT: Your Wells Fargo account has been suspended! Verify your credentials immediately at http://wellsfargo-verify-login.xyz to restore access. [Case ID: 74563b],1
Security Alert: Your Apple ID has been locked due to multiple failed login attempts. Verify identity at http://appleid-support-security.xyz now. [Case ID: 515ab2],1
IRS Notice: Final warning! A lawsuit is filed against you for unpaid taxes. Call immediately at +1-800-555-0199 or send $500 via Bitcoin to settle. [Case ID: 7137de],1
"Your PayPal account was accessed from an unknown device in Russia. If this wasn't you, login now at http://paypal-security-alert.tk/auth to secure funds. [Case ID: 25e2a3]",1
URGENT: Your Wells Fargo account has been suspended! Verify your credentials immediately at http://wellsfargo-verify-login.xyz to restore access. [Case ID: 851300],1
Security Alert: Your Apple ID has been locked due to multiple failed login attempts. Verify identity at http://appleid-support-security.xyz now. [Case ID: b29eed],1
Customs Clearance Alert: Your international parcel #US89218 is held at customs due to unpaid duties of $45. Pay now at http://customs-parcel-release.click [Case ID: 270edd],1
"CONGRATULATIONS! You have won $1,000,000 in the International Mobile Lottery. Reply with your full name, bank account, and SSN to claim prize. [Case ID: 4fa53b]",1
Customs Clearance Alert: Your international parcel #US89218 is held at customs due to unpaid duties of $45. Pay now at http://customs-parcel-release.click [Case ID: ab2b41],1
"Job Offer: Work from home and earn $5,000/week! Send $50 registration fee via UPI / Apple Gift Card to hr@global-remote-jobs.xyz to get started. [Case ID: c4492c]",1
"Dear Customer, your Netflix subscription expired. Update your credit card details immediately at http://netflix-billing-update.cf or your service terminates today. [Case ID: c0d0e4]",1
URGENT: Your Wells Fargo account has been suspended! Verify your credentials immediately at http://wellsfargo-verify-login.xyz to restore access. [Case ID: 70ece1],1
"Job Offer: Work from home and earn $5,000/week! Send $50 registration fee via UPI / Apple Gift Card to hr@global-remote-jobs.xyz to get started. [Case ID: 84c649]",1
Your debit card has been blocked. Call support immediately at 9845012345 or visit http://bank-card-reactivate.ml to prevent permanent cancellation. [Case ID: 752d25],1
"Job Offer: Work from home and earn $5,000/week! Send $50 registration fee via UPI / Apple Gift Card to hr@global-remote-jobs.xyz to get started. [Case ID: 54f5f4]",1
Security Alert: Your Apple ID has been locked due to multiple failed login attempts. Verify identity at http://appleid-support-security.xyz now. [Case ID: b3b43a],1
URGENT: Your Wells Fargo account has been suspended! Verify your credentials immediately at http://wellsfargo-verify-login.xyz to restore access. [Case ID: 6e62a9],1
"CONGRATULATIONS! You have won $1,000,000 in the International Mobile Lottery. Reply with your full name, bank account, and SSN to claim prize. [Case ID: 955a15]",1
Security Alert: Your Apple ID has been locked due to multiple failed login attempts. Verify identity at http://appleid-support-security.xyz now. [Case ID: 418ef6],1
Security Alert: Your Apple ID has been locked due to multiple failed login attempts. Verify identity at http://appleid-support-security.xyz now. [Case ID: 97d981],1
"Dear Customer, your Netflix subscription expired. Update your credit card details immediately at http://netflix-billing-update.cf or your service terminates today. [Case ID: 442cde]",1
"Dear Customer, your Netflix subscription expired. Update your credit card details immediately at http://netflix-billing-update.cf or your service terminates today. [Case ID: 3e15cc]",1
"Your PayPal account was accessed from an unknown device in Russia. If this wasn't you, login now at http://paypal-security-alert.tk/auth to secure funds. [Case ID: 54e36c]",1
"Your PayPal account was accessed from an unknown device in Russia. If this wasn't you, login now at http://paypal-security-alert.tk/auth to secure funds. [Case ID: fc9b00]",1
"Bank of America Security Alert: Unauthorized transaction of $1,250.00 detected. Click http://bofa-fraud-cancel.top/cancel to reverse charge within 2 hours. [Case ID: 6a5dfa]",1
IRS Notice: Final warning! A lawsuit is filed against you for unpaid taxes. Call immediately at +1-800-555-0199 or send $500 via Bitcoin to settle. [Case ID: b3bbcc],1
URGENT: Your Wells Fargo account has been suspended! Verify your credentials immediately at http://wellsfargo-verify-login.xyz to restore access. [Case ID: 11c484],1
URGENT: Your Wells Fargo account has been suspended! Verify your credentials immediately at http://wellsfargo-verify-login.xyz to restore access. [Case ID: a63fc8],1
"Job Offer: Work from home and earn $5,000/week! Send $50 registration fee via UPI / Apple Gift Card to hr@global-remote-jobs.xyz to get started. [Case ID: 231141]",1
URGENT: Your Wells Fargo account has been suspended! Verify your credentials immediately at http://wellsfargo-verify-login.xyz to restore access. [Case ID: d8d31b],1
URGENT: Your Wells Fargo account has been suspended! Verify your credentials immediately at http://wellsfargo-verify-login.xyz to restore access. [Case ID: cefab4],1
IRS Notice: Final warning! A lawsuit is filed against you for unpaid taxes. Call immediately at +1-800-555-0199 or send $500 via Bitcoin to settle. [Case ID: d2cdf0],1
Your debit card has been blocked. Call support immediately at 9845012345 or visit http://bank-card-reactivate.ml to prevent permanent cancellation. [Case ID: 2612aa],1
"Your PayPal account was accessed from an unknown device in Russia. If this wasn't you, login now at http://paypal-security-alert.tk/auth to secure funds. [Case ID: ba1b3e]",1
"Your PayPal account was accessed from an unknown device in Russia. If this wasn't you, login now at http://paypal-security-alert.tk/auth to secure funds. [Case ID: e22dd5]",1
"CONGRATULATIONS! You have won $1,000,000 in the International Mobile Lottery. Reply with your full name, bank account, and SSN to claim prize. [Case ID: 728351]",1
URGENT: Your Wells Fargo account has been suspended! Verify your credentials immediately at http://wellsfargo-verify-login.xyz to restore access. [Case ID: 17ed8a],1
IRS Notice: Final warning! A lawsuit is filed against you for unpaid taxes. Call immediately at +1-800-555-0199 or send $500 via Bitcoin to settle. [Case ID: df9028],1
"Your PayPal account was accessed from an unknown device in Russia. If this wasn't you, login now at http://paypal-security-alert.tk/auth to secure funds. [Case ID: 94e445]",1
IRS Notice: Final warning! A lawsuit is filed against you for unpaid taxes. Call immediately at +1-800-555-0199 or send $500 via Bitcoin to settle. [Case ID: 8698ff],1
Customs Clearance Alert: Your international parcel #US89218 is held at customs due to unpaid duties of $45. Pay now at http://customs-parcel-release.click [Case ID: 96a93b],1
Your debit card has been blocked. Call support immediately at 9845012345 or visit http://bank-card-reactivate.ml to prevent permanent cancellation. [Case ID: e8fd4a],1
URGENT: Your Wells Fargo account has been suspended! Verify your credentials immediately at http://wellsfargo-verify-login.xyz to restore access. [Case ID: db2945],1
"CONGRATULATIONS! You have won $1,000,000 in the International Mobile Lottery. Reply with your full name, bank account, and SSN to claim prize. [Case ID: 7eb7ea]",1
"Job Offer: Work from home and earn $5,000/week! Send $50 registration fee via UPI / Apple Gift Card to hr@global-remote-jobs.xyz to get started. [Case ID: e5a4d6]",1
"Your PayPal account was accessed from an unknown device in Russia. If this wasn't you, login now at http://paypal-security-alert.tk/auth to secure funds. [Case ID: 21be9a]",1
Customs Clearance Alert: Your international parcel #US89218 is held at customs due to unpaid duties of $45. Pay now at http://customs-parcel-release.click [Case ID: 299570],1
IRS Notice: Final warning! A lawsuit is filed against you for unpaid taxes. Call immediately at +1-800-555-0199 or send $500 via Bitcoin to settle. [Case ID: 4abe17],1
"Dear Customer, your Netflix subscription expired. Update your credit card details immediately at http://netflix-billing-update.cf or your service terminates today. [Case ID: f0bda0]",1
Security Alert: Your Apple ID has been locked due to multiple failed login attempts. Verify identity at http://appleid-support-security.xyz now. [Case ID: 36d753],1
URGENT: Your Wells Fargo account has been suspended! Verify your credentials immediately at http://wellsfargo-verify-login.xyz to restore access. [Case ID: 7dd024],1
URGENT: Your Wells Fargo account has been suspended! Verify your credentials immediately at http://wellsfargo-verify-login.xyz to restore access. [Case ID: e9b73b],1
Customs Clearance Alert: Your international parcel #US89218 is held at customs due to unpaid duties of $45. Pay now at http://customs-parcel-release.click [Case ID: 6709e8],1
IRS Notice: Final warning! A lawsuit is filed against you for unpaid taxes. Call immediately at +1-800-555-0199 or send $500 via Bitcoin to settle. [Case ID: 8c01a7],1
"Bank of America Security Alert: Unauthorized transaction of $1,250.00 detected. Click http://bofa-fraud-cancel.top/cancel to reverse charge within 2 hours. [Case ID: f63f65]",1
URGENT: Your Wells Fargo account has been suspended! Verify your credentials immediately at http://wellsfargo-verify-login.xyz to restore access. [Case ID: 8b6a80],1
"Bank of America Security Alert: Unauthorized transaction of $1,250.00 detected. Click http://bofa-fraud-cancel.top/cancel to reverse charge within 2 hours. [Case ID: 4a2ddf]",1
"Dear Customer, your Netflix subscription expired. Update your credit card details immediately at http://netflix-billing-update.cf or your service terminates today. [Case ID: b86536]",1
Customs Clearance Alert: Your international parcel #US89218 is held at customs due to unpaid duties of $45. Pay now at http://customs-parcel-release.click [Case ID: 365d17],1
IRS Notice: Final warning! A lawsuit is filed against you for unpaid taxes. Call immediately at +1-800-555-0199 or send $500 via Bitcoin to settle. [Case ID: 393c55],1
IRS Notice: Final warning! A lawsuit is filed against you for unpaid taxes. Call immediately at +1-800-555-0199 or send $500 via Bitcoin to settle. [Case ID: 6449f4],1
Your debit card has been blocked. Call support immediately at 9845012345 or visit http://bank-card-reactivate.ml to prevent permanent cancellation. [Case ID: d860bd],1
Security Alert: Your Apple ID has been locked due to multiple failed login attempts. Verify identity at http://appleid-support-security.xyz now. [Case ID: db957c],1
"Your PayPal account was accessed from an unknown device in Russia. If this wasn't you, login now at http://paypal-security-alert.tk/auth to secure funds. [Case ID: ecd62d]",1
"Your PayPal account was accessed from an unknown device in Russia. If this wasn't you, login now at http://paypal-security-alert.tk/auth to secure funds. [Case ID: d25414]",1
"Job Offer: Work from home and earn $5,000/week! Send $50 registration fee via UPI / Apple Gift Card to hr@global-remote-jobs.xyz to get started. [Case ID: bf201d]",1
"CONGRATULATIONS! You have won $1,000,000 in the International Mobile Lottery. Reply with your full name, bank account, and SSN to claim prize. [Case ID: 052335]",1
Customs Clearance Alert: Your international parcel #US89218 is held at customs due to unpaid duties of $45. Pay now at http://customs-parcel-release.click [Case ID: c8cbd6],1
"Dear Customer, your Netflix subscription expired. Update your credit card details immediately at http://netflix-billing-update.cf or your service terminates today. [Case ID: 59e0b2]",1
IRS Notice: Final warning! A lawsuit is filed against you for unpaid taxes. Call immediately at +1-800-555-0199 or send $500 via Bitcoin to settle. [Case ID: 073146],1
Security Alert: Your Apple ID has been locked due to multiple failed login attempts. Verify identity at http://appleid-support-security.xyz now. [Case ID: 90599c],1
"Bank of America Security Alert: Unauthorized transaction of $1,250.00 detected. Click http://bofa-fraud-cancel.top/cancel to reverse charge within 2 hours. [Case ID: 8d9fc2]",1
Customs Clearance Alert: Your international parcel #US89218 is held at customs due to unpaid duties of $45. Pay now at http://customs-parcel-release.click [Case ID: ac5dab],1
"Job Offer: Work from home and earn $5,000/week! Send $50 registration fee via UPI / Apple Gift Card to hr@global-remote-jobs.xyz to get started. [Case ID: 0533a8]",1
Customs Clearance Alert: Your international parcel #US89218 is held at customs due to unpaid duties of $45. Pay now at http://customs-parcel-release.click [Case ID: f39ae9],1
"Job Offer: Work from home and earn $5,000/week! Send $50 registration fee via UPI / Apple Gift Card to hr@global-remote-jobs.xyz to get started. [Case ID: cd1482]",1
IRS Notice: Final warning! A lawsuit is filed against you for unpaid taxes. Call immediately at +1-800-555-0199 or send $500 via Bitcoin to settle. [Case ID: dc40b7],1
"CONGRATULATIONS! You have won $1,000,000 in the International Mobile Lottery. Reply with your full name, bank account, and SSN to claim prize. [Case ID: 3fab58]",1
"Job Offer: Work from home and earn $5,000/week! Send $50 registration fee via UPI / Apple Gift Card to hr@global-remote-jobs.xyz to get started. [Case ID: 90e135]",1
IRS Notice: Final warning! A lawsuit is filed against you for unpaid taxes. Call immediately at +1-800-555-0199 or send $500 via Bitcoin to settle. [Case ID: 7ffd85],1
IRS Notice: Final warning! A lawsuit is filed against you for unpaid taxes. Call immediately at +1-800-555-0199 or send $500 via Bitcoin to settle. [Case ID: d1e946],1
"CONGRATULATIONS! You have won $1,000,000 in the International Mobile Lottery. Reply with your full name, bank account, and SSN to claim prize. [Case ID: 1f1baa]",1
"Your PayPal account was accessed from an unknown device in Russia. If this wasn't you, login now at http://paypal-security-alert.tk/auth to secure funds. [Case ID: 39027d]",1
Customs Clearance Alert: Your international parcel #US89218 is held at customs due to unpaid duties of $45. Pay now at http://customs-parcel-release.click [Case ID: 645098],1
URGENT: Your Wells Fargo account has been suspended! Verify your credentials immediately at http://wellsfargo-verify-login.xyz to restore access. [Case ID: 6e79ed],1
URGENT: Your Wells Fargo account has been suspended! Verify your credentials immediately at http://wellsfargo-verify-login.xyz to restore access. [Case ID: 09b15d],1
"Bank of America Security Alert: Unauthorized transaction of $1,250.00 detected. Click http://bofa-fraud-cancel.top/cancel to reverse charge within 2 hours. [Case ID: 5b6ba1]",1
"Bank of America Security Alert: Unauthorized transaction of $1,250.00 detected. Click http://bofa-fraud-cancel.top/cancel to reverse charge within 2 hours. [Case ID: f542ea]",1
URGENT: Your Wells Fargo account has been suspended! Verify your credentials immediately at http://wellsfargo-verify-login.xyz to restore access. [Case ID: 155fa0],1
"Dear Customer, your Netflix subscription expired. Update your credit card details immediately at http://netflix-billing-update.cf or your service terminates today. [Case ID: f0bbac]",1
URGENT: Your Wells Fargo account has been suspended! Verify your credentials immediately at http://wellsfargo-verify-login.xyz to restore access. [Case ID: faacbc],1
"Bank of America Security Alert: Unauthorized transaction of $1,250.00 detected. Click http://bofa-fraud-cancel.top/cancel to reverse charge within 2 hours. [Case ID: f4a4da]",1
Security Alert: Your Apple ID has been locked due to multiple failed login attempts. Verify identity at http://appleid-support-security.xyz now. [Case ID: f5c3dd],1
"Bank of America Security Alert: Unauthorized transaction of $1,250.00 detected. Click http://bofa-fraud-cancel.top/cancel to reverse charge within 2 hours. [Case ID: 17c343]",1
"Dear Customer, your Netflix subscription expired. Update your credit card details immediately at http://netflix-billing-update.cf or your service terminates today. [Case ID: f2d887]",1
Customs Clearance Alert: Your international parcel #US89218 is held at customs due to unpaid duties of $45. Pay now at http://customs-parcel-release.click [Case ID: 596ded],1
URGENT: Your Wells Fargo account has been suspended! Verify your credentials immediately at http://wellsfargo-verify-login.xyz to restore access. [Case ID: 0e087e],1
"CONGRATULATIONS! You have won $1,000,000 in the International Mobile Lottery. Reply with your full name, bank account, and SSN to claim prize. [Case ID: 14cfdb]",1
Security Alert: Your Apple ID has been locked due to multiple failed login attempts. Verify identity at http://appleid-support-security.xyz now. [Case ID: 2647c1],1
IRS Notice: Final warning! A lawsuit is filed against you for unpaid taxes. Call immediately at +1-800-555-0199 or send $500 via Bitcoin to settle. [Case ID: ed519d],1
"Dear Customer, your Netflix subscription expired. Update your credit card details immediately at http://netflix-billing-update.cf or your service terminates today. [Case ID: f442d3]",1
"Bank of America Security Alert: Unauthorized transaction of $1,250.00 detected. Click http://bofa-fraud-cancel.top/cancel to reverse charge within 2 hours. [Case ID: fface8]",1
"CONGRATULATIONS! You have won $1,000,000 in the International Mobile Lottery. Reply with your full name, bank account, and SSN to claim prize. [Case ID: 4496bf]",1
"Job Offer: Work from home and earn $5,000/week! Send $50 registration fee via UPI / Apple Gift Card to hr@global-remote-jobs.xyz to get started. [Case ID: aa2a77]",1
"Your PayPal account was accessed from an unknown device in Russia. If this wasn't you, login now at http://paypal-security-alert.tk/auth to secure funds. [Case ID: 069654]",1
URGENT: Your Wells Fargo account has been suspended! Verify your credentials immediately at http://wellsfargo-verify-login.xyz to restore access. [Case ID: e0ab53],1
"Your PayPal account was accessed from an unknown device in Russia. If this wasn't you, login now at http://paypal-security-alert.tk/auth to secure funds. [Case ID: 61b1fb]",1
"Dear Customer, your Netflix subscription expired. Update your credit card details immediately at http://netflix-billing-update.cf or your service terminates today. [Case ID: 9a1de0]",1
"Job Offer: Work from home and earn $5,000/week! Send $50 registration fee via UPI / Apple Gift Card to hr@global-remote-jobs.xyz to get started. [Case ID: d75771]",1
"Job Offer: Work from home and earn $5,000/week! Send $50 registration fee via UPI / Apple Gift Card to hr@global-remote-jobs.xyz to get started. [Case ID: dfce06]",1
"Job Offer: Work from home and earn $5,000/week! Send $50 registration fee via UPI / Apple Gift Card to hr@global-remote-jobs.xyz to get started. [Case ID: f26dab]",1
IRS Notice: Final warning! A lawsuit is filed against you for unpaid taxes. Call immediately at +1-800-555-0199 or send $500 via Bitcoin to settle. [Case ID: 85f007],1
"Dear Customer, your Netflix subscription expired. Update your credit card details immediately at http://netflix-billing-update.cf or your service terminates today. [Case ID: d76575]",1
Customs Clearance Alert: Your international parcel #US89218 is held at customs due to unpaid duties of $45. Pay now at http://customs-parcel-release.click [Case ID: 728f20],1
"Your PayPal account was accessed from an unknown device in Russia. If this wasn't you, login now at http://paypal-security-alert.tk/auth to secure funds. [Case ID: 201d72]",1
Customs Clearance Alert: Your international parcel #US89218 is held at customs due to unpaid duties of $45. Pay now at http://customs-parcel-release.click [Case ID: e8dfff],1
"CONGRATULATIONS! You have won $1,000,000 in the International Mobile Lottery. Reply with your full name, bank account, and SSN to claim prize. [Case ID: 57c053]",1
Your debit card has been blocked. Call support immediately at 9845012345 or visit http://bank-card-reactivate.ml to prevent permanent cancellation. [Case ID: 488824],1
Security Alert: Your Apple ID has been locked due to multiple failed login attempts. Verify identity at http://appleid-support-security.xyz now. [Case ID: 06a15e],1
Security Alert: Your Apple ID has been locked due to multiple failed login attempts. Verify identity at http://appleid-support-security.xyz now. [Case ID: 59bcda],1
Customs Clearance Alert: Your international parcel #US89218 is held at customs due to unpaid duties of $45. Pay now at http://customs-parcel-release.click [Case ID: f45a10],1
Your debit card has been blocked. Call support immediately at 9845012345 or visit http://bank-card-reactivate.ml to prevent permanent cancellation. [Case ID: 82cadb],1
Your debit card has been blocked. Call support immediately at 9845012345 or visit http://bank-card-reactivate.ml to prevent permanent cancellation. [Case ID: 7385db],1
URGENT: Your Wells Fargo account has been suspended! Verify your credentials immediately at http://wellsfargo-verify-login.xyz to restore access. [Case ID: cd63a3],1
"CONGRATULATIONS! You have won $1,000,000 in the International Mobile Lottery. Reply with your full name, bank account, and SSN to claim prize. [Case ID: 8c3039]",1
"Dear Customer, your Netflix subscription expired. Update your credit card details immediately at http://netflix-billing-update.cf or your service terminates today. [Case ID: ff1418]",1
Your debit card has been blocked. Call support immediately at 9845012345 or visit http://bank-card-reactivate.ml to prevent permanent cancellation. [Case ID: eb1e78],1
"Bank of America Security Alert: Unauthorized transaction of $1,250.00 detected. Click http://bofa-fraud-cancel.top/cancel to reverse charge within 2 hours. [Case ID: 7503cf]",1
Security Alert: Your Apple ID has been locked due to multiple failed login attempts. Verify identity at http://appleid-support-security.xyz now. [Case ID: 49ad23],1
"Bank of America Security Alert: Unauthorized transaction of $1,250.00 detected. Click http://bofa-fraud-cancel.top/cancel to reverse charge within 2 hours. [Case ID: 6ae07d]",1
"CONGRATULATIONS! You have won $1,000,000 in the International Mobile Lottery. Reply with your full name, bank account, and SSN to claim prize. [Case ID: 3c947b]",1
Your debit card has been blocked. Call support immediately at 9845012345 or visit http://bank-card-reactivate.ml to prevent permanent cancellation. [Case ID: a3545b],1
"Your PayPal account was accessed from an unknown device in Russia. If this wasn't you, login now at http://paypal-security-alert.tk/auth to secure funds. [Case ID: d7fd11]",1
Security Alert: Your Apple ID has been locked due to multiple failed login attempts. Verify identity at http://appleid-support-security.xyz now. [Case ID: 537de3],1
URGENT: Your Wells Fargo account has been suspended! Verify your credentials immediately at http://wellsfargo-verify-login.xyz to restore access. [Case ID: 96c5c2],1
URGENT: Your Wells Fargo account has been suspended! Verify your credentials immediately at http://wellsfargo-verify-login.xyz to restore access. [Case ID: f9d115],1
"Job Offer: Work from home and earn $5,000/week! Send $50 registration fee via UPI / Apple Gift Card to hr@global-remote-jobs.xyz to get started. [Case ID: 4e8733]",1
IRS Notice: Final warning! A lawsuit is filed against you for unpaid taxes. Call immediately at +1-800-555-0199 or send $500 via Bitcoin to settle. [Case ID: 09fb05],1
Your debit card has been blocked. Call support immediately at 9845012345 or visit http://bank-card-reactivate.ml to prevent permanent cancellation. [Case ID: d07267],1
"CONGRATULATIONS! You have won $1,000,000 in the International Mobile Lottery. Reply with your full name, bank account, and SSN to claim prize. [Case ID: 69d1fc]",1
Security Alert: Your Apple ID has been locked due to multiple failed login attempts. Verify identity at http://appleid-support-security.xyz now. [Case ID: 19de10],1
IRS Notice: Final warning! A lawsuit is filed against you for unpaid taxes. Call immediately at +1-800-555-0199 or send $500 via Bitcoin to settle. [Case ID: a19acd],1
"CONGRATULATIONS! You have won $1,000,000 in the International Mobile Lottery. Reply with your full name, bank account, and SSN to claim prize. [Case ID: c164bb]",1
Customs Clearance Alert: Your international parcel #US89218 is held at customs due to unpaid duties of $45. Pay now at http://customs-parcel-release.click [Case ID: 68c694],1
Your debit card has been blocked. Call support immediately at 9845012345 or visit http://bank-card-reactivate.ml to prevent permanent cancellation. [Case ID: d30528],1
"Dear Customer, your Netflix subscription expired. Update your credit card details immediately at http://netflix-billing-update.cf or your service terminates today. [Case ID: fb8fef]",1
"Dear Customer, your Netflix subscription expired. Update your credit card details immediately at http://netflix-billing-update.cf or your service terminates today. [Case ID: 2f25f6]",1
Your debit card has been blocked. Call support immediately at 9845012345 or visit http://bank-card-reactivate.ml to prevent permanent cancellation. [Case ID: d4b2ae],1
"Job Offer: Work from home and earn $5,000/week! Send $50 registration fee via UPI / Apple Gift Card to hr@global-remote-jobs.xyz to get started. [Case ID: 958adb]",1
"Job Offer: Work from home and earn $5,000/week! Send $50 registration fee via UPI / Apple Gift Card to hr@global-remote-jobs.xyz to get started. [Case ID: 7e9e34]",1
"Dear Customer, your Netflix subscription expired. Update your credit card details immediately at http://netflix-billing-update.cf or your service terminates today. [Case ID: ba9a56]",1
"Your PayPal account was accessed from an unknown device in Russia. If this wasn't you, login now at http://paypal-security-alert.tk/auth to secure funds. [Case ID: f31b20]",1
Security Alert: Your Apple ID has been locked due to multiple failed login attempts. Verify identity at http://appleid-support-security.xyz now. [Case ID: dc5d63],1
"Dear Customer, your Netflix subscription expired. Update your credit card details immediately at http://netflix-billing-update.cf or your service terminates today. [Case ID: 44a2e0]",1
"Your PayPal account was accessed from an unknown device in Russia. If this wasn't you, login now at http://paypal-security-alert.tk/auth to secure funds. [Case ID: 3214a6]",1
IRS Notice: Final warning! A lawsuit is filed against you for unpaid taxes. Call immediately at +1-800-555-0199 or send $500 via Bitcoin to settle. [Case ID: b4568d],1
"Your PayPal account was accessed from an unknown device in Russia. If this wasn't you, login now at http://paypal-security-alert.tk/auth to secure funds. [Case ID: e1314f]",1
IRS Notice: Final warning! A lawsuit is filed against you for unpaid taxes. Call immediately at +1-800-555-0199 or send $500 via Bitcoin to settle. [Case ID: c45008],1
"CONGRATULATIONS! You have won $1,000,000 in the International Mobile Lottery. Reply with your full name, bank account, and SSN to claim prize. [Case ID: f0fcf3]",1
"Bank of America Security Alert: Unauthorized transaction of $1,250.00 detected. Click http://bofa-fraud-cancel.top/cancel to reverse charge within 2 hours. [Case ID: d52377]",1
"CONGRATULATIONS! You have won $1,000,000 in the International Mobile Lottery. Reply with your full name, bank account, and SSN to claim prize. [Case ID: c366c2]",1
"Dear Customer, your Netflix subscription expired. Update your credit card details immediately at http://netflix-billing-update.cf or your service terminates today. [Case ID: 7302e3]",1
IRS Notice: Final warning! A lawsuit is filed against you for unpaid taxes. Call immediately at +1-800-555-0199 or send $500 via Bitcoin to settle. [Case ID: 2d1b2a],1
"Dear Customer, your Netflix subscription expired. Update your credit card details immediately at http://netflix-billing-update.cf or your service terminates today. [Case ID: 681485]",1
Your debit card has been blocked. Call support immediately at 9845012345 or visit http://bank-card-reactivate.ml to prevent permanent cancellation. [Case ID: 865dfb],1
Security Alert: Your Apple ID has been locked due to multiple failed login attempts. Verify identity at http://appleid-support-security.xyz now. [Case ID: 13168e],1
URGENT: Your Wells Fargo account has been suspended! Verify your credentials immediately at http://wellsfargo-verify-login.xyz to restore access. [Case ID: ca4603],1
"Dear Customer, your Netflix subscription expired. Update your credit card details immediately at http://netflix-billing-update.cf or your service terminates today. [Case ID: 56f9f8]",1
Security Alert: Your Apple ID has been locked due to multiple failed login attempts. Verify identity at http://appleid-support-security.xyz now. [Case ID: 5fa9e4],1
"Your PayPal account was accessed from an unknown device in Russia. If this wasn't you, login now at http://paypal-security-alert.tk/auth to secure funds. [Case ID: 059fdc]",1
"CONGRATULATIONS! You have won $1,000,000 in the International Mobile Lottery. Reply with your full name, bank account, and SSN to claim prize. [Case ID: e06f96]",1
"Your PayPal account was accessed from an unknown device in Russia. If this wasn't you, login now at http://paypal-security-alert.tk/auth to secure funds. [Case ID: af3303]",1
URGENT: Your Wells Fargo account has been suspended! Verify your credentials immediately at http://wellsfargo-verify-login.xyz to restore access. [Case ID: 11f524],1
IRS Notice: Final warning! A lawsuit is filed against you for unpaid taxes. Call immediately at +1-800-555-0199 or send $500 via Bitcoin to settle. [Case ID: 6be533],1
Your debit card has been blocked. Call support immediately at 9845012345 or visit http://bank-card-reactivate.ml to prevent permanent cancellation. [Case ID: 9fdb62],1
Security Alert: Your Apple ID has been locked due to multiple failed login attempts. Verify identity at http://appleid-support-security.xyz now. [Case ID: d54e99],1
Your debit card has been blocked. Call support immediately at 9845012345 or visit http://bank-card-reactivate.ml to prevent permanent cancellation. [Case ID: fc4ddc],1
"Bank of America Security Alert: Unauthorized transaction of $1,250.00 detected. Click http://bofa-fraud-cancel.top/cancel to reverse charge within 2 hours. [Case ID: 944626]",1
"Dear Customer, your Netflix subscription expired. Update your credit card details immediately at http://netflix-billing-update.cf or your service terminates today. [Case ID: c91591]",1
IRS Notice: Final warning! A lawsuit is filed against you for unpaid taxes. Call immediately at +1-800-555-0199 or send $500 via Bitcoin to settle. [Case ID: 73e0f7],1
"Bank of America Security Alert: Unauthorized transaction of $1,250.00 detected. Click http://bofa-fraud-cancel.top/cancel to reverse charge within 2 hours. [Case ID: dea9dd]",1
Customs Clearance Alert: Your international parcel #US89218 is held at customs due to unpaid duties of $45. Pay now at http://customs-parcel-release.click [Case ID: 77369e],1
"Dear Customer, your Netflix subscription expired. Update your credit card details immediately at http://netflix-billing-update.cf or your service terminates today. [Case ID: 656997]",1
"Your PayPal account was accessed from an unknown device in Russia. If this wasn't you, login now at http://paypal-security-alert.tk/auth to secure funds. [Case ID: 060915]",1
"CONGRATULATIONS! You have won $1,000,000 in the International Mobile Lottery. Reply with your full name, bank account, and SSN to claim prize. [Case ID: ab7314]",1
Security Alert: Your Apple ID has been locked due to multiple failed login attempts. Verify identity at http://appleid-support-security.xyz now. [Case ID: 04df4d],1
URGENT: Your Wells Fargo account has been suspended! Verify your credentials immediately at http://wellsfargo-verify-login.xyz to restore access. [Case ID: ff7d0f],1
URGENT: Your Wells Fargo account has been suspended! Verify your credentials immediately at http://wellsfargo-verify-login.xyz to restore access. [Case ID: c44799],1
"Your PayPal account was accessed from an unknown device in Russia. If this wasn't you, login now at http://paypal-security-alert.tk/auth to secure funds. [Case ID: 07a4e2]",1
"Job Offer: Work from home and earn $5,000/week! Send $50 registration fee via UPI / Apple Gift Card to hr@global-remote-jobs.xyz to get started. [Case ID: b432f3]",1
URGENT: Your Wells Fargo account has been suspended! Verify your credentials immediately at http://wellsfargo-verify-login.xyz to restore access. [Case ID: 65fc52],1
Security Alert: Your Apple ID has been locked due to multiple failed login attempts. Verify identity at http://appleid-support-security.xyz now. [Case ID: cb79f8],1
"Your PayPal account was accessed from an unknown device in Russia. If this wasn't you, login now at http://paypal-security-alert.tk/auth to secure funds. [Case ID: e74c0d]",1
IRS Notice: Final warning! A lawsuit is filed against you for unpaid taxes. Call immediately at +1-800-555-0199 or send $500 via Bitcoin to settle. [Case ID: 8c8a58],1
URGENT: Your Wells Fargo account has been suspended! Verify your credentials immediately at http://wellsfargo-verify-login.xyz to restore access. [Case ID: 44968a],1
Your debit card has been blocked. Call support immediately at 9845012345 or visit http://bank-card-reactivate.ml to prevent permanent cancellation. [Case ID: 9f6992],1
"Your PayPal account was accessed from an unknown device in Russia. If this wasn't you, login now at http://paypal-security-alert.tk/auth to secure funds. [Case ID: 333222]",1
Security Alert: Your Apple ID has been locked due to multiple failed login attempts. Verify identity at http://appleid-support-security.xyz now. [Case ID: 414e77],1
Your debit card has been blocked. Call support immediately at 9845012345 or visit http://bank-card-reactivate.ml to prevent permanent cancellation. [Case ID: b139e1],1
"Dear Customer, your Netflix subscription expired. Update your credit card details immediately at http://netflix-billing-update.cf or your service terminates today. [Case ID: 0950ca]",1
"Dear Customer, your Netflix subscription expired. Update your credit card details immediately at http://netflix-billing-update.cf or your service terminates today. [Case ID: 5103c3]",1
URGENT: Your Wells Fargo account has been suspended! Verify your credentials immediately at http://wellsfargo-verify-login.xyz to restore access. [Case ID: e5b294],1
Your debit card has been blocked. Call support immediately at 9845012345 or visit http://bank-card-reactivate.ml to prevent permanent cancellation. [Case ID: 5bce84],1
"CONGRATULATIONS! You have won $1,000,000 in the International Mobile Lottery. Reply with your full name, bank account, and SSN to claim prize. [Case ID: 139f08]",1
"Dear Customer, your Netflix subscription expired. Update your credit card details immediately at http://netflix-billing-update.cf or your service terminates today. [Case ID: 29530d]",1
"CONGRATULATIONS! You have won $1,000,000 in the International Mobile Lottery. Reply with your full name, bank account, and SSN to claim prize. [Case ID: 15d185]",1
IRS Notice: Final warning! A lawsuit is filed against you for unpaid taxes. Call immediately at +1-800-555-0199 or send $500 via Bitcoin to settle. [Case ID: 52d275],1
"Your PayPal account was accessed from an unknown device in Russia. If this wasn't you, login now at http://paypal-security-alert.tk/auth to secure funds. [Case ID: 1e913e]",1
"Bank of America Security Alert: Unauthorized transaction of $1,250.00 detected. Click http://bofa-fraud-cancel.top/cancel to reverse charge within 2 hours. [Case ID: 8562ae]",1
Security Alert: Your Apple ID has been locked due to multiple failed login attempts. Verify identity at http://appleid-support-security.xyz now. [Case ID: 8d55a2],1
"Your PayPal account was accessed from an unknown device in Russia. If this wasn't you, login now at http://paypal-security-alert.tk/auth to secure funds. [Case ID: 11108a]",1
Security Alert: Your Apple ID has been locked due to multiple failed login attempts. Verify identity at http://appleid-support-security.xyz now. [Case ID: 136f95],1
Your debit card has been blocked. Call support immediately at 9845012345 or visit http://bank-card-reactivate.ml to prevent permanent cancellation. [Case ID: ad4cc1],1
IRS Notice: Final warning! A lawsuit is filed against you for unpaid taxes. Call immediately at +1-800-555-0199 or send $500 via Bitcoin to settle. [Case ID: f22e47],1
Customs Clearance Alert: Your international parcel #US89218 is held at customs due to unpaid duties of $45. Pay now at http://customs-parcel-release.click [Case ID: 95e683],1
URGENT: Your Wells Fargo account has been suspended! Verify your credentials immediately at http://wellsfargo-verify-login.xyz to restore access. [Case ID: 7af626],1
Security Alert: Your Apple ID has been locked due to multiple failed login attempts. Verify identity at http://appleid-support-security.xyz now. [Case ID: 519c84],1
Security Alert: Your Apple ID has been locked due to multiple failed login attempts. Verify identity at http://appleid-support-security.xyz now. [Case ID: c3395d],1
Your debit card has been blocked. Call support immediately at 9845012345 or visit http://bank-card-reactivate.ml to prevent permanent cancellation. [Case ID: 6f2688],1
"CONGRATULATIONS! You have won $1,000,000 in the International Mobile Lottery. Reply with your full name, bank account, and SSN to claim prize. [Case ID: 2d00f4]",1
"Your PayPal account was accessed from an unknown device in Russia. If this wasn't you, login now at http://paypal-security-alert.tk/auth to secure funds. [Case ID: 1f71e3]",1
Customs Clearance Alert: Your international parcel #US89218 is held at customs due to unpaid duties of $45. Pay now at http://customs-parcel-release.click [Case ID: de03be],1
"Job Offer: Work from home and earn $5,000/week! Send $50 registration fee via UPI / Apple Gift Card to hr@global-remote-jobs.xyz to get started. [Case ID: 7ca57a]",1
URGENT: Your Wells Fargo account has been suspended! Verify your credentials immediately at http://wellsfargo-verify-login.xyz to restore access. [Case ID: 36ac8e],1
"Bank of America Security Alert: Unauthorized transaction of $1,250.00 detected. Click http://bofa-fraud-cancel.top/cancel to reverse charge within 2 hours. [Case ID: 03e7d2]",1
"Job Offer: Work from home and earn $5,000/week! Send $50 registration fee via UPI / Apple Gift Card to hr@global-remote-jobs.xyz to get started. [Case ID: 6a508a]",1
"Your PayPal account was accessed from an unknown device in Russia. If this wasn't you, login now at http://paypal-security-alert.tk/auth to secure funds. [Case ID: 1113d7]",1
URGENT: Your Wells Fargo account has been suspended! Verify your credentials immediately at http://wellsfargo-verify-login.xyz to restore access. [Case ID: a38b16],1
Security Alert: Your Apple ID has been locked due to multiple failed login attempts. Verify identity at http://appleid-support-security.xyz now. [Case ID: 5a7f96],1
"Bank of America Security Alert: Unauthorized transaction of $1,250.00 detected. Click http://bofa-fraud-cancel.top/cancel to reverse charge within 2 hours. [Case ID: 378a06]",1
"CONGRATULATIONS! You have won $1,000,000 in the International Mobile Lottery. Reply with your full name, bank account, and SSN to claim prize. [Case ID: e34084]",1
Customs Clearance Alert: Your international parcel #US89218 is held at customs due to unpaid duties of $45. Pay now at http://customs-parcel-release.click [Case ID: 277a78],1
"CONGRATULATIONS! You have won $1,000,000 in the International Mobile Lottery. Reply with your full name, bank account, and SSN to claim prize. [Case ID: d77f00]",1
IRS Notice: Final warning! A lawsuit is filed against you for unpaid taxes. Call immediately at +1-800-555-0199 or send $500 via Bitcoin to settle. [Case ID: e4dd55],1
Your debit card has been blocked. Call support immediately at 9845012345 or visit http://bank-card-reactivate.ml to prevent permanent cancellation. [Case ID: 7f1610],1
URGENT: Your Wells Fargo account has been suspended! Verify your credentials immediately at http://wellsfargo-verify-login.xyz to restore access. [Case ID: f106b7],1
"CONGRATULATIONS! You have won $1,000,000 in the International Mobile Lottery. Reply with your full name, bank account, and SSN to claim prize. [Case ID: 95f687]",1
"Job Offer: Work from home and earn $5,000/week! Send $50 registration fee via UPI / Apple Gift Card to hr@global-remote-jobs.xyz to get started. [Case ID: c215b4]",1
Your debit card has been blocked. Call support immediately at 9845012345 or visit http://bank-card-reactivate.ml to prevent permanent cancellation. [Case ID: 39dcaf],1
"CONGRATULATIONS! You have won $1,000,000 in the International Mobile Lottery. Reply with your full name, bank account, and SSN to claim prize. [Case ID: d46e1f]",1
"Dear Customer, your Netflix subscription expired. Update your credit card details immediately at http://netflix-billing-update.cf or your service terminates today. [Case ID: 3683af]",1
IRS Notice: Final warning! A lawsuit is filed against you for unpaid taxes. Call immediately at +1-800-555-0199 or send $500 via Bitcoin to settle. [Case ID: a82d92],1
"Your PayPal account was accessed from an unknown device in Russia. If this wasn't you, login now at http://paypal-security-alert.tk/auth to secure funds. [Case ID: 98c724]",1
Customs Clearance Alert: Your international parcel #US89218 is held at customs due to unpaid duties of $45. Pay now at http://customs-parcel-release.click [Case ID: 4d8556],1
IRS Notice: Final warning! A lawsuit is filed against you for unpaid taxes. Call immediately at +1-800-555-0199 or send $500 via Bitcoin to settle. [Case ID: 0004d0],1
Your debit card has been blocked. Call support immediately at 9845012345 or visit http://bank-card-reactivate.ml to prevent permanent cancellation. [Case ID: de7399],1
"Dear Customer, your Netflix subscription expired. Update your credit card details immediately at http://netflix-billing-update.cf or your service terminates today. [Case ID: c4de8c]",1
URGENT: Your Wells Fargo account has been suspended! Verify your credentials immediately at http://wellsfargo-verify-login.xyz to restore access. [Case ID: deb54f],1
"Job Offer: Work from home and earn $5,000/week! Send $50 registration fee via UPI / Apple Gift Card to hr@global-remote-jobs.xyz to get started. [Case ID: 3d863b]",1
Customs Clearance Alert: Your international parcel #US89218 is held at customs due to unpaid duties of $45. Pay now at http://customs-parcel-release.click [Case ID: 7d2b92],1
Customs Clearance Alert: Your international parcel #US89218 is held at customs due to unpaid duties of $45. Pay now at http://customs-parcel-release.click [Case ID: dd055f],1
IRS Notice: Final warning! A lawsuit is filed against you for unpaid taxes. Call immediately at +1-800-555-0199 or send $500 via Bitcoin to settle. [Case ID: 4afd52],1
Your debit card has been blocked. Call support immediately at 9845012345 or visit http://bank-card-reactivate.ml to prevent permanent cancellation. [Case ID: 405e28],1
URGENT: Your Wells Fargo account has been suspended! Verify your credentials immediately at http://wellsfargo-verify-login.xyz to restore access. [Case ID: 798ceb],1
Security Alert: Your Apple ID has been locked due to multiple failed login attempts. Verify identity at http://appleid-support-security.xyz now. [Case ID: f80bf0],1
"Dear Customer, your Netflix subscription expired. Update your credit card details immediately at http://netflix-billing-update.cf or your service terminates today. [Case ID: b3b4d2]",1
Security Alert: Your Apple ID has been locked due to multiple failed login attempts. Verify identity at http://appleid-support-security.xyz now. [Case ID: fb8758],1
"Job Offer: Work from home and earn $5,000/week! Send $50 registration fee via UPI / Apple Gift Card to hr@global-remote-jobs.xyz to get started. [Case ID: 1e4d36]",1
URGENT: Your Wells Fargo account has been suspended! Verify your credentials immediately at http://wellsfargo-verify-login.xyz to restore access. [Case ID: 1b36ea],1
URGENT: Your Wells Fargo account has been suspended! Verify your credentials immediately at http://wellsfargo-verify-login.xyz to restore access. [Case ID: 1f36c1],1
"Dear Customer, your Netflix subscription expired. Update your credit card details immediately at http://netflix-billing-update.cf or your service terminates today. [Case ID: 8c2496]",1
"Bank of America Security Alert: Unauthorized transaction of $1,250.00 detected. Click http://bofa-fraud-cancel.top/cancel to reverse charge within 2 hours. [Case ID: d68a18]",1
Security Alert: Your Apple ID has been locked due to multiple failed login attempts. Verify identity at http://appleid-support-security.xyz now. [Case ID: 9d7311],1
"CONGRATULATIONS! You have won $1,000,000 in the International Mobile Lottery. Reply with your full name, bank account, and SSN to claim prize. [Case ID: 4a3e00]",1
Customs Clearance Alert: Your international parcel #US89218 is held at customs due to unpaid duties of $45. Pay now at http://customs-parcel-release.click [Case ID: dc513e],1
"Bank of America Security Alert: Unauthorized transaction of $1,250.00 detected. Click http://bofa-fraud-cancel.top/cancel to reverse charge within 2 hours. [Case ID: 96055f]",1
"CONGRATULATIONS! You have won $1,000,000 in the International Mobile Lottery. Reply with your full name, bank account, and SSN to claim prize. [Case ID: d5c186]",1
Your debit card has been blocked. Call support immediately at 9845012345 or visit http://bank-card-reactivate.ml to prevent permanent cancellation. [Case ID: c5a4e7],1
"Dear Customer, your Netflix subscription expired. Update your credit card details immediately at http://netflix-billing-update.cf or your service terminates today. [Case ID: 008bd5]",1
Your debit card has been blocked. Call support immediately at 9845012345 or visit http://bank-card-reactivate.ml to prevent permanent cancellation. [Case ID: 3f088e],1
Customs Clearance Alert: Your international parcel #US89218 is held at customs due to unpaid duties of $45. Pay now at http://customs-parcel-release.click [Case ID: 6351bf],1
"Your PayPal account was accessed from an unknown device in Russia. If this wasn't you, login now at http://paypal-security-alert.tk/auth to secure funds. [Case ID: 06964d]",1
"CONGRATULATIONS! You have won $1,000,000 in the International Mobile Lottery. Reply with your full name, bank account, and SSN to claim prize. [Case ID: c5b2ce]",1
"Bank of America Security Alert: Unauthorized transaction of $1,250.00 detected. Click http://bofa-fraud-cancel.top/cancel to reverse charge within 2 hours. [Case ID: 5ec829]",1
"CONGRATULATIONS! You have won $1,000,000 in the International Mobile Lottery. Reply with your full name, bank account, and SSN to claim prize. [Case ID: 08f90c]",1
"CONGRATULATIONS! You have won $1,000,000 in the International Mobile Lottery. Reply with your full name, bank account, and SSN to claim prize. [Case ID: d0fb96]",1
"Dear Customer, your Netflix subscription expired. Update your credit card details immediately at http://netflix-billing-update.cf or your service terminates today. [Case ID: 4ba29b]",1
Your debit card has been blocked. Call support immediately at 9845012345 or visit http://bank-card-reactivate.ml to prevent permanent cancellation. [Case ID: a59102],1
Security Alert: Your Apple ID has been locked due to multiple failed login attempts. Verify identity at http://appleid-support-security.xyz now. [Case ID: b8b4b7],1
"Your PayPal account was accessed from an unknown device in Russia. If this wasn't you, login now at http://paypal-security-alert.tk/auth to secure funds. [Case ID: d47268]",1
"Dear Customer, your Netflix subscription expired. Update your credit card details immediately at http://netflix-billing-update.cf or your service terminates today. [Case ID: ea5a48]",1
"Job Offer: Work from home and earn $5,000/week! Send $50 registration fee via UPI / Apple Gift Card to hr@global-remote-jobs.xyz to get started. [Case ID: a00e5e]",1
"Dear Customer, your Netflix subscription expired. Update your credit card details immediately at http://netflix-billing-update.cf or your service terminates today. [Case ID: ef8446]",1
Customs Clearance Alert: Your international parcel #US89218 is held at customs due to unpaid duties of $45. Pay now at http://customs-parcel-release.click [Case ID: f1981e],1
"Your PayPal account was accessed from an unknown device in Russia. If this wasn't you, login now at http://paypal-security-alert.tk/auth to secure funds. [Case ID: d7a846]",1
URGENT: Your Wells Fargo account has been suspended! Verify your credentials immediately at http://wellsfargo-verify-login.xyz to restore access. [Case ID: c8758b],1
"Job Offer: Work from home and earn $5,000/week! Send $50 registration fee via UPI / Apple Gift Card to hr@global-remote-jobs.xyz to get started. [Case ID: 253614]",1
IRS Notice: Final warning! A lawsuit is filed against you for unpaid taxes. Call immediately at +1-800-555-0199 or send $500 via Bitcoin to settle. [Case ID: 8038da],1
"Dear Customer, your Netflix subscription expired. Update your credit card details immediately at http://netflix-billing-update.cf or your service terminates today. [Case ID: cee8d6]",1
"CONGRATULATIONS! You have won $1,000,000 in the International Mobile Lottery. Reply with your full name, bank account, and SSN to claim prize. [Case ID: 65d2ea]",1
Security Alert: Your Apple ID has been locked due to multiple failed login attempts. Verify identity at http://appleid-support-security.xyz now. [Case ID: 95192c],1
URGENT: Your Wells Fargo account has been suspended! Verify your credentials immediately at http://wellsfargo-verify-login.xyz to restore access. [Case ID: 8d8818],1
"Dear Customer, your Netflix subscription expired. Update your credit card details immediately at http://netflix-billing-update.cf or your service terminates today. [Case ID: 84ddfb]",1
"Dear Customer, your Netflix subscription expired. Update your credit card details immediately at http://netflix-billing-update.cf or your service terminates today. [Case ID: ea6b2e]",1
"Bank of America Security Alert: Unauthorized transaction of $1,250.00 detected. Click http://bofa-fraud-cancel.top/cancel to reverse charge within 2 hours. [Case ID: 7b7a53]",1
"Bank of America Security Alert: Unauthorized transaction of $1,250.00 detected. Click http://bofa-fraud-cancel.top/cancel to reverse charge within 2 hours. [Case ID: 05a5cf]",1
URGENT: Your Wells Fargo account has been suspended! Verify your credentials immediately at http://wellsfargo-verify-login.xyz to restore access. [Case ID: 3a8241],1
Your debit card has been blocked. Call support immediately at 9845012345 or visit http://bank-card-reactivate.ml to prevent permanent cancellation. [Case ID: 5531a5],1
"Bank of America Security Alert: Unauthorized transaction of $1,250.00 detected. Click http://bofa-fraud-cancel.top/cancel to reverse charge within 2 hours. [Case ID: 07811d]",1
"CONGRATULATIONS! You have won $1,000,000 in the International Mobile Lottery. Reply with your full name, bank account, and SSN to claim prize. [Case ID: 312351]",1
"Job Offer: Work from home and earn $5,000/week! Send $50 registration fee via UPI / Apple Gift Card to hr@global-remote-jobs.xyz to get started. [Case ID: c92a10]",1
IRS Notice: Final warning! A lawsuit is filed against you for unpaid taxes. Call immediately at +1-800-555-0199 or send $500 via Bitcoin to settle. [Case ID: 9f62b8],1
"Your PayPal account was accessed from an unknown device in Russia. If this wasn't you, login now at http://paypal-security-alert.tk/auth to secure funds. [Case ID: d860ed]",1
IRS Notice: Final warning! A lawsuit is filed against you for unpaid taxes. Call immediately at +1-800-555-0199 or send $500 via Bitcoin to settle. [Case ID: 093b60],1
IRS Notice: Final warning! A lawsuit is filed against you for unpaid taxes. Call immediately at +1-800-555-0199 or send $500 via Bitcoin to settle. [Case ID: 2d579d],1
"Your PayPal account was accessed from an unknown device in Russia. If this wasn't you, login now at http://paypal-security-alert.tk/auth to secure funds. [Case ID: 88ef51]",1
"Bank of America Security Alert: Unauthorized transaction of $1,250.00 detected. Click http://bofa-fraud-cancel.top/cancel to reverse charge within 2 hours. [Case ID: 535269]",1
URGENT: Your Wells Fargo account has been suspended! Verify your credentials immediately at http://wellsfargo-verify-login.xyz to restore access. [Case ID: a5a617],1
"Your PayPal account was accessed from an unknown device in Russia. If this wasn't you, login now at http://paypal-security-alert.tk/auth to secure funds. [Case ID: d198bd]",1
Customs Clearance Alert: Your international parcel #US89218 is held at customs due to unpaid duties of $45. Pay now at http://customs-parcel-release.click [Case ID: 2b0f65],1
Your debit card has been blocked. Call support immediately at 9845012345 or visit http://bank-card-reactivate.ml to prevent permanent cancellation. [Case ID: f48c04],1
"Job Offer: Work from home and earn $5,000/week! Send $50 registration fee via UPI / Apple Gift Card to hr@global-remote-jobs.xyz to get started. [Case ID: 23d2e1]",1
Security Alert: Your Apple ID has been locked due to multiple failed login attempts. Verify identity at http://appleid-support-security.xyz now. [Case ID: 255791],1
"Bank of America Security Alert: Unauthorized transaction of $1,250.00 detected. Click http://bofa-fraud-cancel.top/cancel to reverse charge within 2 hours. [Case ID: a48564]",1
Your debit card has been blocked. Call support immediately at 9845012345 or visit http://bank-card-reactivate.ml to prevent permanent cancellation. [Case ID: 4c144c],1
"Your PayPal account was accessed from an unknown device in Russia. If this wasn't you, login now at http://paypal-security-alert.tk/auth to secure funds. [Case ID: 89885f]",1
Customs Clearance Alert: Your international parcel #US89218 is held at customs due to unpaid duties of $45. Pay now at http://customs-parcel-release.click [Case ID: 71e09b],1
Security Alert: Your Apple ID has been locked due to multiple failed login attempts. Verify identity at http://appleid-support-security.xyz now. [Case ID: d79c62],1
"Job Offer: Work from home and earn $5,000/week! Send $50 registration fee via UPI / Apple Gift Card to hr@global-remote-jobs.xyz to get started. [Case ID: d8330f]",1
"Job Offer: Work from home and earn $5,000/week! Send $50 registration fee via UPI / Apple Gift Card to hr@global-remote-jobs.xyz to get started. [Case ID: 0189ca]",1
"Bank of America Security Alert: Unauthorized transaction of $1,250.00 detected. Click http://bofa-fraud-cancel.top/cancel to reverse charge within 2 hours. [Case ID: 387511]",1
"Your PayPal account was accessed from an unknown device in Russia. If this wasn't you, login now at http://paypal-security-alert.tk/auth to secure funds. [Case ID: a501be]",1
Your debit card has been blocked. Call support immediately at 9845012345 or visit http://bank-card-reactivate.ml to prevent permanent cancellation. [Case ID: 051928],1
URGENT: Your Wells Fargo account has been suspended! Verify your credentials immediately at http://wellsfargo-verify-login.xyz to restore access. [Case ID: 06b133],1
Your debit card has been blocked. Call support immediately at 9845012345 or visit http://bank-card-reactivate.ml to prevent permanent cancellation. [Case ID: aebf77],1
Your debit card has been blocked. Call support immediately at 9845012345 or visit http://bank-card-reactivate.ml to prevent permanent cancellation. [Case ID: a9813e],1
"Job Offer: Work from home and earn $5,000/week! Send $50 registration fee via UPI / Apple Gift Card to hr@global-remote-jobs.xyz to get started. [Case ID: 584b98]",1
URGENT: Your Wells Fargo account has been suspended! Verify your credentials immediately at http://wellsfargo-verify-login.xyz to restore access. [Case ID: f3e52c],1
URGENT: Your Wells Fargo account has been suspended! Verify your credentials immediately at http://wellsfargo-verify-login.xyz to restore access. [Case ID: 955cb5],1
"Bank of America Security Alert: Unauthorized transaction of $1,250.00 detected. Click http://bofa-fraud-cancel.top/cancel to reverse charge within 2 hours. [Case ID: 9afefc]",1
Security Alert: Your Apple ID has been locked due to multiple failed login attempts. Verify identity at http://appleid-support-security.xyz now. [Case ID: a96d3a],1
"Dear Customer, your Netflix subscription expired. Update your credit card details immediately at http://netflix-billing-update.cf or your service terminates today. [Case ID: df4fe8]",1
IRS Notice: Final warning! A lawsuit is filed against you for unpaid taxes. Call immediately at +1-800-555-0199 or send $500 via Bitcoin to settle. [Case ID: 1359aa],1
IRS Notice: Final warning! A lawsuit is filed against you for unpaid taxes. Call immediately at +1-800-555-0199 or send $500 via Bitcoin to settle. [Case ID: 2eace5],1
"Job Offer: Work from home and earn $5,000/week! Send $50 registration fee via UPI / Apple Gift Card to hr@global-remote-jobs.xyz to get started. [Case ID: f8c0c9]",1
"Dear Customer, your Netflix subscription expired. Update your credit card details immediately at http://netflix-billing-update.cf or your service terminates today. [Case ID: 52dbb0]",1
Security Alert: Your Apple ID has been locked due to multiple failed login attempts. Verify identity at http://appleid-support-security.xyz now. [Case ID: 2d405b],1
"Dear Customer, your Netflix subscription expired. Update your credit card details immediately at http://netflix-billing-update.cf or your service terminates today. [Case ID: 16ba72]",1
"Bank of America Security Alert: Unauthorized transaction of $1,250.00 detected. Click http://bofa-fraud-cancel.top/cancel to reverse charge within 2 hours. [Case ID: f8bf09]",1
Your debit card has been blocked. Call support immediately at 9845012345 or visit http://bank-card-reactivate.ml to prevent permanent cancellation. [Case ID: 0ae3f7],1
"Job Offer: Work from home and earn $5,000/week! Send $50 registration fee via UPI / Apple Gift Card to hr@global-remote-jobs.xyz to get started. [Case ID: 6f4920]",1
URGENT: Your Wells Fargo account has been suspended! Verify your credentials immediately at http://wellsfargo-verify-login.xyz to restore access. [Case ID: b5f1e8],1
"Job Offer: Work from home and earn $5,000/week! Send $50 registration fee via UPI / Apple Gift Card to hr@global-remote-jobs.xyz to get started. [Case ID: 814a9c]",1
IRS Notice: Final warning! A lawsuit is filed against you for unpaid taxes. Call immediately at +1-800-555-0199 or send $500 via Bitcoin to settle. [Case ID: 325995],1
Security Alert: Your Apple ID has been locked due to multiple failed login attempts. Verify identity at http://appleid-support-security.xyz now. [Case ID: 296472],1
"Dear Customer, your Netflix subscription expired. Update your credit card details immediately at http://netflix-billing-update.cf or your service terminates today. [Case ID: fb2e20]",1
Security Alert: Your Apple ID has been locked due to multiple failed login attempts. Verify identity at http://appleid-support-security.xyz now. [Case ID: 07cb5f],1
"Bank of America Security Alert: Unauthorized transaction of $1,250.00 detected. Click http://bofa-fraud-cancel.top/cancel to reverse charge within 2 hours. [Case ID: 4b86ab]",1
"Job Offer: Work from home and earn $5,000/week! Send $50 registration fee via UPI / Apple Gift Card to hr@global-remote-jobs.xyz to get started. [Case ID: 1f4fe6]",1
"Your PayPal account was accessed from an unknown device in Russia. If this wasn't you, login now at http://paypal-security-alert.tk/auth to secure funds. [Case ID: cbef46]",1
"Job Offer: Work from home and earn $5,000/week! Send $50 registration fee via UPI / Apple Gift Card to hr@global-remote-jobs.xyz to get started. [Case ID: 6492d3]",1
URGENT: Your Wells Fargo account has been suspended! Verify your credentials immediately at http://wellsfargo-verify-login.xyz to restore access. [Case ID: 819e3d],1
"Job Offer: Work from home and earn $5,000/week! Send $50 registration fee via UPI / Apple Gift Card to hr@global-remote-jobs.xyz to get started. [Case ID: f41058]",1
Customs Clearance Alert: Your international parcel #US89218 is held at customs due to unpaid duties of $45. Pay now at http://customs-parcel-release.click [Case ID: 654ad6],1
"Bank of America Security Alert: Unauthorized transaction of $1,250.00 detected. Click http://bofa-fraud-cancel.top/cancel to reverse charge within 2 hours. [Case ID: 54ff9e]",1
"CONGRATULATIONS! You have won $1,000,000 in the International Mobile Lottery. Reply with your full name, bank account, and SSN to claim prize. [Case ID: 0070d2]",1
"Bank of America Security Alert: Unauthorized transaction of $1,250.00 detected. Click http://bofa-fraud-cancel.top/cancel to reverse charge within 2 hours. [Case ID: 850af9]",1
"Dear Customer, your Netflix subscription expired. Update your credit card details immediately at http://netflix-billing-update.cf or your service terminates today. [Case ID: 3e9e39]",1
"CONGRATULATIONS! You have won $1,000,000 in the International Mobile Lottery. Reply with your full name, bank account, and SSN to claim prize. [Case ID: a088ea]",1
"Dear Customer, your Netflix subscription expired. Update your credit card details immediately at http://netflix-billing-update.cf or your service terminates today. [Case ID: e0a209]",1
"Dear Customer, your Netflix subscription expired. Update your credit card details immediately at http://netflix-billing-update.cf or your service terminates today. [Case ID: f80ff3]",1
URGENT: Your Wells Fargo account has been suspended! Verify your credentials immediately at http://wellsfargo-verify-login.xyz to restore access. [Case ID: 4d6b3e],1
URGENT: Your Wells Fargo account has been suspended! Verify your credentials immediately at http://wellsfargo-verify-login.xyz to restore access. [Case ID: d3a7f4],1
Your debit card has been blocked. Call support immediately at 9845012345 or visit http://bank-card-reactivate.ml to prevent permanent cancellation. [Case ID: bf424c],1
IRS Notice: Final warning! A lawsuit is filed against you for unpaid taxes. Call immediately at +1-800-555-0199 or send $500 via Bitcoin to settle. [Case ID: 26f5bd],1
Your debit card has been blocked. Call support immediately at 9845012345 or visit http://bank-card-reactivate.ml to prevent permanent cancellation. [Case ID: 0b1ec3],1
Your debit card has been blocked. Call support immediately at 9845012345 or visit http://bank-card-reactivate.ml to prevent permanent cancellation. [Case ID: 801272],1
IRS Notice: Final warning! A lawsuit is filed against you for unpaid taxes. Call immediately at +1-800-555-0199 or send $500 via Bitcoin to settle. [Case ID: b2ab00],1
"Your PayPal account was accessed from an unknown device in Russia. If this wasn't you, login now at http://paypal-security-alert.tk/auth to secure funds. [Case ID: cf2226]",1
"CONGRATULATIONS! You have won $1,000,000 in the International Mobile Lottery. Reply with your full name, bank account, and SSN to claim prize. [Case ID: 2cd4e8]",1
Security Alert: Your Apple ID has been locked due to multiple failed login attempts. Verify identity at http://appleid-support-security.xyz now. [Case ID: 194cf6],1
Your debit card has been blocked. Call support immediately at 9845012345 or visit http://bank-card-reactivate.ml to prevent permanent cancellation. [Case ID: a03fa3],1
"Job Offer: Work from home and earn $5,000/week! Send $50 registration fee via UPI / Apple Gift Card to hr@global-remote-jobs.xyz to get started. [Case ID: a1d731]",1
"Job Offer: Work from home and earn $5,000/week! Send $50 registration fee via UPI / Apple Gift Card to hr@global-remote-jobs.xyz to get started. [Case ID: 978d76]",1
"Dear Customer, your Netflix subscription expired. Update your credit card details immediately at http://netflix-billing-update.cf or your service terminates today. [Case ID: 2cad8f]",1
IRS Notice: Final warning! A lawsuit is filed against you for unpaid taxes. Call immediately at +1-800-555-0199 or send $500 via Bitcoin to settle. [Case ID: c5866e],1
"Dear Customer, your Netflix subscription expired. Update your credit card details immediately at http://netflix-billing-update.cf or your service terminates today. [Case ID: 8232e1]",1
Customs Clearance Alert: Your international parcel #US89218 is held at customs due to unpaid duties of $45. Pay now at http://customs-parcel-release.click [Case ID: 7b1ce3],1
Customs Clearance Alert: Your international parcel #US89218 is held at customs due to unpaid duties of $45. Pay now at http://customs-parcel-release.click [Case ID: e7e236],1
Security Alert: Your Apple ID has been locked due to multiple failed login attempts. Verify identity at http://appleid-support-security.xyz now. [Case ID: 24f0d2],1
URGENT: Your Wells Fargo account has been suspended! Verify your credentials immediately at http://wellsfargo-verify-login.xyz to restore access. [Case ID: c63357],1
URGENT: Your Wells Fargo account has been suspended! Verify your credentials immediately at http://wellsfargo-verify-login.xyz to restore access. [Case ID: 9185f3],1
IRS Notice: Final warning! A lawsuit is filed against you for unpaid taxes. Call immediately at +1-800-555-0199 or send $500 via Bitcoin to settle. [Case ID: 931af5],1
IRS Notice: Final warning! A lawsuit is filed against you for unpaid taxes. Call immediately at +1-800-555-0199 or send $500 via Bitcoin to settle. [Case ID: 05546b],1
Your debit card has been blocked. Call support immediately at 9845012345 or visit http://bank-card-reactivate.ml to prevent permanent cancellation. [Case ID: c3535f],1
Customs Clearance Alert: Your international parcel #US89218 is held at customs due to unpaid duties of $45. Pay now at http://customs-parcel-release.click [Case ID: 1a0a28],1
Your debit card has been blocked. Call support immediately at 9845012345 or visit http://bank-card-reactivate.ml to prevent permanent cancellation. [Case ID: a29d15],1
URGENT: Your Wells Fargo account has been suspended! Verify your credentials immediately at http://wellsfargo-verify-login.xyz to restore access. [Case ID: 01931a],1
"CONGRATULATIONS! You have won $1,000,000 in the International Mobile Lottery. Reply with your full name, bank account, and SSN to claim prize. [Case ID: 51174a]",1
"CONGRATULATIONS! You have won $1,000,000 in the International Mobile Lottery. Reply with your full name, bank account, and SSN to claim prize. [Case ID: bdc462]",1
IRS Notice: Final warning! A lawsuit is filed against you for unpaid taxes. Call immediately at +1-800-555-0199 or send $500 via Bitcoin to settle. [Case ID: 4ba3c1],1
"Dear Customer, your Netflix subscription expired. Update your credit card details immediately at http://netflix-billing-update.cf or your service terminates today. [Case ID: 393723]",1
URGENT: Your Wells Fargo account has been suspended! Verify your credentials immediately at http://wellsfargo-verify-login.xyz to restore access. [Case ID: 92bbd3],1
"CONGRATULATIONS! You have won $1,000,000 in the International Mobile Lottery. Reply with your full name, bank account, and SSN to claim prize. [Case ID: 1b5230]",1
URGENT: Your Wells Fargo account has been suspended! Verify your credentials immediately at http://wellsfargo-verify-login.xyz to restore access. [Case ID: 44cd7a],1
"Bank of America Security Alert: Unauthorized transaction of $1,250.00 detected. Click http://bofa-fraud-cancel.top/cancel to reverse charge within 2 hours. [Case ID: 02b1be]",1
"Job Offer: Work from home and earn $5,000/week! Send $50 registration fee via UPI / Apple Gift Card to hr@global-remote-jobs.xyz to get started. [Case ID: abdbeb]",1
Customs Clearance Alert: Your international parcel #US89218 is held at customs due to unpaid duties of $45. Pay now at http://customs-parcel-release.click [Case ID: 5a1e3a],1
Your debit card has been blocked. Call support immediately at 9845012345 or visit http://bank-card-reactivate.ml to prevent permanent cancellation. [Case ID: ef41d4],1
URGENT: Your Wells Fargo account has been suspended! Verify your credentials immediately at http://wellsfargo-verify-login.xyz to restore access. [Case ID: a01286],1
"Job Offer: Work from home and earn $5,000/week! Send $50 registration fee via UPI / Apple Gift Card to hr@global-remote-jobs.xyz to get started. [Case ID: 3b92d1]",1
"Bank of America Security Alert: Unauthorized transaction of $1,250.00 detected. Click http://bofa-fraud-cancel.top/cancel to reverse charge within 2 hours. [Case ID: 5227b6]",1
Your debit card has been blocked. Call support immediately at 9845012345 or visit http://bank-card-reactivate.ml to prevent permanent cancellation. [Case ID: bd5af7],1
URGENT: Your Wells Fargo account has been suspended! Verify your credentials immediately at http://wellsfargo-verify-login.xyz to restore access. [Case ID: cd4bb3],1
IRS Notice: Final warning! A lawsuit is filed against you for unpaid taxes. Call immediately at +1-800-555-0199 or send $500 via Bitcoin to settle. [Case ID: f15d33],1
"Job Offer: Work from home and earn $5,000/week! Send $50 registration fee via UPI / Apple Gift Card to hr@global-remote-jobs.xyz to get started. [Case ID: a869cc]",1
Your debit card has been blocked. Call support immediately at 9845012345 or visit http://bank-card-reactivate.ml to prevent permanent cancellation. [Case ID: f6e794],1
URGENT: Your Wells Fargo account has been suspended! Verify your credentials immediately at http://wellsfargo-verify-login.xyz to restore access. [Case ID: c902b4],1
"Job Offer: Work from home and earn $5,000/week! Send $50 registration fee via UPI / Apple Gift Card to hr@global-remote-jobs.xyz to get started. [Case ID: fca078]",1
"Bank of America Security Alert: Unauthorized transaction of $1,250.00 detected. Click http://bofa-fraud-cancel.top/cancel to reverse charge within 2 hours. [Case ID: 9a49a2]",1
URGENT: Your Wells Fargo account has been suspended! Verify your credentials immediately at http://wellsfargo-verify-login.xyz to restore access. [Case ID: 4e62e7],1
URGENT: Your Wells Fargo account has been suspended! Verify your credentials immediately at http://wellsfargo-verify-login.xyz to restore access. [Case ID: 9bb6de],1
URGENT: Your Wells Fargo account has been suspended! Verify your credentials immediately at http://wellsfargo-verify-login.xyz to restore access. [Case ID: 194310],1
Security Alert: Your Apple ID has been locked due to multiple failed login attempts. Verify identity at http://appleid-support-security.xyz now. [Case ID: 37d097],1
IRS Notice: Final warning! A lawsuit is filed against you for unpaid taxes. Call immediately at +1-800-555-0199 or send $500 via Bitcoin to settle. [Case ID: 23c97e],1
"Bank of America Security Alert: Unauthorized transaction of $1,250.00 detected. Click http://bofa-fraud-cancel.top/cancel to reverse charge within 2 hours. [Case ID: 5d6646]",1
Your debit card has been blocked. Call support immediately at 9845012345 or visit http://bank-card-reactivate.ml to prevent permanent cancellation. [Case ID: 2a34ab],1
Security Alert: Your Apple ID has been locked due to multiple failed login attempts. Verify identity at http://appleid-support-security.xyz now. [Case ID: 9f44e9],1
"Dear Customer, your Netflix subscription expired. Update your credit card details immediately at http://netflix-billing-update.cf or your service terminates today. [Case ID: 7dc1c7]",1
Security Alert: Your Apple ID has been locked due to multiple failed login attempts. Verify identity at http://appleid-support-security.xyz now. [Case ID: c182f9],1
Customs Clearance Alert: Your international parcel #US89218 is held at customs due to unpaid duties of $45. Pay now at http://customs-parcel-release.click [Case ID: 936a40],1
Customs Clearance Alert: Your international parcel #US89218 is held at customs due to unpaid duties of $45. Pay now at http://customs-parcel-release.click [Case ID: 0d73a2],1
URGENT: Your Wells Fargo account has been suspended! Verify your credentials immediately at http://wellsfargo-verify-login.xyz to restore access. [Case ID: e21e4e],1
Security Alert: Your Apple ID has been locked due to multiple failed login attempts. Verify identity at http://appleid-support-security.xyz now. [Case ID: d30960],1
"Dear Customer, your Netflix subscription expired. Update your credit card details immediately at http://netflix-billing-update.cf or your service terminates today. [Case ID: 24917d]",1
Security Alert: Your Apple ID has been locked due to multiple failed login attempts. Verify identity at http://appleid-support-security.xyz now. [Case ID: 350db0],1
IRS Notice: Final warning! A lawsuit is filed against you for unpaid taxes. Call immediately at +1-800-555-0199 or send $500 via Bitcoin to settle. [Case ID: a486cd],1
IRS Notice: Final warning! A lawsuit is filed against you for unpaid taxes. Call immediately at +1-800-555-0199 or send $500 via Bitcoin to settle. [Case ID: cb8da6],1
"Dear Customer, your Netflix subscription expired. Update your credit card details immediately at http://netflix-billing-update.cf or your service terminates today. [Case ID: 1e8c39]",1
Security Alert: Your Apple ID has been locked due to multiple failed login attempts. Verify identity at http://appleid-support-security.xyz now. [Case ID: a381c2],1
"Job Offer: Work from home and earn $5,000/week! Send $50 registration fee via UPI / Apple Gift Card to hr@global-remote-jobs.xyz to get started. [Case ID: ee26fc]",1
IRS Notice: Final warning! A lawsuit is filed against you for unpaid taxes. Call immediately at +1-800-555-0199 or send $500 via Bitcoin to settle. [Case ID: d54259],1
IRS Notice: Final warning! A lawsuit is filed against you for unpaid taxes. Call immediately at +1-800-555-0199 or send $500 via Bitcoin to settle. [Case ID: 697e38],1
"CONGRATULATIONS! You have won $1,000,000 in the International Mobile Lottery. Reply with your full name, bank account, and SSN to claim prize. [Case ID: ddd9dd]",1
Security Alert: Your Apple ID has been locked due to multiple failed login attempts. Verify identity at http://appleid-support-security.xyz now. [Case ID: 181993],1
IRS Notice: Final warning! A lawsuit is filed against you for unpaid taxes. Call immediately at +1-800-555-0199 or send $500 via Bitcoin to settle. [Case ID: 333ac5],1
"Bank of America Security Alert: Unauthorized transaction of $1,250.00 detected. Click http://bofa-fraud-cancel.top/cancel to reverse charge within 2 hours. [Case ID: 86e784]",1
Security Alert: Your Apple ID has been locked due to multiple failed login attempts. Verify identity at http://appleid-support-security.xyz now. [Case ID: 6e5025],1
Customs Clearance Alert: Your international parcel #US89218 is held at customs due to unpaid duties of $45. Pay now at http://customs-parcel-release.click [Case ID: c3e403],1
"CONGRATULATIONS! You have won $1,000,000 in the International Mobile Lottery. Reply with your full name, bank account, and SSN to claim prize. [Case ID: 8929c7]",1
IRS Notice: Final warning! A lawsuit is filed against you for unpaid taxes. Call immediately at +1-800-555-0199 or send $500 via Bitcoin to settle. [Case ID: 32e056],1
"CONGRATULATIONS! You have won $1,000,000 in the International Mobile Lottery. Reply with your full name, bank account, and SSN to claim prize. [Case ID: 2596a5]",1
Customs Clearance Alert: Your international parcel #US89218 is held at customs due to unpaid duties of $45. Pay now at http://customs-parcel-release.click [Case ID: 41e763],1
"Dear Customer, your Netflix subscription expired. Update your credit card details immediately at http://netflix-billing-update.cf or your service terminates today. [Case ID: bd0cc8]",1
"Dear Customer, your Netflix subscription expired. Update your credit card details immediately at http://netflix-billing-update.cf or your service terminates today. [Case ID: 88a839]",1
Security Alert: Your Apple ID has been locked due to multiple failed login attempts. Verify identity at http://appleid-support-security.xyz now. [Case ID: f8e59f],1
Customs Clearance Alert: Your international parcel #US89218 is held at customs due to unpaid duties of $45. Pay now at http://customs-parcel-release.click [Case ID: 9978b7],1
"Your PayPal account was accessed from an unknown device in Russia. If this wasn't you, login now at http://paypal-security-alert.tk/auth to secure funds. [Case ID: 7bc1ec]",1
"Your PayPal account was accessed from an unknown device in Russia. If this wasn't you, login now at http://paypal-security-alert.tk/auth to secure funds. [Case ID: d1a21d]",1
Security Alert: Your Apple ID has been locked due to multiple failed login attempts. Verify identity at http://appleid-support-security.xyz now. [Case ID: 211c1e],1
URGENT: Your Wells Fargo account has been suspended! Verify your credentials immediately at http://wellsfargo-verify-login.xyz to restore access. [Case ID: 0234c5],1
"CONGRATULATIONS! You have won $1,000,000 in the International Mobile Lottery. Reply with your full name, bank account, and SSN to claim prize. [Case ID: bb1662]",1
"CONGRATULATIONS! You have won $1,000,000 in the International Mobile Lottery. Reply with your full name, bank account, and SSN to claim prize. [Case ID: 169779]",1
"Dear Customer, your Netflix subscription expired. Update your credit card details immediately at http://netflix-billing-update.cf or your service terminates today. [Case ID: 12b1e4]",1
"Your PayPal account was accessed from an unknown device in Russia. If this wasn't you, login now at http://paypal-security-alert.tk/auth to secure funds. [Case ID: 3a1dd9]",1
Your debit card has been blocked. Call support immediately at 9845012345 or visit http://bank-card-reactivate.ml to prevent permanent cancellation. [Case ID: 100d9f],1
IRS Notice: Final warning! A lawsuit is filed against you for unpaid taxes. Call immediately at +1-800-555-0199 or send $500 via Bitcoin to settle. [Case ID: d51b41],1
IRS Notice: Final warning! A lawsuit is filed against you for unpaid taxes. Call immediately at +1-800-555-0199 or send $500 via Bitcoin to settle. [Case ID: 2056d8],1
IRS Notice: Final warning! A lawsuit is filed against you for unpaid taxes. Call immediately at +1-800-555-0199 or send $500 via Bitcoin to settle. [Case ID: 00a03e],1
"Dear Customer, your Netflix subscription expired. Update your credit card details immediately at http://netflix-billing-update.cf or your service terminates today. [Case ID: f12ee9]",1
Customs Clearance Alert: Your international parcel #US89218 is held at customs due to unpaid duties of $45. Pay now at http://customs-parcel-release.click [Case ID: 81b383],1
"Job Offer: Work from home and earn $5,000/week! Send $50 registration fee via UPI / Apple Gift Card to hr@global-remote-jobs.xyz to get started. [Case ID: e2ad76]",1
"Your PayPal account was accessed from an unknown device in Russia. If this wasn't you, login now at http://paypal-security-alert.tk/auth to secure funds. [Case ID: b44050]",1
"Your PayPal account was accessed from an unknown device in Russia. If this wasn't you, login now at http://paypal-security-alert.tk/auth to secure funds. [Case ID: 1c6a01]",1
Your debit card has been blocked. Call support immediately at 9845012345 or visit http://bank-card-reactivate.ml to prevent permanent cancellation. [Case ID: 0a8725],1
"CONGRATULATIONS! You have won $1,000,000 in the International Mobile Lottery. Reply with your full name, bank account, and SSN to claim prize. [Case ID: 71560c]",1
URGENT: Your Wells Fargo account has been suspended! Verify your credentials immediately at http://wellsfargo-verify-login.xyz to restore access. [Case ID: 14ea0d],1
Security Alert: Your Apple ID has been locked due to multiple failed login attempts. Verify identity at http://appleid-support-security.xyz now. [Case ID: ca0dae],1
"CONGRATULATIONS! You have won $1,000,000 in the International Mobile Lottery. Reply with your full name, bank account, and SSN to claim prize. [Case ID: cdf1e2]",1
Customs Clearance Alert: Your international parcel #US89218 is held at customs due to unpaid duties of $45. Pay now at http://customs-parcel-release.click [Case ID: 8c5f6e],1
Security Alert: Your Apple ID has been locked due to multiple failed login attempts. Verify identity at http://appleid-support-security.xyz now. [Case ID: 25db67],1
"Your PayPal account was accessed from an unknown device in Russia. If this wasn't you, login now at http://paypal-security-alert.tk/auth to secure funds. [Case ID: ea119a]",1
Customs Clearance Alert: Your international parcel #US89218 is held at customs due to unpaid duties of $45. Pay now at http://customs-parcel-release.click [Case ID: 6832a7],1
Security Alert: Your Apple ID has been locked due to multiple failed login attempts. Verify identity at http://appleid-support-security.xyz now. [Case ID: 1145a3],1
Your debit card has been blocked. Call support immediately at 9845012345 or visit http://bank-card-reactivate.ml to prevent permanent cancellation. [Case ID: 5249ee],1
Your debit card has been blocked. Call support immediately at 9845012345 or visit http://bank-card-reactivate.ml to prevent permanent cancellation. [Case ID: e45823],1
"Bank of America Security Alert: Unauthorized transaction of $1,250.00 detected. Click http://bofa-fraud-cancel.top/cancel to reverse charge within 2 hours. [Case ID: dd28e5]",1
"Job Offer: Work from home and earn $5,000/week! Send $50 registration fee via UPI / Apple Gift Card to hr@global-remote-jobs.xyz to get started. [Case ID: 2d969e]",1
Your debit card has been blocked. Call support immediately at 9845012345 or visit http://bank-card-reactivate.ml to prevent permanent cancellation. [Case ID: 4b4edc],1
"Your PayPal account was accessed from an unknown device in Russia. If this wasn't you, login now at http://paypal-security-alert.tk/auth to secure funds. [Case ID: 06d5ae]",1
URGENT: Your Wells Fargo account has been suspended! Verify your credentials immediately at http://wellsfargo-verify-login.xyz to restore access. [Case ID: fea9c1],1
IRS Notice: Final warning! A lawsuit is filed against you for unpaid taxes. Call immediately at +1-800-555-0199 or send $500 via Bitcoin to settle. [Case ID: 4aecfb],1
"Bank of America Security Alert: Unauthorized transaction of $1,250.00 detected. Click http://bofa-fraud-cancel.top/cancel to reverse charge within 2 hours. [Case ID: cd3afe]",1
IRS Notice: Final warning! A lawsuit is filed against you for unpaid taxes. Call immediately at +1-800-555-0199 or send $500 via Bitcoin to settle. [Case ID: db116b],1
"Job Offer: Work from home and earn $5,000/week! Send $50 registration fee via UPI / Apple Gift Card to hr@global-remote-jobs.xyz to get started. [Case ID: 1368ba]",1
Security Alert: Your Apple ID has been locked due to multiple failed login attempts. Verify identity at http://appleid-support-security.xyz now. [Case ID: 3323fe],1
"Dear Customer, your Netflix subscription expired. Update your credit card details immediately at http://netflix-billing-update.cf or your service terminates today. [Case ID: 05a704]",1
Your debit card has been blocked. Call support immediately at 9845012345 or visit http://bank-card-reactivate.ml to prevent permanent cancellation. [Case ID: 01894d],1
URGENT: Your Wells Fargo account has been suspended! Verify your credentials immediately at http://wellsfargo-verify-login.xyz to restore access. [Case ID: f3d9de],1
"Job Offer: Work from home and earn $5,000/week! Send $50 registration fee via UPI / Apple Gift Card to hr@global-remote-jobs.xyz to get started. [Case ID: 02e656]",1
IRS Notice: Final warning! A lawsuit is filed against you for unpaid taxes. Call immediately at +1-800-555-0199 or send $500 via Bitcoin to settle. [Case ID: 5938b4],1
"Bank of America Security Alert: Unauthorized transaction of $1,250.00 detected. Click http://bofa-fraud-cancel.top/cancel to reverse charge within 2 hours. [Case ID: b5c015]",1
Your debit card has been blocked. Call support immediately at 9845012345 or visit http://bank-card-reactivate.ml to prevent permanent cancellation. [Case ID: b0df22],1
"Your PayPal account was accessed from an unknown device in Russia. If this wasn't you, login now at http://paypal-security-alert.tk/auth to secure funds. [Case ID: 13111c]",1
Your debit card has been blocked. Call support immediately at 9845012345 or visit http://bank-card-reactivate.ml to prevent permanent cancellation. [Case ID: d2a27e],1
"Bank of America Security Alert: Unauthorized transaction of $1,250.00 detected. Click http://bofa-fraud-cancel.top/cancel to reverse charge within 2 hours. [Case ID: 598920]",1
"Bank of America Security Alert: Unauthorized transaction of $1,250.00 detected. Click http://bofa-fraud-cancel.top/cancel to reverse charge within 2 hours. [Case ID: 934b53]",1
"Dear Customer, your Netflix subscription expired. Update your credit card details immediately at http://netflix-billing-update.cf or your service terminates today. [Case ID: 04048a]",1
Your debit card has been blocked. Call support immediately at 9845012345 or visit http://bank-card-reactivate.ml to prevent permanent cancellation. [Case ID: 8ca8da],1
Your debit card has been blocked. Call support immediately at 9845012345 or visit http://bank-card-reactivate.ml to prevent permanent cancellation. [Case ID: 443dec],1
"Dear Customer, your Netflix subscription expired. Update your credit card details immediately at http://netflix-billing-update.cf or your service terminates today. [Case ID: 01eee5]",1
Customs Clearance Alert: Your international parcel #US89218 is held at customs due to unpaid duties of $45. Pay now at http://customs-parcel-release.click [Case ID: efdf56],1
Customs Clearance Alert: Your international parcel #US89218 is held at customs due to unpaid duties of $45. Pay now at http://customs-parcel-release.click [Case ID: 4ae67a],1
Security Alert: Your Apple ID has been locked due to multiple failed login attempts. Verify identity at http://appleid-support-security.xyz now. [Case ID: 6cd931],1
Customs Clearance Alert: Your international parcel #US89218 is held at customs due to unpaid duties of $45. Pay now at http://customs-parcel-release.click [Case ID: 329e65],1
"CONGRATULATIONS! You have won $1,000,000 in the International Mobile Lottery. Reply with your full name, bank account, and SSN to claim prize. [Case ID: 2a8a81]",1
Your debit card has been blocked. Call support immediately at 9845012345 or visit http://bank-card-reactivate.ml to prevent permanent cancellation. [Case ID: 3e6260],1
URGENT: Your Wells Fargo account has been suspended! Verify your credentials immediately at http://wellsfargo-verify-login.xyz to restore access. [Case ID: e0f7a4],1
Your debit card has been blocked. Call support immediately at 9845012345 or visit http://bank-card-reactivate.ml to prevent permanent cancellation. [Case ID: 653ac1],1
"CONGRATULATIONS! You have won $1,000,000 in the International Mobile Lottery. Reply with your full name, bank account, and SSN to claim prize. [Case ID: b0b79d]",1
"CONGRATULATIONS! You have won $1,000,000 in the International Mobile Lottery. Reply with your full name, bank account, and SSN to claim prize. [Case ID: 3dd942]",1
IRS Notice: Final warning! A lawsuit is filed against you for unpaid taxes. Call immediately at +1-800-555-0199 or send $500 via Bitcoin to settle. [Case ID: b166b5],1
Your debit card has been blocked. Call support immediately at 9845012345 or visit http://bank-card-reactivate.ml to prevent permanent cancellation. [Case ID: 295235],1
"Job Offer: Work from home and earn $5,000/week! Send $50 registration fee via UPI / Apple Gift Card to hr@global-remote-jobs.xyz to get started. [Case ID: 487d4c]",1
"CONGRATULATIONS! You have won $1,000,000 in the International Mobile Lottery. Reply with your full name, bank account, and SSN to claim prize. [Case ID: d4dd11]",1
URGENT: Your Wells Fargo account has been suspended! Verify your credentials immediately at http://wellsfargo-verify-login.xyz to restore access. [Case ID: b6e323],1
"Dear Customer, your Netflix subscription expired. Update your credit card details immediately at http://netflix-billing-update.cf or your service terminates today. [Case ID: 1a3f91]",1
Security Alert: Your Apple ID has been locked due to multiple failed login attempts. Verify identity at http://appleid-support-security.xyz now. [Case ID: 90aef9],1
IRS Notice: Final warning! A lawsuit is filed against you for unpaid taxes. Call immediately at +1-800-555-0199 or send $500 via Bitcoin to settle. [Case ID: 3147da],1
"Dear Customer, your Netflix subscription expired. Update your credit card details immediately at http://netflix-billing-update.cf or your service terminates today. [Case ID: 109078]",1
IRS Notice: Final warning! A lawsuit is filed against you for unpaid taxes. Call immediately at +1-800-555-0199 or send $500 via Bitcoin to settle. [Case ID: 758a06],1
URGENT: Your Wells Fargo account has been suspended! Verify your credentials immediately at http://wellsfargo-verify-login.xyz to restore access. [Case ID: df1f1d],1
"Bank of America Security Alert: Unauthorized transaction of $1,250.00 detected. Click http://bofa-fraud-cancel.top/cancel to reverse charge within 2 hours. [Case ID: be6c7b]",1
Your debit card has been blocked. Call support immediately at 9845012345 or visit http://bank-card-reactivate.ml to prevent permanent cancellation. [Case ID: 243fac],1
"Your PayPal account was accessed from an unknown device in Russia. If this wasn't you, login now at http://paypal-security-alert.tk/auth to secure funds. [Case ID: a07c2f]",1
"Job Offer: Work from home and earn $5,000/week! Send $50 registration fee via UPI / Apple Gift Card to hr@global-remote-jobs.xyz to get started. [Case ID: d5e2c0]",1
"Dear Customer, your Netflix subscription expired. Update your credit card details immediately at http://netflix-billing-update.cf or your service terminates today. [Case ID: 635440]",1
Your debit card has been blocked. Call support immediately at 9845012345 or visit http://bank-card-reactivate.ml to prevent permanent cancellation. [Case ID: ce6c92],1
"Job Offer: Work from home and earn $5,000/week! Send $50 registration fee via UPI / Apple Gift Card to hr@global-remote-jobs.xyz to get started. [Case ID: 38651c]",1
"Bank of America Security Alert: Unauthorized transaction of $1,250.00 detected. Click http://bofa-fraud-cancel.top/cancel to reverse charge within 2 hours. [Case ID: c2ba1b]",1
"Your PayPal account was accessed from an unknown device in Russia. If this wasn't you, login now at http://paypal-security-alert.tk/auth to secure funds. [Case ID: f6c79f]",1
"Job Offer: Work from home and earn $5,000/week! Send $50 registration fee via UPI / Apple Gift Card to hr@global-remote-jobs.xyz to get started. [Case ID: d62884]",1
"Job Offer: Work from home and earn $5,000/week! Send $50 registration fee via UPI / Apple Gift Card to hr@global-remote-jobs.xyz to get started. [Case ID: 2d3acd]",1
"Dear Customer, your Netflix subscription expired. Update your credit card details immediately at http://netflix-billing-update.cf or your service terminates today. [Case ID: 04ad56]",1
Customs Clearance Alert: Your international parcel #US89218 is held at customs due to unpaid duties of $45. Pay now at http://customs-parcel-release.click [Case ID: 4cb811],1
"Your PayPal account was accessed from an unknown device in Russia. If this wasn't you, login now at http://paypal-security-alert.tk/auth to secure funds. [Case ID: bbaa9d]",1
Your debit card has been blocked. Call support immediately at 9845012345 or visit http://bank-card-reactivate.ml to prevent permanent cancellation. [Case ID: 0233f3],1
"Bank of America Security Alert: Unauthorized transaction of $1,250.00 detected. Click http://bofa-fraud-cancel.top/cancel to reverse charge within 2 hours. [Case ID: 26505e]",1
"Your PayPal account was accessed from an unknown device in Russia. If this wasn't you, login now at http://paypal-security-alert.tk/auth to secure funds. [Case ID: ccbd8c]",1
URGENT: Your Wells Fargo account has been suspended! Verify your credentials immediately at http://wellsfargo-verify-login.xyz to restore access. [Case ID: 66e8ba],1
Customs Clearance Alert: Your international parcel #US89218 is held at customs due to unpaid duties of $45. Pay now at http://customs-parcel-release.click [Case ID: eb76c0],1
URGENT: Your Wells Fargo account has been suspended! Verify your credentials immediately at http://wellsfargo-verify-login.xyz to restore access. [Case ID: 53ed35],1
"Bank of America Security Alert: Unauthorized transaction of $1,250.00 detected. Click http://bofa-fraud-cancel.top/cancel to reverse charge within 2 hours. [Case ID: 2b8eba]",1
"Dear Customer, your Netflix subscription expired. Update your credit card details immediately at http://netflix-billing-update.cf or your service terminates today. [Case ID: 51de85]",1
"Dear Customer, your Netflix subscription expired. Update your credit card details immediately at http://netflix-billing-update.cf or your service terminates today. [Case ID: cd0f74]",1
"Bank of America Security Alert: Unauthorized transaction of $1,250.00 detected. Click http://bofa-fraud-cancel.top/cancel to reverse charge within 2 hours. [Case ID: a37603]",1
IRS Notice: Final warning! A lawsuit is filed against you for unpaid taxes. Call immediately at +1-800-555-0199 or send $500 via Bitcoin to settle. [Case ID: 743394],1
"Bank of America Security Alert: Unauthorized transaction of $1,250.00 detected. Click http://bofa-fraud-cancel.top/cancel to reverse charge within 2 hours. [Case ID: 074177]",1
Customs Clearance Alert: Your international parcel #US89218 is held at customs due to unpaid duties of $45. Pay now at http://customs-parcel-release.click [Case ID: 95f8d9],1
"CONGRATULATIONS! You have won $1,000,000 in the International Mobile Lottery. Reply with your full name, bank account, and SSN to claim prize. [Case ID: cd0cbc]",1
"Dear Customer, your Netflix subscription expired. Update your credit card details immediately at http://netflix-billing-update.cf or your service terminates today. [Case ID: 6150cc]",1
Security Alert: Your Apple ID has been locked due to multiple failed login attempts. Verify identity at http://appleid-support-security.xyz now. [Case ID: fe40fb],1
Customs Clearance Alert: Your international parcel #US89218 is held at customs due to unpaid duties of $45. Pay now at http://customs-parcel-release.click [Case ID: cc7e2b],1
Customs Clearance Alert: Your international parcel #US89218 is held at customs due to unpaid duties of $45. Pay now at http://customs-parcel-release.click [Case ID: 966715],1
Customs Clearance Alert: Your international parcel #US89218 is held at customs due to unpaid duties of $45. Pay now at http://customs-parcel-release.click [Case ID: dc1662],1
"Job Offer: Work from home and earn $5,000/week! Send $50 registration fee via UPI / Apple Gift Card to hr@global-remote-jobs.xyz to get started. [Case ID: 0f46c6]",1
Customs Clearance Alert: Your international parcel #US89218 is held at customs due to unpaid duties of $45. Pay now at http://customs-parcel-release.click [Case ID: d6bcb4],1
"Dear Customer, your Netflix subscription expired. Update your credit card details immediately at http://netflix-billing-update.cf or your service terminates today. [Case ID: 716e1b]",1
"CONGRATULATIONS! You have won $1,000,000 in the International Mobile Lottery. Reply with your full name, bank account, and SSN to claim prize. [Case ID: 80537a]",1
"CONGRATULATIONS! You have won $1,000,000 in the International Mobile Lottery. Reply with your full name, bank account, and SSN to claim prize. [Case ID: ae1eaa]",1
Customs Clearance Alert: Your international parcel #US89218 is held at customs due to unpaid duties of $45. Pay now at http://customs-parcel-release.click [Case ID: fa2431],1
URGENT: Your Wells Fargo account has been suspended! Verify your credentials immediately at http://wellsfargo-verify-login.xyz to restore access. [Case ID: 5b8e4f],1
"Dear Customer, your Netflix subscription expired. Update your credit card details immediately at http://netflix-billing-update.cf or your service terminates today. [Case ID: c36142]",1
"Dear Customer, your Netflix subscription expired. Update your credit card details immediately at http://netflix-billing-update.cf or your service terminates today. [Case ID: 43351f]",1
"Your PayPal account was accessed from an unknown device in Russia. If this wasn't you, login now at http://paypal-security-alert.tk/auth to secure funds. [Case ID: 117796]",1
Your debit card has been blocked. Call support immediately at 9845012345 or visit http://bank-card-reactivate.ml to prevent permanent cancellation. [Case ID: 98e6f1],1
IRS Notice: Final warning! A lawsuit is filed against you for unpaid taxes. Call immediately at +1-800-555-0199 or send $500 via Bitcoin to settle. [Case ID: 47810f],1
IRS Notice: Final warning! A lawsuit is filed against you for unpaid taxes. Call immediately at +1-800-555-0199 or send $500 via Bitcoin to settle. [Case ID: 5f6371],1
URGENT: Your Wells Fargo account has been suspended! Verify your credentials immediately at http://wellsfargo-verify-login.xyz to restore access. [Case ID: 229754],1
IRS Notice: Final warning! A lawsuit is filed against you for unpaid taxes. Call immediately at +1-800-555-0199 or send $500 via Bitcoin to settle. [Case ID: 16026d],1
"Your PayPal account was accessed from an unknown device in Russia. If this wasn't you, login now at http://paypal-security-alert.tk/auth to secure funds. [Case ID: 130f1a]",1
"Bank of America Security Alert: Unauthorized transaction of $1,250.00 detected. Click http://bofa-fraud-cancel.top/cancel to reverse charge within 2 hours. [Case ID: e069ea]",1
IRS Notice: Final warning! A lawsuit is filed against you for unpaid taxes. Call immediately at +1-800-555-0199 or send $500 via Bitcoin to settle. [Case ID: 3de568],1
"Dear Customer, your Netflix subscription expired. Update your credit card details immediately at http://netflix-billing-update.cf or your service terminates today. [Case ID: 40b5f2]",1
"Bank of America Security Alert: Unauthorized transaction of $1,250.00 detected. Click http://bofa-fraud-cancel.top/cancel to reverse charge within 2 hours. [Case ID: 46a558]",1
IRS Notice: Final warning! A lawsuit is filed against you for unpaid taxes. Call immediately at +1-800-555-0199 or send $500 via Bitcoin to settle. [Case ID: 2b45c6],1
"Dear Customer, your Netflix subscription expired. Update your credit card details immediately at http://netflix-billing-update.cf or your service terminates today. [Case ID: ffedf5]",1
"Dear Customer, your Netflix subscription expired. Update your credit card details immediately at http://netflix-billing-update.cf or your service terminates today. [Case ID: d827f1]",1
Customs Clearance Alert: Your international parcel #US89218 is held at customs due to unpaid duties of $45. Pay now at http://customs-parcel-release.click [Case ID: e6c2dc],1
"CONGRATULATIONS! You have won $1,000,000 in the International Mobile Lottery. Reply with your full name, bank account, and SSN to claim prize. [Case ID: 2d2ca7]",1
URGENT: Your Wells Fargo account has been suspended! Verify your credentials immediately at http://wellsfargo-verify-login.xyz to restore access. [Case ID: f976b5],1
"Your PayPal account was accessed from an unknown device in Russia. If this wasn't you, login now at http://paypal-security-alert.tk/auth to secure funds. [Case ID: 621108]",1
"Job Offer: Work from home and earn $5,000/week! Send $50 registration fee via UPI / Apple Gift Card to hr@global-remote-jobs.xyz to get started. [Case ID: e58aea]",1
Your debit card has been blocked. Call support immediately at 9845012345 or visit http://bank-card-reactivate.ml to prevent permanent cancellation. [Case ID: f516df],1
IRS Notice: Final warning! A lawsuit is filed against you for unpaid taxes. Call immediately at +1-800-555-0199 or send $500 via Bitcoin to settle. [Case ID: 49c0b9],1
IRS Notice: Final warning! A lawsuit is filed against you for unpaid taxes. Call immediately at +1-800-555-0199 or send $500 via Bitcoin to settle. [Case ID: 046ddf],1
"Bank of America Security Alert: Unauthorized transaction of $1,250.00 detected. Click http://bofa-fraud-cancel.top/cancel to reverse charge within 2 hours. [Case ID: 69dafe]",1
"Bank of America Security Alert: Unauthorized transaction of $1,250.00 detected. Click http://bofa-fraud-cancel.top/cancel to reverse charge within 2 hours. [Case ID: f3ac63]",1
Your debit card has been blocked. Call support immediately at 9845012345 or visit http://bank-card-reactivate.ml to prevent permanent cancellation. [Case ID: db9eeb],1
IRS Notice: Final warning! A lawsuit is filed against you for unpaid taxes. Call immediately at +1-800-555-0199 or send $500 via Bitcoin to settle. [Case ID: 88bfcf],1
Security Alert: Your Apple ID has been locked due to multiple failed login attempts. Verify identity at http://appleid-support-security.xyz now. [Case ID: 778609],1
"Your PayPal account was accessed from an unknown device in Russia. If this wasn't you, login now at http://paypal-security-alert.tk/auth to secure funds. [Case ID: 68d309]",1
IRS Notice: Final warning! A lawsuit is filed against you for unpaid taxes. Call immediately at +1-800-555-0199 or send $500 via Bitcoin to settle. [Case ID: 426f99],1
"CONGRATULATIONS! You have won $1,000,000 in the International Mobile Lottery. Reply with your full name, bank account, and SSN to claim prize. [Case ID: a11f9e]",1
Your debit card has been blocked. Call support immediately at 9845012345 or visit http://bank-card-reactivate.ml to prevent permanent cancellation. [Case ID: a70dc4],1
Security Alert: Your Apple ID has been locked due to multiple failed login attempts. Verify identity at http://appleid-support-security.xyz now. [Case ID: 761c79],1
"Your PayPal account was accessed from an unknown device in Russia. If this wasn't you, login now at http://paypal-security-alert.tk/auth to secure funds. [Case ID: 228bbc]",1
IRS Notice: Final warning! A lawsuit is filed against you for unpaid taxes. Call immediately at +1-800-555-0199 or send $500 via Bitcoin to settle. [Case ID: 149815],1
"Job Offer: Work from home and earn $5,000/week! Send $50 registration fee via UPI / Apple Gift Card to hr@global-remote-jobs.xyz to get started. [Case ID: d5e2fb]",1
Customs Clearance Alert: Your international parcel #US89218 is held at customs due to unpaid duties of $45. Pay now at http://customs-parcel-release.click [Case ID: 6c97cd],1
"CONGRATULATIONS! You have won $1,000,000 in the International Mobile Lottery. Reply with your full name, bank account, and SSN to claim prize. [Case ID: f1e2b2]",1
"Job Offer: Work from home and earn $5,000/week! Send $50 registration fee via UPI / Apple Gift Card to hr@global-remote-jobs.xyz to get started. [Case ID: 032550]",1
"Bank of America Security Alert: Unauthorized transaction of $1,250.00 detected. Click http://bofa-fraud-cancel.top/cancel to reverse charge within 2 hours. [Case ID: fd69db]",1
"Bank of America Security Alert: Unauthorized transaction of $1,250.00 detected. Click http://bofa-fraud-cancel.top/cancel to reverse charge within 2 hours. [Case ID: be53d2]",1
IRS Notice: Final warning! A lawsuit is filed against you for unpaid taxes. Call immediately at +1-800-555-0199 or send $500 via Bitcoin to settle. [Case ID: 619205],1
"Bank of America Security Alert: Unauthorized transaction of $1,250.00 detected. Click http://bofa-fraud-cancel.top/cancel to reverse charge within 2 hours. [Case ID: 273448]",1
"CONGRATULATIONS! You have won $1,000,000 in the International Mobile Lottery. Reply with your full name, bank account, and SSN to claim prize. [Case ID: e77dba]",1
"Your PayPal account was accessed from an unknown device in Russia. If this wasn't you, login now at http://paypal-security-alert.tk/auth to secure funds. [Case ID: f7e0b9]",1
"Dear Customer, your Netflix subscription expired. Update your credit card details immediately at http://netflix-billing-update.cf or your service terminates today. [Case ID: 7e3b7a]",1
URGENT: Your Wells Fargo account has been suspended! Verify your credentials immediately at http://wellsfargo-verify-login.xyz to restore access. [Case ID: 7b4773],1
Your debit card has been blocked. Call support immediately at 9845012345 or visit http://bank-card-reactivate.ml to prevent permanent cancellation. [Case ID: a3eb04],1
"Your PayPal account was accessed from an unknown device in Russia. If this wasn't you, login now at http://paypal-security-alert.tk/auth to secure funds. [Case ID: 806fec]",1
"Dear Customer, your Netflix subscription expired. Update your credit card details immediately at http://netflix-billing-update.cf or your service terminates today. [Case ID: b6cda1]",1
Security Alert: Your Apple ID has been locked due to multiple failed login attempts. Verify identity at http://appleid-support-security.xyz now. [Case ID: 359365],1
"CONGRATULATIONS! You have won $1,000,000 in the International Mobile Lottery. Reply with your full name, bank account, and SSN to claim prize. [Case ID: 43e4e6]",1
"Job Offer: Work from home and earn $5,000/week! Send $50 registration fee via UPI / Apple Gift Card to hr@global-remote-jobs.xyz to get started. [Case ID: c8dfec]",1
"Dear Customer, your Netflix subscription expired. Update your credit card details immediately at http://netflix-billing-update.cf or your service terminates today. [Case ID: 232199]",1
"CONGRATULATIONS! You have won $1,000,000 in the International Mobile Lottery. Reply with your full name, bank account, and SSN to claim prize. [Case ID: 7cc532]",1
Customs Clearance Alert: Your international parcel #US89218 is held at customs due to unpaid duties of $45. Pay now at http://customs-parcel-release.click [Case ID: f52854],1
"Job Offer: Work from home and earn $5,000/week! Send $50 registration fee via UPI / Apple Gift Card to hr@global-remote-jobs.xyz to get started. [Case ID: 81b073]",1
"Bank of America Security Alert: Unauthorized transaction of $1,250.00 detected. Click http://bofa-fraud-cancel.top/cancel to reverse charge within 2 hours. [Case ID: 777669]",1
"Bank of America Security Alert: Unauthorized transaction of $1,250.00 detected. Click http://bofa-fraud-cancel.top/cancel to reverse charge within 2 hours. [Case ID: b23975]",1
"Job Offer: Work from home and earn $5,000/week! Send $50 registration fee via UPI / Apple Gift Card to hr@global-remote-jobs.xyz to get started. [Case ID: 20c9f5]",1
Security Alert: Your Apple ID has been locked due to multiple failed login attempts. Verify identity at http://appleid-support-security.xyz now. [Case ID: 70fcb7],1
Security Alert: Your Apple ID has been locked due to multiple failed login attempts. Verify identity at http://appleid-support-security.xyz now. [Case ID: 326a8c],1
Security Alert: Your Apple ID has been locked due to multiple failed login attempts. Verify identity at http://appleid-support-security.xyz now. [Case ID: 0abdc5],1
"Dear Customer, your Netflix subscription expired. Update your credit card details immediately at http://netflix-billing-update.cf or your service terminates today. [Case ID: 92049d]",1
Your debit card has been blocked. Call support immediately at 9845012345 or visit http://bank-card-reactivate.ml to prevent permanent cancellation. [Case ID: 23af4b],1
"Dear Customer, your Netflix subscription expired. Update your credit card details immediately at http://netflix-billing-update.cf or your service terminates today. [Case ID: d254c8]",1
IRS Notice: Final warning! A lawsuit is filed against you for unpaid taxes. Call immediately at +1-800-555-0199 or send $500 via Bitcoin to settle. [Case ID: 3f53d7],1
URGENT: Your Wells Fargo account has been suspended! Verify your credentials immediately at http://wellsfargo-verify-login.xyz to restore access. [Case ID: ea2043],1
"Job Offer: Work from home and earn $5,000/week! Send $50 registration fee via UPI / Apple Gift Card to hr@global-remote-jobs.xyz to get started. [Case ID: d095a9]",1
"Your PayPal account was accessed from an unknown device in Russia. If this wasn't you, login now at http://paypal-security-alert.tk/auth to secure funds. [Case ID: d20be7]",1
URGENT: Your Wells Fargo account has been suspended! Verify your credentials immediately at http://wellsfargo-verify-login.xyz to restore access. [Case ID: d69116],1
Customs Clearance Alert: Your international parcel #US89218 is held at customs due to unpaid duties of $45. Pay now at http://customs-parcel-release.click [Case ID: 4ebd44],1
"Dear Customer, your Netflix subscription expired. Update your credit card details immediately at http://netflix-billing-update.cf or your service terminates today. [Case ID: 794288]",1
"Dear Customer, your Netflix subscription expired. Update your credit card details immediately at http://netflix-billing-update.cf or your service terminates today. [Case ID: 8aec51]",1
"CONGRATULATIONS! You have won $1,000,000 in the International Mobile Lottery. Reply with your full name, bank account, and SSN to claim prize. [Case ID: 505259]",1
URGENT: Your Wells Fargo account has been suspended! Verify your credentials immediately at http://wellsfargo-verify-login.xyz to restore access. [Case ID: f7e2b2],1
"CONGRATULATIONS! You have won $1,000,000 in the International Mobile Lottery. Reply with your full name, bank account, and SSN to claim prize. [Case ID: 9fb7b0]",1
"Your PayPal account was accessed from an unknown device in Russia. If this wasn't you, login now at http://paypal-security-alert.tk/auth to secure funds. [Case ID: d3b1fb]",1
"CONGRATULATIONS! You have won $1,000,000 in the International Mobile Lottery. Reply with your full name, bank account, and SSN to claim prize. [Case ID: 300891]",1
URGENT: Your Wells Fargo account has been suspended! Verify your credentials immediately at http://wellsfargo-verify-login.xyz to restore access. [Case ID: 466acc],1
"Job Offer: Work from home and earn $5,000/week! Send $50 registration fee via UPI / Apple Gift Card to hr@global-remote-jobs.xyz to get started. [Case ID: ab8aa0]",1
Customs Clearance Alert: Your international parcel #US89218 is held at customs due to unpaid duties of $45. Pay now at http://customs-parcel-release.click [Case ID: ca4310],1
"Dear Customer, your Netflix subscription expired. Update your credit card details immediately at http://netflix-billing-update.cf or your service terminates today. [Case ID: 0a65e1]",1
"Your PayPal account was accessed from an unknown device in Russia. If this wasn't you, login now at http://paypal-security-alert.tk/auth to secure funds. [Case ID: 4c5bcf]",1
"Dear Customer, your Netflix subscription expired. Update your credit card details immediately at http://netflix-billing-update.cf or your service terminates today. [Case ID: 5f1461]",1
IRS Notice: Final warning! A lawsuit is filed against you for unpaid taxes. Call immediately at +1-800-555-0199 or send $500 via Bitcoin to settle. [Case ID: 8cbd00],1
Customs Clearance Alert: Your international parcel #US89218 is held at customs due to unpaid duties of $45. Pay now at http://customs-parcel-release.click [Case ID: 123b7f],1
Your debit card has been blocked. Call support immediately at 9845012345 or visit http://bank-card-reactivate.ml to prevent permanent cancellation. [Case ID: 6ee69d],1
"CONGRATULATIONS! You have won $1,000,000 in the International Mobile Lottery. Reply with your full name, bank account, and SSN to claim prize. [Case ID: 269d83]",1
"Bank of America Security Alert: Unauthorized transaction of $1,250.00 detected. Click http://bofa-fraud-cancel.top/cancel to reverse charge within 2 hours. [Case ID: 3837a4]",1
URGENT: Your Wells Fargo account has been suspended! Verify your credentials immediately at http://wellsfargo-verify-login.xyz to restore access. [Case ID: add217],1
"Dear Customer, your Netflix subscription expired. Update your credit card details immediately at http://netflix-billing-update.cf or your service terminates today. [Case ID: da4902]",1
"CONGRATULATIONS! You have won $1,000,000 in the International Mobile Lottery. Reply with your full name, bank account, and SSN to claim prize. [Case ID: 7b66b4]",1
"Your PayPal account was accessed from an unknown device in Russia. If this wasn't you, login now at http://paypal-security-alert.tk/auth to secure funds. [Case ID: ee8fe9]",1
"Dear Customer, your Netflix subscription expired. Update your credit card details immediately at http://netflix-billing-update.cf or your service terminates today. [Case ID: 3baa27]",1
Your debit card has been blocked. Call support immediately at 9845012345 or visit http://bank-card-reactivate.ml to prevent permanent cancellation. [Case ID: ea159d],1
Customs Clearance Alert: Your international parcel #US89218 is held at customs due to unpaid duties of $45. Pay now at http://customs-parcel-release.click [Case ID: 1a68e5],1
Customs Clearance Alert: Your international parcel #US89218 is held at customs due to unpaid duties of $45. Pay now at http://customs-parcel-release.click [Case ID: 99f59c],1
"Dear Customer, your Netflix subscription expired. Update your credit card details immediately at http://netflix-billing-update.cf or your service terminates today. [Case ID: 8b4224]",1
"Your PayPal account was accessed from an unknown device in Russia. If this wasn't you, login now at http://paypal-security-alert.tk/auth to secure funds. [Case ID: d04863]",1
Customs Clearance Alert: Your international parcel #US89218 is held at customs due to unpaid duties of $45. Pay now at http://customs-parcel-release.click [Case ID: 063e26],1
Customs Clearance Alert: Your international parcel #US89218 is held at customs due to unpaid duties of $45. Pay now at http://customs-parcel-release.click [Case ID: 999600],1
Your debit card has been blocked. Call support immediately at 9845012345 or visit http://bank-card-reactivate.ml to prevent permanent cancellation. [Case ID: 102f0b],1
URGENT: Your Wells Fargo account has been suspended! Verify your credentials immediately at http://wellsfargo-verify-login.xyz to restore access. [Case ID: a554f8],1
"Your PayPal account was accessed from an unknown device in Russia. If this wasn't you, login now at http://paypal-security-alert.tk/auth to secure funds. [Case ID: 52cf49]",1
"Your PayPal account was accessed from an unknown device in Russia. If this wasn't you, login now at http://paypal-security-alert.tk/auth to secure funds. [Case ID: d0921d]",1
"Job Offer: Work from home and earn $5,000/week! Send $50 registration fee via UPI / Apple Gift Card to hr@global-remote-jobs.xyz to get started. [Case ID: b09040]",1
"Job Offer: Work from home and earn $5,000/week! Send $50 registration fee via UPI / Apple Gift Card to hr@global-remote-jobs.xyz to get started. [Case ID: dcf607]",1
Customs Clearance Alert: Your international parcel #US89218 is held at customs due to unpaid duties of $45. Pay now at http://customs-parcel-release.click [Case ID: 878d56],1
"Bank of America Security Alert: Unauthorized transaction of $1,250.00 detected. Click http://bofa-fraud-cancel.top/cancel to reverse charge within 2 hours. [Case ID: 565030]",1
"Job Offer: Work from home and earn $5,000/week! Send $50 registration fee via UPI / Apple Gift Card to hr@global-remote-jobs.xyz to get started. [Case ID: bc7f62]",1
Customs Clearance Alert: Your international parcel #US89218 is held at customs due to unpaid duties of $45. Pay now at http://customs-parcel-release.click [Case ID: 03cf87],1
Security Alert: Your Apple ID has been locked due to multiple failed login attempts. Verify identity at http://appleid-support-security.xyz now. [Case ID: 959ef4],1
IRS Notice: Final warning! A lawsuit is filed against you for unpaid taxes. Call immediately at +1-800-555-0199 or send $500 via Bitcoin to settle. [Case ID: 4dd9ce],1
IRS Notice: Final warning! A lawsuit is filed against you for unpaid taxes. Call immediately at +1-800-555-0199 or send $500 via Bitcoin to settle. [Case ID: bd7db7],1
"Your PayPal account was accessed from an unknown device in Russia. If this wasn't you, login now at http://paypal-security-alert.tk/auth to secure funds. [Case ID: 820897]",1
"Bank of America Security Alert: Unauthorized transaction of $1,250.00 detected. Click http://bofa-fraud-cancel.top/cancel to reverse charge within 2 hours. [Case ID: b53477]",1
Your debit card has been blocked. Call support immediately at 9845012345 or visit http://bank-card-reactivate.ml to prevent permanent cancellation. [Case ID: de7092],1
URGENT: Your Wells Fargo account has been suspended! Verify your credentials immediately at http://wellsfargo-verify-login.xyz to restore access. [Case ID: 97416a],1
"Job Offer: Work from home and earn $5,000/week! Send $50 registration fee via UPI / Apple Gift Card to hr@global-remote-jobs.xyz to get started. [Case ID: 7cac11]",1
Security Alert: Your Apple ID has been locked due to multiple failed login attempts. Verify identity at http://appleid-support-security.xyz now. [Case ID: b3f611],1
Customs Clearance Alert: Your international parcel #US89218 is held at customs due to unpaid duties of $45. Pay now at http://customs-parcel-release.click [Case ID: a6ea84],1
"Bank of America Security Alert: Unauthorized transaction of $1,250.00 detected. Click http://bofa-fraud-cancel.top/cancel to reverse charge within 2 hours. [Case ID: ddeebd]",1
"Your PayPal account was accessed from an unknown device in Russia. If this wasn't you, login now at http://paypal-security-alert.tk/auth to secure funds. [Case ID: 186fb2]",1
"Job Offer: Work from home and earn $5,000/week! Send $50 registration fee via UPI / Apple Gift Card to hr@global-remote-jobs.xyz to get started. [Case ID: 72e6d3]",1
"Bank of America Security Alert: Unauthorized transaction of $1,250.00 detected. Click http://bofa-fraud-cancel.top/cancel to reverse charge within 2 hours. [Case ID: cb2c20]",1
"Job Offer: Work from home and earn $5,000/week! Send $50 registration fee via UPI / Apple Gift Card to hr@global-remote-jobs.xyz to get started. [Case ID: e3ca04]",1
URGENT: Your Wells Fargo account has been suspended! Verify your credentials immediately at http://wellsfargo-verify-login.xyz to restore access. [Case ID: 5dec70],1
URGENT: Your Wells Fargo account has been suspended! Verify your credentials immediately at http://wellsfargo-verify-login.xyz to restore access. [Case ID: ac1ad9],1
Your debit card has been blocked. Call support immediately at 9845012345 or visit http://bank-card-reactivate.ml to prevent permanent cancellation. [Case ID: db60b9],1
IRS Notice: Final warning! A lawsuit is filed against you for unpaid taxes. Call immediately at +1-800-555-0199 or send $500 via Bitcoin to settle. [Case ID: 020bf2],1
"CONGRATULATIONS! You have won $1,000,000 in the International Mobile Lottery. Reply with your full name, bank account, and SSN to claim prize. [Case ID: 7993e1]",1
"CONGRATULATIONS! You have won $1,000,000 in the International Mobile Lottery. Reply with your full name, bank account, and SSN to claim prize. [Case ID: e139c4]",1
"Job Offer: Work from home and earn $5,000/week! Send $50 registration fee via UPI / Apple Gift Card to hr@global-remote-jobs.xyz to get started. [Case ID: be1df9]",1
Your debit card has been blocked. Call support immediately at 9845012345 or visit http://bank-card-reactivate.ml to prevent permanent cancellation. [Case ID: af5d5e],1
"CONGRATULATIONS! You have won $1,000,000 in the International Mobile Lottery. Reply with your full name, bank account, and SSN to claim prize. [Case ID: 4a06d8]",1
"Your PayPal account was accessed from an unknown device in Russia. If this wasn't you, login now at http://paypal-security-alert.tk/auth to secure funds. [Case ID: f83630]",1
"CONGRATULATIONS! You have won $1,000,000 in the International Mobile Lottery. Reply with your full name, bank account, and SSN to claim prize. [Case ID: c65d7b]",1
"Dear Customer, your Netflix subscription expired. Update your credit card details immediately at http://netflix-billing-update.cf or your service terminates today. [Case ID: 2aaadd]",1
Customs Clearance Alert: Your international parcel #US89218 is held at customs due to unpaid duties of $45. Pay now at http://customs-parcel-release.click [Case ID: cc0991],1
Your debit card has been blocked. Call support immediately at 9845012345 or visit http://bank-card-reactivate.ml to prevent permanent cancellation. [Case ID: a9365b],1
"Your PayPal account was accessed from an unknown device in Russia. If this wasn't you, login now at http://paypal-security-alert.tk/auth to secure funds. [Case ID: 1fb2a1]",1
"Bank of America Security Alert: Unauthorized transaction of $1,250.00 detected. Click http://bofa-fraud-cancel.top/cancel to reverse charge within 2 hours. [Case ID: cbf871]",1
"Your PayPal account was accessed from an unknown device in Russia. If this wasn't you, login now at http://paypal-security-alert.tk/auth to secure funds. [Case ID: d16509]",1
IRS Notice: Final warning! A lawsuit is filed against you for unpaid taxes. Call immediately at +1-800-555-0199 or send $500 via Bitcoin to settle. [Case ID: 0fe473],1
"Bank of America Security Alert: Unauthorized transaction of $1,250.00 detected. Click http://bofa-fraud-cancel.top/cancel to reverse charge within 2 hours. [Case ID: f708f0]",1
Security Alert: Your Apple ID has been locked due to multiple failed login attempts. Verify identity at http://appleid-support-security.xyz now. [Case ID: b13011],1
Customs Clearance Alert: Your international parcel #US89218 is held at customs due to unpaid duties of $45. Pay now at http://customs-parcel-release.click [Case ID: 5314b9],1
Customs Clearance Alert: Your international parcel #US89218 is held at customs due to unpaid duties of $45. Pay now at http://customs-parcel-release.click [Case ID: 654788],1
Customs Clearance Alert: Your international parcel #US89218 is held at customs due to unpaid duties of $45. Pay now at http://customs-parcel-release.click [Case ID: 3cf255],1
Customs Clearance Alert: Your international parcel #US89218 is held at customs due to unpaid duties of $45. Pay now at http://customs-parcel-release.click [Case ID: fc7925],1
"Job Offer: Work from home and earn $5,000/week! Send $50 registration fee via UPI / Apple Gift Card to hr@global-remote-jobs.xyz to get started. [Case ID: feecee]",1
Customs Clearance Alert: Your international parcel #US89218 is held at customs due to unpaid duties of $45. Pay now at http://customs-parcel-release.click [Case ID: 7a6844],1
Customs Clearance Alert: Your international parcel #US89218 is held at customs due to unpaid duties of $45. Pay now at http://customs-parcel-release.click [Case ID: 6048ff],1
Customs Clearance Alert: Your international parcel #US89218 is held at customs due to unpaid duties of $45. Pay now at http://customs-parcel-release.click [Case ID: 24e27b],1
Your debit card has been blocked. Call support immediately at 9845012345 or visit http://bank-card-reactivate.ml to prevent permanent cancellation. [Case ID: 7fd804],1
"Job Offer: Work from home and earn $5,000/week! Send $50 registration fee via UPI / Apple Gift Card to hr@global-remote-jobs.xyz to get started. [Case ID: 9ed932]",1
URGENT: Your Wells Fargo account has been suspended! Verify your credentials immediately at http://wellsfargo-verify-login.xyz to restore access. [Case ID: 2f4fe0],1
"Your PayPal account was accessed from an unknown device in Russia. If this wasn't you, login now at http://paypal-security-alert.tk/auth to secure funds. [Case ID: 2c3ddf]",1
"Your PayPal account was accessed from an unknown device in Russia. If this wasn't you, login now at http://paypal-security-alert.tk/auth to secure funds. [Case ID: 07a9d3]",1
"Bank of America Security Alert: Unauthorized transaction of $1,250.00 detected. Click http://bofa-fraud-cancel.top/cancel to reverse charge within 2 hours. [Case ID: 61d776]",1
Your debit card has been blocked. Call support immediately at 9845012345 or visit http://bank-card-reactivate.ml to prevent permanent cancellation. [Case ID: 49d4b2],1
"Dear Customer, your Netflix subscription expired. Update your credit card details immediately at http://netflix-billing-update.cf or your service terminates today. [Case ID: 2dbf21]",1
"Your PayPal account was accessed from an unknown device in Russia. If this wasn't you, login now at http://paypal-security-alert.tk/auth to secure funds. [Case ID: 28b60a]",1
"CONGRATULATIONS! You have won $1,000,000 in the International Mobile Lottery. Reply with your full name, bank account, and SSN to claim prize. [Case ID: 8c9f32]",1
"Dear Customer, your Netflix subscription expired. Update your credit card details immediately at http://netflix-billing-update.cf or your service terminates today. [Case ID: 03e7ef]",1
Customs Clearance Alert: Your international parcel #US89218 is held at customs due to unpaid duties of $45. Pay now at http://customs-parcel-release.click [Case ID: b42742],1
Customs Clearance Alert: Your international parcel #US89218 is held at customs due to unpaid duties of $45. Pay now at http://customs-parcel-release.click [Case ID: 7cf643],1
"Job Offer: Work from home and earn $5,000/week! Send $50 registration fee via UPI / Apple Gift Card to hr@global-remote-jobs.xyz to get started. [Case ID: 7e05d6]",1
"Dear Customer, your Netflix subscription expired. Update your credit card details immediately at http://netflix-billing-update.cf or your service terminates today. [Case ID: 54b2b2]",1
"CONGRATULATIONS! You have won $1,000,000 in the International Mobile Lottery. Reply with your full name, bank account, and SSN to claim prize. [Case ID: 8bdb50]",1
"Job Offer: Work from home and earn $5,000/week! Send $50 registration fee via UPI / Apple Gift Card to hr@global-remote-jobs.xyz to get started. [Case ID: e9412e]",1
"Bank of America Security Alert: Unauthorized transaction of $1,250.00 detected. Click http://bofa-fraud-cancel.top/cancel to reverse charge within 2 hours. [Case ID: cf0596]",1
"Dear Customer, your Netflix subscription expired. Update your credit card details immediately at http://netflix-billing-update.cf or your service terminates today. [Case ID: 10c660]",1
Your debit card has been blocked. Call support immediately at 9845012345 or visit http://bank-card-reactivate.ml to prevent permanent cancellation. [Case ID: 1843e3],1
Customs Clearance Alert: Your international parcel #US89218 is held at customs due to unpaid duties of $45. Pay now at http://customs-parcel-release.click [Case ID: 70c445],1
Customs Clearance Alert: Your international parcel #US89218 is held at customs due to unpaid duties of $45. Pay now at http://customs-parcel-release.click [Case ID: 1e0a84],1
IRS Notice: Final warning! A lawsuit is filed against you for unpaid taxes. Call immediately at +1-800-555-0199 or send $500 via Bitcoin to settle. [Case ID: 7b41bf],1
"Job Offer: Work from home and earn $5,000/week! Send $50 registration fee via UPI / Apple Gift Card to hr@global-remote-jobs.xyz to get started. [Case ID: 250413]",1
URGENT: Your Wells Fargo account has been suspended! Verify your credentials immediately at http://wellsfargo-verify-login.xyz to restore access. [Case ID: e82c4b],1
URGENT: Your Wells Fargo account has been suspended! Verify your credentials immediately at http://wellsfargo-verify-login.xyz to restore access. [Case ID: 57bafb],1
"Job Offer: Work from home and earn $5,000/week! Send $50 registration fee via UPI / Apple Gift Card to hr@global-remote-jobs.xyz to get started. [Case ID: 7cc234]",1
Your debit card has been blocked. Call support immediately at 9845012345 or visit http://bank-card-reactivate.ml to prevent permanent cancellation. [Case ID: d9ff90],1
Security Alert: Your Apple ID has been locked due to multiple failed login attempts. Verify identity at http://appleid-support-security.xyz now. [Case ID: 73f490],1
"Job Offer: Work from home and earn $5,000/week! Send $50 registration fee via UPI / Apple Gift Card to hr@global-remote-jobs.xyz to get started. [Case ID: 5e6bd7]",1
Your debit card has been blocked. Call support immediately at 9845012345 or visit http://bank-card-reactivate.ml to prevent permanent cancellation. [Case ID: 0bf727],1
"Bank of America Security Alert: Unauthorized transaction of $1,250.00 detected. Click http://bofa-fraud-cancel.top/cancel to reverse charge within 2 hours. [Case ID: fec87a]",1
Customs Clearance Alert: Your international parcel #US89218 is held at customs due to unpaid duties of $45. Pay now at http://customs-parcel-release.click [Case ID: c8067a],1
"CONGRATULATIONS! You have won $1,000,000 in the International Mobile Lottery. Reply with your full name, bank account, and SSN to claim prize. [Case ID: 4c8c76]",1
Security Alert: Your Apple ID has been locked due to multiple failed login attempts. Verify identity at http://appleid-support-security.xyz now. [Case ID: 53f0d7],1
"Dear Customer, your Netflix subscription expired. Update your credit card details immediately at http://netflix-billing-update.cf or your service terminates today. [Case ID: 1f3400]",1
Security Alert: Your Apple ID has been locked due to multiple failed login attempts. Verify identity at http://appleid-support-security.xyz now. [Case ID: b06b55],1
"CONGRATULATIONS! You have won $1,000,000 in the International Mobile Lottery. Reply with your full name, bank account, and SSN to claim prize. [Case ID: 6b5754]",1
IRS Notice: Final warning! A lawsuit is filed against you for unpaid taxes. Call immediately at +1-800-555-0199 or send $500 via Bitcoin to settle. [Case ID: f55cad],1
Customs Clearance Alert: Your international parcel #US89218 is held at customs due to unpaid duties of $45. Pay now at http://customs-parcel-release.click [Case ID: 2c6ae4],1
URGENT: Your Wells Fargo account has been suspended! Verify your credentials immediately at http://wellsfargo-verify-login.xyz to restore access. [Case ID: b4baaf],1
Your debit card has been blocked. Call support immediately at 9845012345 or visit http://bank-card-reactivate.ml to prevent permanent cancellation. [Case ID: ea4eb4],1
"Job Offer: Work from home and earn $5,000/week! Send $50 registration fee via UPI / Apple Gift Card to hr@global-remote-jobs.xyz to get started. [Case ID: bb03e4]",1
"Job Offer: Work from home and earn $5,000/week! Send $50 registration fee via UPI / Apple Gift Card to hr@global-remote-jobs.xyz to get started. [Case ID: 6a4cbd]",1
URGENT: Your Wells Fargo account has been suspended! Verify your credentials immediately at http://wellsfargo-verify-login.xyz to restore access. [Case ID: 7989ed],1
Security Alert: Your Apple ID has been locked due to multiple failed login attempts. Verify identity at http://appleid-support-security.xyz now. [Case ID: 343009],1
Customs Clearance Alert: Your international parcel #US89218 is held at customs due to unpaid duties of $45. Pay now at http://customs-parcel-release.click [Case ID: 347665],1
"Your PayPal account was accessed from an unknown device in Russia. If this wasn't you, login now at http://paypal-security-alert.tk/auth to secure funds. [Case ID: 01a068]",1
Your debit card has been blocked. Call support immediately at 9845012345 or visit http://bank-card-reactivate.ml to prevent permanent cancellation. [Case ID: 46515d],1
"Bank of America Security Alert: Unauthorized transaction of $1,250.00 detected. Click http://bofa-fraud-cancel.top/cancel to reverse charge within 2 hours. [Case ID: 8a20a8]",1
"CONGRATULATIONS! You have won $1,000,000 in the International Mobile Lottery. Reply with your full name, bank account, and SSN to claim prize. [Case ID: c30fb4]",1
Security Alert: Your Apple ID has been locked due to multiple failed login attempts. Verify identity at http://appleid-support-security.xyz now. [Case ID: 33bb83],1
"Dear Customer, your Netflix subscription expired. Update your credit card details immediately at http://netflix-billing-update.cf or your service terminates today. [Case ID: 12ffb0]",1
IRS Notice: Final warning! A lawsuit is filed against you for unpaid taxes. Call immediately at +1-800-555-0199 or send $500 via Bitcoin to settle. [Case ID: d9fc0c],1
"Job Offer: Work from home and earn $5,000/week! Send $50 registration fee via UPI / Apple Gift Card to hr@global-remote-jobs.xyz to get started. [Case ID: 9af763]",1
Security Alert: Your Apple ID has been locked due to multiple failed login attempts. Verify identity at http://appleid-support-security.xyz now. [Case ID: cd10c7],1
IRS Notice: Final warning! A lawsuit is filed against you for unpaid taxes. Call immediately at +1-800-555-0199 or send $500 via Bitcoin to settle. [Case ID: f7696a],1
"CONGRATULATIONS! You have won $1,000,000 in the International Mobile Lottery. Reply with your full name, bank account, and SSN to claim prize. [Case ID: 3f998e]",1
"Job Offer: Work from home and earn $5,000/week! Send $50 registration fee via UPI / Apple Gift Card to hr@global-remote-jobs.xyz to get started. [Case ID: 696b35]",1
"Job Offer: Work from home and earn $5,000/week! Send $50 registration fee via UPI / Apple Gift Card to hr@global-remote-jobs.xyz to get started. [Case ID: e71e5c]",1
"Your PayPal account was accessed from an unknown device in Russia. If this wasn't you, login now at http://paypal-security-alert.tk/auth to secure funds. [Case ID: 7884a9]",1
Security Alert: Your Apple ID has been locked due to multiple failed login attempts. Verify identity at http://appleid-support-security.xyz now. [Case ID: 8c1b6f],1
Customs Clearance Alert: Your international parcel #US89218 is held at customs due to unpaid duties of $45. Pay now at http://customs-parcel-release.click [Case ID: 876828],1
URGENT: Your Wells Fargo account has been suspended! Verify your credentials immediately at http://wellsfargo-verify-login.xyz to restore access. [Case ID: 836917],1
URGENT: Your Wells Fargo account has been suspended! Verify your credentials immediately at http://wellsfargo-verify-login.xyz to restore access. [Case ID: 30aaf3],1
"Bank of America Security Alert: Unauthorized transaction of $1,250.00 detected. Click http://bofa-fraud-cancel.top/cancel to reverse charge within 2 hours. [Case ID: 8db926]",1
"Dear Customer, your Netflix subscription expired. Update your credit card details immediately at http://netflix-billing-update.cf or your service terminates today. [Case ID: 4e0223]",1
IRS Notice: Final warning! A lawsuit is filed against you for unpaid taxes. Call immediately at +1-800-555-0199 or send $500 via Bitcoin to settle. [Case ID: f8b932],1
Security Alert: Your Apple ID has been locked due to multiple failed login attempts. Verify identity at http://appleid-support-security.xyz now. [Case ID: 831caa],1
Your debit card has been blocked. Call support immediately at 9845012345 or visit http://bank-card-reactivate.ml to prevent permanent cancellation. [Case ID: 84b20b],1
"Dear Customer, your Netflix subscription expired. Update your credit card details immediately at http://netflix-billing-update.cf or your service terminates today. [Case ID: b06f50]",1
"Your PayPal account was accessed from an unknown device in Russia. If this wasn't you, login now at http://paypal-security-alert.tk/auth to secure funds. [Case ID: 415e1a]",1
"Job Offer: Work from home and earn $5,000/week! Send $50 registration fee via UPI / Apple Gift Card to hr@global-remote-jobs.xyz to get started. [Case ID: 8d09e4]",1
Customs Clearance Alert: Your international parcel #US89218 is held at customs due to unpaid duties of $45. Pay now at http://customs-parcel-release.click [Case ID: c5dc3e],1
Security Alert: Your Apple ID has been locked due to multiple failed login attempts. Verify identity at http://appleid-support-security.xyz now. [Case ID: 6ef80b],1
"Dear Customer, your Netflix subscription expired. Update your credit card details immediately at http://netflix-billing-update.cf or your service terminates today. [Case ID: 4a8423]",1
"Dear Customer, your Netflix subscription expired. Update your credit card details immediately at http://netflix-billing-update.cf or your service terminates today. [Case ID: 070dbb]",1
Customs Clearance Alert: Your international parcel #US89218 is held at customs due to unpaid duties of $45. Pay now at http://customs-parcel-release.click [Case ID: 4a1590],1
"Bank of America Security Alert: Unauthorized transaction of $1,250.00 detected. Click http://bofa-fraud-cancel.top/cancel to reverse charge within 2 hours. [Case ID: 0d7363]",1
IRS Notice: Final warning! A lawsuit is filed against you for unpaid taxes. Call immediately at +1-800-555-0199 or send $500 via Bitcoin to settle. [Case ID: a6d259],1
IRS Notice: Final warning! A lawsuit is filed against you for unpaid taxes. Call immediately at +1-800-555-0199 or send $500 via Bitcoin to settle. [Case ID: 31c97c],1
"Dear Customer, your Netflix subscription expired. Update your credit card details immediately at http://netflix-billing-update.cf or your service terminates today. [Case ID: 9407c8]",1
"CONGRATULATIONS! You have won $1,000,000 in the International Mobile Lottery. Reply with your full name, bank account, and SSN to claim prize. [Case ID: 234833]",1
"Dear Customer, your Netflix subscription expired. Update your credit card details immediately at http://netflix-billing-update.cf or your service terminates today. [Case ID: ba3e9b]",1
"Dear Customer, your Netflix subscription expired. Update your credit card details immediately at http://netflix-billing-update.cf or your service terminates today. [Case ID: 6be93f]",1
Customs Clearance Alert: Your international parcel #US89218 is held at customs due to unpaid duties of $45. Pay now at http://customs-parcel-release.click [Case ID: 82ca5d],1
"Job Offer: Work from home and earn $5,000/week! Send $50 registration fee via UPI / Apple Gift Card to hr@global-remote-jobs.xyz to get started. [Case ID: 55a988]",1
Customs Clearance Alert: Your international parcel #US89218 is held at customs due to unpaid duties of $45. Pay now at http://customs-parcel-release.click [Case ID: 217c0e],1
Security Alert: Your Apple ID has been locked due to multiple failed login attempts. Verify identity at http://appleid-support-security.xyz now. [Case ID: 9824f9],1
"Dear Customer, your Netflix subscription expired. Update your credit card details immediately at http://netflix-billing-update.cf or your service terminates today. [Case ID: 4de754]",1
IRS Notice: Final warning! A lawsuit is filed against you for unpaid taxes. Call immediately at +1-800-555-0199 or send $500 via Bitcoin to settle. [Case ID: 7827d1],1
Your debit card has been blocked. Call support immediately at 9845012345 or visit http://bank-card-reactivate.ml to prevent permanent cancellation. [Case ID: 0747b9],1
IRS Notice: Final warning! A lawsuit is filed against you for unpaid taxes. Call immediately at +1-800-555-0199 or send $500 via Bitcoin to settle. [Case ID: f7ac67],1
URGENT: Your Wells Fargo account has been suspended! Verify your credentials immediately at http://wellsfargo-verify-login.xyz to restore access. [Case ID: 40c48d],1
"Bank of America Security Alert: Unauthorized transaction of $1,250.00 detected. Click http://bofa-fraud-cancel.top/cancel to reverse charge within 2 hours. [Case ID: 1bf0c5]",1
"Your PayPal account was accessed from an unknown device in Russia. If this wasn't you, login now at http://paypal-security-alert.tk/auth to secure funds. [Case ID: 2aedcb]",1
Security Alert: Your Apple ID has been locked due to multiple failed login attempts. Verify identity at http://appleid-support-security.xyz now. [Case ID: 9657c1],1
Security Alert: Your Apple ID has been locked due to multiple failed login attempts. Verify identity at http://appleid-support-security.xyz now. [Case ID: e92d74],1
"Bank of America Security Alert: Unauthorized transaction of $1,250.00 detected. Click http://bofa-fraud-cancel.top/cancel to reverse charge within 2 hours. [Case ID: c3a690]",1
Your debit card has been blocked. Call support immediately at 9845012345 or visit http://bank-card-reactivate.ml to prevent permanent cancellation. [Case ID: 1b1132],1
"Your PayPal account was accessed from an unknown device in Russia. If this wasn't you, login now at http://paypal-security-alert.tk/auth to secure funds. [Case ID: f0f6ba]",1
"Job Offer: Work from home and earn $5,000/week! Send $50 registration fee via UPI / Apple Gift Card to hr@global-remote-jobs.xyz to get started. [Case ID: 9d28de]",1
"Dear Customer, your Netflix subscription expired. Update your credit card details immediately at http://netflix-billing-update.cf or your service terminates today. [Case ID: 92a0e7]",1
"Your PayPal account was accessed from an unknown device in Russia. If this wasn't you, login now at http://paypal-security-alert.tk/auth to secure funds. [Case ID: 86ecfc]",1
Your debit card has been blocked. Call support immediately at 9845012345 or visit http://bank-card-reactivate.ml to prevent permanent cancellation. [Case ID: 0e4a2c],1
"CONGRATULATIONS! You have won $1,000,000 in the International Mobile Lottery. Reply with your full name, bank account, and SSN to claim prize. [Case ID: b21f9f]",1
URGENT: Your Wells Fargo account has been suspended! Verify your credentials immediately at http://wellsfargo-verify-login.xyz to restore access. [Case ID: 85353d],1
"Your PayPal account was accessed from an unknown device in Russia. If this wasn't you, login now at http://paypal-security-alert.tk/auth to secure funds. [Case ID: 921c2d]",1
"Your PayPal account was accessed from an unknown device in Russia. If this wasn't you, login now at http://paypal-security-alert.tk/auth to secure funds. [Case ID: 4be5a3]",1
URGENT: Your Wells Fargo account has been suspended! Verify your credentials immediately at http://wellsfargo-verify-login.xyz to restore access. [Case ID: d7619b],1
"Dear Customer, your Netflix subscription expired. Update your credit card details immediately at http://netflix-billing-update.cf or your service terminates today. [Case ID: 8c59fd]",1
"Your PayPal account was accessed from an unknown device in Russia. If this wasn't you, login now at http://paypal-security-alert.tk/auth to secure funds. [Case ID: 5acdc9]",1
URGENT: Your Wells Fargo account has been suspended! Verify your credentials immediately at http://wellsfargo-verify-login.xyz to restore access. [Case ID: 1d9410],1
URGENT: Your Wells Fargo account has been suspended! Verify your credentials immediately at http://wellsfargo-verify-login.xyz to restore access. [Case ID: 168082],1
URGENT: Your Wells Fargo account has been suspended! Verify your credentials immediately at http://wellsfargo-verify-login.xyz to restore access. [Case ID: 2288f6],1
Customs Clearance Alert: Your international parcel #US89218 is held at customs due to unpaid duties of $45. Pay now at http://customs-parcel-release.click [Case ID: b5baa9],1
Your debit card has been blocked. Call support immediately at 9845012345 or visit http://bank-card-reactivate.ml to prevent permanent cancellation. [Case ID: eb0ecd],1
Customs Clearance Alert: Your international parcel #US89218 is held at customs due to unpaid duties of $45. Pay now at http://customs-parcel-release.click [Case ID: 59eb5d],1
"CONGRATULATIONS! You have won $1,000,000 in the International Mobile Lottery. Reply with your full name, bank account, and SSN to claim prize. [Case ID: dbab2a]",1
"Job Offer: Work from home and earn $5,000/week! Send $50 registration fee via UPI / Apple Gift Card to hr@global-remote-jobs.xyz to get started. [Case ID: dbd22b]",1
Customs Clearance Alert: Your international parcel #US89218 is held at customs due to unpaid duties of $45. Pay now at http://customs-parcel-release.click [Case ID: 8169e0],1
Customs Clearance Alert: Your international parcel #US89218 is held at customs due to unpaid duties of $45. Pay now at http://customs-parcel-release.click [Case ID: e6acf4],1
Your debit card has been blocked. Call support immediately at 9845012345 or visit http://bank-card-reactivate.ml to prevent permanent cancellation. [Case ID: 42fe88],1
"Job Offer: Work from home and earn $5,000/week! Send $50 registration fee via UPI / Apple Gift Card to hr@global-remote-jobs.xyz to get started. [Case ID: dda04f]",1
"Bank of America Security Alert: Unauthorized transaction of $1,250.00 detected. Click http://bofa-fraud-cancel.top/cancel to reverse charge within 2 hours. [Case ID: 48c3ec]",1
URGENT: Your Wells Fargo account has been suspended! Verify your credentials immediately at http://wellsfargo-verify-login.xyz to restore access. [Case ID: 02f657],1
Security Alert: Your Apple ID has been locked due to multiple failed login attempts. Verify identity at http://appleid-support-security.xyz now. [Case ID: 852c44],1
"Job Offer: Work from home and earn $5,000/week! Send $50 registration fee via UPI / Apple Gift Card to hr@global-remote-jobs.xyz to get started. [Case ID: 283085]",1
"CONGRATULATIONS! You have won $1,000,000 in the International Mobile Lottery. Reply with your full name, bank account, and SSN to claim prize. [Case ID: c0e905]",1
"Dear Customer, your Netflix subscription expired. Update your credit card details immediately at http://netflix-billing-update.cf or your service terminates today. [Case ID: 60519c]",1
"CONGRATULATIONS! You have won $1,000,000 in the International Mobile Lottery. Reply with your full name, bank account, and SSN to claim prize. [Case ID: 8f125d]",1
URGENT: Your Wells Fargo account has been suspended! Verify your credentials immediately at http://wellsfargo-verify-login.xyz to restore access. [Case ID: fecf2c],1
"Job Offer: Work from home and earn $5,000/week! Send $50 registration fee via UPI / Apple Gift Card to hr@global-remote-jobs.xyz to get started. [Case ID: ef1e49]",1
"CONGRATULATIONS! You have won $1,000,000 in the International Mobile Lottery. Reply with your full name, bank account, and SSN to claim prize. [Case ID: 749345]",1
"CONGRATULATIONS! You have won $1,000,000 in the International Mobile Lottery. Reply with your full name, bank account, and SSN to claim prize. [Case ID: 9457fc]",1
"Bank of America Security Alert: Unauthorized transaction of $1,250.00 detected. Click http://bofa-fraud-cancel.top/cancel to reverse charge within 2 hours. [Case ID: 5b168f]",1
"Bank of America Security Alert: Unauthorized transaction of $1,250.00 detected. Click http://bofa-fraud-cancel.top/cancel to reverse charge within 2 hours. [Case ID: 17b3c7]",1
"Job Offer: Work from home and earn $5,000/week! Send $50 registration fee via UPI / Apple Gift Card to hr@global-remote-jobs.xyz to get started. [Case ID: 309a8e]",1
URGENT: Your Wells Fargo account has been suspended! Verify your credentials immediately at http://wellsfargo-verify-login.xyz to restore access. [Case ID: 7e8372],1
Customs Clearance Alert: Your international parcel #US89218 is held at customs due to unpaid duties of $45. Pay now at http://customs-parcel-release.click [Case ID: eaa52f],1
IRS Notice: Final warning! A lawsuit is filed against you for unpaid taxes. Call immediately at +1-800-555-0199 or send $500 via Bitcoin to settle. [Case ID: 92426b],1
"Your PayPal account was accessed from an unknown device in Russia. If this wasn't you, login now at http://paypal-security-alert.tk/auth to secure funds. [Case ID: 36e729]",1
Security Alert: Your Apple ID has been locked due to multiple failed login attempts. Verify identity at http://appleid-support-security.xyz now. [Case ID: c57168],1
"Your PayPal account was accessed from an unknown device in Russia. If this wasn't you, login now at http://paypal-security-alert.tk/auth to secure funds. [Case ID: ef0917]",1
Your debit card has been blocked. Call support immediately at 9845012345 or visit http://bank-card-reactivate.ml to prevent permanent cancellation. [Case ID: fb89fd],1
"Bank of America Security Alert: Unauthorized transaction of $1,250.00 detected. Click http://bofa-fraud-cancel.top/cancel to reverse charge within 2 hours. [Case ID: 743c41]",1
"Job Offer: Work from home and earn $5,000/week! Send $50 registration fee via UPI / Apple Gift Card to hr@global-remote-jobs.xyz to get started. [Case ID: 7876ac]",1
"Your PayPal account was accessed from an unknown device in Russia. If this wasn't you, login now at http://paypal-security-alert.tk/auth to secure funds. [Case ID: 978fce]",1
URGENT: Your Wells Fargo account has been suspended! Verify your credentials immediately at http://wellsfargo-verify-login.xyz to restore access. [Case ID: 18bb68],1
Security Alert: Your Apple ID has been locked due to multiple failed login attempts. Verify identity at http://appleid-support-security.xyz now. [Case ID: 026a39],1
"Your PayPal account was accessed from an unknown device in Russia. If this wasn't you, login now at http://paypal-security-alert.tk/auth to secure funds. [Case ID: ce7584]",1
Security Alert: Your Apple ID has been locked due to multiple failed login attempts. Verify identity at http://appleid-support-security.xyz now. [Case ID: 453fad],1
"Dear Customer, your Netflix subscription expired. Update your credit card details immediately at http://netflix-billing-update.cf or your service terminates today. [Case ID: bd7036]",1
URGENT: Your Wells Fargo account has been suspended! Verify your credentials immediately at http://wellsfargo-verify-login.xyz to restore access. [Case ID: ed5784],1
IRS Notice: Final warning! A lawsuit is filed against you for unpaid taxes. Call immediately at +1-800-555-0199 or send $500 via Bitcoin to settle. [Case ID: 4ebccf],1
"CONGRATULATIONS! You have won $1,000,000 in the International Mobile Lottery. Reply with your full name, bank account, and SSN to claim prize. [Case ID: 50abc3]",1
