url,label
https://cloudflare.com/community/forum,0
https://portal.netflix.com/products/cloud-storage,0
https://salesforce.com/search?q=machine+learning,0
http://api.spotify.com/articles/2026/tech-update,0
https://api.who.int/download/latest,0
https://portal.stanford.edu/community/forum,0
https://who.int/contact,0
https://dropbox.com/contact,0
https://www.cloudflare.com/docs/api,0
http://cnn.com/profile/settings,0
https://microsoft.com/help/faq,0
https://europa.eu/contact,0
https://api.amazon.com/about,0
http://spotify.com/articles/2026/tech-update,0
https://linkedin.com/about,0
https://amazon.com/search?q=machine+learning,0
https://dev.who.int/support/tickets,0
https://netflix.com/profile/settings,0
https://cloudflare.com,0
https://portal.salesforce.com,0
https://apple.com/login,0
https://app.harvard.edu/search?q=machine+learning,0
https://cloud.google.com/search?q=machine+learning,0
https://stanford.edu/community/forum,0
https://cloud.apple.com/contact,0
http://cloud.harvard.edu/products/cloud-storage,0
https://nytimes.com/download/latest,0
https://app.twitter.com/docs/api,0
https://amazon.com/products/cloud-storage,0
https://nytimes.com/docs/api,0
https://cloud.cloudflare.com/help/faq,0
https://dev.bbc.com/articles/2026/tech-update,0
https://cloud.stanford.edu/community/forum,0
https://zoom.us/products/cloud-storage,0
https://cloud.google.com/profile/settings,0
https://python.org/articles/2026/tech-update,0
https://python.org,0
https://portal.stanford.edu/articles/2026/tech-update,0
https://salesforce.com,0
https://harvard.edu/products/cloud-storage,0
https://app.reddit.com/community/forum,0
https://microsoft.com/products/cloud-storage,0
https://google.com/about,0
https://mit.edu,0
https://salesforce.com/about,0
https://dev.cern.ch/contact,0
https://www.cern.ch/contact,0
https://dropbox.com/docs/api,0
https://mozilla.org/about,0
https://mit.edu/profile/settings,0
https://nasa.gov/products/cloud-storage,0
https://harvard.edu/docs/api,0
https://app.cern.ch/contact,0
https://stackoverflow.com/search?q=machine+learning,0
https://google.com/community/forum,0
https://amazon.com/docs/api,0
http://portal.stackoverflow.com/profile/settings,0
https://cnn.com/articles/2026/tech-update,0
https://app.europa.eu/docs/api,0
https://portal.netflix.com,0
https://portal.stackoverflow.com/articles/2026/tech-update,0
https://spotify.com/community/forum,0
https://nasa.gov,0
http://europa.eu/docs/api,0
https://api.reddit.com/help/faq,0
https://cnn.com/contact,0
https://github.com,0
https://apple.com/docs/api,0
https://app.netflix.com/contact,0
https://adobe.com/articles/2026/tech-update,0
https://www.mozilla.org/articles/2026/tech-update,0
https://www.cern.ch,0
https://python.org/products/cloud-storage,0
https://zoom.us/about,0
https://app.bbc.com/docs/api,0
https://cloud.google.com/help/faq,0
https://nytimes.com/about,0
https://spotify.com/download/latest,0
http://europa.eu/download/latest,0
https://cloud.dropbox.com/community/forum,0
https://google.com/help/faq,0
https://github.com/articles/2026/tech-update,0
https://www.dropbox.com/help/faq,0
https://twitter.com/contact,0
https://www.zoom.us/login,0
https://google.com/articles/2026/tech-update,0
https://mozilla.org,0
https://cloudflare.com/login,0
https://www.zoom.us/contact,0
http://adobe.com/help/faq,0
https://reddit.com/docs/api,0
https://dev.stackoverflow.com/products/cloud-storage,0
http://nasa.gov/products/cloud-storage,0
https://spotify.com/about,0
https://nih.gov/download/latest,0
https://salesforce.com/docs/api,0
https://stackoverflow.com,0
https://cern.ch/help/faq,0
https://dev.who.int/contact,0
https://stanford.edu,0
https://dev.mit.edu/help/faq,0
https://www.microsoft.com/contact,0
https://harvard.edu/download/latest,0
https://nasa.gov/profile/settings,0
https://harvard.edu/support/tickets,0
https://salesforce.com/login,0
https://app.amazon.com/search?q=machine+learning,0
https://cloudflare.com/products/cloud-storage,0
https://dev.github.com/products/cloud-storage,0
https://stackoverflow.com/support/tickets,0
https://dev.reddit.com/profile/settings,0
https://python.org/docs/api,0
https://dev.nytimes.com/contact,0
https://www.harvard.edu/login,0
https://europa.eu/about,0
https://python.org/help/faq,0
https://dev.wikipedia.org/search?q=machine+learning,0
https://dev.github.com,0
https://reddit.com/profile/settings,0
https://amazon.com/contact,0
http://cloudflare.com/support/tickets,0
https://who.int/docs/api,0
https://europa.eu/products/cloud-storage,0
https://app.bbc.com/help/faq,0
http://stanford.edu/support/tickets,0
https://dev.netflix.com/community/forum,0
https://nytimes.com,0
http://spotify.com/products/cloud-storage,0
https://stanford.edu/search?q=machine+learning,0
https://amazon.com/download/latest,0
https://app.who.int/docs/api,0
https://app.spotify.com,0
https://bbc.com/support/tickets,0
https://apple.com/about,0
https://github.com/about,0
https://nasa.gov/support/tickets,0
https://dev.nytimes.com/download/latest,0
https://spotify.com,0
https://app.microsoft.com/login,0
https://wikipedia.org/login,0
https://wikipedia.org/products/cloud-storage,0
https://github.com/contact,0
https://app.cnn.com/contact,0
https://www.who.int/download/latest,0
https://stackoverflow.com/products/cloud-storage,0
https://netflix.com/community/forum,0
https://wikipedia.org/about,0
https://microsoft.com/community/forum,0
https://microsoft.com/articles/2026/tech-update,0
https://nytimes.com/products/cloud-storage,0
https://reddit.com/help/faq,0
https://github.com/login,0
https://nasa.gov/community/forum,0
https://adobe.com/community/forum,0
https://api.mozilla.org/search?q=machine+learning,0
https://dev.twitter.com/about,0
https://cloud.europa.eu,0
https://www.stanford.edu,0
https://bbc.com/download/latest,0
https://adobe.com/search?q=machine+learning,0
https://www.stackoverflow.com/docs/api,0
https://salesforce.com/download/latest,0
https://cnn.com/support/tickets,0
https://portal.cern.ch/products/cloud-storage,0
https://www.nytimes.com/download/latest,0
https://app.twitter.com/products/cloud-storage,0
https://nih.gov,0
https://harvard.edu/profile/settings,0
https://dropbox.com/download/latest,0
https://bbc.com/docs/api,0
https://microsoft.com/search?q=machine+learning,0
https://twitter.com/login,0
https://harvard.edu/community/forum,0
https://bbc.com/profile/settings,0
https://cloud.spotify.com/products/cloud-storage,0
https://cloud.nasa.gov/search?q=machine+learning,0
https://dev.zoom.us/docs/api,0
https://wikipedia.org/help/faq,0
https://wikipedia.org/profile/settings,0
https://mit.edu/contact,0
https://cloud.github.com/docs/api,0
https://harvard.edu/articles/2026/tech-update,0
https://mit.edu/support/tickets,0
https://google.com/search?q=machine+learning,0
https://dev.microsoft.com/profile/settings,0
https://mit.edu/articles/2026/tech-update,0
https://dev.nasa.gov/help/faq,0
https://cnn.com/community/forum,0
https://dev.spotify.com/search?q=machine+learning,0
https://cloud.github.com/contact,0
https://cloud.github.com/download/latest,0
https://adobe.com/profile/settings,0
https://mozilla.org/contact,0
https://google.com,0
https://portal.mozilla.org/articles/2026/tech-update,0
https://cloudflare.com/download/latest,0
https://cloudflare.com/support/tickets,0
https://www.nasa.gov/download/latest,0
https://nih.gov/articles/2026/tech-update,0
https://nytimes.com/search?q=machine+learning,0
https://nytimes.com/login,0
http://amazon.com/about,0
https://twitter.com/docs/api,0
https://cern.ch/community/forum,0
https://mozilla.org/search?q=machine+learning,0
https://harvard.edu/help/faq,0
https://mozilla.org/profile/settings,0
https://mozilla.org/help/faq,0
http://stackoverflow.com/search?q=machine+learning,0
https://twitter.com/search?q=machine+learning,0
https://mit.edu/login,0
https://app.cnn.com,0
https://dev.zoom.us/profile/settings,0
https://nih.gov/login,0
https://apple.com/profile/settings,0
http://cern.ch/community/forum,0
https://app.cern.ch/products/cloud-storage,0
https://netflix.com,0
https://mit.edu/help/faq,0
https://api.reddit.com/profile/settings,0
https://spotify.com/support/tickets,0
https://portal.twitter.com/support/tickets,0
https://europa.eu/search?q=machine+learning,0
https://who.int/articles/2026/tech-update,0
https://dev.amazon.com/products/cloud-storage,0
https://cloud.nih.gov/about,0
https://portal.mozilla.org/search?q=machine+learning,0
https://europa.eu/profile/settings,0
https://apple.com/help/faq,0
https://www.spotify.com/products/cloud-storage,0
https://portal.google.com/support/tickets,0
https://github.com/download/latest,0
https://github.com/profile/settings,0
https://www.stanford.edu/articles/2026/tech-update,0
https://reddit.com/search?q=machine+learning,0
https://zoom.us,0
https://www.reddit.com/support/tickets,0
https://portal.python.org/docs/api,0
https://dev.europa.eu/community/forum,0
https://reddit.com/articles/2026/tech-update,0
https://cloud.zoom.us/login,0
https://adobe.com/download/latest,0
https://portal.microsoft.com,0
https://amazon.com/support/tickets,0
https://mozilla.org/docs/api,0
https://cloudflare.com/articles/2026/tech-update,0
https://nytimes.com/articles/2026/tech-update,0
https://api.google.com/contact,0
https://mit.edu/community/forum,0
https://microsoft.com/about,0
https://api.apple.com/help/faq,0
https://wikipedia.org/contact,0
https://cern.ch/support/tickets,0
https://adobe.com/help/faq,0
https://linkedin.com/community/forum,0
https://dev.reddit.com/articles/2026/tech-update,0
https://linkedin.com/support/tickets,0
https://portal.nasa.gov/about,0
https://portal.cloudflare.com/help/faq,0
https://nasa.gov/contact,0
https://dev.nasa.gov/support/tickets,0
https://cloud.apple.com/docs/api,0
https://reddit.com/login,0
https://stackoverflow.com/profile/settings,0
https://adobe.com/docs/api,0
https://dev.nasa.gov/search?q=machine+learning,0
http://amazon.com/login,0
https://google.com/profile/settings,0
https://github.com/community/forum,0
https://cloudflare.com/search?q=machine+learning,0
https://bbc.com/products/cloud-storage,0
http://netflix.com/download/latest,0
https://app.adobe.com/download/latest,0
https://wikipedia.org/articles/2026/tech-update,0
https://portal.europa.eu/about,0
https://portal.reddit.com/articles/2026/tech-update,0
https://app.github.com/search?q=machine+learning,0
https://app.stanford.edu/login,0
https://www.github.com/articles/2026/tech-update,0
https://stackoverflow.com/login,0
https://cloud.bbc.com/search?q=machine+learning,0
https://portal.mozilla.org/community/forum,0
https://amazon.com/articles/2026/tech-update,0
https://portal.zoom.us/login,0
https://dev.cloudflare.com/community/forum,0
http://www.reddit.com/help/faq,0
https://bbc.com/articles/2026/tech-update,0
https://cloudflare.com/about,0
https://dropbox.com/about,0
https://reddit.com,0
https://portal.google.com/about,0
https://dropbox.com/products/cloud-storage,0
https://google.com/contact,0
https://app.reddit.com/products/cloud-storage,0
https://europa.eu/docs/api,0
http://apple.com/help/faq,0
https://europa.eu/login,0
https://app.europa.eu/profile/settings,0
https://dev.cnn.com/login,0
http://cern.ch/docs/api,0
https://dev.europa.eu/search?q=machine+learning,0
https://app.apple.com/products/cloud-storage,0
https://app.stanford.edu/articles/2026/tech-update,0
https://cloud.who.int/login,0
https://salesforce.com/support/tickets,0
https://www.netflix.com/articles/2026/tech-update,0
https://bbc.com/help/faq,0
https://cloud.reddit.com/articles/2026/tech-update,0
http://dropbox.com/search?q=machine+learning,0
https://app.who.int,0
https://api.nasa.gov/download/latest,0
https://microsoft.com/download/latest,0
https://linkedin.com/download/latest,0
https://reddit.com/support/tickets,0
https://python.org/search?q=machine+learning,0
https://who.int/community/forum,0
https://mit.edu/docs/api,0
http://spotify.com/contact,0
https://dev.stanford.edu/profile/settings,0
http://europa.eu/products/cloud-storage,0
https://stanford.edu/about,0
https://portal.who.int/support/tickets,0
https://api.nytimes.com,0
https://linkedin.com/profile/settings,0
https://netflix.com/docs/api,0
https://dev.twitter.com/help/faq,0
https://linkedin.com,0
https://mozilla.org/products/cloud-storage,0
https://cnn.com/products/cloud-storage,0
https://app.microsoft.com/community/forum,0
https://dev.who.int/login,0
https://www.nytimes.com/contact,0
https://stackoverflow.com/download/latest,0
https://stanford.edu/articles/2026/tech-update,0
https://adobe.com/login,0
https://nytimes.com/help/faq,0
https://www.dropbox.com/profile/settings,0
https://app.dropbox.com/products/cloud-storage,0
https://www.twitter.com/docs/api,0
https://linkedin.com/articles/2026/tech-update,0
https://nasa.gov/about,0
https://dev.zoom.us,0
https://mit.edu/about,0
https://harvard.edu/search?q=machine+learning,0
https://cern.ch/docs/api,0
https://api.python.org/about,0
https://wikipedia.org,0
https://www.python.org/support/tickets,0
https://bbc.com/contact,0
http://cloud.google.com/products/cloud-storage,0
https://netflix.com/support/tickets,0
https://reddit.com/contact,0
https://nih.gov/profile/settings,0
https://harvard.edu/about,0
https://stanford.edu/support/tickets,0
https://cloud.spotify.com/support/tickets,0
https://portal.netflix.com/support/tickets,0
https://apple.com/download/latest,0
https://adobe.com/products/cloud-storage,0
https://nih.gov/products/cloud-storage,0
https://reddit.com/download/latest,0
http://www.stanford.edu/community/forum,0
https://spotify.com/articles/2026/tech-update,0
https://www.harvard.edu/search?q=machine+learning,0
https://api.harvard.edu/about,0
https://twitter.com,0
https://portal.github.com/help/faq,0
http://zoom.us/articles/2026/tech-update,0
https://portal.nytimes.com/download/latest,0
https://spotify.com/profile/settings,0
https://cloudflare.com/contact,0
https://app.amazon.com/docs/api,0
https://mozilla.org/articles/2026/tech-update,0
https://amazon.com/help/faq,0
https://dev.github.com/search?q=machine+learning,0
https://linkedin.com/help/faq,0
https://www.apple.com/products/cloud-storage,0
https://api.dropbox.com/download/latest,0
https://app.nih.gov/products/cloud-storage,0
https://google.com/login,0
https://app.spotify.com/login,0
https://dev.wikipedia.org/docs/api,0
https://app.cern.ch/community/forum,0
https://nasa.gov/docs/api,0
https://wikipedia.org/community/forum,0
https://who.int/download/latest,0
https://salesforce.com/articles/2026/tech-update,0
https://cloudflare.com/profile/settings,0
https://www.apple.com/contact,0
https://adobe.com,0
https://cloud.cnn.com/support/tickets,0
https://www.microsoft.com/docs/api,0
https://api.amazon.com/help/faq,0
https://portal.wikipedia.org/about,0
https://cloud.nih.gov/community/forum,0
https://portal.salesforce.com/profile/settings,0
https://python.org/contact,0
https://api.stackoverflow.com/docs/api,0
https://api.reddit.com/docs/api,0
https://github.com/support/tickets,0
https://cern.ch/products/cloud-storage,0
https://spotify.com/products/cloud-storage,0
https://cern.ch/articles/2026/tech-update,0
https://nih.gov/search?q=machine+learning,0
https://google.com/download/latest,0
http://dev.netflix.com/support/tickets,0
https://api.reddit.com/community/forum,0
https://dev.dropbox.com/download/latest,0
https://nih.gov/support/tickets,0
https://app.who.int/download/latest,0
https://who.int/help/faq,0
https://api.twitter.com,0
https://app.mozilla.org/products/cloud-storage,0
http://bbc.com/contact,0
https://github.com/search?q=machine+learning,0
https://cnn.com/docs/api,0
https://api.nih.gov,0
http://python.org/products/cloud-storage,0
https://linkedin.com/docs/api,0
https://dev.mozilla.org/login,0
https://stackoverflow.com/help/faq,0
https://python.org/community/forum,0
https://portal.dropbox.com,0
https://apple.com/products/cloud-storage,0
https://nasa.gov/search?q=machine+learning,0
https://cnn.com/help/faq,0
https://api.europa.eu/profile/settings,0
https://www.nytimes.com/search?q=machine+learning,0
https://github.com/docs/api,0
https://stackoverflow.com/docs/api,0
https://www.cnn.com/login,0
https://mit.edu/products/cloud-storage,0
http://harvard.edu/login,0
https://cloud.cloudflare.com/docs/api,0
https://api.bbc.com/support/tickets,0
https://www.salesforce.com/products/cloud-storage,0
https://api.twitter.com/contact,0
https://dev.cnn.com/help/faq,0
https://api.wikipedia.org/contact,0
https://app.amazon.com/products/cloud-storage,0
https://api.dropbox.com/community/forum,0
https://adobe.com/support/tickets,0
https://nytimes.com/community/forum,0
https://dev.cnn.com/support/tickets,0
https://api.amazon.com/products/cloud-storage,0
http://apple.com/profile/settings,0
https://api.python.org/help/faq,0
http://dropbox.com/docs/api,0
https://cloud.salesforce.com/articles/2026/tech-update,0
https://cloud.apple.com/search?q=machine+learning,0
http://dev.wikipedia.org/docs/api,0
https://dropbox.com/community/forum,0
https://amazon.com/community/forum,0
https://portal.nytimes.com/docs/api,0
https://app.salesforce.com/login,0
https://www.linkedin.com/login,0
https://app.adobe.com/about,0
https://cloud.nih.gov/products/cloud-storage,0
https://www.salesforce.com/help/faq,0
https://www.wikipedia.org,0
https://microsoft.com/contact,0
https://cloud.spotify.com/help/faq,0
https://cloud.salesforce.com/docs/api,0
https://cern.ch/search?q=machine+learning,0
https://nasa.gov/help/faq,0
https://api.twitter.com/download/latest,0
https://stackoverflow.com/contact,0
https://dev.zoom.us/help/faq,0
https://twitter.com/help/faq,0
https://zoom.us/support/tickets,0
https://netflix.com/about,0
https://cern.ch/contact,0
https://github.com/help/faq,0
https://dropbox.com/articles/2026/tech-update,0
https://who.int,0
https://spotify.com/help/faq,0
https://app.nytimes.com/docs/api,0
http://microsoft.com/search?q=machine+learning,0
https://portal.mozilla.org/docs/api,0
http://nytimes.com/login,0
https://app.stanford.edu/contact,0
https://app.nytimes.com/articles/2026/tech-update,0
https://www.zoom.us/search?q=machine+learning,0
https://cnn.com/search?q=machine+learning,0
https://twitter.com/community/forum,0
https://spotify.com/contact,0
https://zoom.us/contact,0
https://app.reddit.com/search?q=machine+learning,0
https://who.int/profile/settings,0
https://cnn.com/login,0
https://api.dropbox.com,0
http://microsoft.com,0
https://zoom.us/help/faq,0
https://cnn.com/profile/settings,0
https://dropbox.com/search?q=machine+learning,0
https://wikipedia.org/support/tickets,0
https://salesforce.com/products/cloud-storage,0
https://api.cern.ch/download/latest,0
http://bbc.com,0
https://harvard.edu/login,0
https://nasa.gov/articles/2026/tech-update,0
https://salesforce.com/community/forum,0
https://portal.python.org/contact,0
https://api.cnn.com/contact,0
https://mozilla.org/support/tickets,0
https://www.stackoverflow.com/products/cloud-storage,0
https://portal.github.com/products/cloud-storage,0
https://api.nytimes.com/about,0
http://microsoft.com/support/tickets,0
https://app.linkedin.com/profile/settings,0
https://apple.com/community/forum,0
https://cloud.europa.eu/search?q=machine+learning,0
https://zoom.us/download/latest,0
https://dev.adobe.com/articles/2026/tech-update,0
https://dev.microsoft.com/products/cloud-storage,0
http://nih.gov/help/faq,0
https://cloud.nytimes.com/community/forum,0
https://wikipedia.org/search?q=machine+learning,0
https://www.amazon.com/login,0
https://cloud.harvard.edu/community/forum,0
https://europa.eu/help/faq,0
http://portal.reddit.com/docs/api,0
https://app.bbc.com/login,0
https://portal.stanford.edu/products/cloud-storage,0
https://bbc.com/community/forum,0
https://cloudflare.com/help/faq,0
https://app.cloudflare.com/search?q=machine+learning,0
https://cloud.cnn.com,0
https://wikipedia.org/download/latest,0
https://portal.mit.edu/community/forum,0
https://nytimes.com/support/tickets,0
https://dev.python.org,0
https://apple.com/support/tickets,0
https://portal.europa.eu/articles/2026/tech-update,0
https://salesforce.com/profile/settings,0
https://apple.com/search?q=machine+learning,0
https://portal.mozilla.org,0
http://github.com/login,0
https://api.microsoft.com/articles/2026/tech-update,0
https://api.mozilla.org/support/tickets,0
https://portal.microsoft.com/community/forum,0
https://www.microsoft.com/download/latest,0
https://www.wikipedia.org/download/latest,0
https://www.nytimes.com/products/cloud-storage,0
https://dev.python.org/login,0
https://twitter.com/articles/2026/tech-update,0
http://app.mit.edu/profile/settings,0
https://twitter.com/about,0
https://www.github.com/support/tickets,0
http://cern.ch/products/cloud-storage,0
https://portal.zoom.us/support/tickets,0
https://dev.adobe.com/docs/api,0
https://cloud.stackoverflow.com/contact,0
https://who.int/support/tickets,0
https://bbc.com/about,0
https://google.com/products/cloud-storage,0
https://netflix.com/articles/2026/tech-update,0
https://portal.amazon.com/contact,0
https://www.reddit.com/login,0
https://portal.nih.gov/articles/2026/tech-update,0
https://dev.spotify.com/community/forum,0
http://harvard.edu/articles/2026/tech-update,0
https://cern.ch/profile/settings,0
https://zoom.us/docs/api,0
https://portal.stanford.edu/login,0
http://cloudflare.com/contact,0
https://www.europa.eu/about,0
https://api.nytimes.com/download/latest,0
https://mozilla.org/login,0
https://dropbox.com/help/faq,0
https://api.reddit.com/products/cloud-storage,0
https://mit.edu/search?q=machine+learning,0
https://portal.nytimes.com/community/forum,0
https://dev.harvard.edu/docs/api,0
https://app.mit.edu/about,0
https://dev.microsoft.com/download/latest,0
https://dev.apple.com/search?q=machine+learning,0
https://portal.python.org/help/faq,0
http://wikipedia.org/download/latest,0
https://microsoft.com/support/tickets,0
https://www.reddit.com/articles/2026/tech-update,0
https://www.stanford.edu/docs/api,0
https://portal.who.int/login,0
https://portal.who.int/articles/2026/tech-update,0
http://cern.ch,0
https://europa.eu/community/forum,0
https://www.google.com/download/latest,0
https://portal.dropbox.com/community/forum,0
https://app.github.com/articles/2026/tech-update,0
https://api.bbc.com/login,0
https://salesforce.com/contact,0
https://api.twitter.com/products/cloud-storage,0
https://app.dropbox.com/contact,0
https://app.cnn.com/community/forum,0
https://europa.eu/download/latest,0
http://microsoft.com/products/cloud-storage,0
https://dropbox.com/login,0
https://who.int/login,0
https://cloud.mozilla.org/login,0
https://apple.com/articles/2026/tech-update,0
https://linkedin.com/login,0
http://zoom.us/download/latest,0
https://microsoft.com/profile/settings,0
https://portal.adobe.com/profile/settings,0
https://api.bbc.com/docs/api,0
https://bbc.com,0
http://api.harvard.edu/about,0
https://google.com/support/tickets,0
https://www.stackoverflow.com/profile/settings,0
https://amazon.com/about,0
https://api.who.int/login,0
https://cern.ch/about,0
https://twitter.com/support/tickets,0
https://dev.mozilla.org/download/latest,0
https://api.github.com/profile/settings,0
https://reddit.com/community/forum,0
https://www.amazon.com/support/tickets,0
https://www.twitter.com/login,0
https://spotify.com/login,0
https://api.google.com/products/cloud-storage,0
https://app.dropbox.com/login,0
http://app.dropbox.com/profile/settings,0
https://portal.mit.edu/support/tickets,0
https://nasa.gov/download/latest,0
https://apple.com,0
https://api.cloudflare.com,0
https://portal.python.org/login,0
https://api.harvard.edu/articles/2026/tech-update,0
https://portal.nytimes.com/articles/2026/tech-update,0
https://cloudflare.com/docs/api,0
https://twitter.com/products/cloud-storage,0
http://zoom.us/profile/settings,0
https://dev.python.org/products/cloud-storage,0
https://cloud.linkedin.com,0
https://www.nasa.gov/contact,0
https://nih.gov/contact,0
https://portal.python.org/products/cloud-storage,0
https://www.google.com/contact,0
https://dev.netflix.com/products/cloud-storage,0
https://app.harvard.edu/articles/2026/tech-update,0
https://api.stackoverflow.com/contact,0
http://python.org/contact,0
http://cnn.com/search?q=machine+learning,0
https://cloud.stackoverflow.com/articles/2026/tech-update,0
http://dev.nytimes.com/community/forum,0
https://microsoft.com,0
https://harvard.edu/contact,0
https://stanford.edu/products/cloud-storage,0
https://zoom.us/login,0
https://amazon.com/login,0
https://spotify.com/search?q=machine+learning,0
https://reddit.com/about,0
https://harvard.edu,0
https://cloud.nasa.gov/support/tickets,0
https://dev.cloudflare.com/docs/api,0
https://api.zoom.us/download/latest,0
https://www.who.int/articles/2026/tech-update,0
https://cloud.mozilla.org/support/tickets,0
http://cern.ch/download/latest,0
https://dev.cern.ch/support/tickets,0
https://api.mit.edu/login,0
http://zoom.us/community/forum,0
https://twitter.com/download/latest,0
https://portal.adobe.com/products/cloud-storage,0
https://cern.ch/login,0
https://dev.mit.edu/products/cloud-storage,0
https://google.com/docs/api,0
http://reddit.com/about,0
https://portal.stackoverflow.com/community/forum,0
https://stackoverflow.com/community/forum,0
https://bbc.com/search?q=machine+learning,0
https://api.microsoft.com/download/latest,0
https://www.dropbox.com/docs/api,0
https://dropbox.com/profile/settings,0
https://api.salesforce.com,0
https://dev.bbc.com/download/latest,0
https://linkedin.com/search?q=machine+learning,0
https://portal.zoom.us/help/faq,0
https://cloud.nasa.gov/download/latest,0
https://stanford.edu/contact,0
https://adobe.com/about,0
https://app.mozilla.org,0
https://app.spotify.com/support/tickets,0
https://api.wikipedia.org/login,0
https://cloud.adobe.com/login,0
http://cloudflare.com/docs/api,0
https://nih.gov/docs/api,0
https://app.reddit.com,0
http://www.reddit.com/community/forum,0
https://linkedin.com/products/cloud-storage,0
https://netflix.com/products/cloud-storage,0
https://twitter.com/profile/settings,0
https://portal.nasa.gov,0
http://portal.reddit.com/search?q=machine+learning,0
https://portal.twitter.com/products/cloud-storage,0
https://microsoft.com/login,0
https://amazon.com,0
https://cloud.harvard.edu/search?q=machine+learning,0
https://www.who.int/search?q=machine+learning,0
https://api.cern.ch/search?q=machine+learning,0
https://cloud.zoom.us/profile/settings,0
https://cloud.dropbox.com/support/tickets,0
https://api.stackoverflow.com/community/forum,0
https://who.int/search?q=machine+learning,0
https://portal.reddit.com/support/tickets,0
https://cern.ch,0
https://portal.cloudflare.com/search?q=machine+learning,0
https://api.europa.eu/download/latest,0
https://api.microsoft.com/profile/settings,0
https://app.bbc.com/support/tickets,0
https://dev.cnn.com/articles/2026/tech-update,0
https://bbc.com/login,0
https://cloud.who.int/download/latest,0
https://www.wikipedia.org/about,0
http://portal.stanford.edu/community/forum,0
https://portal.apple.com/docs/api,0
https://cloud.cnn.com/docs/api,0
https://who.int/about,0
https://api.cloudflare.com/contact,0
https://zoom.us/articles/2026/tech-update,0
https://www.wikipedia.org/search?q=machine+learning,0
http://portal.salesforce.com/download/latest,0
http://portal.zoom.us/download/latest,0
https://cloud.who.int,0
https://api.europa.eu/products/cloud-storage,0
https://portal.nih.gov/login,0
https://mit.edu/download/latest,0
https://dev.reddit.com/search?q=machine+learning,0
https://cloud.stackoverflow.com/support/tickets,0
https://dev.nih.gov/community/forum,0
https://cloud.europa.eu/docs/api,0
https://cloud.stackoverflow.com/docs/api,0
https://cloud.spotify.com/docs/api,0
https://dev.amazon.com/docs/api,0
http://mit.edu/download/latest,0
https://www.stanford.edu/profile/settings,0
https://www.cloudflare.com/contact,0
https://portal.mit.edu/products/cloud-storage,0
http://www.cloudflare.com/help/faq,0
https://www.amazon.com/community/forum,0
https://www.adobe.com/help/faq,0
https://dev.nytimes.com/articles/2026/tech-update,0
https://app.linkedin.com/about,0
https://app.harvard.edu/about,0
https://portal.amazon.com/about,0
https://www.cnn.com/search?q=machine+learning,0
https://cloud.bbc.com/support/tickets,0
http://linkedin.com/products/cloud-storage,0
https://dev.cern.ch/docs/api,0
http://cloud.mozilla.org/community/forum,0
https://apple.com/contact,0
https://portal.europa.eu/docs/api,0
https://europa.eu,0
https://api.bbc.com/contact,0
https://portal.wikipedia.org/support/tickets,0
https://api.adobe.com/login,0
https://api.mit.edu/search?q=machine+learning,0
https://portal.stackoverflow.com/support/tickets,0
https://cloud.wikipedia.org,0
https://api.bbc.com/community/forum,0
https://portal.amazon.com/help/faq,0
https://api.stackoverflow.com/support/tickets,0
http://cnn.com/contact,0
https://app.spotify.com/profile/settings,0
https://cloud.harvard.edu/about,0
http://cloud.harvard.edu/help/faq,0
https://www.github.com,0
https://dev.spotify.com,0
http://netflix.com/docs/api,0
https://stanford.edu/download/latest,0
https://portal.cern.ch/docs/api,0
https://cloud.python.org/login,0
https://portal.nih.gov/download/latest,0
https://dev.harvard.edu/community/forum,0
https://python.org/support/tickets,0
https://cloud.cloudflare.com/about,0
http://salesforce.com/help/faq,0
https://www.microsoft.com/search?q=machine+learning,0
https://www.adobe.com/about,0
https://api.zoom.us/support/tickets,0
https://adobe.com/contact,0
https://cloud.spotify.com/contact,0
https://api.zoom.us/community/forum,0
https://portal.stanford.edu/search?q=machine+learning,0
https://www.nih.gov/help/faq,0
https://python.org/download/latest,0
https://portal.europa.eu/profile/settings,0
https://dev.mit.edu/download/latest,0
https://www.salesforce.com/articles/2026/tech-update,0
https://api.adobe.com/help/faq,0
https://cloud.who.int/contact,0
https://api.linkedin.com/login,0
https://cloud.cern.ch/search?q=machine+learning,0
https://api.mozilla.org/contact,0
https://www.amazon.com/products/cloud-storage,0
http://who.int/articles/2026/tech-update,0
https://app.wikipedia.org/community/forum,0
http://linkedin.com/about,0
https://cloud.nasa.gov/profile/settings,0
http://linkedin.com/support/tickets,0
https://cloud.microsoft.com/profile/settings,0
https://europa.eu/support/tickets,0
https://www.reddit.com/products/cloud-storage,0
http://adobe.com/docs/api,0
https://app.twitter.com/login,0
https://portal.linkedin.com,0
https://www.stackoverflow.com/download/latest,0
https://reddit.com/products/cloud-storage,0
http://nasa.gov/download/latest,0
https://app.wikipedia.org/docs/api,0
https://dropbox.com/support/tickets,0
https://portal.adobe.com/support/tickets,0
https://dev.europa.eu/support/tickets,0
http://dev.stackoverflow.com/articles/2026/tech-update,0
https://api.stackoverflow.com/download/latest,0
https://www.netflix.com/support/tickets,0
https://spotify.com/docs/api,0
https://dev.google.com/products/cloud-storage,0
https://www.who.int/contact,0
https://nih.gov/help/faq,0
https://cnn.com/download/latest,0
https://nih.gov/community/forum,0
https://cloud.python.org/search?q=machine+learning,0
https://netflix.com/search?q=machine+learning,0
https://nih.gov/about,0
https://cnn.com/about,0
https://www.python.org/download/latest,0
https://api.stanford.edu/docs/api,0
https://www.nasa.gov/docs/api,0
https://api.spotify.com/community/forum,0
https://netflix.com/contact,0
https://cloud.stanford.edu/about,0
https://portal.harvard.edu/contact,0
https://portal.wikipedia.org/community/forum,0
https://dev.stackoverflow.com/download/latest,0
https://cloud.netflix.com/products/cloud-storage,0
https://api.wikipedia.org/articles/2026/tech-update,0
https://cloud.zoom.us,0
https://netflix.com/login,0
http://harvard.edu/products/cloud-storage,0
https://api.netflix.com,0
https://mozilla.org/download/latest,0
https://www.github.com/products/cloud-storage,0
https://stanford.edu/help/faq,0
https://cloud.stackoverflow.com/help/faq,0
https://api.nytimes.com/contact,0
https://cloud.stackoverflow.com,0
https://stanford.edu/login,0
https://portal.cloudflare.com/support/tickets,0
https://api.google.com/login,0
https://www.cnn.com/support/tickets,0
https://app.twitter.com/articles/2026/tech-update,0
http://spotify.com/about,0
https://api.bbc.com/download/latest,0
https://www.dropbox.com,0
https://portal.harvard.edu/community/forum,0
http://cnn.com/products/cloud-storage,0
https://netflix.com/help/faq,0
https://api.zoom.us/products/cloud-storage,0
http://cern.ch/login,0
https://portal.nih.gov/help/faq,0
http://netflix.com,0
https://app.google.com/support/tickets,0
https://www.spotify.com/community/forum,0
https://www.reddit.com/docs/api,0
https://amazon.com/profile/settings,0
https://app.mit.edu,0
https://api.who.int/search?q=machine+learning,0
https://app.dropbox.com/support/tickets,0
https://cloud.nytimes.com/products/cloud-storage,0
https://dev.cern.ch/about,0
https://portal.linkedin.com/profile/settings,0
https://portal.cnn.com/contact,0
https://api.spotify.com/support/tickets,0
https://www.adobe.com/login,0
https://who.int/products/cloud-storage,0
https://linkedin.com/contact,0
https://dev.nih.gov/help/faq,0
https://app.nih.gov/docs/api,0
https://cloud.twitter.com/docs/api,0
https://app.reddit.com/contact,0
https://api.microsoft.com/about,0
https://dev.python.org/help/faq,0
http://cloud.nih.gov/support/tickets,0
https://netflix.com/download/latest,0
https://portal.apple.com/support/tickets,0
https://microsoft.com/docs/api,0
http://spotify.com/help/faq,0
https://cloud.google.com/contact,0
https://www.bbc.com/login,0
https://cloud.cern.ch/about,0
https://cloud.twitter.com/help/faq,0
https://www.nih.gov/about,0
http://portal.github.com,0
https://dev.cloudflare.com/search?q=machine+learning,0
https://stackoverflow.com/articles/2026/tech-update,0
https://www.cern.ch/support/tickets,0
http://portal.google.com,0
https://api.mit.edu/support/tickets,0
http://github.com/download/latest,0
https://www.microsoft.com/about,0
https://www.harvard.edu/profile/settings,0
https://app.netflix.com/about,0
http://api.netflix.com/products/cloud-storage,0
https://dev.europa.eu,0
https://portal.twitter.com/login,0
https://dev.python.org/support/tickets,0
https://www.adobe.com/support/tickets,0
https://cloud.cloudflare.com/contact,0
https://cloud.bbc.com,0
https://www.github.com/help/faq,0
https://cloud.google.com/about,0
https://dev.apple.com/profile/settings,0
https://cloud.python.org/profile/settings,0
https://app.salesforce.com/about,0
https://cloud.cloudflare.com/products/cloud-storage,0
http://api.harvard.edu/search?q=machine+learning,0
https://app.microsoft.com/contact,0
http://mozilla.org/community/forum,0
https://dev.github.com/help/faq,0
https://www.zoom.us/about,0
http://wikipedia.org/articles/2026/tech-update,0
https://stackoverflow.com/about,0
https://www.python.org/profile/settings,0
https://portal.github.com/articles/2026/tech-update,0
http://www.spotify.com/profile/settings,0
https://portal.nih.gov/about,0
http://cloud.europa.eu/profile/settings,0
https://api.cern.ch/contact,0
https://cloud.stanford.edu/articles/2026/tech-update,0
http://portal.github.com/login,0
http://api.cnn.com/help/faq,0
https://app.zoom.us/community/forum,0
http://cloudflare.com/download/latest,0
https://dev.google.com/contact,0
https://portal.adobe.com/help/faq,0
https://salesforce.com/help/faq,0
http://dropbox.com/support/tickets,0
https://cloud.adobe.com/search?q=machine+learning,0
https://www.stanford.edu/products/cloud-storage,0
https://www.apple.com/support/tickets,0
https://cnn.com,0
https://portal.reddit.com/download/latest,0
https://wikipedia.org/docs/api,0
https://dropbox.com,0
https://cloud.nih.gov/search?q=machine+learning,0
https://dev.harvard.edu/articles/2026/tech-update,0
https://portal.netflix.com/community/forum,0
https://dev.nytimes.com/login,0
https://api.linkedin.com/about,0
https://dev.microsoft.com/community/forum,0
https://cloud.zoom.us/articles/2026/tech-update,0
https://www.cloudflare.com/community/forum,0
https://app.twitter.com/community/forum,0
https://cloud.linkedin.com/about,0
https://www.microsoft.com/profile/settings,0
https://cloud.cloudflare.com/login,0
https://api.amazon.com/profile/settings,0
https://app.spotify.com/about,0
https://cloud.microsoft.com/community/forum,0
https://api.cern.ch,0
https://app.github.com/download/latest,0
http://spotify.com/search?q=machine+learning,0
https://portal.github.com/profile/settings,0
https://app.adobe.com/community/forum,0
https://dev.stanford.edu/docs/api,0
https://cern.ch/download/latest,0
https://dev.stanford.edu/support/tickets,0
https://mozilla.org/community/forum,0
https://cloud.twitter.com/contact,0
https://www.cloudflare.com/articles/2026/tech-update,0
https://api.harvard.edu/help/faq,0
https://www.nytimes.com/help/faq,0
https://www.mit.edu/articles/2026/tech-update,0
https://www.adobe.com/search?q=machine+learning,0
http://cloud.harvard.edu/articles/2026/tech-update,0
http://cern.ch/about,0
https://dev.cloudflare.com/contact,0
https://www.nytimes.com/docs/api,0
https://app.cloudflare.com/help/faq,0
https://app.netflix.com/products/cloud-storage,0
https://dev.europa.eu/about,0
https://api.adobe.com/community/forum,0
https://dev.europa.eu/login,0
https://www.twitter.com/help/faq,0
https://api.spotify.com/articles/2026/tech-update,0
https://dev.google.com/community/forum,0
https://portal.microsoft.com/help/faq,0
https://www.microsoft.com/community/forum,0
https://dev.wikipedia.org/community/forum,0
https://app.stackoverflow.com,0
https://portal.apple.com/download/latest,0
https://api.nasa.gov/community/forum,0
https://api.netflix.com/search?q=machine+learning,0
https://cloud.python.org/about,0
https://cloud.mit.edu/contact,0
https://dev.nytimes.com,0
http://cloudflare.com/login,0
http://google.com/docs/api,0
https://www.europa.eu,0
https://python.org/profile/settings,0
https://nytimes.com/profile/settings,0
https://app.salesforce.com/community/forum,0
https://zoom.us/profile/settings,0
https://www.amazon.com/docs/api,0
https://zoom.us/community/forum,0
https://app.github.com/community/forum,0
https://portal.nytimes.com/login,0
https://app.amazon.com/contact,0
https://dev.reddit.com/community/forum,0
https://dev.python.org/articles/2026/tech-update,0
https://www.reddit.com/community/forum,0
https://portal.netflix.com/docs/api,0
http://dropbox.com/community/forum,0
https://portal.harvard.edu,0
https://app.europa.eu,0
https://cloud.mit.edu/profile/settings,0
https://nytimes.com/contact,0
http://nih.gov,0
https://api.zoom.us/login,0
https://www.harvard.edu/about,0
http://amazon.com/docs/api,0
https://api.python.org/profile/settings,0
https://portal.nasa.gov/docs/api,0
https://portal.europa.eu/search?q=machine+learning,0
https://app.google.com,0
https://portal.who.int/search?q=machine+learning,0
https://www.spotify.com/profile/settings,0
http://salesforce.com/profile/settings,0
https://www.nasa.gov/products/cloud-storage,0
https://dev.twitter.com/articles/2026/tech-update,0
https://portal.reddit.com/community/forum,0
https://portal.amazon.com/search?q=machine+learning,0
https://app.wikipedia.org/contact,0
http://cnn.com/community/forum,0
https://www.stackoverflow.com/search?q=machine+learning,0
https://portal.spotify.com/about,0
https://app.wikipedia.org,0
https://dev.who.int,0
https://stanford.edu/profile/settings,0
https://api.harvard.edu/profile/settings,0
https://portal.mit.edu/about,0
https://www.mozilla.org/support/tickets,0
https://dev.cloudflare.com/articles/2026/tech-update,0
https://cloud.mit.edu/community/forum,0
https://portal.stackoverflow.com/download/latest,0
https://dev.bbc.com/contact,0
https://dev.netflix.com/docs/api,0
https://dev.linkedin.com/download/latest,0
https://api.europa.eu/support/tickets,0
https://dev.zoom.us/community/forum,0
https://dev.google.com/articles/2026/tech-update,0
https://app.nih.gov/support/tickets,0
https://app.linkedin.com/help/faq,0
https://cloud.cloudflare.com/support/tickets,0
https://dev.nasa.gov/products/cloud-storage,0
https://www.bbc.com/products/cloud-storage,0
https://app.nytimes.com/login,0
http://nih.gov/support/tickets,0
https://api.who.int/docs/api,0
https://api.spotify.com/docs/api,0
http://stackoverflow.com/articles/2026/tech-update,0
https://dev.mozilla.org/community/forum,0
https://dev.stanford.edu/community/forum,0
https://www.apple.com/login,0
https://dev.twitter.com,0
https://europa.eu/articles/2026/tech-update,0
https://www.stanford.edu/about,0
https://app.github.com/products/cloud-storage,0
https://cloud.linkedin.com/community/forum,0
http://nasa.gov/profile/settings,0
https://app.europa.eu/products/cloud-storage,0
https://www.apple.com/community/forum,0
http://bbc.com/login,0
https://cloud.python.org/products/cloud-storage,0
https://portal.github.com/about,0
https://dev.adobe.com/about,0
https://dev.dropbox.com/products/cloud-storage,0
https://app.bbc.com/community/forum,0
https://api.dropbox.com/articles/2026/tech-update,0
http://cloud.adobe.com,0
https://portal.linkedin.com/download/latest,0
https://api.linkedin.com/profile/settings,0
https://api.python.org/search?q=machine+learning,0
https://github.com/products/cloud-storage,0
https://api.stackoverflow.com/profile/settings,0
https://cloud.adobe.com/download/latest,0
https://dev.zoom.us/articles/2026/tech-update,0
http://dev.twitter.com/help/faq,0
http://apple.com/products/cloud-storage,0
https://portal.spotify.com,0
https://dev.google.com/search?q=machine+learning,0
https://app.salesforce.com/products/cloud-storage,0
https://app.python.org/search?q=machine+learning,0
https://cloud.zoom.us/support/tickets,0
https://cloud.harvard.edu/contact,0
http://reddit.com/login,0
https://www.netflix.com/about,0
https://portal.bbc.com/about,0
http://reddit.com/download/latest,0
https://app.adobe.com/help/faq,0
https://cloud.amazon.com/community/forum,0
https://portal.salesforce.com/products/cloud-storage,0
https://dev.wikipedia.org/contact,0
http://harvard.edu/profile/settings,0
http://harvard.edu/community/forum,0
https://cloud.amazon.com/support/tickets,0
https://www.stackoverflow.com/support/tickets,0
http://wikipedia.org/login,0
https://app.nytimes.com/community/forum,0
https://dev.cloudflare.com/download/latest,0
https://www.who.int/login,0
https://stanford.edu/docs/api,0
http://cloud.github.com/about,0
https://nasa.gov/login,0
https://portal.netflix.com/download/latest,0
https://app.twitter.com/profile/settings,0
http://microsoft.com/profile/settings,0
https://dev.amazon.com/login,0
http://nasa.gov/login,0
https://www.harvard.edu/contact,0
https://api.stanford.edu/products/cloud-storage,0
https://cloud.salesforce.com/login,0
https://dev.twitter.com/support/tickets,0
https://dev.dropbox.com/login,0
https://app.cloudflare.com/support/tickets,0
https://portal.nasa.gov/community/forum,0
http://cloudflare.com/articles/2026/tech-update,0
https://api.netflix.com/articles/2026/tech-update,0
https://www.dropbox.com/articles/2026/tech-update,0
http://portal.amazon.com/login,0
http://cloud.stackoverflow.com/community/forum,0
https://dev.nytimes.com/support/tickets,0
https://api.adobe.com,0
https://zoom.us/search?q=machine+learning,0
https://app.adobe.com/search?q=machine+learning,0
http://cern.ch/contact,0
https://api.google.com/docs/api,0
http://harvard.edu/support/tickets,0
http://api.bbc.com/support/tickets,0
https://dev.github.com/profile/settings,0
https://dev.stanford.edu/search?q=machine+learning,0
https://portal.cloudflare.com,0
https://api.cloudflare.com/login,0
https://cloud.amazon.com/contact,0
https://www.python.org/about,0
https://app.python.org,0
http://nytimes.com/help/faq,0
https://app.adobe.com/products/cloud-storage,0
https://portal.harvard.edu/articles/2026/tech-update,0
https://app.cnn.com/support/tickets,0
https://www.dropbox.com/support/tickets,0
http://twitter.com/download/latest,0
https://www.europa.eu/contact,0
http://who.int/products/cloud-storage,0
http://mozilla.org/about,0
https://www.nih.gov/contact,0
https://portal.adobe.com/articles/2026/tech-update,0
https://cloud.github.com/profile/settings,0
http://bbc.com/search?q=machine+learning,0
https://www.salesforce.com,0
https://app.spotify.com/search?q=machine+learning,0
https://portal.stackoverflow.com/help/faq,0
https://cloud.apple.com/articles/2026/tech-update,0
http://www.cern.ch/support/tickets,0
http://cloud.zoom.us/login,0
https://api.dropbox.com/support/tickets,0
http://nytimes.com/download/latest,0
https://app.stanford.edu/profile/settings,0
https://api.google.com/profile/settings,0
http://salesforce.com/download/latest,0
https://dev.adobe.com/profile/settings,0
https://www.bbc.com/articles/2026/tech-update,0
http://dev.google.com/products/cloud-storage,0
https://portal.spotify.com/profile/settings,0
https://api.github.com/support/tickets,0
https://cloud.google.com,0
https://portal.dropbox.com/profile/settings,0
https://dev.salesforce.com/products/cloud-storage,0
http://portal.harvard.edu/profile/settings,0
http://nih.gov/community/forum,0
https://app.stanford.edu/about,0
https://cloud.google.com/support/tickets,0
https://www.who.int/products/cloud-storage,0
http://europa.eu/contact,0
https://app.microsoft.com/docs/api,0
https://dev.mozilla.org/docs/api,0
https://cloud.github.com/community/forum,0
https://www.dropbox.com/contact,0
https://app.bbc.com/profile/settings,0
https://app.twitter.com/support/tickets,0
https://api.google.com/articles/2026/tech-update,0
https://api.mit.edu/community/forum,0
http://netflix.com/community/forum,0
https://app.zoom.us/docs/api,0
https://api.salesforce.com/articles/2026/tech-update,0
https://cloud.mozilla.org/download/latest,0
https://portal.spotify.com/docs/api,0
https://app.apple.com/articles/2026/tech-update,0
https://dev.google.com/download/latest,0
https://portal.salesforce.com/about,0
https://www.cnn.com/help/faq,0
https://www.stackoverflow.com/about,0
https://api.nasa.gov/login,0
https://app.stanford.edu/docs/api,0
https://cloud.microsoft.com/articles/2026/tech-update,0
https://app.who.int/profile/settings,0
https://cloud.reddit.com/login,0
https://cloud.who.int/articles/2026/tech-update,0
http://cloud.cnn.com/docs/api,0
https://portal.spotify.com/search?q=machine+learning,0
https://www.twitter.com/support/tickets,0
https://www.apple.com/profile/settings,0
https://api.github.com/community/forum,0
http://cloud.wikipedia.org/about,0
https://www.cern.ch/help/faq,0
https://app.apple.com/contact,0
https://api.europa.eu/help/faq,0
https://app.mozilla.org/contact,0
https://cloud.google.com/download/latest,0
https://cloud.linkedin.com/download/latest,0
https://cloud.nasa.gov/contact,0
https://dev.europa.eu/profile/settings,0
https://api.linkedin.com/download/latest,0
https://app.zoom.us/about,0
https://www.nasa.gov/profile/settings,0
https://dev.mozilla.org/about,0
https://api.cnn.com/community/forum,0
https://app.stackoverflow.com/download/latest,0
http://www.mozilla.org/login,0
https://api.twitter.com/profile/settings,0
https://www.cnn.com/about,0
https://www.mozilla.org/help/faq,0
https://portal.mit.edu/search?q=machine+learning,0
https://app.twitter.com,0
https://www.cloudflare.com,0
https://api.mozilla.org/login,0
http://amazon.com/help/faq,0
https://portal.python.org/search?q=machine+learning,0
https://api.reddit.com/support/tickets,0
http://dev.zoom.us/docs/api,0
https://cloud.adobe.com/about,0
https://dev.cern.ch/products/cloud-storage,0
https://portal.spotify.com/support/tickets,0
https://api.stackoverflow.com,0
https://app.linkedin.com/articles/2026/tech-update,0
http://wikipedia.org/products/cloud-storage,0
https://dev.cloudflare.com/help/faq,0
http://who.int/support/tickets,0
https://portal.stanford.edu/about,0
https://www.linkedin.com/profile/settings,0
https://api.microsoft.com/help/faq,0
https://dev.linkedin.com/login,0
http://mozilla.org/help/faq,0
https://app.microsoft.com/support/tickets,0
https://app.cern.ch/support/tickets,0
https://dev.bbc.com,0
https://portal.apple.com/community/forum,0
https://api.europa.eu/contact,0
https://cloud.bbc.com/about,0
https://api.github.com/products/cloud-storage,0
https://portal.cloudflare.com/products/cloud-storage,0
https://app.nytimes.com/contact,0
http://google.com/support/tickets,0
https://www.mozilla.org,0
https://app.cloudflare.com/products/cloud-storage,0
https://app.microsoft.com/profile/settings,0
https://dev.nasa.gov/about,0
https://app.linkedin.com/docs/api,0
https://portal.dropbox.com/docs/api,0
https://cloud.europa.eu/login,0
https://python.org/about,0
https://dev.bbc.com/about,0
https://api.adobe.com/download/latest,0
https://dev.python.org/community/forum,0
http://who.int/docs/api,0
http://python.org/help/faq,0
https://cloud.netflix.com,0
https://www.who.int,0
http://harvard.edu/about,0
https://www.python.org/docs/api,0
http://microsoft.com/download/latest,0
https://cloud.wikipedia.org/search?q=machine+learning,0
https://app.who.int/articles/2026/tech-update,0
https://portal.nytimes.com/contact,0
http://portal.europa.eu/help/faq,0
https://cloud.netflix.com/login,0
https://python.org/login,0
https://api.bbc.com/search?q=machine+learning,0
https://portal.mozilla.org/profile/settings,0
https://app.wikipedia.org/support/tickets,0
http://portal.github.com/search?q=machine+learning,0
http://bbc.com/products/cloud-storage,0
https://cloud.reddit.com/profile/settings,0
https://cloud.mit.edu/about,0
http://dev.nasa.gov/login,0
https://www.zoom.us,0
https://app.spotify.com/docs/api,0
https://cloud.mozilla.org/community/forum,0
https://api.salesforce.com/about,0
https://www.amazon.com/search?q=machine+learning,0
https://dev.harvard.edu/about,0
https://www.cern.ch/search?q=machine+learning,0
https://app.spotify.com/community/forum,0
https://portal.reddit.com/search?q=machine+learning,0
https://app.cloudflare.com,0
https://cloud.salesforce.com/help/faq,0
https://dev.microsoft.com/login,0
https://dev.nasa.gov/contact,0
https://cloud.harvard.edu/profile/settings,0
https://api.google.com/download/latest,0
https://app.mit.edu/login,0
http://salesforce.com/contact,0
https://app.europa.eu/download/latest,0
https://api.bbc.com/products/cloud-storage,0
https://portal.cnn.com/login,0
https://api.amazon.com/docs/api,0
http://stackoverflow.com/profile/settings,0
https://cloud.cern.ch/login,0
https://dev.netflix.com/login,0
https://www.nasa.gov/about,0
https://dev.github.com/support/tickets,0
https://dev.linkedin.com/search?q=machine+learning,0
https://portal.europa.eu/support/tickets,0
https://cloud.mozilla.org/about,0
https://api.stanford.edu/about,0
http://nytimes.com/about,0
https://portal.dropbox.com/contact,0
https://www.cern.ch/about,0
https://app.github.com/docs/api,0
http://twitter.com,0
https://cloud.who.int/help/faq,0
https://app.adobe.com/articles/2026/tech-update,0
https://app.salesforce.com/help/faq,0
http://www.spotify.com/about,0
http://microsoft.com/docs/api,0
https://cloud.twitter.com/support/tickets,0
https://cloud.stanford.edu/search?q=machine+learning,0
https://cloud.stanford.edu/contact,0
http://salesforce.com/search?q=machine+learning,0
http://twitter.com/docs/api,0
http://stanford.edu/help/faq,0
https://portal.microsoft.com/download/latest,0
https://app.cnn.com/about,0
https://api.europa.eu,0
http://zoom.us/help/faq,0
https://www.reddit.com,0
https://portal.python.org/profile/settings,0
https://cloud.twitter.com/download/latest,0
https://www.wikipedia.org/community/forum,0
https://cloud.apple.com/login,0
https://cloud.nytimes.com/about,0
https://www.cnn.com,0
https://dev.cnn.com/search?q=machine+learning,0
https://portal.nytimes.com,0
https://cloud.cern.ch/articles/2026/tech-update,0
http://spotify.com/download/latest,0
http://nytimes.com/search?q=machine+learning,0
https://cloud.zoom.us/download/latest,0
https://portal.linkedin.com/articles/2026/tech-update,0
https://www.stackoverflow.com/login,0
http://netflix.com/support/tickets,0
https://dev.apple.com/support/tickets,0
https://api.nih.gov/articles/2026/tech-update,0
https://dev.netflix.com/download/latest,0
http://api.mozilla.org/community/forum,0
https://app.zoom.us/profile/settings,0
https://app.linkedin.com/login,0
https://api.cnn.com/help/faq,0
https://app.apple.com/help/faq,0
https://dev.who.int/community/forum,0
https://www.europa.eu/login,0
https://dev.linkedin.com,0
https://portal.dropbox.com/products/cloud-storage,0
https://dev.dropbox.com/about,0
https://www.adobe.com/download/latest,0
https://www.twitter.com,0
https://cloud.twitter.com/articles/2026/tech-update,0
https://api.reddit.com/contact,0
https://cloud.nytimes.com/support/tickets,0
https://www.amazon.com,0
https://app.nih.gov/contact,0
https://dev.harvard.edu/download/latest,0
https://www.cnn.com/docs/api,0
https://www.bbc.com/support/tickets,0
https://app.linkedin.com/download/latest,0
https://api.python.org/login,0
https://app.apple.com/support/tickets,0
https://www.mozilla.org/about,0
https://api.adobe.com/profile/settings,0
https://cloud.apple.com/about,0
https://api.netflix.com/help/faq,0
https://cloud.cern.ch/community/forum,0
https://app.netflix.com,0
https://app.mit.edu/contact,0
http://who.int/help/faq,0
http://www.stackoverflow.com/login,0
https://cloud.reddit.com/contact,0
https://www.bbc.com,0
http://api.salesforce.com/search?q=machine+learning,0
https://portal.adobe.com,0
https://api.reddit.com/download/latest,0
https://api.google.com,0
https://api.salesforce.com/support/tickets,0
https://cloud.salesforce.com/community/forum,0
https://cloud.google.com/docs/api,0
https://portal.mit.edu/login,0
https://api.europa.eu/community/forum,0
http://github.com/about,0
https://cloud.stackoverflow.com/search?q=machine+learning,0
https://dev.dropbox.com,0
https://app.apple.com/download/latest,0
https://app.python.org/products/cloud-storage,0
http://mit.edu/help/faq,0
https://www.netflix.com/contact,0
http://who.int/download/latest,0
http://apple.com/contact,0
https://www.reddit.com/search?q=machine+learning,0
https://app.europa.eu/login,0
https://portal.twitter.com/about,0
https://www.netflix.com,0
https://dev.nasa.gov/download/latest,0
https://portal.microsoft.com/articles/2026/tech-update,0
https://dev.nasa.gov,0
https://app.harvard.edu/contact,0
https://app.stanford.edu/search?q=machine+learning,0
https://portal.github.com,0
https://cloud.cloudflare.com,0
https://www.github.com/community/forum,0
https://dev.google.com/help/faq,0
https://www.linkedin.com,0
https://app.wikipedia.org/articles/2026/tech-update,0
https://app.google.com/contact,0
https://cloud.reddit.com/download/latest,0
https://cloud.apple.com/help/faq,0
https://dev.twitter.com/search?q=machine+learning,0
https://api.stanford.edu/profile/settings,0
https://api.netflix.com/contact,0
https://cloud.dropbox.com/help/faq,0
https://www.twitter.com/products/cloud-storage,0
https://app.nytimes.com/profile/settings,0
https://www.stackoverflow.com/contact,0
https://dev.cnn.com,0
https://api.salesforce.com/profile/settings,0
https://cloud.nytimes.com/profile/settings,0
https://portal.mozilla.org/support/tickets,0
https://portal.bbc.com/download/latest,0
https://api.github.com/docs/api,0
https://cloud.twitter.com/search?q=machine+learning,0
https://www.europa.eu/download/latest,0
https://portal.google.com/articles/2026/tech-update,0
https://cloud.mit.edu/search?q=machine+learning,0
https://app.google.com/help/faq,0
https://app.nih.gov/articles/2026/tech-update,0
https://portal.bbc.com/help/faq,0
https://dev.stanford.edu,0
http://portal.linkedin.com/profile/settings,0
https://dev.salesforce.com/about,0
https://cloud.netflix.com/support/tickets,0
https://portal.harvard.edu/profile/settings,0
https://api.nytimes.com/profile/settings,0
https://cloud.salesforce.com/support/tickets,0
http://mozilla.org/articles/2026/tech-update,0
https://portal.google.com/login,0
http://app.amazon.com,0
https://portal.google.com/products/cloud-storage,0
https://cloud.cnn.com/products/cloud-storage,0
https://www.netflix.com/products/cloud-storage,0
https://api.amazon.com/support/tickets,0
https://api.google.com/help/faq,0
https://api.microsoft.com/search?q=machine+learning,0
https://app.twitter.com/download/latest,0
https://dev.mit.edu/support/tickets,0
https://dev.stanford.edu/articles/2026/tech-update,0
https://dev.nytimes.com/about,0
https://cloud.microsoft.com/contact,0
https://app.cloudflare.com/profile/settings,0
https://www.dropbox.com/community/forum,0
https://api.cnn.com,0
https://dev.stackoverflow.com/contact,0
https://app.cloudflare.com/contact,0
http://twitter.com/help/faq,0
https://app.bbc.com/download/latest,0
https://api.reddit.com/about,0
https://api.apple.com/articles/2026/tech-update,0
https://cloud.zoom.us/docs/api,0
https://dev.python.org/contact,0
https://dev.reddit.com/download/latest,0
https://www.python.org/search?q=machine+learning,0
https://www.dropbox.com/search?q=machine+learning,0
https://api.harvard.edu/download/latest,0
https://dev.apple.com,0
http://nih.gov/download/latest,0
https://api.salesforce.com/search?q=machine+learning,0
http://stanford.edu/docs/api,0
https://cloud.twitter.com,0
http://wikipedia.org/help/faq,0
https://www.twitter.com/profile/settings,0
https://www.python.org/contact,0
https://portal.stackoverflow.com,0
https://app.harvard.edu/support/tickets,0
https://portal.nih.gov/community/forum,0
https://app.dropbox.com/docs/api,0
https://dev.wikipedia.org/products/cloud-storage,0
https://dev.google.com/about,0
http://app.nih.gov/articles/2026/tech-update,0
https://api.mit.edu,0
https://portal.cnn.com/profile/settings,0
https://app.python.org/help/faq,0
https://app.netflix.com/community/forum,0
https://cloud.stackoverflow.com/download/latest,0
https://www.nasa.gov/community/forum,0
https://app.stackoverflow.com/profile/settings,0
https://app.google.com/community/forum,0
https://dev.nih.gov/articles/2026/tech-update,0
https://cloud.dropbox.com/about,0
https://app.cnn.com/docs/api,0
https://cloud.mozilla.org,0
http://nasa.gov/search?q=machine+learning,0
http://cnn.com/login,0
https://www.bbc.com/download/latest,0
http://github.com/products/cloud-storage,0
https://api.cnn.com/support/tickets,0
https://cloud.netflix.com/docs/api,0
https://api.nih.gov/community/forum,0
https://app.netflix.com/profile/settings,0
https://dev.cern.ch,0
https://cloud.wikipedia.org/about,0
https://api.microsoft.com/support/tickets,0
http://apple.com/articles/2026/tech-update,0
https://www.who.int/help/faq,0
https://api.apple.com,0
https://portal.nytimes.com/products/cloud-storage,0
https://dev.salesforce.com/support/tickets,0
https://cloud.mozilla.org/help/faq,0
https://cloud.python.org/download/latest,0
https://api.nasa.gov/about,0
https://dev.nytimes.com/community/forum,0
https://app.zoom.us/contact,0
https://cloud.stackoverflow.com/community/forum,0
https://www.nytimes.com/articles/2026/tech-update,0
https://app.wikipedia.org/products/cloud-storage,0
https://portal.github.com/community/forum,0
http://spotify.com/support/tickets,0
https://app.nytimes.com/support/tickets,0
https://cloud.zoom.us/contact,0
https://app.nasa.gov/articles/2026/tech-update,0
https://app.bbc.com/products/cloud-storage,0
https://portal.cern.ch/profile/settings,0
https://dev.reddit.com/help/faq,0
https://api.nytimes.com/search?q=machine+learning,0
https://dev.adobe.com/support/tickets,0
https://cloud.harvard.edu/articles/2026/tech-update,0
https://app.harvard.edu/community/forum,0
https://app.mit.edu/docs/api,0
http://cnn.com/support/tickets,0
https://app.apple.com/community/forum,0
http://apple.com,0
https://api.apple.com/download/latest,0
https://portal.cnn.com/search?q=machine+learning,0
http://reddit.com/contact,0
http://stanford.edu/products/cloud-storage,0
https://api.nasa.gov/docs/api,0
http://salesforce.com/docs/api,0
https://portal.zoom.us/about,0
https://www.nih.gov/docs/api,0
http://dropbox.com/products/cloud-storage,0
http://api.mozilla.org/support/tickets,0
https://portal.harvard.edu/about,0
https://dev.europa.eu/contact,0
https://api.europa.eu/search?q=machine+learning,0
http://stackoverflow.com/products/cloud-storage,0
https://app.cnn.com/login,0
https://www.microsoft.com/login,0
http://www.netflix.com/about,0
http://portal.zoom.us/profile/settings,0
https://portal.netflix.com/profile/settings,0
http://google.com/products/cloud-storage,0
https://www.wikipedia.org/docs/api,0
https://portal.linkedin.com/contact,0
https://cloud.dropbox.com/login,0
https://app.mozilla.org/support/tickets,0
https://api.mozilla.org/profile/settings,0
http://zoom.us/search?q=machine+learning,0
https://dev.adobe.com,0
https://www.salesforce.com/contact,0
https://www.linkedin.com/about,0
http://google.com/download/latest,0
https://portal.cnn.com/articles/2026/tech-update,0
https://www.netflix.com/profile/settings,0
https://portal.twitter.com/profile/settings,0
https://dev.wikipedia.org/download/latest,0
http://app.zoom.us/profile/settings,0
https://cloud.github.com/search?q=machine+learning,0
https://api.twitter.com/help/faq,0
https://www.nasa.gov/articles/2026/tech-update,0
https://dev.stackoverflow.com/about,0
https://api.netflix.com/community/forum,0
https://api.adobe.com/docs/api,0
https://app.salesforce.com/contact,0
https://portal.spotify.com/products/cloud-storage,0
https://api.netflix.com/download/latest,0
https://cloud.cnn.com/help/faq,0
https://cloud.google.com/login,0
https://api.wikipedia.org/download/latest,0
https://portal.amazon.com/products/cloud-storage,0
https://cloud.apple.com/profile/settings,0
https://portal.reddit.com/docs/api,0
https://app.who.int/search?q=machine+learning,0
https://api.mit.edu/download/latest,0
https://app.cern.ch/search?q=machine+learning,0
https://dev.apple.com/contact,0
https://portal.linkedin.com/products/cloud-storage,0
https://www.github.com/search?q=machine+learning,0
http://www.stanford.edu/products/cloud-storage,0
https://app.nih.gov/login,0
http://zoom.us/about,0
http://nih.gov/articles/2026/tech-update,0
https://cloud.stanford.edu/profile/settings,0
http://mozilla.org/login,0
https://api.salesforce.com/contact,0
https://www.harvard.edu/products/cloud-storage,0
https://portal.linkedin.com/login,0
http://cloud.spotify.com/docs/api,0
https://portal.mit.edu/docs/api,0
https://portal.adobe.com/docs/api,0
http://cloud.stanford.edu/articles/2026/tech-update,0
https://app.nytimes.com/download/latest,0
https://portal.nasa.gov/help/faq,0
https://portal.wikipedia.org/articles/2026/tech-update,0
https://cloud.spotify.com,0
https://dev.dropbox.com/community/forum,0
https://api.python.org/support/tickets,0
http://amazon.com/contact,0
https://dev.apple.com/help/faq,0
http://nih.gov/search?q=machine+learning,0
https://cloud.nytimes.com/articles/2026/tech-update,0
http://nasa.gov/contact,0
http://microsoft.com/login,0
https://portal.python.org/about,0
https://www.netflix.com/docs/api,0
https://app.linkedin.com,0
https://api.stackoverflow.com/help/faq,0
http://app.salesforce.com/profile/settings,0
https://www.reddit.com/profile/settings,0
https://api.microsoft.com/login,0
https://www.microsoft.com/articles/2026/tech-update,0
https://app.google.com/download/latest,0
https://api.python.org/community/forum,0
https://api.bbc.com,0
https://api.github.com/help/faq,0
https://app.apple.com/search?q=machine+learning,0
http://mit.edu/community/forum,0
https://app.nasa.gov/download/latest,0
https://portal.wikipedia.org/search?q=machine+learning,0
http://app.twitter.com/download/latest,0
https://portal.twitter.com/community/forum,0
https://app.nasa.gov/profile/settings,0
https://www.cnn.com/download/latest,0
https://portal.who.int/products/cloud-storage,0
https://app.harvard.edu/profile/settings,0
http://wikipedia.org/about,0
https://app.zoom.us/articles/2026/tech-update,0
https://app.twitter.com/about,0
https://api.amazon.com/login,0
https://dev.netflix.com/contact,0
https://api.cloudflare.com/about,0
https://www.python.org/help/faq,0
https://api.stackoverflow.com/articles/2026/tech-update,0
http://linkedin.com/download/latest,0
https://cloud.cern.ch,0
https://api.linkedin.com/search?q=machine+learning,0
https://portal.salesforce.com/docs/api,0
https://dev.bbc.com/support/tickets,0
http://app.nih.gov/community/forum,0
https://www.nih.gov/articles/2026/tech-update,0
https://portal.netflix.com/articles/2026/tech-update,0
http://europa.eu/support/tickets,0
http://app.cloudflare.com/support/tickets,0
https://dev.harvard.edu/profile/settings,0
https://portal.twitter.com/help/faq,0
https://app.nytimes.com,0
https://api.who.int/help/faq,0
http://portal.python.org/docs/api,0
https://cloud.mit.edu/login,0
https://portal.adobe.com/search?q=machine+learning,0
https://api.zoom.us/articles/2026/tech-update,0
https://cloud.reddit.com/support/tickets,0
https://www.microsoft.com/help/faq,0
https://api.who.int,0
https://portal.dropbox.com/support/tickets,0
https://app.reddit.com/docs/api,0
http://adobe.com/search?q=machine+learning,0
https://www.mit.edu/download/latest,0
https://dev.zoom.us/contact,0
https://www.microsoft.com,0
https://app.salesforce.com/search?q=machine+learning,0
http://nih.gov/docs/api,0
http://amazon.com/download/latest,0
https://cloud.nytimes.com/login,0
https://portal.dropbox.com/help/faq,0
http://cloud.cloudflare.com/download/latest,0
https://api.stanford.edu,0
https://dev.google.com/support/tickets,0
http://linkedin.com/search?q=machine+learning,0
https://app.wikipedia.org/about,0
http://amazon.com/products/cloud-storage,0
http://app.adobe.com/products/cloud-storage,0
https://cloud.who.int/search?q=machine+learning,0
https://api.who.int/profile/settings,0
https://portal.twitter.com/search?q=machine+learning,0
https://app.amazon.com/about,0
https://dev.nytimes.com/docs/api,0
https://cloud.adobe.com,0
https://app.adobe.com/contact,0
https://app.amazon.com/community/forum,0
https://www.linkedin.com/support/tickets,0
https://dev.dropbox.com/support/tickets,0
https://portal.microsoft.com/contact,0
https://dev.amazon.com/search?q=machine+learning,0
https://api.nih.gov/download/latest,0
http://amazon.com/community/forum,0
https://www.mit.edu,0
https://cloud.apple.com/products/cloud-storage,0
https://portal.who.int/contact,0
https://cloud.cnn.com/download/latest,0
https://portal.dropbox.com/about,0
https://portal.cern.ch/support/tickets,0
https://api.spotify.com/about,0
https://app.nasa.gov/docs/api,0
http://reddit.com/help/faq,0
https://api.cern.ch/community/forum,0
https://dev.cnn.com/about,0
https://dev.europa.eu/help/faq,0
http://reddit.com/support/tickets,0
http://www.python.org/support/tickets,0
http://dropbox.com/contact,0
https://dev.cloudflare.com,0
https://portal.mozilla.org/help/faq,0
http://dev.cloudflare.com/docs/api,0
https://portal.spotify.com/contact,0
https://api.netflix.com/products/cloud-storage,0
https://dev.microsoft.com/contact,0
https://dev.nih.gov/profile/settings,0
http://cloud.nasa.gov/download/latest,0
https://dev.nih.gov/search?q=machine+learning,0
https://cloud.nih.gov/profile/settings,0
http://stackoverflow.com,0
https://cloud.nih.gov/login,0
https://www.stackoverflow.com/help/faq,0
https://app.spotify.com/download/latest,0
https://api.nih.gov/contact,0
http://cloud.cnn.com/about,0
https://api.stackoverflow.com/products/cloud-storage,0
https://dev.google.com/docs/api,0
https://dev.netflix.com/support/tickets,0
https://portal.dropbox.com/search?q=machine+learning,0
https://portal.apple.com/about,0
https://api.dropbox.com/docs/api,0
https://api.stackoverflow.com/login,0
http://github.com/docs/api,0
https://cloud.amazon.com/docs/api,0
https://app.zoom.us/support/tickets,0
http://stanford.edu/contact,0
http://api.cnn.com/about,0
https://www.stanford.edu/contact,0
https://www.mit.edu/about,0
https://www.wikipedia.org/products/cloud-storage,0
https://cloud.adobe.com/products/cloud-storage,0
https://api.harvard.edu/docs/api,0
https://api.bbc.com/about,0
https://www.wikipedia.org/login,0
https://dev.stackoverflow.com,0
https://www.amazon.com/help/faq,0
http://bbc.com/support/tickets,0
https://cloud.wikipedia.org/download/latest,0
https://app.dropbox.com/about,0
https://api.google.com/support/tickets,0
http://mit.edu,0
http://nytimes.com/contact,0
https://app.stackoverflow.com/login,0
https://portal.reddit.com/help/faq,0
https://portal.salesforce.com/download/latest,0
https://www.harvard.edu/help/faq,0
https://dev.mozilla.org/articles/2026/tech-update,0
https://dev.netflix.com/search?q=machine+learning,0
https://cloud.microsoft.com/about,0
https://cloud.linkedin.com/articles/2026/tech-update,0
https://dev.bbc.com/profile/settings,0
http://stackoverflow.com/contact,0
https://cloud.wikipedia.org/help/faq,0
https://cloud.bbc.com/contact,0
https://app.python.org/articles/2026/tech-update,0
http://bbc.com/docs/api,0
https://portal.who.int/profile/settings,0
http://nasa.gov,0
https://cloud.adobe.com/community/forum,0
https://app.harvard.edu/docs/api,0
http://harvard.edu/docs/api,0
http://netflix.com/help/faq,0
https://cloud.microsoft.com/help/faq,0
https://portal.stackoverflow.com/contact,0
https://www.reddit.com/help/faq,0
https://portal.wikipedia.org/products/cloud-storage,0
https://app.python.org/about,0
https://api.salesforce.com/login,0
https://app.salesforce.com/download/latest,0
https://portal.nytimes.com/profile/settings,0
https://dev.nytimes.com/profile/settings,0
https://portal.netflix.com/about,0
https://app.zoom.us/help/faq,0
https://dev.mit.edu/about,0
https://portal.europa.eu/products/cloud-storage,0
http://apple.com/docs/api,0
http://app.twitter.com/articles/2026/tech-update,0
https://app.nih.gov/download/latest,0
https://app.bbc.com/about,0
http://app.cloudflare.com/profile/settings,0
https://www.google.com/docs/api,0
https://api.cern.ch/login,0
https://www.nih.gov/search?q=machine+learning,0
https://cloud.reddit.com/products/cloud-storage,0
https://www.nytimes.com/about,0
https://cloud.linkedin.com/support/tickets,0
https://www.wikipedia.org/articles/2026/tech-update,0
https://www.twitter.com/contact,0
https://dev.wikipedia.org/support/tickets,0
https://www.salesforce.com/login,0
http://dev.wikipedia.org/support/tickets,0
https://portal.mozilla.org/contact,0
https://api.wikipedia.org/community/forum,0
http://app.cloudflare.com/search?q=machine+learning,0
https://portal.apple.com/contact,0
https://dev.salesforce.com/community/forum,0
https://api.stanford.edu/contact,0
http://dropbox.com/profile/settings,0
https://cloud.cern.ch/products/cloud-storage,0
https://api.mozilla.org/community/forum,0
https://www.twitter.com/download/latest,0
https://portal.google.com,0
https://api.stanford.edu/community/forum,0
https://app.github.com/support/tickets,0
https://portal.reddit.com/products/cloud-storage,0
https://portal.github.com/login,0
https://api.nasa.gov/products/cloud-storage,0
http://app.europa.eu/support/tickets,0
https://app.amazon.com/articles/2026/tech-update,0
https://api.salesforce.com/community/forum,0
https://app.bbc.com,0
http://dev.spotify.com/support/tickets,0
https://www.google.com/support/tickets,0
https://www.google.com/login,0
https://dev.zoom.us/support/tickets,0
https://www.mozilla.org/profile/settings,0
http://stackoverflow.com/login,0
https://portal.spotify.com/help/faq,0
https://portal.cloudflare.com/download/latest,0
https://www.nih.gov/community/forum,0
https://dev.zoom.us/login,0
https://www.dropbox.com/download/latest,0
https://www.twitter.com/articles/2026/tech-update,0
https://portal.mit.edu/download/latest,0
http://cloud.mozilla.org/articles/2026/tech-update,0
https://www.mozilla.org/products/cloud-storage,0
https://dev.cern.ch/help/faq,0
https://cloud.twitter.com/about,0
https://www.google.com/products/cloud-storage,0
https://cloud.europa.eu/contact,0
https://dev.bbc.com/help/faq,0
https://app.harvard.edu,0
https://cloud.wikipedia.org/articles/2026/tech-update,0
https://www.nih.gov/products/cloud-storage,0
https://app.stanford.edu/download/latest,0
https://api.wikipedia.org/search?q=machine+learning,0
http://cloud.twitter.com/help/faq,0
https://portal.nih.gov/search?q=machine+learning,0
http://twitter.com/articles/2026/tech-update,0
https://cloud.salesforce.com/about,0
https://api.apple.com/search?q=machine+learning,0
https://api.harvard.edu/support/tickets,0
https://www.europa.eu/products/cloud-storage,0
http://157.57.193.13/apple-id/secure-login.php?id=2499,1
http://binance-security.security-alert.claim-bonus684.ml/signin?token=556f391937df,1
http://chase.security-alert.verify-account3037.link/signin?token=10ce03a1ed01,1
http://facebook-verify.security-alert.urgent-notice2338.loan/signin?token=b6cda17abb96,1
http://legit-service.com@microsoft-login-secure-auth-3694.zip/index.html,1
http://legit-service.com@binance-security-secure-auth-7677.top/index.html,1
https://microsoft-login-account-verification-support-5299.work/secure-login,1
http://portal-coinbase-auth-update.link/login.php?user=victim%40mail.com&session=6815&redirect=unlock-profile,1
http://legit-service.com@chase-secure-auth-9944.cf/index.html,1
http://portal-paypal-update.click/login.php?user=victim%40mail.com&session=4034&redirect=unlock-profile,1
http://wellsfargo.security-alert.update-billing4974.loan/signin?token=34adeb8e3242,1
https://apple-id-account-verification-support-4418.tk/verify-account,1
http://portal-netflix-update.cf/login.php?user=victim%40mail.com&session=4464&redirect=urgent-notice,1
http://chase.security-alert.verify-account1418.work/signin?token=309928d4b100,1
http://wellsfargo.security-alert.claim-bonus7673.top/signin?token=338635ee18f8,1
http://119.153.16.136/facebook-verify/urgent-notice.php?id=6387,1
https://wellsfargo-account-verification-support-3988.cf/secure-login,1
http://legit-service.com@apple-id-secure-auth-6387.cf/index.html,1
http://portal-paypal-update.cf/login.php?user=victim%40mail.com&session=9227&redirect=unlock-profile,1
http://portal-bankofamerica-update.loan/login.php?user=victim%40mail.com&session=5880&redirect=secure-login,1
http://legit-service.com@paypal-secure-auth-7224.link/index.html,1
http://legit-service.com@bankofamerica-secure-auth-9105.gq/index.html,1
https://bankofamerica-account-verification-support-4240.gq/unlock-profile,1
http://portal-bankofamerica-update.link/login.php?user=victim%40mail.com&session=9523&redirect=secure-login,1
http://138.47.222.197/coinbase-auth/kyc-confirmation.php?id=6510,1
http://binance-security.security-alert.secure-login1067.click/signin?token=31857b449c40,1
http://legit-service.com@facebook-verify-secure-auth-36.tk/index.html,1
http://legit-service.com@wellsfargo-secure-auth-7637.xyz/index.html,1
http://legit-service.com@microsoft-login-secure-auth-4888.work/index.html,1
http://portal-wellsfargo-update.click/login.php?user=victim%40mail.com&session=1732&redirect=secure-login,1
http://chase.security-alert.urgent-notice1788.ml/signin?token=db957c626a8c,1
http://microsoft-login.security-alert.update-billing2592.zip/signin?token=18bb68e2b38e,1
http://portal-chase-update.zip/login.php?user=victim%40mail.com&session=453&redirect=kyc-confirmation,1
https://wellsfargo-account-verification-support-7024.ml/claim-bonus,1
https://binance-security-account-verification-support-725.tk/claim-bonus,1
http://legit-service.com@netflix-secure-auth-9555.tk/index.html,1
http://portal-facebook-verify-update.link/login.php?user=victim%40mail.com&session=9087&redirect=secure-login,1
http://chase.security-alert.update-billing5395.loan/signin?token=497476fe6181,1
http://portal-netflix-update.click/login.php?user=victim%40mail.com&session=2440&redirect=kyc-confirmation,1
https://binance-security-account-verification-support-8741.loan/verify-account,1
https://apple-id-account-verification-support-6626.top/unlock-profile,1
http://legit-service.com@binance-security-secure-auth-7814.loan/index.html,1
http://netflix.security-alert.urgent-notice5319.cf/signin?token=a8ed71126b12,1
http://facebook-verify.security-alert.verify-account4200.gq/signin?token=86dba86754c0,1
http://portal-coinbase-auth-update.xyz/login.php?user=victim%40mail.com&session=5101&redirect=update-billing,1
http://portal-facebook-verify-update.link/login.php?user=victim%40mail.com&session=8472&redirect=unlock-profile,1
http://portal-wellsfargo-update.cf/login.php?user=victim%40mail.com&session=4824&redirect=secure-login,1
http://135.27.64.60/netflix/verify-account.php?id=9916,1
https://coinbase-auth-account-verification-support-4375.loan/kyc-confirmation,1
http://legit-service.com@netflix-secure-auth-8286.top/index.html,1
http://47.86.127.251/binance-security/unlock-profile.php?id=3968,1
http://94.72.44.30/binance-security/urgent-notice.php?id=7102,1
http://wellsfargo.security-alert.urgent-notice5960.cf/signin?token=233f1dd0f3f5,1
http://microsoft-login.security-alert.unlock-profile765.tk/signin?token=d840cc5d906c,1
http://legit-service.com@bankofamerica-secure-auth-4933.click/index.html,1
http://85.6.87.137/wellsfargo/claim-bonus.php?id=3528,1
http://legit-service.com@chase-secure-auth-117.link/index.html,1
http://legit-service.com@chase-secure-auth-686.loan/index.html,1
http://portal-microsoft-login-update.xyz/login.php?user=victim%40mail.com&session=3979&redirect=urgent-notice,1
http://legit-service.com@bankofamerica-secure-auth-7366.tk/index.html,1
http://microsoft-login.security-alert.verify-account5159.tk/signin?token=19d19f93a420,1
http://41.200.191.215/binance-security/unlock-profile.php?id=2031,1
http://bankofamerica.security-alert.urgent-notice2058.loan/signin?token=1359aa933b48,1
https://wellsfargo-account-verification-support-9289.xyz/claim-bonus,1
http://netflix.security-alert.verify-account6097.gq/signin?token=afb79a9be5cd,1
http://portal-coinbase-auth-update.cf/login.php?user=victim%40mail.com&session=493&redirect=urgent-notice,1
http://21.148.116.43/chase/secure-login.php?id=5963,1
https://microsoft-login-account-verification-support-8611.link/claim-bonus,1
http://legit-service.com@apple-id-secure-auth-2319.xyz/index.html,1
http://paypal.security-alert.kyc-confirmation7363.link/signin?token=18085327b860,1
http://105.134.162.44/microsoft-login/unlock-profile.php?id=6479,1
http://chase.security-alert.update-billing4898.top/signin?token=1770ae9e1b6b,1
http://13.115.22.4/microsoft-login/unlock-profile.php?id=3220,1
https://binance-security-account-verification-support-6629.top/claim-bonus,1
http://portal-chase-update.xyz/login.php?user=victim%40mail.com&session=5013&redirect=kyc-confirmation,1
http://netflix.security-alert.update-billing3098.link/signin?token=ada5e0b63ef6,1
http://166.238.173.228/chase/update-billing.php?id=4620,1
http://portal-chase-update.gq/login.php?user=victim%40mail.com&session=7217&redirect=secure-login,1
https://bankofamerica-account-verification-support-7923.ml/kyc-confirmation,1
http://legit-service.com@binance-security-secure-auth-3425.zip/index.html,1
http://63.13.122.200/paypal/update-billing.php?id=3093,1
http://apple-id.security-alert.verify-account6601.xyz/signin?token=7a576629fef8,1
http://portal-chase-update.link/login.php?user=victim%40mail.com&session=1269&redirect=unlock-profile,1
http://bankofamerica.security-alert.unlock-profile8988.xyz/signin?token=f490c742cd83,1
https://bankofamerica-account-verification-support-3959.top/verify-account,1
http://bankofamerica.security-alert.update-billing7916.tk/signin?token=e0854e3c03ec,1
http://binance-security.security-alert.urgent-notice4306.xyz/signin?token=b035d6563a2a,1
http://netflix.security-alert.secure-login6423.loan/signin?token=972ededf6c4d,1
http://portal-apple-id-update.loan/login.php?user=victim%40mail.com&session=347&redirect=update-billing,1
http://legit-service.com@netflix-secure-auth-2013.cf/index.html,1
http://portal-netflix-update.tk/login.php?user=victim%40mail.com&session=8903&redirect=update-billing,1
http://38.88.4.66/paypal/verify-account.php?id=9375,1
http://paypal.security-alert.secure-login1456.zip/signin?token=5e76bef6e019,1
http://facebook-verify.security-alert.kyc-confirmation160.work/signin?token=b73ce398c39f,1
https://chase-account-verification-support-1525.gq/unlock-profile,1
http://portal-netflix-update.gq/login.php?user=victim%40mail.com&session=4363&redirect=unlock-profile,1
https://coinbase-auth-account-verification-support-1766.gq/urgent-notice,1
https://paypal-account-verification-support-1205.loan/claim-bonus,1
http://facebook-verify.security-alert.unlock-profile9769.loan/signin?token=c42f76f3b235,1
http://wellsfargo.security-alert.update-billing7291.tk/signin?token=3000311ca56a,1
http://portal-apple-id-update.loan/login.php?user=victim%40mail.com&session=3346&redirect=claim-bonus,1
https://facebook-verify-account-verification-support-4072.loan/update-billing,1
https://coinbase-auth-account-verification-support-9116.xyz/secure-login,1
http://legit-service.com@coinbase-auth-secure-auth-3431.click/index.html,1
https://binance-security-account-verification-support-4561.click/verify-account,1
https://bankofamerica-account-verification-support-2235.zip/kyc-confirmation,1
https://bankofamerica-account-verification-support-8170.cf/claim-bonus,1
http://portal-binance-security-update.ml/login.php?user=victim%40mail.com&session=6100&redirect=claim-bonus,1
http://wellsfargo.security-alert.verify-account1754.gq/signin?token=231141b34c82,1
http://legit-service.com@facebook-verify-secure-auth-5633.zip/index.html,1
http://binance-security.security-alert.update-billing7189.tk/signin?token=db2de5412931,1
http://bankofamerica.security-alert.urgent-notice7234.cf/signin?token=44d47238d7d3,1
https://coinbase-auth-account-verification-support-3907.click/claim-bonus,1
http://legit-service.com@binance-security-secure-auth-8454.link/index.html,1
http://151.67.140.93/coinbase-auth/unlock-profile.php?id=1386,1
http://105.116.120.237/microsoft-login/unlock-profile.php?id=799,1
http://legit-service.com@wellsfargo-secure-auth-5880.ml/index.html,1
http://183.225.11.101/binance-security/update-billing.php?id=4642,1
http://15.112.221.55/coinbase-auth/urgent-notice.php?id=3571,1
https://coinbase-auth-account-verification-support-4863.cf/urgent-notice,1
http://binance-security.security-alert.verify-account3801.tk/signin?token=95323660ed21,1
http://portal-coinbase-auth-update.ml/login.php?user=victim%40mail.com&session=5345&redirect=secure-login,1
http://portal-wellsfargo-update.gq/login.php?user=victim%40mail.com&session=4183&redirect=claim-bonus,1
http://netflix.security-alert.update-billing8543.gq/signin?token=068004fef175,1
http://19.141.228.101/wellsfargo/verify-account.php?id=8197,1
https://facebook-verify-account-verification-support-7931.click/urgent-notice,1
http://facebook-verify.security-alert.unlock-profile4461.loan/signin?token=e0eacd983971,1
http://legit-service.com@facebook-verify-secure-auth-2080.tk/index.html,1
http://legit-service.com@coinbase-auth-secure-auth-8604.cf/index.html,1
http://portal-coinbase-auth-update.xyz/login.php?user=victim%40mail.com&session=3108&redirect=update-billing,1
http://portal-coinbase-auth-update.loan/login.php?user=victim%40mail.com&session=8293&redirect=update-billing,1
http://chase.security-alert.kyc-confirmation4772.top/signin?token=c5d736809766,1
http://portal-apple-id-update.loan/login.php?user=victim%40mail.com&session=2972&redirect=update-billing,1
http://portal-microsoft-login-update.gq/login.php?user=victim%40mail.com&session=5239&redirect=secure-login,1
http://portal-coinbase-auth-update.top/login.php?user=victim%40mail.com&session=8238&redirect=update-billing,1
http://115.156.80.26/bankofamerica/verify-account.php?id=3356,1
http://portal-apple-id-update.work/login.php?user=victim%40mail.com&session=7532&redirect=verify-account,1
http://portal-microsoft-login-update.click/login.php?user=victim%40mail.com&session=6730&redirect=verify-account,1
http://legit-service.com@chase-secure-auth-3193.link/index.html,1
https://paypal-account-verification-support-4308.top/update-billing,1
http://paypal.security-alert.verify-account36.link/signin?token=19ca14e7ea63,1
http://netflix.security-alert.verify-account81.click/signin?token=43ec517d68b6,1
http://legit-service.com@coinbase-auth-secure-auth-6248.top/index.html,1
http://60.4.228.200/netflix/kyc-confirmation.php?id=2934,1
https://coinbase-auth-account-verification-support-6893.top/claim-bonus,1
http://77.55.96.167/coinbase-auth/kyc-confirmation.php?id=2998,1
http://portal-paypal-update.zip/login.php?user=victim%40mail.com&session=2911&redirect=update-billing,1
http://portal-microsoft-login-update.xyz/login.php?user=victim%40mail.com&session=7094&redirect=claim-bonus,1
http://portal-apple-id-update.click/login.php?user=victim%40mail.com&session=9859&redirect=kyc-confirmation,1
http://legit-service.com@binance-security-secure-auth-7824.work/index.html,1
http://portal-microsoft-login-update.click/login.php?user=victim%40mail.com&session=5191&redirect=unlock-profile,1
http://legit-service.com@chase-secure-auth-8846.xyz/index.html,1
http://portal-apple-id-update.gq/login.php?user=victim%40mail.com&session=2795&redirect=claim-bonus,1
http://facebook-verify.security-alert.kyc-confirmation464.click/signin?token=f1b6f2857fb6,1
https://chase-account-verification-support-8925.zip/claim-bonus,1
http://apple-id.security-alert.unlock-profile8744.loan/signin?token=d55eaf8506f9,1
http://legit-service.com@apple-id-secure-auth-8822.cf/index.html,1
http://portal-coinbase-auth-update.gq/login.php?user=victim%40mail.com&session=8866&redirect=urgent-notice,1
http://portal-microsoft-login-update.link/login.php?user=victim%40mail.com&session=3962&redirect=verify-account,1
http://111.168.18.164/paypal/kyc-confirmation.php?id=8114,1
https://apple-id-account-verification-support-7613.tk/urgent-notice,1
https://coinbase-auth-account-verification-support-2689.loan/claim-bonus,1
http://legit-service.com@facebook-verify-secure-auth-1857.top/index.html,1
http://22.186.195.247/bankofamerica/kyc-confirmation.php?id=9921,1
http://187.92.7.15/facebook-verify/update-billing.php?id=1982,1
http://coinbase-auth.security-alert.update-billing5784.top/signin?token=6157966f9b9e,1
http://53.172.99.194/netflix/kyc-confirmation.php?id=7494,1
https://microsoft-login-account-verification-support-3822.gq/urgent-notice,1
http://112.210.227.25/netflix/urgent-notice.php?id=5988,1
http://portal-apple-id-update.work/login.php?user=victim%40mail.com&session=3972&redirect=urgent-notice,1
http://bankofamerica.security-alert.claim-bonus4804.click/signin?token=45c68484c6fc,1
http://92.48.97.102/apple-id/kyc-confirmation.php?id=8493,1
https://apple-id-account-verification-support-2583.tk/unlock-profile,1
https://binance-security-account-verification-support-723.gq/update-billing,1
http://binance-security.security-alert.secure-login3577.cf/signin?token=3e77a1462977,1
http://chase.security-alert.claim-bonus1816.tk/signin?token=faacbcd5bf1d,1
http://portal-chase-update.gq/login.php?user=victim%40mail.com&session=8761&redirect=update-billing,1
http://69.138.30.85/coinbase-auth/secure-login.php?id=9208,1
http://netflix.security-alert.update-billing338.gq/signin?token=819f46e52c25,1
http://bankofamerica.security-alert.verify-account5981.cf/signin?token=abb9d15b3293,1
http://142.47.244.193/chase/urgent-notice.php?id=7833,1
http://portal-chase-update.xyz/login.php?user=victim%40mail.com&session=9531&redirect=kyc-confirmation,1
http://166.114.44.114/facebook-verify/urgent-notice.php?id=6722,1
http://portal-binance-security-update.top/login.php?user=victim%40mail.com&session=205&redirect=verify-account,1
http://175.156.50.55/paypal/claim-bonus.php?id=8740,1
http://portal-chase-update.cf/login.php?user=victim%40mail.com&session=8196&redirect=update-billing,1
http://portal-facebook-verify-update.top/login.php?user=victim%40mail.com&session=8380&redirect=kyc-confirmation,1
http://126.247.58.96/coinbase-auth/claim-bonus.php?id=4552,1
http://legit-service.com@netflix-secure-auth-257.top/index.html,1
https://apple-id-account-verification-support-458.top/urgent-notice,1
http://portal-apple-id-update.link/login.php?user=victim%40mail.com&session=5638&redirect=secure-login,1
http://132.206.89.62/microsoft-login/urgent-notice.php?id=7449,1
http://legit-service.com@binance-security-secure-auth-76.click/index.html,1
http://portal-wellsfargo-update.zip/login.php?user=victim%40mail.com&session=6080&redirect=kyc-confirmation,1
http://72.203.20.146/facebook-verify/verify-account.php?id=1065,1
https://netflix-account-verification-support-8695.gq/unlock-profile,1
http://chase.security-alert.secure-login1373.click/signin?token=e56b06c51e10,1
https://chase-account-verification-support-152.click/verify-account,1
http://portal-apple-id-update.work/login.php?user=victim%40mail.com&session=2274&redirect=kyc-confirmation,1
http://legit-service.com@bankofamerica-secure-auth-7906.xyz/index.html,1
http://portal-paypal-update.xyz/login.php?user=victim%40mail.com&session=4160&redirect=urgent-notice,1
http://legit-service.com@wellsfargo-secure-auth-4671.click/index.html,1
http://apple-id.security-alert.claim-bonus2881.click/signin?token=445e1050156c,1
http://149.193.138.41/bankofamerica/kyc-confirmation.php?id=3767,1
http://chase.security-alert.verify-account4324.link/signin?token=f569c3d708a7,1
http://portal-bankofamerica-update.tk/login.php?user=victim%40mail.com&session=5506&redirect=verify-account,1
https://paypal-account-verification-support-112.gq/unlock-profile,1
http://176.142.90.46/netflix/unlock-profile.php?id=5155,1
https://facebook-verify-account-verification-support-4161.click/urgent-notice,1
https://binance-security-account-verification-support-5683.xyz/verify-account,1
http://portal-binance-security-update.xyz/login.php?user=victim%40mail.com&session=9011&redirect=kyc-confirmation,1
https://netflix-account-verification-support-582.cf/verify-account,1
https://coinbase-auth-account-verification-support-9943.loan/kyc-confirmation,1
http://128.98.92.100/binance-security/kyc-confirmation.php?id=2523,1
https://netflix-account-verification-support-922.click/update-billing,1
https://netflix-account-verification-support-1760.top/urgent-notice,1
http://legit-service.com@chase-secure-auth-3438.link/index.html,1
http://portal-wellsfargo-update.cf/login.php?user=victim%40mail.com&session=5265&redirect=kyc-confirmation,1
http://140.16.14.128/netflix/update-billing.php?id=9825,1
http://portal-paypal-update.gq/login.php?user=victim%40mail.com&session=8730&redirect=secure-login,1
https://apple-id-account-verification-support-2822.work/verify-account,1
http://portal-apple-id-update.tk/login.php?user=victim%40mail.com&session=3145&redirect=kyc-confirmation,1
http://143.143.149.58/apple-id/urgent-notice.php?id=7540,1
http://153.220.130.120/chase/urgent-notice.php?id=2477,1
http://180.75.193.239/coinbase-auth/urgent-notice.php?id=4858,1
http://portal-binance-security-update.xyz/login.php?user=victim%40mail.com&session=1331&redirect=unlock-profile,1
http://legit-service.com@binance-security-secure-auth-4799.click/index.html,1
http://coinbase-auth.security-alert.urgent-notice5016.gq/signin?token=7e3315fe3909,1
http://legit-service.com@binance-security-secure-auth-1245.zip/index.html,1
http://portal-microsoft-login-update.work/login.php?user=victim%40mail.com&session=1155&redirect=verify-account,1
http://portal-chase-update.top/login.php?user=victim%40mail.com&session=5689&redirect=update-billing,1
http://portal-paypal-update.work/login.php?user=victim%40mail.com&session=1614&redirect=secure-login,1
https://facebook-verify-account-verification-support-8185.work/kyc-confirmation,1
http://179.77.137.198/apple-id/kyc-confirmation.php?id=1846,1
http://131.106.139.35/facebook-verify/urgent-notice.php?id=9972,1
http://portal-binance-security-update.tk/login.php?user=victim%40mail.com&session=7929&redirect=urgent-notice,1
http://legit-service.com@bankofamerica-secure-auth-1300.ml/index.html,1
https://paypal-account-verification-support-2596.zip/urgent-notice,1
http://wellsfargo.security-alert.unlock-profile8781.click/signin?token=b3ddb7c5b10b,1
http://chase.security-alert.urgent-notice2007.cf/signin?token=a00e5eb0973d,1
http://portal-facebook-verify-update.xyz/login.php?user=victim%40mail.com&session=6309&redirect=update-billing,1
http://122.218.251.133/netflix/unlock-profile.php?id=5317,1
http://14.245.181.228/coinbase-auth/update-billing.php?id=302,1
http://188.7.126.83/chase/kyc-confirmation.php?id=6213,1
http://legit-service.com@facebook-verify-secure-auth-7115.zip/index.html,1
http://legit-service.com@chase-secure-auth-3400.zip/index.html,1
http://portal-paypal-update.xyz/login.php?user=victim%40mail.com&session=5037&redirect=secure-login,1
http://legit-service.com@bankofamerica-secure-auth-9091.top/index.html,1
http://44.158.147.253/facebook-verify/urgent-notice.php?id=3994,1
http://legit-service.com@coinbase-auth-secure-auth-8552.work/index.html,1
https://coinbase-auth-account-verification-support-7998.click/urgent-notice,1
http://legit-service.com@netflix-secure-auth-2797.tk/index.html,1
http://116.220.55.15/bankofamerica/verify-account.php?id=4818,1
http://portal-netflix-update.loan/login.php?user=victim%40mail.com&session=4350&redirect=urgent-notice,1
http://bankofamerica.security-alert.update-billing2194.top/signin?token=cdf1e288ca02,1
http://bankofamerica.security-alert.verify-account9714.ml/signin?token=b8f3ddac6bf9,1
https://bankofamerica-account-verification-support-1190.cf/unlock-profile,1
https://chase-account-verification-support-1842.ml/kyc-confirmation,1
http://legit-service.com@facebook-verify-secure-auth-7147.zip/index.html,1
http://portal-binance-security-update.xyz/login.php?user=victim%40mail.com&session=5860&redirect=kyc-confirmation,1
https://coinbase-auth-account-verification-support-1310.zip/claim-bonus,1
http://62.171.199.76/wellsfargo/claim-bonus.php?id=1368,1
http://portal-wellsfargo-update.zip/login.php?user=victim%40mail.com&session=1674&redirect=update-billing,1
http://131.156.123.32/bankofamerica/verify-account.php?id=3644,1
http://portal-binance-security-update.click/login.php?user=victim%40mail.com&session=3479&redirect=update-billing,1
http://13.94.59.228/chase/claim-bonus.php?id=4004,1
https://microsoft-login-account-verification-support-4856.ml/claim-bonus,1
http://18.160.81.169/facebook-verify/unlock-profile.php?id=9214,1
http://netflix.security-alert.verify-account5123.loan/signin?token=037a595e6f4f,1
https://wellsfargo-account-verification-support-4848.work/urgent-notice,1
http://portal-facebook-verify-update.ml/login.php?user=victim%40mail.com&session=795&redirect=update-billing,1
http://51.199.115.81/bankofamerica/urgent-notice.php?id=2167,1
http://facebook-verify.security-alert.kyc-confirmation8148.click/signin?token=e2c4c0b38669,1
https://paypal-account-verification-support-2503.link/unlock-profile,1
http://90.170.55.201/apple-id/kyc-confirmation.php?id=2434,1
http://portal-wellsfargo-update.loan/login.php?user=victim%40mail.com&session=2386&redirect=update-billing,1
http://portal-apple-id-update.top/login.php?user=victim%40mail.com&session=3557&redirect=unlock-profile,1
http://legit-service.com@bankofamerica-secure-auth-6640.link/index.html,1
http://legit-service.com@wellsfargo-secure-auth-3317.top/index.html,1
http://portal-bankofamerica-update.work/login.php?user=victim%40mail.com&session=9686&redirect=claim-bonus,1
http://netflix.security-alert.kyc-confirmation9326.tk/signin?token=45ececbb4fa8,1
http://portal-facebook-verify-update.zip/login.php?user=victim%40mail.com&session=3412&redirect=secure-login,1
http://portal-bankofamerica-update.xyz/login.php?user=victim%40mail.com&session=174&redirect=update-billing,1
http://wellsfargo.security-alert.kyc-confirmation2785.cf/signin?token=5be278a9e02b,1
http://25.195.113.141/coinbase-auth/unlock-profile.php?id=6236,1
http://legit-service.com@coinbase-auth-secure-auth-3583.xyz/index.html,1
http://portal-coinbase-auth-update.work/login.php?user=victim%40mail.com&session=8544&redirect=secure-login,1
http://legit-service.com@bankofamerica-secure-auth-1833.work/index.html,1
https://chase-account-verification-support-910.link/claim-bonus,1
http://paypal.security-alert.update-billing260.click/signin?token=a4f23670e183,1
http://facebook-verify.security-alert.kyc-confirmation8497.xyz/signin?token=4ef42b32bccc,1
http://104.132.99.142/binance-security/verify-account.php?id=6527,1
http://portal-netflix-update.cf/login.php?user=victim%40mail.com&session=2854&redirect=unlock-profile,1
https://coinbase-auth-account-verification-support-6342.click/kyc-confirmation,1
http://portal-chase-update.link/login.php?user=victim%40mail.com&session=9487&redirect=kyc-confirmation,1
http://legit-service.com@paypal-secure-auth-2543.loan/index.html,1
https://netflix-account-verification-support-9255.click/unlock-profile,1
https://netflix-account-verification-support-7079.tk/unlock-profile,1
https://facebook-verify-account-verification-support-6675.click/update-billing,1
http://portal-apple-id-update.cf/login.php?user=victim%40mail.com&session=8672&redirect=verify-account,1
http://legit-service.com@facebook-verify-secure-auth-6755.link/index.html,1
https://binance-security-account-verification-support-1195.cf/update-billing,1
http://microsoft-login.security-alert.unlock-profile7474.link/signin?token=6a30e32e56fc,1
http://180.252.25.41/apple-id/claim-bonus.php?id=2435,1
http://93.74.179.133/coinbase-auth/unlock-profile.php?id=4535,1
https://apple-id-account-verification-support-1127.loan/verify-account,1
https://facebook-verify-account-verification-support-4184.click/claim-bonus,1
http://portal-apple-id-update.xyz/login.php?user=victim%40mail.com&session=9095&redirect=kyc-confirmation,1
http://legit-service.com@bankofamerica-secure-auth-8223.xyz/index.html,1
http://portal-bankofamerica-update.cf/login.php?user=victim%40mail.com&session=1271&redirect=update-billing,1
http://legit-service.com@paypal-secure-auth-2825.xyz/index.html,1
https://facebook-verify-account-verification-support-6240.loan/claim-bonus,1
http://legit-service.com@microsoft-login-secure-auth-8106.work/index.html,1
http://legit-service.com@chase-secure-auth-2186.cf/index.html,1
http://legit-service.com@bankofamerica-secure-auth-4268.click/index.html,1
http://48.129.253.41/binance-security/verify-account.php?id=887,1
http://portal-chase-update.loan/login.php?user=victim%40mail.com&session=4870&redirect=verify-account,1
http://portal-microsoft-login-update.tk/login.php?user=victim%40mail.com&session=4893&redirect=kyc-confirmation,1
https://coinbase-auth-account-verification-support-9719.click/urgent-notice,1
http://legit-service.com@apple-id-secure-auth-9596.ml/index.html,1
https://microsoft-login-account-verification-support-13.zip/unlock-profile,1
http://portal-facebook-verify-update.click/login.php?user=victim%40mail.com&session=1366&redirect=verify-account,1
http://paypal.security-alert.claim-bonus5716.cf/signin?token=fd4771e85e1f,1
http://portal-binance-security-update.ml/login.php?user=victim%40mail.com&session=162&redirect=urgent-notice,1
http://153.32.20.53/bankofamerica/secure-login.php?id=2815,1
http://wellsfargo.security-alert.secure-login2402.tk/signin?token=4dd9cec1c21b,1
http://portal-paypal-update.click/login.php?user=victim%40mail.com&session=3264&redirect=kyc-confirmation,1
https://bankofamerica-account-verification-support-7539.tk/kyc-confirmation,1
https://coinbase-auth-account-verification-support-6459.cf/secure-login,1
http://portal-coinbase-auth-update.work/login.php?user=victim%40mail.com&session=7657&redirect=secure-login,1
https://bankofamerica-account-verification-support-740.xyz/claim-bonus,1
http://75.124.21.182/facebook-verify/verify-account.php?id=3773,1
https://paypal-account-verification-support-2894.zip/claim-bonus,1
http://facebook-verify.security-alert.verify-account7381.cf/signin?token=64de166633d6,1
https://apple-id-account-verification-support-1019.xyz/urgent-notice,1
http://paypal.security-alert.secure-login8190.top/signin?token=16bb35ba24ba,1
http://portal-netflix-update.cf/login.php?user=victim%40mail.com&session=1281&redirect=secure-login,1
http://paypal.security-alert.update-billing9761.tk/signin?token=4b3acf483fac,1
http://portal-paypal-update.top/login.php?user=victim%40mail.com&session=6276&redirect=verify-account,1
https://facebook-verify-account-verification-support-8104.xyz/urgent-notice,1
http://66.251.87.76/coinbase-auth/update-billing.php?id=3712,1
http://192.165.216.8/binance-security/kyc-confirmation.php?id=2398,1
http://bankofamerica.security-alert.claim-bonus2308.zip/signin?token=e58aea67b01f,1
http://portal-facebook-verify-update.gq/login.php?user=victim%40mail.com&session=1843&redirect=secure-login,1
https://facebook-verify-account-verification-support-9889.cf/secure-login,1
http://portal-netflix-update.cf/login.php?user=victim%40mail.com&session=7563&redirect=verify-account,1
http://117.28.50.35/microsoft-login/unlock-profile.php?id=6296,1
http://portal-coinbase-auth-update.work/login.php?user=victim%40mail.com&session=9613&redirect=urgent-notice,1
http://coinbase-auth.security-alert.claim-bonus9713.xyz/signin?token=d5776aeecb3c,1
http://70.240.117.86/microsoft-login/urgent-notice.php?id=6906,1
http://portal-bankofamerica-update.ml/login.php?user=victim%40mail.com&session=4845&redirect=kyc-confirmation,1
http://52.52.221.233/microsoft-login/unlock-profile.php?id=632,1
http://178.23.135.209/binance-security/claim-bonus.php?id=4004,1
http://netflix.security-alert.claim-bonus4443.click/signin?token=3c3c139bd846,1
http://portal-wellsfargo-update.tk/login.php?user=victim%40mail.com&session=4912&redirect=secure-login,1
http://108.194.104.44/chase/verify-account.php?id=7778,1
https://apple-id-account-verification-support-270.xyz/unlock-profile,1
http://wellsfargo.security-alert.update-billing3898.loan/signin?token=37db6bb5f1db,1
http://78.59.130.119/chase/secure-login.php?id=4505,1
http://portal-facebook-verify-update.zip/login.php?user=victim%40mail.com&session=8706&redirect=urgent-notice,1
http://facebook-verify.security-alert.update-billing5669.top/signin?token=8a7129b8f3ed,1
http://portal-bankofamerica-update.loan/login.php?user=victim%40mail.com&session=3488&redirect=urgent-notice,1
http://portal-netflix-update.click/login.php?user=victim%40mail.com&session=2371&redirect=verify-account,1
https://coinbase-auth-account-verification-support-2456.tk/kyc-confirmation,1
http://wellsfargo.security-alert.unlock-profile9784.click/signin?token=fac7fead96da,1
http://wellsfargo.security-alert.secure-login6754.click/signin?token=c25e9a36b62f,1
http://35.121.35.189/coinbase-auth/unlock-profile.php?id=7146,1
http://legit-service.com@facebook-verify-secure-auth-4961.link/index.html,1
http://54.201.154.153/apple-id/secure-login.php?id=695,1
http://wellsfargo.security-alert.unlock-profile5271.ml/signin?token=08aac6ac98e5,1
http://portal-paypal-update.work/login.php?user=victim%40mail.com&session=8838&redirect=kyc-confirmation,1
http://legit-service.com@facebook-verify-secure-auth-878.cf/index.html,1
https://bankofamerica-account-verification-support-6365.gq/update-billing,1
http://paypal.security-alert.claim-bonus4624.top/signin?token=9d8df73a3cfb,1
http://legit-service.com@wellsfargo-secure-auth-1933.tk/index.html,1
http://legit-service.com@facebook-verify-secure-auth-8162.work/index.html,1
https://facebook-verify-account-verification-support-9786.ml/verify-account,1
http://coinbase-auth.security-alert.secure-login709.tk/signin?token=1ecfb463472e,1
http://portal-chase-update.tk/login.php?user=victim%40mail.com&session=7213&redirect=urgent-notice,1
https://chase-account-verification-support-6497.click/kyc-confirmation,1
http://49.217.244.109/coinbase-auth/verify-account.php?id=9379,1
https://coinbase-auth-account-verification-support-5327.tk/verify-account,1
https://netflix-account-verification-support-7878.click/update-billing,1
http://binance-security.security-alert.update-billing7574.xyz/signin?token=c2ae5cb2426d,1
https://binance-security-account-verification-support-7782.zip/update-billing,1
http://portal-coinbase-auth-update.top/login.php?user=victim%40mail.com&session=5321&redirect=unlock-profile,1
http://179.5.192.190/binance-security/kyc-confirmation.php?id=2459,1
http://portal-binance-security-update.click/login.php?user=victim%40mail.com&session=5109&redirect=secure-login,1
http://portal-coinbase-auth-update.top/login.php?user=victim%40mail.com&session=9568&redirect=secure-login,1
http://portal-binance-security-update.cf/login.php?user=victim%40mail.com&session=5680&redirect=verify-account,1
http://70.54.150.78/coinbase-auth/unlock-profile.php?id=7181,1
http://149.16.196.127/wellsfargo/unlock-profile.php?id=4767,1
http://portal-microsoft-login-update.gq/login.php?user=victim%40mail.com&session=9987&redirect=unlock-profile,1
https://apple-id-account-verification-support-2570.cf/urgent-notice,1
http://coinbase-auth.security-alert.update-billing847.top/signin?token=f4552671f890,1
http://64.41.115.133/wellsfargo/unlock-profile.php?id=9978,1
http://portal-coinbase-auth-update.gq/login.php?user=victim%40mail.com&session=7607&redirect=update-billing,1
http://paypal.security-alert.kyc-confirmation372.cf/signin?token=24b16fede9a6,1
https://paypal-account-verification-support-9337.loan/verify-account,1
https://binance-security-account-verification-support-885.ml/claim-bonus,1
http://141.117.204.246/facebook-verify/verify-account.php?id=7815,1
https://netflix-account-verification-support-4571.cf/verify-account,1
http://portal-paypal-update.gq/login.php?user=victim%40mail.com&session=7584&redirect=verify-account,1
http://110.25.148.1/facebook-verify/claim-bonus.php?id=8876,1
http://197.68.147.30/chase/secure-login.php?id=7539,1
http://paypal.security-alert.urgent-notice2270.xyz/signin?token=cd0f74b5955d,1
http://legit-service.com@bankofamerica-secure-auth-2972.gq/index.html,1
http://137.149.162.154/netflix/verify-account.php?id=4409,1
http://chase.security-alert.urgent-notice4698.xyz/signin?token=1068bceb1932,1
http://portal-chase-update.click/login.php?user=victim%40mail.com&session=9203&redirect=secure-login,1
https://netflix-account-verification-support-9812.top/unlock-profile,1
http://portal-bankofamerica-update.work/login.php?user=victim%40mail.com&session=3042&redirect=unlock-profile,1
http://190.100.148.73/facebook-verify/urgent-notice.php?id=5528,1
http://apple-id.security-alert.claim-bonus4811.xyz/signin?token=810bf83c7adf,1
https://microsoft-login-account-verification-support-4485.xyz/urgent-notice,1
http://legit-service.com@bankofamerica-secure-auth-1629.top/index.html,1
https://coinbase-auth-account-verification-support-9717.gq/kyc-confirmation,1
http://portal-apple-id-update.zip/login.php?user=victim%40mail.com&session=3046&redirect=kyc-confirmation,1
http://portal-chase-update.click/login.php?user=victim%40mail.com&session=4199&redirect=unlock-profile,1
http://184.44.195.219/chase/secure-login.php?id=9357,1
http://portal-chase-update.ml/login.php?user=victim%40mail.com&session=6390&redirect=claim-bonus,1
http://portal-binance-security-update.ml/login.php?user=victim%40mail.com&session=5042&redirect=claim-bonus,1
http://portal-microsoft-login-update.gq/login.php?user=victim%40mail.com&session=4567&redirect=claim-bonus,1
https://chase-account-verification-support-2826.work/kyc-confirmation,1
https://wellsfargo-account-verification-support-2525.link/kyc-confirmation,1
http://portal-netflix-update.xyz/login.php?user=victim%40mail.com&session=5796&redirect=kyc-confirmation,1
https://chase-account-verification-support-3736.tk/verify-account,1
http://legit-service.com@paypal-secure-auth-8469.gq/index.html,1
http://53.131.231.157/paypal/unlock-profile.php?id=1126,1
http://netflix.security-alert.kyc-confirmation697.xyz/signin?token=8a0e1141fd37,1
https://microsoft-login-account-verification-support-7073.click/verify-account,1
http://netflix.security-alert.update-billing8405.cf/signin?token=b81132591828,1
http://110.69.231.218/microsoft-login/verify-account.php?id=7014,1
https://microsoft-login-account-verification-support-9115.zip/update-billing,1
http://95.119.229.31/coinbase-auth/unlock-profile.php?id=3482,1
http://wellsfargo.security-alert.urgent-notice6373.zip/signin?token=e0f19f64f086,1
http://portal-paypal-update.loan/login.php?user=victim%40mail.com&session=5456&redirect=unlock-profile,1
http://legit-service.com@microsoft-login-secure-auth-5850.click/index.html,1
http://70.11.49.143/wellsfargo/update-billing.php?id=844,1
http://portal-wellsfargo-update.zip/login.php?user=victim%40mail.com&session=8408&redirect=urgent-notice,1
http://portal-coinbase-auth-update.cf/login.php?user=victim%40mail.com&session=8161&redirect=secure-login,1
http://185.110.157.80/netflix/kyc-confirmation.php?id=8061,1
http://chase.security-alert.unlock-profile9943.tk/signin?token=5837e05c0213,1
http://80.49.104.158/apple-id/verify-account.php?id=8361,1
http://apple-id.security-alert.update-billing6495.tk/signin?token=49ef08ad6e7f,1
http://binance-security.security-alert.verify-account5347.cf/signin?token=48e95c45c821,1
http://portal-chase-update.top/login.php?user=victim%40mail.com&session=9547&redirect=urgent-notice,1
https://wellsfargo-account-verification-support-5615.gq/unlock-profile,1
http://portal-paypal-update.loan/login.php?user=victim%40mail.com&session=5248&redirect=update-billing,1
http://149.67.232.12/facebook-verify/update-billing.php?id=8519,1
https://wellsfargo-account-verification-support-4784.click/claim-bonus,1
http://legit-service.com@paypal-secure-auth-6725.zip/index.html,1
http://173.95.234.160/paypal/kyc-confirmation.php?id=9830,1
http://legit-service.com@wellsfargo-secure-auth-6181.click/index.html,1
http://portal-apple-id-update.link/login.php?user=victim%40mail.com&session=1971&redirect=claim-bonus,1
http://portal-apple-id-update.xyz/login.php?user=victim%40mail.com&session=8744&redirect=claim-bonus,1
http://legit-service.com@facebook-verify-secure-auth-4509.cf/index.html,1
http://legit-service.com@bankofamerica-secure-auth-5957.cf/index.html,1
https://chase-account-verification-support-2480.top/kyc-confirmation,1
http://159.250.242.208/microsoft-login/secure-login.php?id=4216,1
http://162.175.89.135/facebook-verify/urgent-notice.php?id=4468,1
http://legit-service.com@coinbase-auth-secure-auth-1528.link/index.html,1
http://115.44.160.100/coinbase-auth/claim-bonus.php?id=9373,1
http://80.186.191.189/facebook-verify/secure-login.php?id=2874,1
http://legit-service.com@paypal-secure-auth-2983.ml/index.html,1
https://microsoft-login-account-verification-support-2114.ml/kyc-confirmation,1
http://legit-service.com@facebook-verify-secure-auth-7713.work/index.html,1
http://legit-service.com@bankofamerica-secure-auth-3442.tk/index.html,1
http://microsoft-login.security-alert.update-billing8290.gq/signin?token=95b431e51fc5,1
https://chase-account-verification-support-7647.tk/kyc-confirmation,1
http://paypal.security-alert.unlock-profile3070.click/signin?token=bb073f2855d7,1
http://portal-bankofamerica-update.zip/login.php?user=victim%40mail.com&session=7520&redirect=kyc-confirmation,1
http://chase.security-alert.claim-bonus7671.zip/signin?token=06fb3cba8208,1
https://paypal-account-verification-support-4230.zip/update-billing,1
http://legit-service.com@wellsfargo-secure-auth-3928.cf/index.html,1
https://facebook-verify-account-verification-support-64.loan/update-billing,1
http://71.91.225.203/wellsfargo/verify-account.php?id=4597,1
http://paypal.security-alert.claim-bonus8025.tk/signin?token=62d2b7ba91f3,1
https://paypal-account-verification-support-7759.gq/verify-account,1
http://portal-facebook-verify-update.loan/login.php?user=victim%40mail.com&session=3580&redirect=kyc-confirmation,1
http://portal-facebook-verify-update.top/login.php?user=victim%40mail.com&session=1629&redirect=unlock-profile,1
http://111.205.106.224/microsoft-login/claim-bonus.php?id=9036,1
http://netflix.security-alert.unlock-profile6249.work/signin?token=bcb7c13ff974,1
http://wellsfargo.security-alert.verify-account3339.ml/signin?token=7ba0691b7777,1
http://apple-id.security-alert.claim-bonus8890.tk/signin?token=0cc6928e741d,1
http://legit-service.com@binance-security-secure-auth-1170.gq/index.html,1
https://coinbase-auth-account-verification-support-2013.top/kyc-confirmation,1
http://wellsfargo.security-alert.kyc-confirmation7328.work/signin?token=7c250678f61f,1
http://apple-id.security-alert.claim-bonus7244.loan/signin?token=464074179972,1
http://legit-service.com@wellsfargo-secure-auth-8707.ml/index.html,1
http://portal-microsoft-login-update.link/login.php?user=victim%40mail.com&session=6636&redirect=urgent-notice,1
http://legit-service.com@bankofamerica-secure-auth-9392.zip/index.html,1
http://portal-coinbase-auth-update.click/login.php?user=victim%40mail.com&session=1931&redirect=urgent-notice,1
http://portal-bankofamerica-update.top/login.php?user=victim%40mail.com&session=726&redirect=unlock-profile,1
http://portal-netflix-update.loan/login.php?user=victim%40mail.com&session=2717&redirect=verify-account,1
http://portal-binance-security-update.xyz/login.php?user=victim%40mail.com&session=9509&redirect=claim-bonus,1
http://wellsfargo.security-alert.update-billing4396.click/signin?token=b4aa00bc1c59,1
https://microsoft-login-account-verification-support-9854.loan/unlock-profile,1
http://apple-id.security-alert.secure-login6166.link/signin?token=4249a84bdaf6,1
http://portal-netflix-update.cf/login.php?user=victim%40mail.com&session=5777&redirect=secure-login,1
http://legit-service.com@wellsfargo-secure-auth-2710.tk/index.html,1
http://portal-facebook-verify-update.ml/login.php?user=victim%40mail.com&session=2697&redirect=update-billing,1
http://portal-microsoft-login-update.tk/login.php?user=victim%40mail.com&session=189&redirect=verify-account,1
http://legit-service.com@facebook-verify-secure-auth-6730.gq/index.html,1
http://portal-facebook-verify-update.cf/login.php?user=victim%40mail.com&session=5537&redirect=verify-account,1
http://portal-facebook-verify-update.ml/login.php?user=victim%40mail.com&session=9225&redirect=verify-account,1
http://141.183.16.44/facebook-verify/verify-account.php?id=8450,1
http://175.188.205.24/paypal/claim-bonus.php?id=1016,1
http://portal-apple-id-update.link/login.php?user=victim%40mail.com&session=2695&redirect=update-billing,1
http://portal-wellsfargo-update.click/login.php?user=victim%40mail.com&session=7271&redirect=kyc-confirmation,1
http://legit-service.com@chase-secure-auth-61.cf/index.html,1
http://59.169.80.183/microsoft-login/unlock-profile.php?id=8130,1
http://portal-bankofamerica-update.zip/login.php?user=victim%40mail.com&session=8494&redirect=update-billing,1
http://185.22.219.61/chase/unlock-profile.php?id=4582,1
http://legit-service.com@apple-id-secure-auth-8891.top/index.html,1
http://portal-microsoft-login-update.click/login.php?user=victim%40mail.com&session=5560&redirect=claim-bonus,1
http://11.208.109.82/binance-security/verify-account.php?id=1498,1
http://facebook-verify.security-alert.update-billing1786.click/signin?token=6449f44a102f,1
https://coinbase-auth-account-verification-support-7638.cf/claim-bonus,1
http://legit-service.com@chase-secure-auth-282.zip/index.html,1
http://portal-paypal-update.cf/login.php?user=victim%40mail.com&session=6242&redirect=kyc-confirmation,1
http://binance-security.security-alert.kyc-confirmation213.cf/signin?token=979d472a8480,1
https://microsoft-login-account-verification-support-72.tk/claim-bonus,1
http://73.73.57.64/apple-id/claim-bonus.php?id=2723,1
http://portal-paypal-update.top/login.php?user=victim%40mail.com&session=7643&redirect=urgent-notice,1
http://portal-binance-security-update.link/login.php?user=victim%40mail.com&session=6773&redirect=kyc-confirmation,1
http://102.12.88.253/coinbase-auth/claim-bonus.php?id=1162,1
http://portal-coinbase-auth-update.xyz/login.php?user=victim%40mail.com&session=5187&redirect=claim-bonus,1
http://wellsfargo.security-alert.update-billing7093.top/signin?token=9ae0a504e3af,1
http://67.11.26.176/facebook-verify/unlock-profile.php?id=7708,1
http://wellsfargo.security-alert.unlock-profile8268.xyz/signin?token=46a4378f835d,1
http://legit-service.com@paypal-secure-auth-6780.cf/index.html,1
http://legit-service.com@apple-id-secure-auth-6064.top/index.html,1
http://portal-facebook-verify-update.tk/login.php?user=victim%40mail.com&session=8061&redirect=verify-account,1
https://netflix-account-verification-support-2164.tk/urgent-notice,1
http://legit-service.com@facebook-verify-secure-auth-9200.cf/index.html,1
http://bankofamerica.security-alert.unlock-profile3404.tk/signin?token=c6b8c8d762da,1
http://portal-paypal-update.top/login.php?user=victim%40mail.com&session=5166&redirect=claim-bonus,1
http://legit-service.com@chase-secure-auth-8660.click/index.html,1
http://portal-apple-id-update.xyz/login.php?user=victim%40mail.com&session=216&redirect=verify-account,1
http://portal-facebook-verify-update.tk/login.php?user=victim%40mail.com&session=7471&redirect=kyc-confirmation,1
http://facebook-verify.security-alert.unlock-profile6532.work/signin?token=b9a25e422ba9,1
http://binance-security.security-alert.kyc-confirmation4014.link/signin?token=1cdf14d1e369,1
http://legit-service.com@coinbase-auth-secure-auth-7746.gq/index.html,1
http://portal-facebook-verify-update.xyz/login.php?user=victim%40mail.com&session=2755&redirect=claim-bonus,1
http://95.177.170.168/coinbase-auth/urgent-notice.php?id=3514,1
http://microsoft-login.security-alert.update-billing6844.gq/signin?token=0496604c1d80,1
http://portal-facebook-verify-update.tk/login.php?user=victim%40mail.com&session=3483&redirect=verify-account,1
http://legit-service.com@paypal-secure-auth-8639.click/index.html,1
http://115.42.176.245/microsoft-login/urgent-notice.php?id=4614,1
https://bankofamerica-account-verification-support-7113.zip/kyc-confirmation,1
https://wellsfargo-account-verification-support-56.tk/kyc-confirmation,1
http://coinbase-auth.security-alert.claim-bonus6751.zip/signin?token=f77ecc17109b,1
https://bankofamerica-account-verification-support-5644.click/verify-account,1
https://paypal-account-verification-support-7982.tk/urgent-notice,1
http://portal-wellsfargo-update.xyz/login.php?user=victim%40mail.com&session=9962&redirect=secure-login,1
http://portal-paypal-update.link/login.php?user=victim%40mail.com&session=4460&redirect=update-billing,1
http://legit-service.com@apple-id-secure-auth-2769.zip/index.html,1
http://portal-wellsfargo-update.cf/login.php?user=victim%40mail.com&session=3432&redirect=kyc-confirmation,1
https://wellsfargo-account-verification-support-605.cf/kyc-confirmation,1
https://bankofamerica-account-verification-support-8975.loan/urgent-notice,1
http://legit-service.com@bankofamerica-secure-auth-1702.zip/index.html,1
http://legit-service.com@coinbase-auth-secure-auth-7574.top/index.html,1
http://portal-wellsfargo-update.ml/login.php?user=victim%40mail.com&session=4690&redirect=unlock-profile,1
http://legit-service.com@coinbase-auth-secure-auth-3496.ml/index.html,1
https://facebook-verify-account-verification-support-1415.link/update-billing,1
http://180.33.220.245/binance-security/verify-account.php?id=6301,1
http://legit-service.com@coinbase-auth-secure-auth-1213.tk/index.html,1
http://portal-binance-security-update.gq/login.php?user=victim%40mail.com&session=7698&redirect=urgent-notice,1
http://bankofamerica.security-alert.secure-login2205.xyz/signin?token=06d5ae105ea1,1
https://microsoft-login-account-verification-support-9772.link/claim-bonus,1
http://50.204.209.96/facebook-verify/secure-login.php?id=1073,1
http://portal-microsoft-login-update.xyz/login.php?user=victim%40mail.com&session=4079&redirect=unlock-profile,1
http://binance-security.security-alert.kyc-confirmation6412.ml/signin?token=cdf66a6a7a04,1
http://netflix.security-alert.secure-login5662.top/signin?token=887caadc3642,1
http://legit-service.com@coinbase-auth-secure-auth-460.click/index.html,1
http://portal-coinbase-auth-update.cf/login.php?user=victim%40mail.com&session=4688&redirect=claim-bonus,1
http://apple-id.security-alert.urgent-notice450.work/signin?token=f5f8590cd58a,1
http://portal-apple-id-update.click/login.php?user=victim%40mail.com&session=6653&redirect=secure-login,1
http://167.107.228.142/bankofamerica/kyc-confirmation.php?id=7093,1
http://55.16.64.37/facebook-verify/urgent-notice.php?id=5984,1
https://wellsfargo-account-verification-support-1682.loan/verify-account,1
http://bankofamerica.security-alert.update-billing4323.zip/signin?token=b5b1d9ada94b,1
http://legit-service.com@facebook-verify-secure-auth-8489.tk/index.html,1
https://binance-security-account-verification-support-3544.link/secure-login,1
http://microsoft-login.security-alert.secure-login4946.ml/signin?token=280cf18baf43,1
https://microsoft-login-account-verification-support-4730.tk/secure-login,1
http://legit-service.com@paypal-secure-auth-7945.cf/index.html,1
http://portal-facebook-verify-update.zip/login.php?user=victim%40mail.com&session=6747&redirect=update-billing,1
http://legit-service.com@microsoft-login-secure-auth-9074.work/index.html,1
http://41.177.141.233/apple-id/claim-bonus.php?id=8089,1
https://coinbase-auth-account-verification-support-5285.top/kyc-confirmation,1
http://netflix.security-alert.urgent-notice2424.xyz/signin?token=4a06d868d044,1
http://legit-service.com@binance-security-secure-auth-5250.loan/index.html,1
http://portal-facebook-verify-update.xyz/login.php?user=victim%40mail.com&session=8974&redirect=update-billing,1
https://chase-account-verification-support-2185.gq/kyc-confirmation,1
http://portal-wellsfargo-update.tk/login.php?user=victim%40mail.com&session=9535&redirect=kyc-confirmation,1
https://netflix-account-verification-support-2567.gq/unlock-profile,1
https://chase-account-verification-support-788.zip/kyc-confirmation,1
https://wellsfargo-account-verification-support-430.click/urgent-notice,1
http://legit-service.com@wellsfargo-secure-auth-6092.ml/index.html,1
http://bankofamerica.security-alert.unlock-profile4074.top/signin?token=0f9cafd014db,1
http://portal-wellsfargo-update.zip/login.php?user=victim%40mail.com&session=5981&redirect=claim-bonus,1
http://legit-service.com@facebook-verify-secure-auth-1686.gq/index.html,1
http://legit-service.com@binance-security-secure-auth-9441.work/index.html,1
https://bankofamerica-account-verification-support-6822.link/update-billing,1
https://facebook-verify-account-verification-support-5873.cf/verify-account,1
http://portal-netflix-update.tk/login.php?user=victim%40mail.com&session=3757&redirect=urgent-notice,1
http://paypal.security-alert.update-billing4130.loan/signin?token=c929f2210333,1
http://70.67.177.218/wellsfargo/update-billing.php?id=2932,1
http://portal-binance-security-update.top/login.php?user=victim%40mail.com&session=9569&redirect=secure-login,1
http://legit-service.com@coinbase-auth-secure-auth-6617.work/index.html,1
http://149.106.99.168/binance-security/kyc-confirmation.php?id=7394,1
http://legit-service.com@paypal-secure-auth-605.work/index.html,1
http://portal-microsoft-login-update.link/login.php?user=victim%40mail.com&session=2288&redirect=claim-bonus,1
http://portal-facebook-verify-update.tk/login.php?user=victim%40mail.com&session=7382&redirect=secure-login,1
http://portal-coinbase-auth-update.click/login.php?user=victim%40mail.com&session=3818&redirect=secure-login,1
http://84.114.219.54/facebook-verify/urgent-notice.php?id=2375,1
http://legit-service.com@binance-security-secure-auth-9564.top/index.html,1
http://bankofamerica.security-alert.urgent-notice9470.tk/signin?token=47a3893cc405,1
http://portal-netflix-update.cf/login.php?user=victim%40mail.com&session=747&redirect=unlock-profile,1
http://legit-service.com@chase-secure-auth-7151.gq/index.html,1
http://legit-service.com@netflix-secure-auth-5835.xyz/index.html,1
http://legit-service.com@paypal-secure-auth-254.click/index.html,1
http://74.112.100.185/wellsfargo/kyc-confirmation.php?id=1380,1
http://177.127.242.24/binance-security/kyc-confirmation.php?id=8320,1
http://binance-security.security-alert.kyc-confirmation9975.zip/signin?token=0197fcd95060,1
http://apple-id.security-alert.verify-account1716.link/signin?token=66be31e4c40d,1
http://legit-service.com@bankofamerica-secure-auth-2403.cf/index.html,1
http://portal-coinbase-auth-update.tk/login.php?user=victim%40mail.com&session=6420&redirect=verify-account,1
http://apple-id.security-alert.urgent-notice6596.work/signin?token=a85edfa24307,1
http://legit-service.com@microsoft-login-secure-auth-1625.top/index.html,1
http://89.202.156.36/apple-id/claim-bonus.php?id=2456,1
http://portal-apple-id-update.tk/login.php?user=victim%40mail.com&session=3679&redirect=unlock-profile,1
http://apple-id.security-alert.unlock-profile1971.zip/signin?token=de7399880268,1
http://portal-apple-id-update.cf/login.php?user=victim%40mail.com&session=3458&redirect=update-billing,1
http://legit-service.com@microsoft-login-secure-auth-7616.xyz/index.html,1
http://apple-id.security-alert.unlock-profile6278.click/signin?token=30de24287a6d,1
http://binance-security.security-alert.urgent-notice182.work/signin?token=4c5bde74a8f1,1
http://118.90.119.166/binance-security/claim-bonus.php?id=9611,1
https://netflix-account-verification-support-1362.cf/verify-account,1
http://portal-apple-id-update.xyz/login.php?user=victim%40mail.com&session=541&redirect=urgent-notice,1
http://111.79.252.201/microsoft-login/urgent-notice.php?id=8019,1
http://microsoft-login.security-alert.unlock-profile9174.zip/signin?token=3acb2a202ae4,1
http://portal-paypal-update.work/login.php?user=victim%40mail.com&session=8307&redirect=verify-account,1
https://apple-id-account-verification-support-94.ml/secure-login,1
http://legit-service.com@chase-secure-auth-5166.work/index.html,1
http://portal-binance-security-update.gq/login.php?user=victim%40mail.com&session=9663&redirect=update-billing,1
http://legit-service.com@chase-secure-auth-580.link/index.html,1
https://coinbase-auth-account-verification-support-6163.cf/update-billing,1
http://apple-id.security-alert.urgent-notice4879.top/signin?token=606c90a06173,1
http://199.65.126.83/binance-security/unlock-profile.php?id=6681,1
http://legit-service.com@bankofamerica-secure-auth-8784.tk/index.html,1
http://legit-service.com@paypal-secure-auth-4804.cf/index.html,1
http://portal-chase-update.ml/login.php?user=victim%40mail.com&session=7356&redirect=verify-account,1
https://paypal-account-verification-support-8908.work/kyc-confirmation,1
http://legit-service.com@netflix-secure-auth-1188.top/index.html,1
http://portal-binance-security-update.cf/login.php?user=victim%40mail.com&session=2734&redirect=kyc-confirmation,1
https://paypal-account-verification-support-1211.zip/secure-login,1
http://99.225.17.241/facebook-verify/kyc-confirmation.php?id=5961,1
http://120.207.16.144/paypal/verify-account.php?id=3392,1
http://191.68.74.99/apple-id/verify-account.php?id=8320,1
http://156.138.213.115/netflix/secure-login.php?id=1465,1
http://apple-id.security-alert.claim-bonus377.zip/signin?token=d34ab169b70c,1
https://coinbase-auth-account-verification-support-3822.gq/claim-bonus,1
http://84.21.61.205/bankofamerica/update-billing.php?id=910,1
http://microsoft-login.security-alert.urgent-notice5048.work/signin?token=c7b4bb942f0b,1
http://legit-service.com@apple-id-secure-auth-2435.cf/index.html,1
http://legit-service.com@chase-secure-auth-3169.click/index.html,1
https://netflix-account-verification-support-8406.tk/claim-bonus,1
http://135.36.55.110/bankofamerica/urgent-notice.php?id=722,1
http://legit-service.com@coinbase-auth-secure-auth-3887.ml/index.html,1
http://legit-service.com@chase-secure-auth-4122.xyz/index.html,1
http://bankofamerica.security-alert.urgent-notice8785.ml/signin?token=dbd90a665ea6,1
http://facebook-verify.security-alert.urgent-notice1814.work/signin?token=155fa09596c7,1
http://binance-security.security-alert.secure-login7128.zip/signin?token=e3019767b1b2,1
http://apple-id.security-alert.secure-login6250.cf/signin?token=947018640bf3,1
http://portal-paypal-update.tk/login.php?user=victim%40mail.com&session=6877&redirect=urgent-notice,1
https://netflix-account-verification-support-4389.ml/kyc-confirmation,1
http://158.237.222.229/facebook-verify/claim-bonus.php?id=6287,1
http://legit-service.com@apple-id-secure-auth-8320.top/index.html,1
https://facebook-verify-account-verification-support-6312.top/verify-account,1
http://netflix.security-alert.update-billing4806.loan/signin?token=1cc8a8ea51cd,1
http://portal-facebook-verify-update.link/login.php?user=victim%40mail.com&session=3057&redirect=claim-bonus,1
https://netflix-account-verification-support-4260.xyz/urgent-notice,1
http://wellsfargo.security-alert.urgent-notice7133.ml/signin?token=adf7e2935991,1
http://binance-security.security-alert.unlock-profile7874.work/signin?token=305ddad049f6,1
http://168.245.171.82/coinbase-auth/secure-login.php?id=8931,1
http://19.129.199.172/facebook-verify/kyc-confirmation.php?id=8376,1
http://legit-service.com@binance-security-secure-auth-1670.link/index.html,1
http://wellsfargo.security-alert.kyc-confirmation5596.loan/signin?token=ab81265d898e,1
http://coinbase-auth.security-alert.kyc-confirmation6135.zip/signin?token=4cc5400e6362,1
http://apple-id.security-alert.claim-bonus2933.cf/signin?token=25766f01628f,1
http://16.231.191.124/netflix/verify-account.php?id=4181,1
http://79.74.111.200/apple-id/unlock-profile.php?id=2814,1
http://portal-microsoft-login-update.top/login.php?user=victim%40mail.com&session=6415&redirect=update-billing,1
http://legit-service.com@wellsfargo-secure-auth-7867.link/index.html,1
http://facebook-verify.security-alert.kyc-confirmation3970.tk/signin?token=11bcd3c1d436,1
https://wellsfargo-account-verification-support-6569.cf/update-billing,1
http://192.41.48.51/chase/claim-bonus.php?id=7555,1
https://bankofamerica-account-verification-support-2284.gq/unlock-profile,1
http://portal-apple-id-update.gq/login.php?user=victim%40mail.com&session=1675&redirect=unlock-profile,1
https://wellsfargo-account-verification-support-146.loan/update-billing,1
http://legit-service.com@paypal-secure-auth-9355.zip/index.html,1
http://legit-service.com@coinbase-auth-secure-auth-8335.loan/index.html,1
http://legit-service.com@apple-id-secure-auth-8328.xyz/index.html,1
http://123.168.143.233/chase/update-billing.php?id=8197,1
http://netflix.security-alert.update-billing1853.top/signin?token=7503cfacd120,1
https://coinbase-auth-account-verification-support-2290.cf/secure-login,1
http://portal-netflix-update.work/login.php?user=victim%40mail.com&session=9310&redirect=unlock-profile,1
http://133.169.89.95/microsoft-login/secure-login.php?id=6472,1
http://portal-microsoft-login-update.gq/login.php?user=victim%40mail.com&session=4870&redirect=kyc-confirmation,1
http://netflix.security-alert.update-billing8129.xyz/signin?token=c404a5adbf90,1
http://legit-service.com@binance-security-secure-auth-2712.work/index.html,1
https://facebook-verify-account-verification-support-424.work/secure-login,1
http://chase.security-alert.secure-login6418.xyz/signin?token=0f0ee3310223,1
http://bankofamerica.security-alert.secure-login732.work/signin?token=ba3866600c35,1
http://95.110.248.166/apple-id/verify-account.php?id=16,1
https://paypal-account-verification-support-2964.cf/kyc-confirmation,1
http://netflix.security-alert.urgent-notice9263.xyz/signin?token=408269455f78,1
http://facebook-verify.security-alert.claim-bonus1173.ml/signin?token=0a0a0c8aaa00,1
https://coinbase-auth-account-verification-support-8957.loan/urgent-notice,1
http://chase.security-alert.kyc-confirmation7585.zip/signin?token=7eb5ac36014a,1
http://legit-service.com@netflix-secure-auth-6100.ml/index.html,1
https://binance-security-account-verification-support-3372.tk/urgent-notice,1
http://portal-binance-security-update.xyz/login.php?user=victim%40mail.com&session=2022&redirect=unlock-profile,1
http://portal-microsoft-login-update.tk/login.php?user=victim%40mail.com&session=4512&redirect=verify-account,1
https://netflix-account-verification-support-9234.work/unlock-profile,1
http://bankofamerica.security-alert.kyc-confirmation9637.xyz/signin?token=5ba91a75ef8e,1
http://bankofamerica.security-alert.claim-bonus4994.cf/signin?token=1fd09c5f59a8,1
https://binance-security-account-verification-support-5437.xyz/unlock-profile,1
http://legit-service.com@microsoft-login-secure-auth-8725.cf/index.html,1
http://coinbase-auth.security-alert.unlock-profile5340.cf/signin?token=1e69276e3d56,1
http://portal-microsoft-login-update.click/login.php?user=victim%40mail.com&session=9190&redirect=unlock-profile,1
http://chase.security-alert.update-billing3760.zip/signin?token=27e8e17134dd,1
http://legit-service.com@microsoft-login-secure-auth-9437.top/index.html,1
http://portal-bankofamerica-update.loan/login.php?user=victim%40mail.com&session=5823&redirect=verify-account,1
http://portal-facebook-verify-update.click/login.php?user=victim%40mail.com&session=5438&redirect=unlock-profile,1
http://legit-service.com@coinbase-auth-secure-auth-5093.link/index.html,1
http://portal-netflix-update.top/login.php?user=victim%40mail.com&session=2931&redirect=verify-account,1
http://legit-service.com@chase-secure-auth-2238.gq/index.html,1
http://bankofamerica.security-alert.unlock-profile2006.gq/signin?token=ea5a486c712a,1
http://wellsfargo.security-alert.unlock-profile114.work/signin?token=5fd0b37cd7db,1
http://legit-service.com@binance-security-secure-auth-518.zip/index.html,1
http://portal-netflix-update.zip/login.php?user=victim%40mail.com&session=2832&redirect=update-billing,1
http://portal-bankofamerica-update.top/login.php?user=victim%40mail.com&session=446&redirect=kyc-confirmation,1
http://131.43.146.74/facebook-verify/urgent-notice.php?id=7594,1
http://portal-netflix-update.loan/login.php?user=victim%40mail.com&session=683&redirect=urgent-notice,1
http://coinbase-auth.security-alert.verify-account905.tk/signin?token=f57a2f557b09,1
http://174.2.211.202/binance-security/verify-account.php?id=7283,1
http://paypal.security-alert.kyc-confirmation1532.xyz/signin?token=08040837089c,1
http://apple-id.security-alert.secure-login2466.xyz/signin?token=7b41bfa50858,1
http://legit-service.com@paypal-secure-auth-8247.link/index.html,1
http://66.8.216.14/microsoft-login/secure-login.php?id=7601,1
https://microsoft-login-account-verification-support-575.ml/kyc-confirmation,1
http://paypal.security-alert.secure-login2781.cf/signin?token=ae587cfeea5a,1
http://portal-bankofamerica-update.top/login.php?user=victim%40mail.com&session=3420&redirect=secure-login,1
http://paypal.security-alert.urgent-notice5080.cf/signin?token=d3f06eef2ffa,1
http://coinbase-auth.security-alert.claim-bonus2075.tk/signin?token=cbef46321026,1
http://apple-id.security-alert.secure-login9018.tk/signin?token=a24bdc3e59a4,1
http://114.76.76.106/chase/unlock-profile.php?id=3612,1
https://coinbase-auth-account-verification-support-1070.tk/unlock-profile,1
http://legit-service.com@chase-secure-auth-7703.zip/index.html,1
http://portal-netflix-update.work/login.php?user=victim%40mail.com&session=5979&redirect=update-billing,1
http://coinbase-auth.security-alert.urgent-notice9702.click/signin?token=afb0b97df870,1
http://portal-facebook-verify-update.cf/login.php?user=victim%40mail.com&session=3518&redirect=secure-login,1
http://chase.security-alert.claim-bonus2610.ml/signin?token=8dc5983b8c4e,1
http://legit-service.com@facebook-verify-secure-auth-4028.link/index.html,1
http://portal-wellsfargo-update.xyz/login.php?user=victim%40mail.com&session=469&redirect=claim-bonus,1
http://wellsfargo.security-alert.kyc-confirmation2811.top/signin?token=227f6afd3b7f,1
http://177.57.138.71/paypal/unlock-profile.php?id=1688,1
http://legit-service.com@paypal-secure-auth-2936.tk/index.html,1
https://wellsfargo-account-verification-support-2407.xyz/update-billing,1
https://microsoft-login-account-verification-support-5795.loan/secure-login,1
http://legit-service.com@chase-secure-auth-4557.tk/index.html,1
http://legit-service.com@facebook-verify-secure-auth-61.work/index.html,1
http://legit-service.com@bankofamerica-secure-auth-7501.xyz/index.html,1
http://176.3.113.227/bankofamerica/secure-login.php?id=565,1
http://74.104.13.68/paypal/unlock-profile.php?id=1711,1
http://apple-id.security-alert.verify-account6353.zip/signin?token=5a570102ff16,1
http://113.234.37.106/binance-security/verify-account.php?id=8365,1
http://legit-service.com@netflix-secure-auth-9354.top/index.html,1
https://microsoft-login-account-verification-support-9162.zip/unlock-profile,1
http://bankofamerica.security-alert.verify-account3326.ml/signin?token=dba132f6ab6a,1
http://chase.security-alert.secure-login3516.loan/signin?token=cf1cf43cba27,1
http://legit-service.com@apple-id-secure-auth-1627.link/index.html,1
http://149.155.23.161/wellsfargo/urgent-notice.php?id=6677,1
http://portal-apple-id-update.click/login.php?user=victim%40mail.com&session=9348&redirect=unlock-profile,1
http://portal-bankofamerica-update.loan/login.php?user=victim%40mail.com&session=7183&redirect=secure-login,1
https://chase-account-verification-support-114.gq/verify-account,1
http://61.92.53.36/coinbase-auth/secure-login.php?id=1686,1
http://legit-service.com@netflix-secure-auth-5166.click/index.html,1
http://legit-service.com@wellsfargo-secure-auth-1855.zip/index.html,1
http://legit-service.com@paypal-secure-auth-1601.click/index.html,1
http://180.91.38.154/paypal/verify-account.php?id=3582,1
https://wellsfargo-account-verification-support-5219.zip/urgent-notice,1
http://160.190.189.80/apple-id/update-billing.php?id=9109,1
http://paypal.security-alert.unlock-profile5637.link/signin?token=71d2d6ccac82,1
https://facebook-verify-account-verification-support-3184.ml/update-billing,1
http://paypal.security-alert.secure-login4071.zip/signin?token=fa8dbbcb6826,1
http://portal-binance-security-update.ml/login.php?user=victim%40mail.com&session=5299&redirect=update-billing,1
https://paypal-account-verification-support-5261.ml/urgent-notice,1
http://portal-wellsfargo-update.tk/login.php?user=victim%40mail.com&session=6004&redirect=unlock-profile,1
http://bankofamerica.security-alert.kyc-confirmation9817.link/signin?token=73740ea85c4e,1
http://portal-bankofamerica-update.zip/login.php?user=victim%40mail.com&session=269&redirect=secure-login,1
http://coinbase-auth.security-alert.verify-account5188.xyz/signin?token=988dce1898df,1
http://paypal.security-alert.claim-bonus3518.zip/signin?token=5401acfe633e,1
http://legit-service.com@microsoft-login-secure-auth-8433.click/index.html,1
http://facebook-verify.security-alert.kyc-confirmation5878.cf/signin?token=e0ae4561193d,1
http://legit-service.com@microsoft-login-secure-auth-7923.zip/index.html,1
https://binance-security-account-verification-support-5202.tk/claim-bonus,1
http://legit-service.com@facebook-verify-secure-auth-3681.loan/index.html,1
http://microsoft-login.security-alert.kyc-confirmation1954.ml/signin?token=5a7f963e5e05,1
http://legit-service.com@binance-security-secure-auth-7020.cf/index.html,1
http://legit-service.com@facebook-verify-secure-auth-331.work/index.html,1
http://binance-security.security-alert.kyc-confirmation3271.ml/signin?token=bfbb56bee68d,1
http://portal-chase-update.xyz/login.php?user=victim%40mail.com&session=9160&redirect=verify-account,1
https://binance-security-account-verification-support-7678.loan/verify-account,1
http://microsoft-login.security-alert.claim-bonus1540.work/signin?token=cda72177eba3,1
http://portal-chase-update.click/login.php?user=victim%40mail.com&session=3914&redirect=kyc-confirmation,1
https://bankofamerica-account-verification-support-3274.cf/claim-bonus,1
http://wellsfargo.security-alert.claim-bonus192.gq/signin?token=58a2fc6ed39f,1
http://legit-service.com@wellsfargo-secure-auth-5669.tk/index.html,1
http://54.119.46.157/wellsfargo/unlock-profile.php?id=9925,1
https://chase-account-verification-support-3951.tk/secure-login,1
http://chase.security-alert.verify-account4988.ml/signin?token=fc146be0b230,1
https://netflix-account-verification-support-2432.loan/claim-bonus,1
http://binance-security.security-alert.claim-bonus6919.top/signin?token=b670dfc59334,1
http://netflix.security-alert.verify-account5076.ml/signin?token=4a64d913220f,1
https://coinbase-auth-account-verification-support-1457.loan/verify-account,1
http://wellsfargo.security-alert.kyc-confirmation4609.cf/signin?token=e661551c8ec9,1
http://41.133.228.16/paypal/update-billing.php?id=2684,1
http://facebook-verify.security-alert.unlock-profile7423.loan/signin?token=8fe04df45a22,1
http://176.38.235.249/paypal/urgent-notice.php?id=4669,1
http://73.118.178.150/chase/urgent-notice.php?id=8312,1
https://binance-security-account-verification-support-825.gq/verify-account,1
http://legit-service.com@wellsfargo-secure-auth-7372.zip/index.html,1
http://129.182.128.218/bankofamerica/unlock-profile.php?id=5996,1
http://binance-security.security-alert.secure-login4597.loan/signin?token=aaebdb8bb6b0,1
http://40.151.202.126/microsoft-login/verify-account.php?id=4467,1
http://legit-service.com@chase-secure-auth-6836.zip/index.html,1
http://portal-apple-id-update.gq/login.php?user=victim%40mail.com&session=8139&redirect=urgent-notice,1
https://microsoft-login-account-verification-support-9092.gq/secure-login,1
https://netflix-account-verification-support-5566.work/secure-login,1
http://178.193.185.72/facebook-verify/verify-account.php?id=5679,1
http://apple-id.security-alert.kyc-confirmation2921.ml/signin?token=17d8da815fa2,1
http://portal-apple-id-update.tk/login.php?user=victim%40mail.com&session=9194&redirect=urgent-notice,1
http://legit-service.com@apple-id-secure-auth-6407.cf/index.html,1
https://apple-id-account-verification-support-3247.top/claim-bonus,1
http://46.58.169.8/paypal/claim-bonus.php?id=1907,1
http://190.59.30.101/wellsfargo/unlock-profile.php?id=6762,1
http://legit-service.com@wellsfargo-secure-auth-4034.top/index.html,1
http://29.101.163.191/wellsfargo/claim-bonus.php?id=2670,1
https://paypal-account-verification-support-5247.click/verify-account,1
http://portal-paypal-update.zip/login.php?user=victim%40mail.com&session=235&redirect=secure-login,1
http://21.173.160.214/wellsfargo/urgent-notice.php?id=4233,1
http://legit-service.com@microsoft-login-secure-auth-8622.link/index.html,1
http://legit-service.com@coinbase-auth-secure-auth-2622.tk/index.html,1
http://portal-paypal-update.work/login.php?user=victim%40mail.com&session=5929&redirect=urgent-notice,1
http://legit-service.com@apple-id-secure-auth-9031.top/index.html,1
http://portal-bankofamerica-update.click/login.php?user=victim%40mail.com&session=1163&redirect=kyc-confirmation,1
http://legit-service.com@apple-id-secure-auth-2985.zip/index.html,1
http://63.247.81.25/wellsfargo/verify-account.php?id=990,1
https://paypal-account-verification-support-2948.top/urgent-notice,1
http://portal-coinbase-auth-update.tk/login.php?user=victim%40mail.com&session=8505&redirect=unlock-profile,1
http://portal-apple-id-update.zip/login.php?user=victim%40mail.com&session=7124&redirect=update-billing,1
http://wellsfargo.security-alert.update-billing1176.link/signin?token=a7d8ae456912,1
https://chase-account-verification-support-1470.gq/unlock-profile,1
http://portal-binance-security-update.click/login.php?user=victim%40mail.com&session=8553&redirect=claim-bonus,1
http://portal-netflix-update.link/login.php?user=victim%40mail.com&session=3132&redirect=kyc-confirmation,1
http://portal-coinbase-auth-update.zip/login.php?user=victim%40mail.com&session=8005&redirect=kyc-confirmation,1
https://facebook-verify-account-verification-support-1240.ml/kyc-confirmation,1
http://chase.security-alert.kyc-confirmation7850.cf/signin?token=5f8b73c0d4b1,1
http://132.129.54.217/wellsfargo/update-billing.php?id=543,1
http://portal-chase-update.link/login.php?user=victim%40mail.com&session=4342&redirect=secure-login,1
http://195.3.229.223/bankofamerica/verify-account.php?id=7110,1
http://153.5.214.174/wellsfargo/kyc-confirmation.php?id=2968,1
http://portal-microsoft-login-update.xyz/login.php?user=victim%40mail.com&session=1748&redirect=urgent-notice,1
http://legit-service.com@chase-secure-auth-8700.gq/index.html,1
https://netflix-account-verification-support-674.zip/kyc-confirmation,1
http://legit-service.com@netflix-secure-auth-9446.loan/index.html,1
http://63.196.177.217/microsoft-login/unlock-profile.php?id=4550,1
http://legit-service.com@apple-id-secure-auth-3190.zip/index.html,1
http://148.199.196.170/apple-id/secure-login.php?id=1038,1
http://portal-microsoft-login-update.click/login.php?user=victim%40mail.com&session=1662&redirect=secure-login,1
http://netflix.security-alert.claim-bonus5869.click/signin?token=4c26774d852f,1
http://binance-security.security-alert.update-billing3605.xyz/signin?token=a05d886123a5,1
http://portal-microsoft-login-update.link/login.php?user=victim%40mail.com&session=2433&redirect=claim-bonus,1
http://apple-id.security-alert.update-billing6691.click/signin?token=1e7875cf32d3,1
http://legit-service.com@apple-id-secure-auth-4988.loan/index.html,1
http://portal-facebook-verify-update.work/login.php?user=victim%40mail.com&session=5422&redirect=urgent-notice,1
http://apple-id.security-alert.secure-login6181.gq/signin?token=7873b66ca1d3,1
http://148.175.19.84/wellsfargo/secure-login.php?id=5941,1
http://portal-coinbase-auth-update.tk/login.php?user=victim%40mail.com&session=9212&redirect=secure-login,1
http://legit-service.com@apple-id-secure-auth-9837.cf/index.html,1
http://microsoft-login.security-alert.verify-account6854.xyz/signin?token=2ba2520186ee,1
http://portal-netflix-update.top/login.php?user=victim%40mail.com&session=6822&redirect=unlock-profile,1
https://wellsfargo-account-verification-support-6353.link/urgent-notice,1
http://196.105.213.69/bankofamerica/claim-bonus.php?id=8281,1
https://facebook-verify-account-verification-support-1944.xyz/claim-bonus,1
https://facebook-verify-account-verification-support-2844.loan/urgent-notice,1
http://31.8.167.165/microsoft-login/update-billing.php?id=5760,1
http://legit-service.com@wellsfargo-secure-auth-8803.xyz/index.html,1
http://portal-chase-update.xyz/login.php?user=victim%40mail.com&session=140&redirect=unlock-profile,1
https://facebook-verify-account-verification-support-3798.zip/secure-login,1
http://legit-service.com@apple-id-secure-auth-7804.click/index.html,1
https://wellsfargo-account-verification-support-4871.loan/secure-login,1
http://legit-service.com@wellsfargo-secure-auth-6460.xyz/index.html,1
http://netflix.security-alert.unlock-profile4075.tk/signin?token=e3b21256183c,1
http://portal-coinbase-auth-update.link/login.php?user=victim%40mail.com&session=8795&redirect=verify-account,1
http://legit-service.com@facebook-verify-secure-auth-4658.click/index.html,1
http://85.222.242.139/microsoft-login/secure-login.php?id=9185,1
http://181.94.253.168/microsoft-login/unlock-profile.php?id=4365,1
https://wellsfargo-account-verification-support-100.cf/urgent-notice,1
http://binance-security.security-alert.urgent-notice9927.zip/signin?token=f6e06644c3fb,1
https://facebook-verify-account-verification-support-5462.click/verify-account,1
https://wellsfargo-account-verification-support-4725.cf/update-billing,1
http://180.227.217.194/coinbase-auth/secure-login.php?id=5907,1
https://coinbase-auth-account-verification-support-525.zip/verify-account,1
http://legit-service.com@facebook-verify-secure-auth-2400.gq/index.html,1
https://coinbase-auth-account-verification-support-3505.top/kyc-confirmation,1
http://legit-service.com@wellsfargo-secure-auth-8103.work/index.html,1
http://legit-service.com@paypal-secure-auth-4150.work/index.html,1
http://118.198.129.214/facebook-verify/claim-bonus.php?id=6015,1
http://183.105.40.223/wellsfargo/kyc-confirmation.php?id=6703,1
http://bankofamerica.security-alert.kyc-confirmation3048.ml/signin?token=5da713a690c0,1
http://portal-bankofamerica-update.zip/login.php?user=victim%40mail.com&session=9691&redirect=verify-account,1
http://portal-facebook-verify-update.click/login.php?user=victim%40mail.com&session=4654&redirect=kyc-confirmation,1
https://microsoft-login-account-verification-support-2719.gq/kyc-confirmation,1
http://portal-paypal-update.tk/login.php?user=victim%40mail.com&session=1257&redirect=urgent-notice,1
http://79.28.143.113/wellsfargo/secure-login.php?id=7121,1
http://64.196.213.175/facebook-verify/update-billing.php?id=1007,1
http://64.118.105.220/facebook-verify/kyc-confirmation.php?id=586,1
http://portal-facebook-verify-update.cf/login.php?user=victim%40mail.com&session=994&redirect=secure-login,1
https://netflix-account-verification-support-541.top/update-billing,1
http://binance-security.security-alert.update-billing5745.ml/signin?token=46936add066b,1
http://37.136.198.228/paypal/kyc-confirmation.php?id=4120,1
http://portal-bankofamerica-update.work/login.php?user=victim%40mail.com&session=5165&redirect=secure-login,1
http://140.64.252.180/chase/verify-account.php?id=5239,1
https://paypal-account-verification-support-9577.zip/claim-bonus,1
http://legit-service.com@netflix-secure-auth-1687.click/index.html,1
http://netflix.security-alert.verify-account4946.xyz/signin?token=280cf18baf43,1
https://microsoft-login-account-verification-support-907.cf/update-billing,1
http://facebook-verify.security-alert.unlock-profile1542.ml/signin?token=d010396ca8ab,1
http://portal-microsoft-login-update.click/login.php?user=victim%40mail.com&session=1361&redirect=secure-login,1
https://paypal-account-verification-support-6868.tk/unlock-profile,1
https://bankofamerica-account-verification-support-268.click/kyc-confirmation,1
http://legit-service.com@chase-secure-auth-6186.loan/index.html,1
http://chase.security-alert.verify-account807.gq/signin?token=6e7b33fdea3a,1
http://166.21.8.36/netflix/secure-login.php?id=9829,1
http://portal-coinbase-auth-update.work/login.php?user=victim%40mail.com&session=7112&redirect=kyc-confirmation,1
http://legit-service.com@netflix-secure-auth-5795.top/index.html,1
http://36.130.194.114/facebook-verify/secure-login.php?id=8975,1
http://netflix.security-alert.secure-login7724.gq/signin?token=454cecc48292,1
http://legit-service.com@apple-id-secure-auth-7576.tk/index.html,1
https://facebook-verify-account-verification-support-5942.top/claim-bonus,1
http://legit-service.com@apple-id-secure-auth-4646.cf/index.html,1
http://portal-netflix-update.top/login.php?user=victim%40mail.com&session=4218&redirect=kyc-confirmation,1
http://123.148.38.135/paypal/urgent-notice.php?id=4116,1
http://netflix.security-alert.secure-login2312.click/signin?token=69dafe8b5806,1
https://binance-security-account-verification-support-7156.link/claim-bonus,1
http://paypal.security-alert.kyc-confirmation563.zip/signin?token=8eefcfdf5990,1
http://173.195.95.234/facebook-verify/kyc-confirmation.php?id=6461,1
https://microsoft-login-account-verification-support-5361.ml/verify-account,1
https://apple-id-account-verification-support-7164.loan/secure-login,1
http://portal-microsoft-login-update.tk/login.php?user=victim%40mail.com&session=9093&redirect=kyc-confirmation,1
http://portal-apple-id-update.xyz/login.php?user=victim%40mail.com&session=1215&redirect=update-billing,1
http://portal-wellsfargo-update.top/login.php?user=victim%40mail.com&session=6790&redirect=urgent-notice,1
https://paypal-account-verification-support-1787.loan/kyc-confirmation,1
http://portal-coinbase-auth-update.click/login.php?user=victim%40mail.com&session=5735&redirect=claim-bonus,1
http://wellsfargo.security-alert.secure-login2762.click/signin?token=2b6921f2c64d,1
http://legit-service.com@apple-id-secure-auth-7855.zip/index.html,1
http://portal-facebook-verify-update.loan/login.php?user=victim%40mail.com&session=2663&redirect=urgent-notice,1
http://93.72.118.68/chase/claim-bonus.php?id=3320,1
http://167.211.6.69/netflix/claim-bonus.php?id=7643,1
http://legit-service.com@facebook-verify-secure-auth-2129.zip/index.html,1
http://portal-netflix-update.zip/login.php?user=victim%40mail.com&session=3055&redirect=update-billing,1
http://legit-service.com@bankofamerica-secure-auth-9497.link/index.html,1
http://wellsfargo.security-alert.urgent-notice660.click/signin?token=68264bdb65b9,1
http://portal-chase-update.ml/login.php?user=victim%40mail.com&session=3208&redirect=verify-account,1
http://coinbase-auth.security-alert.claim-bonus3737.gq/signin?token=3db11d259a9d,1
http://portal-wellsfargo-update.cf/login.php?user=victim%40mail.com&session=660&redirect=secure-login,1
http://coinbase-auth.security-alert.secure-login9385.link/signin?token=29a9f8c8460e,1
http://109.70.149.117/facebook-verify/urgent-notice.php?id=6613,1
http://legit-service.com@facebook-verify-secure-auth-6874.work/index.html,1
http://bankofamerica.security-alert.update-billing5962.ml/signin?token=baeabb8ff011,1
http://portal-coinbase-auth-update.cf/login.php?user=victim%40mail.com&session=7678&redirect=kyc-confirmation,1
https://binance-security-account-verification-support-6650.zip/verify-account,1
https://binance-security-account-verification-support-7684.xyz/verify-account,1
http://legit-service.com@coinbase-auth-secure-auth-4731.loan/index.html,1
http://legit-service.com@chase-secure-auth-8441.ml/index.html,1
http://69.17.171.95/coinbase-auth/verify-account.php?id=1425,1
http://chase.security-alert.kyc-confirmation9873.top/signin?token=afafd9c07643,1
http://paypal.security-alert.verify-account3251.gq/signin?token=504c296f8eb5,1
http://76.251.234.230/microsoft-login/update-billing.php?id=8740,1
http://legit-service.com@binance-security-secure-auth-1960.xyz/index.html,1
https://bankofamerica-account-verification-support-4761.work/unlock-profile,1
http://legit-service.com@apple-id-secure-auth-7745.xyz/index.html,1
http://coinbase-auth.security-alert.kyc-confirmation9570.link/signin?token=968b15768f3d,1
http://portal-wellsfargo-update.gq/login.php?user=victim%40mail.com&session=6021&redirect=update-billing,1
http://legit-service.com@wellsfargo-secure-auth-6909.click/index.html,1
https://apple-id-account-verification-support-1991.loan/unlock-profile,1
https://facebook-verify-account-verification-support-4605.ml/verify-account,1
http://legit-service.com@bankofamerica-secure-auth-2047.cf/index.html,1
https://coinbase-auth-account-verification-support-3260.click/kyc-confirmation,1
https://microsoft-login-account-verification-support-3309.zip/claim-bonus,1
http://legit-service.com@bankofamerica-secure-auth-4962.link/index.html,1
http://facebook-verify.security-alert.update-billing8029.top/signin?token=becc35358604,1
http://legit-service.com@facebook-verify-secure-auth-7733.cf/index.html,1
https://paypal-account-verification-support-1321.ml/secure-login,1
http://portal-microsoft-login-update.tk/login.php?user=victim%40mail.com&session=4310&redirect=urgent-notice,1
http://portal-bankofamerica-update.link/login.php?user=victim%40mail.com&session=2666&redirect=urgent-notice,1
http://binance-security.security-alert.kyc-confirmation423.zip/signin?token=faa9afea49ef,1
http://legit-service.com@chase-secure-auth-6158.click/index.html,1
http://170.83.155.32/apple-id/secure-login.php?id=3220,1
http://coinbase-auth.security-alert.unlock-profile3735.work/signin?token=dc0c398086fe,1
http://119.160.211.125/coinbase-auth/update-billing.php?id=1370,1
http://portal-facebook-verify-update.ml/login.php?user=victim%40mail.com&session=6743&redirect=unlock-profile,1
http://portal-netflix-update.gq/login.php?user=victim%40mail.com&session=7557&redirect=kyc-confirmation,1
http://portal-netflix-update.click/login.php?user=victim%40mail.com&session=3238&redirect=claim-bonus,1
http://14.146.198.64/facebook-verify/update-billing.php?id=7226,1
http://coinbase-auth.security-alert.secure-login7176.link/signin?token=2b8dec786a8c,1
http://binance-security.security-alert.kyc-confirmation1530.top/signin?token=cb8acb1dc982,1
https://wellsfargo-account-verification-support-9726.gq/kyc-confirmation,1
http://bankofamerica.security-alert.secure-login7949.loan/signin?token=5fedcaffc4ab,1
http://paypal.security-alert.verify-account3811.ml/signin?token=8068fee5f499,1
https://microsoft-login-account-verification-support-6091.top/update-billing,1
http://legit-service.com@chase-secure-auth-5389.cf/index.html,1
http://apple-id.security-alert.unlock-profile7006.tk/signin?token=c1f75cc0f7fe,1
http://legit-service.com@chase-secure-auth-5022.top/index.html,1
http://apple-id.security-alert.kyc-confirmation1862.cf/signin?token=4e87337f366f,1
http://legit-service.com@chase-secure-auth-1672.top/index.html,1
http://legit-service.com@netflix-secure-auth-2701.zip/index.html,1
http://wellsfargo.security-alert.secure-login484.loan/signin?token=eba0dc302bcd,1
http://portal-netflix-update.loan/login.php?user=victim%40mail.com&session=4833&redirect=secure-login,1
http://microsoft-login.security-alert.claim-bonus6308.click/signin?token=eb21cc0143d9,1
http://portal-coinbase-auth-update.work/login.php?user=victim%40mail.com&session=4999&redirect=secure-login,1
http://legit-service.com@apple-id-secure-auth-9566.zip/index.html,1
http://188.209.201.137/coinbase-auth/unlock-profile.php?id=7630,1
http://87.29.36.215/netflix/update-billing.php?id=7773,1
http://legit-service.com@bankofamerica-secure-auth-3218.ml/index.html,1
http://133.189.233.219/microsoft-login/urgent-notice.php?id=9255,1
http://portal-chase-update.ml/login.php?user=victim%40mail.com&session=7935&redirect=urgent-notice,1
http://apple-id.security-alert.verify-account6835.click/signin?token=a992995ef4f0,1
http://portal-apple-id-update.gq/login.php?user=victim%40mail.com&session=2812&redirect=kyc-confirmation,1
http://legit-service.com@binance-security-secure-auth-6105.loan/index.html,1
http://legit-service.com@binance-security-secure-auth-3892.link/index.html,1
http://legit-service.com@coinbase-auth-secure-auth-2648.link/index.html,1
http://legit-service.com@coinbase-auth-secure-auth-9727.tk/index.html,1
http://legit-service.com@wellsfargo-secure-auth-9000.loan/index.html,1
http://legit-service.com@bankofamerica-secure-auth-7436.tk/index.html,1
http://wellsfargo.security-alert.urgent-notice6264.work/signin?token=8ab7f718012c,1
http://binance-security.security-alert.unlock-profile3121.tk/signin?token=097e26b2ffb0,1
https://bankofamerica-account-verification-support-1826.click/claim-bonus,1
http://101.172.228.177/coinbase-auth/secure-login.php?id=2394,1
http://189.98.166.43/microsoft-login/secure-login.php?id=1383,1
http://112.139.200.180/microsoft-login/kyc-confirmation.php?id=3821,1
http://paypal.security-alert.update-billing555.cf/signin?token=15de21c670ae,1
http://125.252.237.33/coinbase-auth/update-billing.php?id=9029,1
https://paypal-account-verification-support-4793.top/unlock-profile,1
http://facebook-verify.security-alert.kyc-confirmation7583.gq/signin?token=9ddc70b3617c,1
http://16.24.194.168/microsoft-login/update-billing.php?id=5715,1
http://portal-coinbase-auth-update.top/login.php?user=victim%40mail.com&session=2494&redirect=urgent-notice,1
http://legit-service.com@bankofamerica-secure-auth-9171.cf/index.html,1
http://microsoft-login.security-alert.kyc-confirmation5638.work/signin?token=78b91366b15c,1
http://25.66.250.251/apple-id/kyc-confirmation.php?id=3124,1
http://portal-wellsfargo-update.tk/login.php?user=victim%40mail.com&session=699&redirect=unlock-profile,1
https://paypal-account-verification-support-5842.work/update-billing,1
http://apple-id.security-alert.urgent-notice1623.link/signin?token=fc528592c385,1
https://coinbase-auth-account-verification-support-9351.gq/verify-account,1
http://wellsfargo.security-alert.claim-bonus3168.loan/signin?token=ce393994e8cf,1
https://chase-account-verification-support-4630.link/unlock-profile,1
https://facebook-verify-account-verification-support-9097.work/urgent-notice,1
https://wellsfargo-account-verification-support-6209.gq/unlock-profile,1
https://paypal-account-verification-support-5696.xyz/claim-bonus,1
http://portal-binance-security-update.xyz/login.php?user=victim%40mail.com&session=6590&redirect=claim-bonus,1
https://bankofamerica-account-verification-support-9284.loan/verify-account,1
http://paypal.security-alert.secure-login7456.top/signin?token=7dd11ae2d5ed,1
http://13.240.2.7/facebook-verify/urgent-notice.php?id=6125,1
http://portal-coinbase-auth-update.cf/login.php?user=victim%40mail.com&session=149&redirect=verify-account,1
http://portal-binance-security-update.tk/login.php?user=victim%40mail.com&session=7295&redirect=claim-bonus,1
https://microsoft-login-account-verification-support-2429.loan/claim-bonus,1
https://wellsfargo-account-verification-support-2132.ml/urgent-notice,1
http://portal-wellsfargo-update.tk/login.php?user=victim%40mail.com&session=6863&redirect=kyc-confirmation,1
http://binance-security.security-alert.unlock-profile745.gq/signin?token=5f0f5e5f3394,1
http://portal-facebook-verify-update.zip/login.php?user=victim%40mail.com&session=8565&redirect=update-billing,1
http://legit-service.com@apple-id-secure-auth-6190.link/index.html,1
http://wellsfargo.security-alert.secure-login383.link/signin?token=beed13602b9b,1
http://portal-microsoft-login-update.cf/login.php?user=victim%40mail.com&session=5699&redirect=unlock-profile,1
http://netflix.security-alert.kyc-confirmation6886.cf/signin?token=5bd844f11fa5,1
http://portal-facebook-verify-update.loan/login.php?user=victim%40mail.com&session=5152&redirect=secure-login,1
https://facebook-verify-account-verification-support-3144.link/kyc-confirmation,1
https://facebook-verify-account-verification-support-6676.gq/urgent-notice,1
https://binance-security-account-verification-support-8761.cf/urgent-notice,1
http://portal-chase-update.loan/login.php?user=victim%40mail.com&session=5868&redirect=kyc-confirmation,1
http://portal-coinbase-auth-update.zip/login.php?user=victim%40mail.com&session=2671&redirect=verify-account,1
http://51.178.44.137/facebook-verify/update-billing.php?id=3496,1
http://portal-facebook-verify-update.zip/login.php?user=victim%40mail.com&session=7655&redirect=secure-login,1
http://131.32.230.89/facebook-verify/kyc-confirmation.php?id=5723,1
http://legit-service.com@wellsfargo-secure-auth-4677.xyz/index.html,1
http://legit-service.com@bankofamerica-secure-auth-694.zip/index.html,1
http://45.239.113.205/netflix/secure-login.php?id=668,1
http://facebook-verify.security-alert.secure-login5118.loan/signin?token=4ffb0d2ba92f,1
http://58.248.154.67/paypal/urgent-notice.php?id=20,1
http://portal-coinbase-auth-update.tk/login.php?user=victim%40mail.com&session=2399&redirect=kyc-confirmation,1
http://50.253.203.7/facebook-verify/update-billing.php?id=2562,1
http://apple-id.security-alert.claim-bonus2765.ml/signin?token=370bfb31abd2,1
http://portal-microsoft-login-update.gq/login.php?user=victim%40mail.com&session=1750&redirect=verify-account,1
http://95.235.63.26/netflix/update-billing.php?id=5257,1
http://49.122.159.178/facebook-verify/kyc-confirmation.php?id=5399,1
http://89.89.71.90/binance-security/urgent-notice.php?id=9314,1
http://legit-service.com@binance-security-secure-auth-1049.ml/index.html,1
http://146.187.25.133/paypal/kyc-confirmation.php?id=2965,1
http://legit-service.com@bankofamerica-secure-auth-5872.link/index.html,1
http://130.82.184.3/apple-id/verify-account.php?id=253,1
http://159.16.17.96/binance-security/verify-account.php?id=1151,1
http://portal-paypal-update.gq/login.php?user=victim%40mail.com&session=6776&redirect=verify-account,1
http://portal-binance-security-update.zip/login.php?user=victim%40mail.com&session=1400&redirect=unlock-profile,1
http://portal-facebook-verify-update.cf/login.php?user=victim%40mail.com&session=2479&redirect=secure-login,1
http://legit-service.com@bankofamerica-secure-auth-8461.link/index.html,1
http://25.218.140.210/chase/urgent-notice.php?id=9248,1
https://apple-id-account-verification-support-9211.ml/verify-account,1
http://portal-wellsfargo-update.cf/login.php?user=victim%40mail.com&session=9946&redirect=unlock-profile,1
http://facebook-verify.security-alert.urgent-notice2869.cf/signin?token=e2c61965b5e2,1
http://portal-chase-update.tk/login.php?user=victim%40mail.com&session=174&redirect=kyc-confirmation,1
http://portal-chase-update.link/login.php?user=victim%40mail.com&session=8821&redirect=unlock-profile,1
https://facebook-verify-account-verification-support-6824.xyz/update-billing,1
http://legit-service.com@coinbase-auth-secure-auth-3242.link/index.html,1
https://wellsfargo-account-verification-support-4490.loan/urgent-notice,1
http://legit-service.com@coinbase-auth-secure-auth-3414.click/index.html,1
https://apple-id-account-verification-support-2761.tk/urgent-notice,1
http://legit-service.com@netflix-secure-auth-5150.click/index.html,1
http://netflix.security-alert.claim-bonus9681.work/signin?token=68cfb8f8a7e8,1
https://paypal-account-verification-support-1473.ml/secure-login,1
http://portal-facebook-verify-update.link/login.php?user=victim%40mail.com&session=7835&redirect=claim-bonus,1
http://152.105.5.95/netflix/verify-account.php?id=7255,1
http://portal-chase-update.tk/login.php?user=victim%40mail.com&session=716&redirect=urgent-notice,1
http://chase.security-alert.secure-login1630.zip/signin?token=46031b3d04dc,1
http://legit-service.com@netflix-secure-auth-3590.link/index.html,1
http://microsoft-login.security-alert.update-billing4020.gq/signin?token=1192265fb31a,1
http://legit-service.com@coinbase-auth-secure-auth-6100.click/index.html,1
https://paypal-account-verification-support-2546.tk/verify-account,1
http://legit-service.com@facebook-verify-secure-auth-2521.xyz/index.html,1
http://legit-service.com@binance-security-secure-auth-8517.loan/index.html,1
http://140.145.121.4/apple-id/urgent-notice.php?id=772,1
http://portal-facebook-verify-update.work/login.php?user=victim%40mail.com&session=7817&redirect=kyc-confirmation,1
http://portal-netflix-update.xyz/login.php?user=victim%40mail.com&session=1290&redirect=claim-bonus,1
http://chase.security-alert.update-billing8570.gq/signin?token=38220e6a22ee,1
http://62.121.33.73/facebook-verify/urgent-notice.php?id=4818,1
https://binance-security-account-verification-support-4493.cf/claim-bonus,1
http://45.106.207.24/facebook-verify/claim-bonus.php?id=1953,1
https://wellsfargo-account-verification-support-2738.ml/update-billing,1
https://netflix-account-verification-support-751.ml/verify-account,1
http://portal-apple-id-update.link/login.php?user=victim%40mail.com&session=8735&redirect=secure-login,1
https://binance-security-account-verification-support-2663.work/kyc-confirmation,1
http://legit-service.com@netflix-secure-auth-2044.loan/index.html,1
http://legit-service.com@paypal-secure-auth-2081.cf/index.html,1
https://coinbase-auth-account-verification-support-3266.click/verify-account,1
http://microsoft-login.security-alert.verify-account2869.loan/signin?token=e2c61965b5e2,1
http://legit-service.com@coinbase-auth-secure-auth-6081.top/index.html,1
http://legit-service.com@bankofamerica-secure-auth-7705.work/index.html,1
http://portal-apple-id-update.link/login.php?user=victim%40mail.com&session=6291&redirect=verify-account,1
http://apple-id.security-alert.update-billing3482.work/signin?token=b7fede84c2be,1
http://facebook-verify.security-alert.unlock-profile7005.ml/signin?token=f514cec81cb1,1
http://98.6.158.123/coinbase-auth/verify-account.php?id=9314,1
http://legit-service.com@facebook-verify-secure-auth-2459.click/index.html,1
https://paypal-account-verification-support-2638.cf/secure-login,1
https://facebook-verify-account-verification-support-3072.work/claim-bonus,1
http://portal-facebook-verify-update.link/login.php?user=victim%40mail.com&session=728&redirect=update-billing,1
http://177.176.25.162/binance-security/secure-login.php?id=8662,1
http://netflix.security-alert.verify-account3490.loan/signin?token=72f67e70f6b7,1
http://binance-security.security-alert.claim-bonus9183.link/signin?token=6f0ca67289d7,1
http://coinbase-auth.security-alert.kyc-confirmation5350.top/signin?token=fd0a5a5e367a,1
http://portal-coinbase-auth-update.zip/login.php?user=victim%40mail.com&session=1788&redirect=urgent-notice,1
https://netflix-account-verification-support-2857.click/unlock-profile,1
http://chase.security-alert.claim-bonus7428.tk/signin?token=cc6ef8cb8df3,1
http://legit-service.com@facebook-verify-secure-auth-1192.cf/index.html,1
http://legit-service.com@coinbase-auth-secure-auth-7336.top/index.html,1
http://portal-coinbase-auth-update.cf/login.php?user=victim%40mail.com&session=3509&redirect=update-billing,1
http://microsoft-login.security-alert.unlock-profile4709.xyz/signin?token=bc9c8c705927,1
https://coinbase-auth-account-verification-support-5770.link/kyc-confirmation,1
https://netflix-account-verification-support-8960.work/update-billing,1
https://microsoft-login-account-verification-support-1660.tk/claim-bonus,1
http://74.6.142.114/binance-security/kyc-confirmation.php?id=2760,1
http://182.127.106.154/paypal/kyc-confirmation.php?id=9662,1
https://wellsfargo-account-verification-support-3415.tk/claim-bonus,1
http://legit-service.com@netflix-secure-auth-9985.zip/index.html,1
http://93.44.84.251/bankofamerica/update-billing.php?id=3721,1
https://microsoft-login-account-verification-support-2350.loan/unlock-profile,1
http://193.178.193.160/paypal/update-billing.php?id=5995,1
http://netflix.security-alert.verify-account124.tk/signin?token=c8ffe9a587b1,1
http://apple-id.security-alert.kyc-confirmation435.xyz/signin?token=ddb30680a691,1
http://164.42.190.123/bankofamerica/secure-login.php?id=3713,1
http://legit-service.com@chase-secure-auth-6421.cf/index.html,1
http://legit-service.com@wellsfargo-secure-auth-1768.ml/index.html,1
http://72.12.221.38/netflix/update-billing.php?id=8983,1
https://facebook-verify-account-verification-support-8717.work/urgent-notice,1
https://binance-security-account-verification-support-9349.work/unlock-profile,1
http://legit-service.com@facebook-verify-secure-auth-3666.loan/index.html,1
http://legit-service.com@microsoft-login-secure-auth-6406.top/index.html,1
http://portal-bankofamerica-update.work/login.php?user=victim%40mail.com&session=2016&redirect=claim-bonus,1
http://portal-paypal-update.work/login.php?user=victim%40mail.com&session=5925&redirect=update-billing,1
http://88.202.74.136/binance-security/kyc-confirmation.php?id=7612,1
http://legit-service.com@apple-id-secure-auth-7785.cf/index.html,1
https://chase-account-verification-support-6233.click/urgent-notice,1
http://portal-wellsfargo-update.ml/login.php?user=victim%40mail.com&session=7101&redirect=claim-bonus,1
http://21.163.27.117/binance-security/urgent-notice.php?id=1235,1
https://wellsfargo-account-verification-support-3148.tk/update-billing,1
http://104.217.144.247/wellsfargo/verify-account.php?id=6208,1
https://microsoft-login-account-verification-support-1353.work/unlock-profile,1
http://wellsfargo.security-alert.verify-account5926.work/signin?token=a8a427afafda,1
http://portal-microsoft-login-update.xyz/login.php?user=victim%40mail.com&session=643&redirect=secure-login,1
http://portal-facebook-verify-update.ml/login.php?user=victim%40mail.com&session=185&redirect=verify-account,1
http://14.83.219.244/coinbase-auth/urgent-notice.php?id=3367,1
http://portal-microsoft-login-update.work/login.php?user=victim%40mail.com&session=7358&redirect=update-billing,1
http://coinbase-auth.security-alert.unlock-profile5512.xyz/signin?token=517f24c02e62,1
https://netflix-account-verification-support-8549.ml/update-billing,1
http://legit-service.com@microsoft-login-secure-auth-5609.tk/index.html,1
http://coinbase-auth.security-alert.unlock-profile8654.ml/signin?token=2711ab32f69d,1
http://legit-service.com@facebook-verify-secure-auth-1457.top/index.html,1
http://portal-coinbase-auth-update.xyz/login.php?user=victim%40mail.com&session=545&redirect=secure-login,1
http://legit-service.com@coinbase-auth-secure-auth-7049.link/index.html,1
http://microsoft-login.security-alert.unlock-profile9654.loan/signin?token=51beafc370ab,1
http://91.169.65.168/wellsfargo/urgent-notice.php?id=6251,1
http://97.146.37.155/netflix/unlock-profile.php?id=7983,1
http://portal-coinbase-auth-update.cf/login.php?user=victim%40mail.com&session=36&redirect=unlock-profile,1
http://legit-service.com@apple-id-secure-auth-2263.click/index.html,1
http://facebook-verify.security-alert.urgent-notice9485.zip/signin?token=100d5d9191f1,1
http://portal-microsoft-login-update.top/login.php?user=victim%40mail.com&session=9928&redirect=unlock-profile,1
http://91.123.57.160/binance-security/claim-bonus.php?id=4477,1
http://42.164.128.16/paypal/claim-bonus.php?id=7088,1
http://135.17.110.133/coinbase-auth/update-billing.php?id=484,1
http://legit-service.com@facebook-verify-secure-auth-5642.cf/index.html,1
https://coinbase-auth-account-verification-support-2317.click/claim-bonus,1
https://wellsfargo-account-verification-support-9331.cf/kyc-confirmation,1
http://microsoft-login.security-alert.kyc-confirmation6290.ml/signin?token=5d8c6ee0d896,1
http://legit-service.com@facebook-verify-secure-auth-4143.ml/index.html,1
http://microsoft-login.security-alert.urgent-notice7581.loan/signin?token=0b794a03744a,1
http://188.135.87.88/bankofamerica/unlock-profile.php?id=8865,1
https://netflix-account-verification-support-1866.zip/kyc-confirmation,1
http://wellsfargo.security-alert.claim-bonus6496.ml/signin?token=4d7a968bb636,1
https://microsoft-login-account-verification-support-6100.work/kyc-confirmation,1
http://facebook-verify.security-alert.kyc-confirmation4415.gq/signin?token=2bf5e202fc97,1
https://paypal-account-verification-support-6306.ml/kyc-confirmation,1
http://portal-chase-update.gq/login.php?user=victim%40mail.com&session=5989&redirect=update-billing,1
http://109.12.52.185/bankofamerica/urgent-notice.php?id=4032,1
https://binance-security-account-verification-support-7317.click/verify-account,1
https://netflix-account-verification-support-375.loan/urgent-notice,1
http://185.88.143.221/apple-id/verify-account.php?id=8362,1
https://paypal-account-verification-support-966.zip/update-billing,1
https://paypal-account-verification-support-4921.ml/kyc-confirmation,1
http://portal-bankofamerica-update.xyz/login.php?user=victim%40mail.com&session=9375&redirect=kyc-confirmation,1
http://portal-apple-id-update.zip/login.php?user=victim%40mail.com&session=3594&redirect=claim-bonus,1
http://portal-binance-security-update.loan/login.php?user=victim%40mail.com&session=671&redirect=claim-bonus,1
http://facebook-verify.security-alert.secure-login3033.top/signin?token=272e11700558,1
https://paypal-account-verification-support-4745.click/kyc-confirmation,1
https://coinbase-auth-account-verification-support-6481.click/update-billing,1
http://69.175.56.241/facebook-verify/unlock-profile.php?id=4280,1
http://portal-wellsfargo-update.click/login.php?user=victim%40mail.com&session=7628&redirect=secure-login,1
http://netflix.security-alert.unlock-profile3186.work/signin?token=3f4366aeb9c1,1
http://33.47.75.187/wellsfargo/secure-login.php?id=1596,1
http://28.44.247.149/coinbase-auth/update-billing.php?id=2988,1
http://portal-binance-security-update.top/login.php?user=victim%40mail.com&session=2980&redirect=verify-account,1
http://portal-facebook-verify-update.work/login.php?user=victim%40mail.com&session=815&redirect=urgent-notice,1
http://portal-binance-security-update.xyz/login.php?user=victim%40mail.com&session=8813&redirect=unlock-profile,1
https://paypal-account-verification-support-6894.xyz/secure-login,1
http://legit-service.com@microsoft-login-secure-auth-58.xyz/index.html,1
http://legit-service.com@wellsfargo-secure-auth-3852.work/index.html,1
https://netflix-account-verification-support-9512.tk/claim-bonus,1
http://legit-service.com@coinbase-auth-secure-auth-8534.click/index.html,1
http://111.15.199.216/netflix/urgent-notice.php?id=7481,1
http://legit-service.com@paypal-secure-auth-5264.work/index.html,1
http://legit-service.com@bankofamerica-secure-auth-8431.ml/index.html,1
http://28.249.196.35/paypal/urgent-notice.php?id=3677,1
http://portal-binance-security-update.top/login.php?user=victim%40mail.com&session=7128&redirect=urgent-notice,1
http://portal-netflix-update.cf/login.php?user=victim%40mail.com&session=9765&redirect=secure-login,1
http://portal-chase-update.ml/login.php?user=victim%40mail.com&session=5414&redirect=claim-bonus,1
https://wellsfargo-account-verification-support-7916.top/secure-login,1
http://bankofamerica.security-alert.update-billing4612.top/signin?token=000871c1fc72,1
http://portal-facebook-verify-update.work/login.php?user=victim%40mail.com&session=254&redirect=update-billing,1
http://portal-microsoft-login-update.zip/login.php?user=victim%40mail.com&session=259&redirect=unlock-profile,1
http://facebook-verify.security-alert.urgent-notice5978.top/signin?token=e5ae7b1f1800,1
https://facebook-verify-account-verification-support-2888.link/verify-account,1
http://microsoft-login.security-alert.update-billing3689.ml/signin?token=39ea40e164f9,1
http://portal-facebook-verify-update.zip/login.php?user=victim%40mail.com&session=1308&redirect=verify-account,1
http://chase.security-alert.verify-account3965.tk/signin?token=db9ad56c7161,1
https://binance-security-account-verification-support-3055.top/secure-login,1
http://91.106.120.69/apple-id/claim-bonus.php?id=2737,1
http://wellsfargo.security-alert.update-billing3692.zip/signin?token=882735cbdfd9,1
http://80.253.107.123/bankofamerica/kyc-confirmation.php?id=8830,1
https://netflix-account-verification-support-9385.click/urgent-notice,1
http://netflix.security-alert.claim-bonus1961.link/signin?token=f106b7f99d2c,1
https://paypal-account-verification-support-9527.gq/secure-login,1
http://legit-service.com@facebook-verify-secure-auth-2353.xyz/index.html,1
http://portal-chase-update.link/login.php?user=victim%40mail.com&session=2612&redirect=unlock-profile,1
http://portal-bankofamerica-update.work/login.php?user=victim%40mail.com&session=532&redirect=claim-bonus,1
http://portal-apple-id-update.gq/login.php?user=victim%40mail.com&session=27&redirect=unlock-profile,1
http://legit-service.com@coinbase-auth-secure-auth-3623.tk/index.html,1
http://89.29.66.203/paypal/urgent-notice.php?id=2410,1
https://netflix-account-verification-support-843.ml/unlock-profile,1
http://portal-coinbase-auth-update.top/login.php?user=victim%40mail.com&session=2629&redirect=urgent-notice,1
https://chase-account-verification-support-920.work/claim-bonus,1
http://109.183.113.107/bankofamerica/update-billing.php?id=1700,1
https://binance-security-account-verification-support-532.loan/kyc-confirmation,1
http://legit-service.com@coinbase-auth-secure-auth-4757.top/index.html,1
https://wellsfargo-account-verification-support-602.top/secure-login,1
http://portal-apple-id-update.top/login.php?user=victim%40mail.com&session=506&redirect=unlock-profile,1
http://legit-service.com@coinbase-auth-secure-auth-4137.gq/index.html,1
http://chase.security-alert.urgent-notice471.loan/signin?token=8e6b42f1644e,1
http://100.115.86.103/apple-id/secure-login.php?id=1738,1
http://180.247.136.30/bankofamerica/unlock-profile.php?id=7496,1
http://portal-microsoft-login-update.loan/login.php?user=victim%40mail.com&session=9924&redirect=verify-account,1
http://portal-wellsfargo-update.ml/login.php?user=victim%40mail.com&session=7508&redirect=claim-bonus,1
http://legit-service.com@chase-secure-auth-774.top/index.html,1
https://paypal-account-verification-support-3974.cf/secure-login,1
http://bankofamerica.security-alert.secure-login4198.work/signin?token=0b0b0994d12a,1
http://portal-coinbase-auth-update.link/login.php?user=victim%40mail.com&session=3339&redirect=verify-account,1
http://portal-facebook-verify-update.click/login.php?user=victim%40mail.com&session=5569&redirect=update-billing,1
http://legit-service.com@facebook-verify-secure-auth-4280.loan/index.html,1
http://legit-service.com@microsoft-login-secure-auth-2322.gq/index.html,1
http://35.70.156.146/bankofamerica/urgent-notice.php?id=5628,1
http://portal-paypal-update.zip/login.php?user=victim%40mail.com&session=7217&redirect=unlock-profile,1
https://microsoft-login-account-verification-support-2393.click/update-billing,1
http://bankofamerica.security-alert.kyc-confirmation7674.click/signin?token=04b001a20578,1
http://apple-id.security-alert.urgent-notice9400.top/signin?token=6738fc33dd0b,1
http://portal-bankofamerica-update.gq/login.php?user=victim%40mail.com&session=2282&redirect=kyc-confirmation,1
http://portal-paypal-update.zip/login.php?user=victim%40mail.com&session=1552&redirect=claim-bonus,1
https://coinbase-auth-account-verification-support-292.xyz/secure-login,1
https://microsoft-login-account-verification-support-1892.cf/unlock-profile,1
http://legit-service.com@chase-secure-auth-8802.zip/index.html,1
http://22.2.107.149/bankofamerica/verify-account.php?id=2602,1
http://bankofamerica.security-alert.urgent-notice9054.cf/signin?token=d2e3e0c2ec10,1
http://portal-netflix-update.link/login.php?user=victim%40mail.com&session=3967&redirect=claim-bonus,1
http://bankofamerica.security-alert.claim-bonus7541.gq/signin?token=8900faaaf229,1
https://chase-account-verification-support-2356.click/verify-account,1
https://apple-id-account-verification-support-4862.click/unlock-profile,1
https://facebook-verify-account-verification-support-252.work/secure-login,1
https://paypal-account-verification-support-4678.zip/kyc-confirmation,1
http://legit-service.com@netflix-secure-auth-4013.work/index.html,1
http://microsoft-login.security-alert.claim-bonus8149.top/signin?token=789ba2ae4d33,1
http://legit-service.com@bankofamerica-secure-auth-6832.xyz/index.html,1
http://144.8.28.15/wellsfargo/urgent-notice.php?id=4723,1
http://binance-security.security-alert.claim-bonus1067.gq/signin?token=31857b449c40,1
http://legit-service.com@apple-id-secure-auth-1330.cf/index.html,1
http://portal-facebook-verify-update.top/login.php?user=victim%40mail.com&session=3709&redirect=update-billing,1
https://netflix-account-verification-support-6572.ml/urgent-notice,1
http://portal-netflix-update.xyz/login.php?user=victim%40mail.com&session=1732&redirect=kyc-confirmation,1
http://coinbase-auth.security-alert.kyc-confirmation9783.zip/signin?token=668560ec159e,1
https://microsoft-login-account-verification-support-724.link/secure-login,1
http://portal-facebook-verify-update.ml/login.php?user=victim%40mail.com&session=2579&redirect=urgent-notice,1
http://portal-coinbase-auth-update.xyz/login.php?user=victim%40mail.com&session=898&redirect=urgent-notice,1
http://legit-service.com@microsoft-login-secure-auth-1733.gq/index.html,1
http://legit-service.com@wellsfargo-secure-auth-7464.zip/index.html,1
http://portal-wellsfargo-update.zip/login.php?user=victim%40mail.com&session=7025&redirect=claim-bonus,1
http://wellsfargo.security-alert.urgent-notice8097.gq/signin?token=5a2afca61e35,1
http://wellsfargo.security-alert.secure-login738.zip/signin?token=217eedd1ba8c,1
http://facebook-verify.security-alert.kyc-confirmation3876.xyz/signin?token=834a3bd235bc,1
https://binance-security-account-verification-support-5634.click/unlock-profile,1
http://55.131.17.211/wellsfargo/kyc-confirmation.php?id=4068,1
https://netflix-account-verification-support-9459.cf/urgent-notice,1
http://legit-service.com@binance-security-secure-auth-2893.zip/index.html,1
http://legit-service.com@binance-security-secure-auth-6299.top/index.html,1
http://portal-microsoft-login-update.gq/login.php?user=victim%40mail.com&session=3718&redirect=update-billing,1
http://binance-security.security-alert.verify-account7547.zip/signin?token=3783f31a590c,1
https://paypal-account-verification-support-4812.cf/kyc-confirmation,1
http://coinbase-auth.security-alert.claim-bonus4787.gq/signin?token=c5c1bda1194f,1
http://apple-id.security-alert.secure-login6264.ml/signin?token=8ab7f718012c,1
http://legit-service.com@facebook-verify-secure-auth-1160.work/index.html,1
http://legit-service.com@facebook-verify-secure-auth-1520.loan/index.html,1
http://legit-service.com@apple-id-secure-auth-8945.cf/index.html,1
http://portal-bankofamerica-update.work/login.php?user=victim%40mail.com&session=2202&redirect=verify-account,1
http://legit-service.com@binance-security-secure-auth-8308.ml/index.html,1
http://portal-microsoft-login-update.tk/login.php?user=victim%40mail.com&session=2867&redirect=verify-account,1
http://43.103.218.217/chase/secure-login.php?id=6789,1
http://netflix.security-alert.kyc-confirmation6655.tk/signin?token=c6969ae30d99,1
http://legit-service.com@microsoft-login-secure-auth-8512.click/index.html,1
http://portal-wellsfargo-update.cf/login.php?user=victim%40mail.com&session=4385&redirect=update-billing,1
http://portal-netflix-update.top/login.php?user=victim%40mail.com&session=3037&redirect=claim-bonus,1
https://facebook-verify-account-verification-support-8196.loan/claim-bonus,1
https://apple-id-account-verification-support-8935.work/verify-account,1
http://legit-service.com@microsoft-login-secure-auth-4928.cf/index.html,1
http://paypal.security-alert.verify-account1003.click/signin?token=aa68c75c4a77,1
https://bankofamerica-account-verification-support-6611.xyz/kyc-confirmation,1
http://legit-service.com@facebook-verify-secure-auth-253.xyz/index.html,1
http://coinbase-auth.security-alert.urgent-notice2719.ml/signin?token=7aee26c309de,1
http://187.211.24.27/wellsfargo/update-billing.php?id=7805,1
http://chase.security-alert.verify-account6721.zip/signin?token=a0d3973ad100,1
http://137.218.218.243/apple-id/unlock-profile.php?id=9939,1
http://portal-bankofamerica-update.top/login.php?user=victim%40mail.com&session=4580&redirect=update-billing,1
https://netflix-account-verification-support-9552.top/claim-bonus,1
http://portal-bankofamerica-update.ml/login.php?user=victim%40mail.com&session=3854&redirect=kyc-confirmation,1
http://84.39.16.188/coinbase-auth/update-billing.php?id=8387,1
http://portal-facebook-verify-update.xyz/login.php?user=victim%40mail.com&session=1334&redirect=kyc-confirmation,1
http://bankofamerica.security-alert.update-billing7564.zip/signin?token=8c6d39a0e9e6,1
https://microsoft-login-account-verification-support-8676.tk/secure-login,1
https://wellsfargo-account-verification-support-2447.gq/unlock-profile,1
http://portal-coinbase-auth-update.zip/login.php?user=victim%40mail.com&session=3410&redirect=claim-bonus,1
https://facebook-verify-account-verification-support-168.link/update-billing,1
http://legit-service.com@bankofamerica-secure-auth-7256.cf/index.html,1
https://apple-id-account-verification-support-3831.zip/urgent-notice,1
http://174.186.15.1/chase/claim-bonus.php?id=255,1
https://coinbase-auth-account-verification-support-5873.click/unlock-profile,1
http://microsoft-login.security-alert.verify-account9330.ml/signin?token=0f20c77d6afb,1
http://portal-paypal-update.top/login.php?user=victim%40mail.com&session=7406&redirect=urgent-notice,1
https://netflix-account-verification-support-9934.zip/secure-login,1
http://legit-service.com@netflix-secure-auth-5095.click/index.html,1
http://portal-netflix-update.top/login.php?user=victim%40mail.com&session=9645&redirect=claim-bonus,1
http://174.52.22.166/microsoft-login/kyc-confirmation.php?id=3007,1
http://wellsfargo.security-alert.secure-login2657.tk/signin?token=b096577e264d,1
http://portal-coinbase-auth-update.xyz/login.php?user=victim%40mail.com&session=4441&redirect=update-billing,1
https://paypal-account-verification-support-4601.cf/update-billing,1
http://portal-apple-id-update.cf/login.php?user=victim%40mail.com&session=2622&redirect=verify-account,1
https://binance-security-account-verification-support-2556.ml/secure-login,1
http://portal-microsoft-login-update.xyz/login.php?user=victim%40mail.com&session=9273&redirect=verify-account,1
https://wellsfargo-account-verification-support-354.xyz/urgent-notice,1
https://chase-account-verification-support-2490.cf/secure-login,1
https://chase-account-verification-support-6752.tk/secure-login,1
http://portal-netflix-update.link/login.php?user=victim%40mail.com&session=5910&redirect=urgent-notice,1
http://chase.security-alert.update-billing3859.top/signin?token=7171e95248ff,1
http://legit-service.com@chase-secure-auth-9863.cf/index.html,1
http://legit-service.com@bankofamerica-secure-auth-25.top/index.html,1
http://192.69.155.52/netflix/urgent-notice.php?id=7958,1
http://legit-service.com@paypal-secure-auth-4845.click/index.html,1
http://legit-service.com@microsoft-login-secure-auth-282.ml/index.html,1
http://155.27.37.22/chase/kyc-confirmation.php?id=6079,1
https://binance-security-account-verification-support-3049.xyz/claim-bonus,1
http://chase.security-alert.unlock-profile9634.ml/signin?token=ebe922af8d45,1
http://portal-binance-security-update.gq/login.php?user=victim%40mail.com&session=699&redirect=secure-login,1
http://122.58.168.87/chase/verify-account.php?id=3176,1
http://apple-id.security-alert.unlock-profile5657.xyz/signin?token=ba2030d9a88b,1
http://microsoft-login.security-alert.claim-bonus9976.ml/signin?token=4800deb3f3be,1
http://90.158.210.152/paypal/unlock-profile.php?id=6520,1
http://netflix.security-alert.kyc-confirmation469.cf/signin?token=dc6a6489640c,1
http://bankofamerica.security-alert.verify-account5990.work/signin?token=3cba81c5c6ca,1
http://67.30.3.157/microsoft-login/secure-login.php?id=8595,1
http://48.199.142.251/wellsfargo/kyc-confirmation.php?id=2277,1
https://binance-security-account-verification-support-3722.ml/claim-bonus,1
https://paypal-account-verification-support-685.ml/secure-login,1
https://apple-id-account-verification-support-9912.work/verify-account,1
http://portal-paypal-update.cf/login.php?user=victim%40mail.com&session=994&redirect=kyc-confirmation,1
http://legit-service.com@facebook-verify-secure-auth-5649.link/index.html,1
http://legit-service.com@paypal-secure-auth-8387.cf/index.html,1
http://coinbase-auth.security-alert.secure-login392.work/signin?token=f73b76ce8949,1
http://chase.security-alert.verify-account1199.top/signin?token=4d2e7bd33c47,1
http://portal-coinbase-auth-update.tk/login.php?user=victim%40mail.com&session=9940&redirect=verify-account,1
http://38.95.83.112/facebook-verify/claim-bonus.php?id=4390,1
http://facebook-verify.security-alert.kyc-confirmation6366.ml/signin?token=f8580959e35c,1
http://177.226.111.251/binance-security/secure-login.php?id=1413,1
http://portal-binance-security-update.ml/login.php?user=victim%40mail.com&session=9179&redirect=unlock-profile,1
http://portal-microsoft-login-update.cf/login.php?user=victim%40mail.com&session=7588&redirect=kyc-confirmation,1
http://legit-service.com@coinbase-auth-secure-auth-7724.cf/index.html,1
http://microsoft-login.security-alert.urgent-notice8176.link/signin?token=a894b83c9b7a,1
http://188.69.176.167/apple-id/kyc-confirmation.php?id=207,1
http://wellsfargo.security-alert.unlock-profile8340.cf/signin?token=773464bf4840,1
http://legit-service.com@microsoft-login-secure-auth-7189.ml/index.html,1
http://65.52.37.113/apple-id/urgent-notice.php?id=1653,1
https://binance-security-account-verification-support-5706.top/secure-login,1
http://40.71.214.148/wellsfargo/verify-account.php?id=2450,1
http://coinbase-auth.security-alert.secure-login1370.xyz/signin?token=d1ee59e20ad0,1
http://portal-wellsfargo-update.ml/login.php?user=victim%40mail.com&session=3310&redirect=claim-bonus,1
http://38.82.95.17/microsoft-login/unlock-profile.php?id=8337,1
http://16.12.87.189/microsoft-login/urgent-notice.php?id=5373,1
https://microsoft-login-account-verification-support-3699.work/unlock-profile,1
http://portal-wellsfargo-update.work/login.php?user=victim%40mail.com&session=3806&redirect=update-billing,1
https://coinbase-auth-account-verification-support-4316.xyz/verify-account,1
http://legit-service.com@apple-id-secure-auth-961.link/index.html,1
http://legit-service.com@facebook-verify-secure-auth-1606.top/index.html,1
http://portal-chase-update.gq/login.php?user=victim%40mail.com&session=9108&redirect=verify-account,1
http://portal-paypal-update.zip/login.php?user=victim%40mail.com&session=5765&redirect=kyc-confirmation,1
http://181.249.36.130/facebook-verify/urgent-notice.php?id=4483,1
http://165.140.186.221/microsoft-login/claim-bonus.php?id=3054,1
http://apple-id.security-alert.secure-login4051.click/signin?token=3e33b970f21d,1
http://legit-service.com@facebook-verify-secure-auth-2139.click/index.html,1
http://chase.security-alert.unlock-profile4600.cf/signin?token=5c3b99e8f925,1
https://wellsfargo-account-verification-support-9232.tk/urgent-notice,1
http://facebook-verify.security-alert.update-billing8764.gq/signin?token=d4ea5dacfff2,1
https://facebook-verify-account-verification-support-996.link/unlock-profile,1
http://80.155.8.225/binance-security/claim-bonus.php?id=1579,1
http://36.187.114.118/wellsfargo/update-billing.php?id=5264,1
https://netflix-account-verification-support-824.top/claim-bonus,1
https://wellsfargo-account-verification-support-6433.ml/verify-account,1
http://legit-service.com@apple-id-secure-auth-529.xyz/index.html,1
http://legit-service.com@bankofamerica-secure-auth-7769.click/index.html,1
http://coinbase-auth.security-alert.urgent-notice8337.xyz/signin?token=4c12343400ce,1
http://legit-service.com@coinbase-auth-secure-auth-9564.tk/index.html,1
http://bankofamerica.security-alert.kyc-confirmation8305.click/signin?token=d7488039246a,1
http://portal-binance-security-update.click/login.php?user=victim%40mail.com&session=4036&redirect=unlock-profile,1
http://bankofamerica.security-alert.secure-login2624.link/signin?token=f1748d6b0fd9,1
http://legit-service.com@chase-secure-auth-7394.top/index.html,1
http://legit-service.com@bankofamerica-secure-auth-3344.cf/index.html,1
http://microsoft-login.security-alert.verify-account764.top/signin?token=5807a685d1a9,1
http://47.34.222.164/wellsfargo/secure-login.php?id=5269,1
http://portal-apple-id-update.loan/login.php?user=victim%40mail.com&session=3347&redirect=update-billing,1
http://105.58.233.52/bankofamerica/kyc-confirmation.php?id=9737,1
http://82.37.133.154/paypal/claim-bonus.php?id=5106,1
http://legit-service.com@apple-id-secure-auth-4318.tk/index.html,1
http://legit-service.com@binance-security-secure-auth-2178.cf/index.html,1
https://chase-account-verification-support-2050.zip/update-billing,1
https://chase-account-verification-support-5659.link/verify-account,1
https://wellsfargo-account-verification-support-9890.click/unlock-profile,1
http://portal-netflix-update.top/login.php?user=victim%40mail.com&session=5787&redirect=kyc-confirmation,1
http://84.37.27.21/microsoft-login/unlock-profile.php?id=6149,1
http://portal-chase-update.zip/login.php?user=victim%40mail.com&session=1126&redirect=secure-login,1
http://163.125.105.237/netflix/urgent-notice.php?id=2171,1
http://netflix.security-alert.unlock-profile3355.link/signin?token=ca793d8b79c1,1
https://netflix-account-verification-support-7751.cf/claim-bonus,1
https://paypal-account-verification-support-5906.link/unlock-profile,1
http://portal-binance-security-update.cf/login.php?user=victim%40mail.com&session=4754&redirect=verify-account,1
http://legit-service.com@chase-secure-auth-29.work/index.html,1
http://portal-wellsfargo-update.link/login.php?user=victim%40mail.com&session=7306&redirect=secure-login,1
http://netflix.security-alert.unlock-profile2735.work/signin?token=1d4978052089,1
http://legit-service.com@binance-security-secure-auth-206.top/index.html,1
http://186.158.235.71/binance-security/kyc-confirmation.php?id=5289,1
https://apple-id-account-verification-support-7011.link/unlock-profile,1
http://196.251.117.48/bankofamerica/kyc-confirmation.php?id=7220,1
http://legit-service.com@netflix-secure-auth-8601.zip/index.html,1
http://legit-service.com@paypal-secure-auth-7996.zip/index.html,1
http://legit-service.com@bankofamerica-secure-auth-3491.zip/index.html,1
http://73.178.175.8/microsoft-login/verify-account.php?id=8920,1
http://portal-paypal-update.zip/login.php?user=victim%40mail.com&session=608&redirect=unlock-profile,1
http://portal-bankofamerica-update.xyz/login.php?user=victim%40mail.com&session=6681&redirect=verify-account,1
http://portal-facebook-verify-update.click/login.php?user=victim%40mail.com&session=53&redirect=kyc-confirmation,1
http://bankofamerica.security-alert.verify-account5625.gq/signin?token=da94be6d2b80,1
http://portal-bankofamerica-update.xyz/login.php?user=victim%40mail.com&session=3005&redirect=urgent-notice,1
http://portal-binance-security-update.work/login.php?user=victim%40mail.com&session=8372&redirect=kyc-confirmation,1
http://165.24.115.113/binance-security/kyc-confirmation.php?id=6464,1
http://125.175.21.251/apple-id/secure-login.php?id=1740,1
https://binance-security-account-verification-support-3378.loan/kyc-confirmation,1
http://portal-binance-security-update.zip/login.php?user=victim%40mail.com&session=4390&redirect=kyc-confirmation,1
http://legit-service.com@coinbase-auth-secure-auth-8680.click/index.html,1
http://15.148.230.101/microsoft-login/kyc-confirmation.php?id=1898,1
http://portal-paypal-update.ml/login.php?user=victim%40mail.com&session=43&redirect=unlock-profile,1
https://chase-account-verification-support-5256.loan/claim-bonus,1
https://binance-security-account-verification-support-1557.xyz/claim-bonus,1
http://65.239.220.104/chase/verify-account.php?id=523,1
https://wellsfargo-account-verification-support-347.ml/unlock-profile,1
http://124.209.115.198/bankofamerica/update-billing.php?id=3422,1
http://24.238.180.110/netflix/update-billing.php?id=2599,1
http://portal-paypal-update.ml/login.php?user=victim%40mail.com&session=7172&redirect=claim-bonus,1
http://microsoft-login.security-alert.claim-bonus6575.loan/signin?token=400e5e6a7ce0,1
https://microsoft-login-account-verification-support-2944.ml/kyc-confirmation,1
http://portal-paypal-update.loan/login.php?user=victim%40mail.com&session=3598&redirect=verify-account,1
https://chase-account-verification-support-1469.tk/verify-account,1
http://portal-chase-update.ml/login.php?user=victim%40mail.com&session=4100&redirect=unlock-profile,1
http://chase.security-alert.urgent-notice9796.ml/signin?token=dda8d87065d3,1
http://197.241.86.235/bankofamerica/update-billing.php?id=2383,1
http://91.227.177.243/apple-id/secure-login.php?id=2935,1
http://bankofamerica.security-alert.urgent-notice6097.cf/signin?token=afb79a9be5cd,1
http://legit-service.com@facebook-verify-secure-auth-9939.link/index.html,1
http://microsoft-login.security-alert.update-billing5349.tk/signin?token=6c468ec5a41d,1
http://paypal.security-alert.kyc-confirmation2726.loan/signin?token=b1c00bcd4b51,1
http://portal-bankofamerica-update.gq/login.php?user=victim%40mail.com&session=2007&redirect=urgent-notice,1
http://portal-bankofamerica-update.top/login.php?user=victim%40mail.com&session=4422&redirect=secure-login,1
https://coinbase-auth-account-verification-support-7758.ml/kyc-confirmation,1
http://legit-service.com@facebook-verify-secure-auth-1565.work/index.html,1
http://legit-service.com@coinbase-auth-secure-auth-4453.cf/index.html,1
http://portal-bankofamerica-update.loan/login.php?user=victim%40mail.com&session=4674&redirect=urgent-notice,1
http://legit-service.com@netflix-secure-auth-2194.zip/index.html,1
http://legit-service.com@netflix-secure-auth-5331.loan/index.html,1
https://binance-security-account-verification-support-2034.xyz/kyc-confirmation,1
https://microsoft-login-account-verification-support-7028.work/urgent-notice,1
http://portal-microsoft-login-update.top/login.php?user=victim%40mail.com&session=7226&redirect=update-billing,1
http://binance-security.security-alert.claim-bonus6334.link/signin?token=d0cffa36e832,1
http://legit-service.com@facebook-verify-secure-auth-8229.cf/index.html,1
https://bankofamerica-account-verification-support-1095.xyz/unlock-profile,1
http://legit-service.com@chase-secure-auth-8302.gq/index.html,1
http://microsoft-login.security-alert.verify-account6512.xyz/signin?token=abd1c782880c,1
https://facebook-verify-account-verification-support-9117.xyz/secure-login,1
http://portal-paypal-update.gq/login.php?user=victim%40mail.com&session=1441&redirect=urgent-notice,1
https://facebook-verify-account-verification-support-733.gq/kyc-confirmation,1
http://portal-chase-update.top/login.php?user=victim%40mail.com&session=1375&redirect=unlock-profile,1
http://legit-service.com@coinbase-auth-secure-auth-5167.work/index.html,1
https://coinbase-auth-account-verification-support-1577.cf/update-billing,1
http://apple-id.security-alert.urgent-notice7166.top/signin?token=19f01591b6ca,1
http://apple-id.security-alert.urgent-notice6761.zip/signin?token=8ab70731b155,1
http://legit-service.com@coinbase-auth-secure-auth-4024.click/index.html,1
http://84.108.59.72/bankofamerica/secure-login.php?id=6282,1
http://portal-apple-id-update.click/login.php?user=victim%40mail.com&session=2146&redirect=verify-account,1
http://microsoft-login.security-alert.unlock-profile93.gq/signin?token=98dce83da57b,1
https://facebook-verify-account-verification-support-5241.work/kyc-confirmation,1
http://legit-service.com@paypal-secure-auth-7259.ml/index.html,1
http://117.40.68.182/facebook-verify/secure-login.php?id=1900,1
https://binance-security-account-verification-support-7310.top/urgent-notice,1
http://legit-service.com@paypal-secure-auth-8233.gq/index.html,1
https://chase-account-verification-support-802.ml/verify-account,1
http://bankofamerica.security-alert.claim-bonus2790.loan/signin?token=ec0bfd000f25,1
https://apple-id-account-verification-support-4467.xyz/urgent-notice,1
http://legit-service.com@coinbase-auth-secure-auth-5971.cf/index.html,1
http://paypal.security-alert.kyc-confirmation5165.tk/signin?token=9c22c0b51b32,1
https://facebook-verify-account-verification-support-5745.top/verify-account,1
https://apple-id-account-verification-support-2721.click/update-billing,1
http://legit-service.com@paypal-secure-auth-3354.cf/index.html,1
http://172.149.150.65/chase/urgent-notice.php?id=9082,1
http://bankofamerica.security-alert.claim-bonus2927.click/signin?token=2b64c2f19d86,1
http://coinbase-auth.security-alert.urgent-notice6667.loan/signin?token=8f97d1d7e021,1
https://netflix-account-verification-support-1429.link/urgent-notice,1
http://legit-service.com@wellsfargo-secure-auth-7580.xyz/index.html,1
http://binance-security.security-alert.kyc-confirmation552.click/signin?token=94c7bb58efc3,1
http://legit-service.com@bankofamerica-secure-auth-8870.zip/index.html,1
http://coinbase-auth.security-alert.claim-bonus9382.loan/signin?token=d9a5cf487c83,1
http://174.136.252.205/apple-id/urgent-notice.php?id=4829,1
http://portal-binance-security-update.ml/login.php?user=victim%40mail.com&session=8992&redirect=urgent-notice,1
http://legit-service.com@paypal-secure-auth-1505.ml/index.html,1
http://facebook-verify.security-alert.claim-bonus5388.top/signin?token=57e4f98889f9,1
http://apple-id.security-alert.secure-login9372.top/signin?token=d0b9a6a56ca7,1
http://portal-wellsfargo-update.work/login.php?user=victim%40mail.com&session=66&redirect=verify-account,1
http://167.223.104.71/paypal/kyc-confirmation.php?id=4090,1
http://88.24.43.95/bankofamerica/claim-bonus.php?id=9037,1
http://legit-service.com@netflix-secure-auth-3234.click/index.html,1
http://portal-chase-update.ml/login.php?user=victim%40mail.com&session=1152&redirect=verify-account,1
http://legit-service.com@microsoft-login-secure-auth-5008.xyz/index.html,1
http://portal-facebook-verify-update.zip/login.php?user=victim%40mail.com&session=3372&redirect=urgent-notice,1
http://portal-microsoft-login-update.tk/login.php?user=victim%40mail.com&session=6237&redirect=verify-account,1
http://portal-facebook-verify-update.xyz/login.php?user=victim%40mail.com&session=6924&redirect=claim-bonus,1
http://portal-paypal-update.xyz/login.php?user=victim%40mail.com&session=8460&redirect=urgent-notice,1
http://portal-microsoft-login-update.ml/login.php?user=victim%40mail.com&session=5625&redirect=secure-login,1
https://coinbase-auth-account-verification-support-3106.loan/unlock-profile,1
https://bankofamerica-account-verification-support-8241.link/verify-account,1
https://binance-security-account-verification-support-7031.gq/verify-account,1
http://portal-netflix-update.top/login.php?user=victim%40mail.com&session=4107&redirect=kyc-confirmation,1
http://facebook-verify.security-alert.verify-account6832.work/signin?token=349f36aa789a,1
http://58.126.213.214/facebook-verify/update-billing.php?id=9846,1
http://legit-service.com@paypal-secure-auth-2259.cf/index.html,1
http://portal-bankofamerica-update.click/login.php?user=victim%40mail.com&session=8845&redirect=claim-bonus,1
http://legit-service.com@wellsfargo-secure-auth-5195.cf/index.html,1
http://facebook-verify.security-alert.urgent-notice2594.tk/signin?token=ce758408f6ef,1
https://microsoft-login-account-verification-support-817.xyz/kyc-confirmation,1
http://portal-bankofamerica-update.xyz/login.php?user=victim%40mail.com&session=8175&redirect=urgent-notice,1
http://53.93.230.195/coinbase-auth/unlock-profile.php?id=9651,1
http://legit-service.com@apple-id-secure-auth-4519.loan/index.html,1
https://facebook-verify-account-verification-support-7734.zip/unlock-profile,1
http://microsoft-login.security-alert.unlock-profile9314.tk/signin?token=9afe487de556,1
https://coinbase-auth-account-verification-support-6743.click/update-billing,1
http://portal-facebook-verify-update.click/login.php?user=victim%40mail.com&session=5468&redirect=verify-account,1
http://netflix.security-alert.claim-bonus3116.loan/signin?token=58191d2a914c,1
http://legit-service.com@coinbase-auth-secure-auth-3053.link/index.html,1
http://netflix.security-alert.kyc-confirmation3792.loan/signin?token=4ecb679fd35d,1
http://portal-bankofamerica-update.top/login.php?user=victim%40mail.com&session=3491&redirect=update-billing,1
http://176.14.245.142/paypal/update-billing.php?id=4132,1
http://portal-netflix-update.cf/login.php?user=victim%40mail.com&session=9792&redirect=unlock-profile,1
http://coinbase-auth.security-alert.update-billing7675.top/signin?token=0660895c22f8,1
http://microsoft-login.security-alert.unlock-profile7695.top/signin?token=f0a5944c6a81,1
http://chase.security-alert.urgent-notice5879.zip/signin?token=927e838a450e,1
http://paypal.security-alert.kyc-confirmation2418.click/signin?token=db60b95decde,1
http://chase.security-alert.secure-login9984.tk/signin?token=81930c54e08b,1
http://chase.security-alert.verify-account2208.ml/signin?token=cd3afef9b8b8,1
http://legit-service.com@chase-secure-auth-8572.zip/index.html,1
http://legit-service.com@chase-secure-auth-2606.tk/index.html,1
http://91.62.169.142/coinbase-auth/update-billing.php?id=9340,1
http://legit-service.com@netflix-secure-auth-4568.gq/index.html,1
http://portal-paypal-update.click/login.php?user=victim%40mail.com&session=4349&redirect=unlock-profile,1
http://122.46.187.194/paypal/secure-login.php?id=7398,1
http://legit-service.com@wellsfargo-secure-auth-6466.xyz/index.html,1
https://apple-id-account-verification-support-9290.top/unlock-profile,1
http://legit-service.com@microsoft-login-secure-auth-9975.loan/index.html,1
https://bankofamerica-account-verification-support-2046.click/secure-login,1
https://binance-security-account-verification-support-6336.cf/verify-account,1
http://60.212.6.75/microsoft-login/update-billing.php?id=2167,1
http://legit-service.com@netflix-secure-auth-1218.tk/index.html,1
http://chase.security-alert.update-billing993.top/signin?token=7b13b2203029,1
http://legit-service.com@chase-secure-auth-2137.tk/index.html,1
http://portal-netflix-update.tk/login.php?user=victim%40mail.com&session=4397&redirect=kyc-confirmation,1
http://wellsfargo.security-alert.unlock-profile7240.gq/signin?token=f0d7053396e7,1
http://64.87.158.219/netflix/kyc-confirmation.php?id=8582,1
http://binance-security.security-alert.claim-bonus8862.loan/signin?token=eca336bc4629,1
https://facebook-verify-account-verification-support-2152.loan/update-billing,1
http://netflix.security-alert.unlock-profile9633.gq/signin?token=8ea284a28ff5,1
http://legit-service.com@wellsfargo-secure-auth-347.zip/index.html,1
http://74.35.12.175/binance-security/kyc-confirmation.php?id=4030,1
http://legit-service.com@facebook-verify-secure-auth-6620.click/index.html,1
http://apple-id.security-alert.verify-account268.xyz/signin?token=8f121ce07d74,1
http://192.253.28.16/binance-security/kyc-confirmation.php?id=5645,1
https://binance-security-account-verification-support-1849.work/kyc-confirmation,1
http://legit-service.com@coinbase-auth-secure-auth-9585.ml/index.html,1
http://legit-service.com@microsoft-login-secure-auth-5150.loan/index.html,1
http://192.200.112.234/binance-security/urgent-notice.php?id=970,1
http://portal-bankofamerica-update.zip/login.php?user=victim%40mail.com&session=9820&redirect=unlock-profile,1
http://146.153.88.154/coinbase-auth/secure-login.php?id=401,1
http://portal-facebook-verify-update.tk/login.php?user=victim%40mail.com&session=5220&redirect=urgent-notice,1
http://microsoft-login.security-alert.claim-bonus270.loan/signin?token=39059724f73a,1
http://portal-binance-security-update.loan/login.php?user=victim%40mail.com&session=6885&redirect=urgent-notice,1
https://netflix-account-verification-support-7679.work/urgent-notice,1
http://legit-service.com@chase-secure-auth-2817.tk/index.html,1
http://portal-microsoft-login-update.click/login.php?user=victim%40mail.com&session=7498&redirect=verify-account,1
http://170.185.148.85/binance-security/kyc-confirmation.php?id=8105,1
http://legit-service.com@wellsfargo-secure-auth-7079.ml/index.html,1
http://legit-service.com@netflix-secure-auth-3783.zip/index.html,1
http://legit-service.com@bankofamerica-secure-auth-2067.link/index.html,1
http://97.146.75.123/coinbase-auth/secure-login.php?id=6454,1
http://chase.security-alert.claim-bonus3324.top/signin?token=3ce6d3c8830d,1
http://portal-wellsfargo-update.cf/login.php?user=victim%40mail.com&session=5350&redirect=claim-bonus,1
http://106.246.202.174/microsoft-login/kyc-confirmation.php?id=8543,1
http://legit-service.com@paypal-secure-auth-4804.zip/index.html,1
https://apple-id-account-verification-support-8503.ml/urgent-notice,1
http://195.215.242.245/microsoft-login/kyc-confirmation.php?id=1515,1
http://portal-chase-update.ml/login.php?user=victim%40mail.com&session=4531&redirect=update-billing,1
http://legit-service.com@binance-security-secure-auth-1556.ml/index.html,1
http://legit-service.com@wellsfargo-secure-auth-3576.zip/index.html,1
https://paypal-account-verification-support-62.click/unlock-profile,1
http://61.161.253.153/apple-id/unlock-profile.php?id=6053,1
https://bankofamerica-account-verification-support-2479.link/claim-bonus,1
http://wellsfargo.security-alert.claim-bonus6487.zip/signin?token=d5b3d8dadd77,1
http://131.77.13.73/binance-security/claim-bonus.php?id=1097,1
http://portal-apple-id-update.gq/login.php?user=victim%40mail.com&session=4967&redirect=verify-account,1
http://coinbase-auth.security-alert.claim-bonus1677.cf/signin?token=08e6bea8e90b,1
http://portal-bankofamerica-update.tk/login.php?user=victim%40mail.com&session=5786&redirect=update-billing,1
http://184.23.36.142/apple-id/kyc-confirmation.php?id=2320,1
http://125.94.49.185/chase/unlock-profile.php?id=4698,1
http://61.54.139.108/facebook-verify/kyc-confirmation.php?id=743,1
https://microsoft-login-account-verification-support-6537.cf/unlock-profile,1
http://119.81.45.112/apple-id/unlock-profile.php?id=1451,1
http://portal-paypal-update.click/login.php?user=victim%40mail.com&session=3927&redirect=kyc-confirmation,1
http://paypal.security-alert.update-billing7012.tk/signin?token=55fd1368113e,1
http://coinbase-auth.security-alert.verify-account5795.xyz/signin?token=5f11b27f1314,1
http://legit-service.com@binance-security-secure-auth-9356.zip/index.html,1
http://portal-wellsfargo-update.gq/login.php?user=victim%40mail.com&session=8369&redirect=secure-login,1
http://legit-service.com@microsoft-login-secure-auth-8064.link/index.html,1
http://portal-facebook-verify-update.xyz/login.php?user=victim%40mail.com&session=9093&redirect=kyc-confirmation,1
https://coinbase-auth-account-verification-support-8766.loan/update-billing,1
http://legit-service.com@netflix-secure-auth-2422.gq/index.html,1
https://apple-id-account-verification-support-3655.loan/verify-account,1
http://84.107.130.136/facebook-verify/unlock-profile.php?id=6619,1
http://54.188.97.227/chase/update-billing.php?id=7720,1
http://portal-bankofamerica-update.xyz/login.php?user=victim%40mail.com&session=7547&redirect=unlock-profile,1
https://binance-security-account-verification-support-1475.work/kyc-confirmation,1
http://legit-service.com@coinbase-auth-secure-auth-7040.click/index.html,1
http://portal-apple-id-update.gq/login.php?user=victim%40mail.com&session=4970&redirect=secure-login,1
https://microsoft-login-account-verification-support-6710.tk/update-billing,1
http://microsoft-login.security-alert.claim-bonus9119.gq/signin?token=d921c3c762b1,1
http://legit-service.com@microsoft-login-secure-auth-2543.loan/index.html,1
http://legit-service.com@paypal-secure-auth-6880.link/index.html,1
http://portal-facebook-verify-update.loan/login.php?user=victim%40mail.com&session=9916&redirect=secure-login,1
http://151.122.27.66/microsoft-login/update-billing.php?id=8096,1
http://netflix.security-alert.claim-bonus1100.top/signin?token=1e6e0a04d20f,1
http://legit-service.com@binance-security-secure-auth-8697.click/index.html,1
http://134.76.129.144/facebook-verify/verify-account.php?id=6009,1
http://legit-service.com@binance-security-secure-auth-2866.link/index.html,1
http://portal-apple-id-update.xyz/login.php?user=victim%40mail.com&session=1735&redirect=secure-login,1
https://microsoft-login-account-verification-support-8605.zip/update-billing,1
http://microsoft-login.security-alert.verify-account1556.cf/signin?token=4e9cec1f5830,1
https://bankofamerica-account-verification-support-7650.gq/kyc-confirmation,1
http://26.196.43.205/bankofamerica/claim-bonus.php?id=7499,1
http://apple-id.security-alert.verify-account158.tk/signin?token=06409663226a,1
https://bankofamerica-account-verification-support-2123.top/secure-login,1
https://apple-id-account-verification-support-8428.click/claim-bonus,1
http://legit-service.com@netflix-secure-auth-3946.top/index.html,1
http://portal-netflix-update.gq/login.php?user=victim%40mail.com&session=8505&redirect=unlock-profile,1
http://portal-chase-update.tk/login.php?user=victim%40mail.com&session=5158&redirect=update-billing,1
http://190.112.85.245/coinbase-auth/claim-bonus.php?id=6799,1
http://netflix.security-alert.secure-login2506.work/signin?token=87682805257e,1
http://legit-service.com@facebook-verify-secure-auth-552.zip/index.html,1
http://portal-coinbase-auth-update.ml/login.php?user=victim%40mail.com&session=2791&redirect=unlock-profile,1
http://legit-service.com@paypal-secure-auth-7042.gq/index.html,1
http://paypal.security-alert.verify-account4796.top/signin?token=c96ebeee0519,1
http://47.5.82.150/binance-security/urgent-notice.php?id=3172,1
http://27.3.10.191/apple-id/unlock-profile.php?id=9720,1
http://legit-service.com@coinbase-auth-secure-auth-1426.cf/index.html,1
http://portal-facebook-verify-update.tk/login.php?user=victim%40mail.com&session=6805&redirect=secure-login,1
https://netflix-account-verification-support-8554.click/update-billing,1
http://157.132.93.17/wellsfargo/verify-account.php?id=9979,1
https://apple-id-account-verification-support-5361.ml/update-billing,1
https://chase-account-verification-support-4245.cf/verify-account,1
https://bankofamerica-account-verification-support-4124.gq/claim-bonus,1
https://coinbase-auth-account-verification-support-6412.tk/unlock-profile,1
http://13.65.15.50/binance-security/update-billing.php?id=7633,1
https://chase-account-verification-support-708.xyz/kyc-confirmation,1
http://109.146.17.159/netflix/update-billing.php?id=6048,1
https://facebook-verify-account-verification-support-3766.gq/kyc-confirmation,1
http://wellsfargo.security-alert.secure-login9707.zip/signin?token=e96b07acb4f9,1
http://legit-service.com@chase-secure-auth-8179.tk/index.html,1
http://netflix.security-alert.verify-account9954.link/signin?token=356dc40642ab,1
http://154.26.49.170/coinbase-auth/update-billing.php?id=1118,1
http://portal-apple-id-update.click/login.php?user=victim%40mail.com&session=5963&redirect=update-billing,1
http://portal-coinbase-auth-update.cf/login.php?user=victim%40mail.com&session=4984&redirect=kyc-confirmation,1
http://netflix.security-alert.verify-account338.top/signin?token=819f46e52c25,1
http://81.151.243.248/paypal/kyc-confirmation.php?id=1012,1
http://legit-service.com@apple-id-secure-auth-2390.top/index.html,1
http://portal-paypal-update.ml/login.php?user=victim%40mail.com&session=2152&redirect=update-billing,1
http://113.8.136.98/netflix/update-billing.php?id=217,1
http://192.157.244.232/netflix/update-billing.php?id=6034,1
https://netflix-account-verification-support-8708.xyz/kyc-confirmation,1
http://legit-service.com@apple-id-secure-auth-576.cf/index.html,1
https://paypal-account-verification-support-9854.work/urgent-notice,1
http://portal-facebook-verify-update.cf/login.php?user=victim%40mail.com&session=4400&redirect=claim-bonus,1
https://wellsfargo-account-verification-support-4791.zip/unlock-profile,1
https://chase-account-verification-support-7067.tk/urgent-notice,1
http://legit-service.com@bankofamerica-secure-auth-322.click/index.html,1
http://171.144.143.141/coinbase-auth/update-billing.php?id=5506,1
http://170.225.60.240/microsoft-login/urgent-notice.php?id=249,1
http://129.30.18.5/bankofamerica/secure-login.php?id=4158,1
http://portal-netflix-update.work/login.php?user=victim%40mail.com&session=151&redirect=verify-account,1
http://portal-bankofamerica-update.top/login.php?user=victim%40mail.com&session=1565&redirect=update-billing,1
http://198.159.251.243/bankofamerica/claim-bonus.php?id=1038,1
http://chase.security-alert.claim-bonus3439.xyz/signin?token=4fa91c19016c,1
http://legit-service.com@microsoft-login-secure-auth-6466.loan/index.html,1
http://legit-service.com@paypal-secure-auth-37.xyz/index.html,1
http://72.225.33.89/apple-id/kyc-confirmation.php?id=1039,1
http://28.15.132.34/binance-security/urgent-notice.php?id=3055,1
https://apple-id-account-verification-support-6656.tk/urgent-notice,1
http://binance-security.security-alert.update-billing3157.cf/signin?token=2b45e8d6abf5,1
http://coinbase-auth.security-alert.verify-account8036.link/signin?token=750263dbb2fb,1
http://96.141.48.168/facebook-verify/kyc-confirmation.php?id=5317,1
https://paypal-account-verification-support-8058.loan/verify-account,1
http://coinbase-auth.security-alert.verify-account6565.gq/signin?token=e615c82aba46,1
http://coinbase-auth.security-alert.secure-login4607.top/signin?token=f2708856060b,1
http://144.235.199.249/bankofamerica/unlock-profile.php?id=7218,1
https://chase-account-verification-support-9852.loan/urgent-notice,1
http://binance-security.security-alert.secure-login8322.xyz/signin?token=71969a804c28,1
https://wellsfargo-account-verification-support-9479.gq/secure-login,1
http://bankofamerica.security-alert.kyc-confirmation1224.xyz/signin?token=68d13cf26c4b,1
http://legit-service.com@chase-secure-auth-9749.cf/index.html,1
http://legit-service.com@paypal-secure-auth-771.top/index.html,1
http://53.252.49.5/bankofamerica/update-billing.php?id=1506,1
https://paypal-account-verification-support-3992.xyz/kyc-confirmation,1
https://paypal-account-verification-support-552.tk/urgent-notice,1
http://legit-service.com@facebook-verify-secure-auth-1189.zip/index.html,1
https://bankofamerica-account-verification-support-9736.link/urgent-notice,1
http://portal-paypal-update.tk/login.php?user=victim%40mail.com&session=8382&redirect=unlock-profile,1
http://legit-service.com@paypal-secure-auth-2496.xyz/index.html,1
http://197.123.118.47/paypal/unlock-profile.php?id=3430,1
https://paypal-account-verification-support-9539.ml/secure-login,1
http://legit-service.com@paypal-secure-auth-2877.loan/index.html,1
https://wellsfargo-account-verification-support-6355.loan/urgent-notice,1
http://wellsfargo.security-alert.urgent-notice5662.xyz/signin?token=887caadc3642,1
http://legit-service.com@netflix-secure-auth-5951.loan/index.html,1
http://portal-microsoft-login-update.link/login.php?user=victim%40mail.com&session=5459&redirect=verify-account,1
http://legit-service.com@bankofamerica-secure-auth-1536.work/index.html,1
http://coinbase-auth.security-alert.kyc-confirmation6530.xyz/signin?token=b1790a55a679,1
https://netflix-account-verification-support-4618.cf/verify-account,1
http://chase.security-alert.update-billing3072.tk/signin?token=be767243ca8f,1
http://portal-coinbase-auth-update.click/login.php?user=victim%40mail.com&session=5704&redirect=kyc-confirmation,1
http://36.48.201.144/microsoft-login/claim-bonus.php?id=6825,1
http://bankofamerica.security-alert.verify-account6518.link/signin?token=ae581798565c,1
http://legit-service.com@binance-security-secure-auth-7768.xyz/index.html,1
http://146.123.102.143/microsoft-login/claim-bonus.php?id=2496,1
http://chase.security-alert.claim-bonus4949.gq/signin?token=34186e9eb70e,1
http://wellsfargo.security-alert.kyc-confirmation7204.work/signin?token=ae3d525daf92,1
http://portal-chase-update.ml/login.php?user=victim%40mail.com&session=4824&redirect=claim-bonus,1
http://legit-service.com@microsoft-login-secure-auth-3532.link/index.html,1
http://legit-service.com@wellsfargo-secure-auth-8134.link/index.html,1
http://legit-service.com@bankofamerica-secure-auth-4195.gq/index.html,1
http://42.150.86.58/paypal/kyc-confirmation.php?id=9254,1
https://coinbase-auth-account-verification-support-3106.ml/update-billing,1
http://wellsfargo.security-alert.secure-login5866.xyz/signin?token=a7471fdc77b3,1
http://microsoft-login.security-alert.kyc-confirmation7056.link/signin?token=ced92d38d8fe,1
https://apple-id-account-verification-support-9248.top/secure-login,1
http://wellsfargo.security-alert.verify-account5805.click/signin?token=d81f29a9985d,1
http://portal-wellsfargo-update.cf/login.php?user=victim%40mail.com&session=2282&redirect=unlock-profile,1
http://portal-microsoft-login-update.loan/login.php?user=victim%40mail.com&session=8278&redirect=secure-login,1
http://bankofamerica.security-alert.unlock-profile6399.tk/signin?token=985e9a46e100,1
http://35.53.222.237/microsoft-login/claim-bonus.php?id=8894,1
http://legit-service.com@bankofamerica-secure-auth-1877.xyz/index.html,1
http://portal-wellsfargo-update.click/login.php?user=victim%40mail.com&session=8362&redirect=urgent-notice,1
https://wellsfargo-account-verification-support-9943.cf/secure-login,1
http://portal-apple-id-update.loan/login.php?user=victim%40mail.com&session=2291&redirect=update-billing,1
http://legit-service.com@bankofamerica-secure-auth-1309.top/index.html,1
http://netflix.security-alert.secure-login2056.ml/signin?token=a96d3afec184,1
http://portal-bankofamerica-update.xyz/login.php?user=victim%40mail.com&session=2208&redirect=update-billing,1
https://facebook-verify-account-verification-support-4825.zip/secure-login,1
http://34.197.149.46/bankofamerica/claim-bonus.php?id=6051,1
http://portal-bankofamerica-update.click/login.php?user=victim%40mail.com&session=273&redirect=kyc-confirmation,1
http://portal-coinbase-auth-update.cf/login.php?user=victim%40mail.com&session=4956&redirect=kyc-confirmation,1
http://bankofamerica.security-alert.update-billing6054.cf/signin?token=417fbbf2e9d5,1
http://189.163.211.143/netflix/update-billing.php?id=4430,1
http://90.173.129.3/wellsfargo/urgent-notice.php?id=8778,1
http://binance-security.security-alert.unlock-profile4542.gq/signin?token=7c33e57e3dbd,1
http://184.95.250.61/wellsfargo/secure-login.php?id=2143,1
http://41.102.64.90/binance-security/update-billing.php?id=8605,1
http://portal-facebook-verify-update.link/login.php?user=victim%40mail.com&session=887&redirect=urgent-notice,1
http://portal-coinbase-auth-update.cf/login.php?user=victim%40mail.com&session=6050&redirect=verify-account,1
http://portal-microsoft-login-update.ml/login.php?user=victim%40mail.com&session=7054&redirect=unlock-profile,1
http://portal-binance-security-update.ml/login.php?user=victim%40mail.com&session=5968&redirect=claim-bonus,1
http://portal-chase-update.link/login.php?user=victim%40mail.com&session=5039&redirect=kyc-confirmation,1
http://legit-service.com@apple-id-secure-auth-2681.loan/index.html,1
https://paypal-account-verification-support-8465.gq/update-billing,1
http://56.62.2.104/coinbase-auth/urgent-notice.php?id=1310,1
https://netflix-account-verification-support-7934.ml/unlock-profile,1
http://wellsfargo.security-alert.kyc-confirmation3632.cf/signin?token=398475c83b47,1
http://portal-paypal-update.zip/login.php?user=victim%40mail.com&session=614&redirect=kyc-confirmation,1
http://legit-service.com@binance-security-secure-auth-3810.zip/index.html,1
https://paypal-account-verification-support-6691.click/update-billing,1
http://chase.security-alert.secure-login459.click/signin?token=7fe1f8abaad0,1
http://apple-id.security-alert.secure-login1079.link/signin?token=43baa6762fa8,1
https://binance-security-account-verification-support-2295.top/urgent-notice,1
http://microsoft-login.security-alert.unlock-profile2258.work/signin?token=2d3acd3e240c,1
http://portal-binance-security-update.top/login.php?user=victim%40mail.com&session=5283&redirect=update-billing,1
http://microsoft-login.security-alert.urgent-notice4159.ml/signin?token=ecf5631507a8,1
http://portal-apple-id-update.gq/login.php?user=victim%40mail.com&session=2493&redirect=claim-bonus,1
http://legit-service.com@wellsfargo-secure-auth-6320.tk/index.html,1
http://legit-service.com@apple-id-secure-auth-8926.work/index.html,1
http://legit-service.com@wellsfargo-secure-auth-8420.top/index.html,1
http://146.165.236.66/bankofamerica/claim-bonus.php?id=5894,1
https://paypal-account-verification-support-1572.gq/claim-bonus,1
http://portal-apple-id-update.link/login.php?user=victim%40mail.com&session=2491&redirect=claim-bonus,1
http://portal-paypal-update.gq/login.php?user=victim%40mail.com&session=7059&redirect=kyc-confirmation,1
http://99.32.155.54/binance-security/update-billing.php?id=6840,1
http://56.219.225.33/binance-security/secure-login.php?id=874,1
http://legit-service.com@chase-secure-auth-2931.top/index.html,1
http://apple-id.security-alert.unlock-profile9880.link/signin?token=5a16bce575f3,1
http://120.80.142.134/apple-id/secure-login.php?id=8217,1
http://portal-facebook-verify-update.tk/login.php?user=victim%40mail.com&session=3123&redirect=urgent-notice,1
http://facebook-verify.security-alert.verify-account7954.top/signin?token=95c3f1a8b262,1
http://portal-chase-update.top/login.php?user=victim%40mail.com&session=5268&redirect=update-billing,1
http://facebook-verify.security-alert.claim-bonus9742.work/signin?token=02aff7969b61,1
http://legit-service.com@netflix-secure-auth-4464.xyz/index.html,1
http://chase.security-alert.claim-bonus7260.click/signin?token=c705112d1ec1,1
http://portal-facebook-verify-update.ml/login.php?user=victim%40mail.com&session=9040&redirect=update-billing,1
http://legit-service.com@paypal-secure-auth-7777.link/index.html,1
http://portal-microsoft-login-update.gq/login.php?user=victim%40mail.com&session=3973&redirect=update-billing,1
https://apple-id-account-verification-support-9718.work/kyc-confirmation,1
http://chase.security-alert.unlock-profile9178.top/signin?token=ebc03fa648c2,1
http://legit-service.com@wellsfargo-secure-auth-5473.tk/index.html,1
http://chase.security-alert.urgent-notice228.cf/signin?token=74db120f0a8e,1
http://83.71.197.189/microsoft-login/claim-bonus.php?id=3833,1
http://facebook-verify.security-alert.update-billing9250.zip/signin?token=a7eb3f86b0d9,1
http://microsoft-login.security-alert.urgent-notice4265.loan/signin?token=53c5b2affa12,1
http://legit-service.com@facebook-verify-secure-auth-6706.gq/index.html,1
http://legit-service.com@binance-security-secure-auth-7717.cf/index.html,1
http://binance-security.security-alert.kyc-confirmation2027.ml/signin?token=9f62b8625f91,1
https://microsoft-login-account-verification-support-7731.tk/claim-bonus,1
http://legit-service.com@paypal-secure-auth-5928.gq/index.html,1
http://chase.security-alert.kyc-confirmation5083.gq/signin?token=47e338b3c082,1
http://165.247.56.151/wellsfargo/claim-bonus.php?id=3381,1
https://wellsfargo-account-verification-support-8967.gq/urgent-notice,1
http://105.138.10.158/netflix/kyc-confirmation.php?id=453,1
http://53.240.211.107/facebook-verify/unlock-profile.php?id=7861,1
http://portal-microsoft-login-update.top/login.php?user=victim%40mail.com&session=9786&redirect=unlock-profile,1
http://chase.security-alert.claim-bonus9968.zip/signin?token=8808eda0dd3d,1
http://legit-service.com@bankofamerica-secure-auth-3718.loan/index.html,1
http://197.89.95.103/paypal/update-billing.php?id=6580,1
http://legit-service.com@facebook-verify-secure-auth-4592.zip/index.html,1
http://legit-service.com@binance-security-secure-auth-641.tk/index.html,1
http://legit-service.com@facebook-verify-secure-auth-35.zip/index.html,1
https://bankofamerica-account-verification-support-6563.loan/update-billing,1
http://portal-coinbase-auth-update.loan/login.php?user=victim%40mail.com&session=1139&redirect=urgent-notice,1
http://196.10.78.36/coinbase-auth/update-billing.php?id=5651,1
http://facebook-verify.security-alert.claim-bonus4807.work/signin?token=f7dafc45da36,1
http://portal-netflix-update.loan/login.php?user=victim%40mail.com&session=569&redirect=claim-bonus,1
http://portal-netflix-update.xyz/login.php?user=victim%40mail.com&session=9673&redirect=secure-login,1
https://chase-account-verification-support-4622.cf/claim-bonus,1
https://chase-account-verification-support-6653.tk/update-billing,1
http://154.7.94.66/chase/secure-login.php?id=3101,1
http://binance-security.security-alert.update-billing5516.tk/signin?token=16de63b2df37,1
http://portal-binance-security-update.zip/login.php?user=victim%40mail.com&session=4958&redirect=kyc-confirmation,1
http://111.243.243.66/binance-security/kyc-confirmation.php?id=5458,1
http://legit-service.com@wellsfargo-secure-auth-2405.click/index.html,1
http://binance-security.security-alert.claim-bonus5524.tk/signin?token=81e3225c6ad4,1
http://24.20.244.121/facebook-verify/kyc-confirmation.php?id=4261,1
http://portal-coinbase-auth-update.zip/login.php?user=victim%40mail.com&session=3661&redirect=update-billing,1
http://bankofamerica.security-alert.kyc-confirmation3888.tk/signin?token=97250eb3250c,1
http://coinbase-auth.security-alert.unlock-profile4689.ml/signin?token=0e189c35adab,1
http://netflix.security-alert.urgent-notice8908.click/signin?token=161fd33f67db,1
http://159.145.107.62/apple-id/kyc-confirmation.php?id=2621,1
http://177.4.3.162/binance-security/verify-account.php?id=6319,1
http://facebook-verify.security-alert.verify-account548.link/signin?token=8d34201a5b85,1
http://21.68.227.121/paypal/unlock-profile.php?id=6355,1
http://legit-service.com@netflix-secure-auth-3145.loan/index.html,1
http://coinbase-auth.security-alert.kyc-confirmation1773.tk/signin?token=4abe17a1c80c,1
http://portal-facebook-verify-update.gq/login.php?user=victim%40mail.com&session=5848&redirect=update-billing,1
http://176.147.132.76/paypal/kyc-confirmation.php?id=2764,1
http://139.14.119.2/coinbase-auth/verify-account.php?id=6232,1
http://chase.security-alert.update-billing2303.top/signin?token=d827f12e35ea,1
https://bankofamerica-account-verification-support-2410.work/unlock-profile,1
http://apple-id.security-alert.secure-login5440.zip/signin?token=7a2347d96752,1
https://facebook-verify-account-verification-support-4940.loan/secure-login,1
http://wellsfargo.security-alert.claim-bonus7803.top/signin?token=12e35d9186dd,1
http://101.124.249.72/apple-id/unlock-profile.php?id=7991,1
http://legit-service.com@facebook-verify-secure-auth-7149.cf/index.html,1
http://legit-service.com@netflix-secure-auth-9427.gq/index.html,1
https://wellsfargo-account-verification-support-1198.click/kyc-confirmation,1
http://legit-service.com@chase-secure-auth-1331.link/index.html,1
https://binance-security-account-verification-support-5478.cf/verify-account,1
https://paypal-account-verification-support-5688.click/kyc-confirmation,1
http://wellsfargo.security-alert.urgent-notice997.link/signin?token=ec5aa0b78460,1
http://portal-netflix-update.ml/login.php?user=victim%40mail.com&session=3855&redirect=urgent-notice,1
http://facebook-verify.security-alert.unlock-profile6934.click/signin?token=10ffbba2ec90,1
http://coinbase-auth.security-alert.update-billing8793.click/signin?token=4fc7e9c4df30,1
http://bankofamerica.security-alert.update-billing8314.top/signin?token=7a951116de2a,1
https://netflix-account-verification-support-6850.xyz/secure-login,1
http://chase.security-alert.unlock-profile3261.ml/signin?token=95177e528f8d,1
http://82.161.133.240/microsoft-login/kyc-confirmation.php?id=6875,1
http://portal-facebook-verify-update.zip/login.php?user=victim%40mail.com&session=7584&redirect=unlock-profile,1
http://legit-service.com@binance-security-secure-auth-411.link/index.html,1
http://portal-facebook-verify-update.link/login.php?user=victim%40mail.com&session=9261&redirect=urgent-notice,1
http://166.218.107.149/bankofamerica/secure-login.php?id=2285,1
http://75.108.80.133/microsoft-login/secure-login.php?id=499,1
https://bankofamerica-account-verification-support-8427.loan/update-billing,1
http://87.42.174.25/wellsfargo/unlock-profile.php?id=5858,1
http://162.23.189.165/wellsfargo/unlock-profile.php?id=6994,1
https://coinbase-auth-account-verification-support-5949.top/urgent-notice,1
http://14.131.19.169/microsoft-login/secure-login.php?id=9187,1
https://binance-security-account-verification-support-5904.link/urgent-notice,1
http://portal-wellsfargo-update.top/login.php?user=victim%40mail.com&session=3157&redirect=claim-bonus,1
http://chase.security-alert.update-billing7911.top/signin?token=11833d4b4ec6,1
http://legit-service.com@netflix-secure-auth-244.gq/index.html,1
http://181.227.241.75/coinbase-auth/secure-login.php?id=5138,1
http://portal-paypal-update.xyz/login.php?user=victim%40mail.com&session=4811&redirect=unlock-profile,1
http://portal-wellsfargo-update.top/login.php?user=victim%40mail.com&session=1347&redirect=claim-bonus,1
http://portal-apple-id-update.ml/login.php?user=victim%40mail.com&session=9789&redirect=claim-bonus,1
https://microsoft-login-account-verification-support-8803.click/claim-bonus,1
http://184.83.184.56/wellsfargo/secure-login.php?id=3292,1
https://wellsfargo-account-verification-support-726.link/update-billing,1
http://73.120.247.186/binance-security/update-billing.php?id=8515,1
http://wellsfargo.security-alert.unlock-profile8059.click/signin?token=e382f91e2c82,1
http://127.91.82.186/paypal/update-billing.php?id=4230,1
http://portal-chase-update.work/login.php?user=victim%40mail.com&session=4967&redirect=urgent-notice,1
http://194.13.124.232/microsoft-login/urgent-notice.php?id=9408,1
http://apple-id.security-alert.kyc-confirmation5123.click/signin?token=037a595e6f4f,1
http://legit-service.com@microsoft-login-secure-auth-20.link/index.html,1
http://161.45.74.205/chase/kyc-confirmation.php?id=7344,1
http://legit-service.com@facebook-verify-secure-auth-294.click/index.html,1
http://chase.security-alert.unlock-profile1039.top/signin?token=27ed0fb950b8,1
http://coinbase-auth.security-alert.urgent-notice7765.top/signin?token=991d912445bd,1
http://55.232.54.110/coinbase-auth/secure-login.php?id=5404,1
http://150.113.71.240/bankofamerica/kyc-confirmation.php?id=4327,1
http://162.65.145.38/facebook-verify/unlock-profile.php?id=6997,1
http://portal-paypal-update.work/login.php?user=victim%40mail.com&session=2294&redirect=urgent-notice,1
https://apple-id-account-verification-support-2818.top/verify-account,1
https://chase-account-verification-support-6531.loan/urgent-notice,1
http://legit-service.com@binance-security-secure-auth-2706.zip/index.html,1
http://binance-security.security-alert.verify-account3303.cf/signin?token=f24ad6f72d6c,1
https://chase-account-verification-support-7581.top/verify-account,1
http://portal-binance-security-update.cf/login.php?user=victim%40mail.com&session=6247&redirect=claim-bonus,1
http://36.100.81.27/facebook-verify/unlock-profile.php?id=1385,1
http://portal-netflix-update.top/login.php?user=victim%40mail.com&session=4959&redirect=urgent-notice,1
http://legit-service.com@facebook-verify-secure-auth-648.gq/index.html,1
https://apple-id-account-verification-support-9025.link/verify-account,1
http://coinbase-auth.security-alert.unlock-profile3489.xyz/signin?token=1b318124e37a,1
http://coinbase-auth.security-alert.unlock-profile2643.tk/signin?token=38181d991caa,1
http://paypal.security-alert.verify-account4061.gq/signin?token=f3a3a63a79eb,1
http://110.191.182.236/wellsfargo/claim-bonus.php?id=2293,1
http://portal-microsoft-login-update.top/login.php?user=victim%40mail.com&session=7116&redirect=claim-bonus,1
https://facebook-verify-account-verification-support-2271.top/urgent-notice,1
https://bankofamerica-account-verification-support-7245.click/urgent-notice,1
http://portal-netflix-update.loan/login.php?user=victim%40mail.com&session=8651&redirect=kyc-confirmation,1
http://portal-wellsfargo-update.link/login.php?user=victim%40mail.com&session=8531&redirect=update-billing,1
http://portal-bankofamerica-update.zip/login.php?user=victim%40mail.com&session=422&redirect=unlock-profile,1
http://portal-facebook-verify-update.zip/login.php?user=victim%40mail.com&session=5581&redirect=kyc-confirmation,1
http://33.67.160.216/wellsfargo/claim-bonus.php?id=6290,1
https://apple-id-account-verification-support-190.tk/urgent-notice,1
http://legit-service.com@binance-security-secure-auth-5048.zip/index.html,1
http://60.67.180.86/apple-id/kyc-confirmation.php?id=1074,1
http://191.17.112.125/netflix/secure-login.php?id=2313,1
https://binance-security-account-verification-support-5544.top/kyc-confirmation,1
http://binance-security.security-alert.kyc-confirmation7566.loan/signin?token=b937384a573b,1
http://legit-service.com@coinbase-auth-secure-auth-3755.zip/index.html,1
http://66.102.163.119/chase/claim-bonus.php?id=6470,1
http://legit-service.com@facebook-verify-secure-auth-7241.gq/index.html,1
http://binance-security.security-alert.claim-bonus2132.gq/signin?token=f6e794a75c5d,1
http://legit-service.com@chase-secure-auth-8144.link/index.html,1
http://legit-service.com@binance-security-secure-auth-7236.ml/index.html,1
https://binance-security-account-verification-support-4295.top/urgent-notice,1
https://bankofamerica-account-verification-support-1002.gq/claim-bonus,1
http://139.85.69.129/binance-security/verify-account.php?id=5971,1
https://netflix-account-verification-support-5986.click/kyc-confirmation,1
http://portal-coinbase-auth-update.work/login.php?user=victim%40mail.com&session=1018&redirect=claim-bonus,1
http://legit-service.com@chase-secure-auth-2209.click/index.html,1
http://portal-bankofamerica-update.work/login.php?user=victim%40mail.com&session=7124&redirect=urgent-notice,1
http://legit-service.com@chase-secure-auth-1234.work/index.html,1
http://portal-chase-update.link/login.php?user=victim%40mail.com&session=191&redirect=urgent-notice,1
http://chase.security-alert.secure-login2955.xyz/signin?token=b44afe91b8a4,1
http://162.16.81.188/coinbase-auth/urgent-notice.php?id=3696,1
http://169.66.54.2/bankofamerica/unlock-profile.php?id=9402,1
https://bankofamerica-account-verification-support-7457.work/kyc-confirmation,1
http://22.184.61.105/binance-security/claim-bonus.php?id=1792,1
http://83.68.31.215/binance-security/update-billing.php?id=9048,1
http://apple-id.security-alert.update-billing6177.xyz/signin?token=d98c1545b761,1
http://legit-service.com@wellsfargo-secure-auth-5368.work/index.html,1
https://facebook-verify-account-verification-support-2743.tk/urgent-notice,1
http://portal-apple-id-update.work/login.php?user=victim%40mail.com&session=3248&redirect=secure-login,1
https://microsoft-login-account-verification-support-797.gq/secure-login,1
https://coinbase-auth-account-verification-support-5794.zip/kyc-confirmation,1
http://legit-service.com@bankofamerica-secure-auth-5650.ml/index.html,1
https://netflix-account-verification-support-547.cf/update-billing,1
http://legit-service.com@paypal-secure-auth-3593.ml/index.html,1
http://42.66.59.160/microsoft-login/urgent-notice.php?id=3866,1
http://legit-service.com@chase-secure-auth-2935.zip/index.html,1
http://chase.security-alert.claim-bonus6016.zip/signin?token=593906af0d13,1
http://legit-service.com@bankofamerica-secure-auth-7391.ml/index.html,1
https://microsoft-login-account-verification-support-6878.cf/kyc-confirmation,1
http://binance-security.security-alert.update-billing3611.click/signin?token=4cf33e18ede1,1
http://apple-id.security-alert.verify-account6352.zip/signin?token=9f16b57bdd44,1
http://portal-binance-security-update.xyz/login.php?user=victim%40mail.com&session=7610&redirect=kyc-confirmation,1
http://portal-wellsfargo-update.gq/login.php?user=victim%40mail.com&session=7385&redirect=verify-account,1
http://legit-service.com@coinbase-auth-secure-auth-5499.loan/index.html,1
http://legit-service.com@binance-security-secure-auth-240.work/index.html,1
http://legit-service.com@wellsfargo-secure-auth-3980.ml/index.html,1
http://185.136.17.99/microsoft-login/verify-account.php?id=5253,1
https://chase-account-verification-support-618.zip/kyc-confirmation,1
http://portal-bankofamerica-update.zip/login.php?user=victim%40mail.com&session=7326&redirect=kyc-confirmation,1
http://92.203.46.44/wellsfargo/urgent-notice.php?id=4901,1
http://portal-coinbase-auth-update.top/login.php?user=victim%40mail.com&session=698&redirect=verify-account,1
http://portal-apple-id-update.zip/login.php?user=victim%40mail.com&session=7265&redirect=update-billing,1
http://legit-service.com@coinbase-auth-secure-auth-5133.loan/index.html,1
http://legit-service.com@paypal-secure-auth-1762.gq/index.html,1
http://legit-service.com@apple-id-secure-auth-5926.tk/index.html,1
https://paypal-account-verification-support-7614.ml/claim-bonus,1
http://legit-service.com@apple-id-secure-auth-8006.cf/index.html,1
http://portal-microsoft-login-update.top/login.php?user=victim%40mail.com&session=6763&redirect=verify-account,1
http://portal-facebook-verify-update.zip/login.php?user=victim%40mail.com&session=1334&redirect=update-billing,1
http://chase.security-alert.unlock-profile1892.click/signin?token=ca460332316d,1
https://paypal-account-verification-support-5302.cf/kyc-confirmation,1
http://legit-service.com@microsoft-login-secure-auth-3212.tk/index.html,1
http://chase.security-alert.claim-bonus6199.work/signin?token=c2f599841f21,1
http://legit-service.com@apple-id-secure-auth-5118.link/index.html,1
https://apple-id-account-verification-support-6141.loan/claim-bonus,1
http://portal-netflix-update.click/login.php?user=victim%40mail.com&session=6807&redirect=update-billing,1
http://portal-wellsfargo-update.loan/login.php?user=victim%40mail.com&session=7273&redirect=verify-account,1
http://facebook-verify.security-alert.update-billing3571.loan/signin?token=f8f5161cf94d,1
https://coinbase-auth-account-verification-support-4557.cf/secure-login,1
http://binance-security.security-alert.verify-account7576.tk/signin?token=f18ee45840e1,1
http://108.231.96.157/facebook-verify/update-billing.php?id=380,1
https://binance-security-account-verification-support-2465.link/urgent-notice,1
http://portal-chase-update.top/login.php?user=victim%40mail.com&session=982&redirect=update-billing,1
http://86.48.143.135/coinbase-auth/verify-account.php?id=7486,1
http://binance-security.security-alert.secure-login133.click/signin?token=9fc3d7152ba9,1
http://legit-service.com@wellsfargo-secure-auth-3588.click/index.html,1
https://coinbase-auth-account-verification-support-6329.zip/update-billing,1
http://netflix.security-alert.claim-bonus8166.click/signin?token=1fc5309ccc65,1
http://121.210.248.175/microsoft-login/urgent-notice.php?id=9402,1
http://54.71.125.152/coinbase-auth/secure-login.php?id=3733,1
http://legit-service.com@microsoft-login-secure-auth-9555.cf/index.html,1
https://bankofamerica-account-verification-support-4942.loan/update-billing,1
http://legit-service.com@coinbase-auth-secure-auth-5018.gq/index.html,1
http://legit-service.com@bankofamerica-secure-auth-6282.click/index.html,1
https://bankofamerica-account-verification-support-1226.gq/update-billing,1
http://154.148.230.47/binance-security/unlock-profile.php?id=2623,1
http://legit-service.com@facebook-verify-secure-auth-6048.tk/index.html,1
http://portal-paypal-update.work/login.php?user=victim%40mail.com&session=1806&redirect=claim-bonus,1
http://legit-service.com@coinbase-auth-secure-auth-2266.work/index.html,1
http://portal-bankofamerica-update.ml/login.php?user=victim%40mail.com&session=7371&redirect=secure-login,1
http://portal-paypal-update.gq/login.php?user=victim%40mail.com&session=7664&redirect=unlock-profile,1
http://portal-paypal-update.xyz/login.php?user=victim%40mail.com&session=4934&redirect=verify-account,1
http://portal-chase-update.gq/login.php?user=victim%40mail.com&session=7947&redirect=claim-bonus,1
http://legit-service.com@binance-security-secure-auth-231.xyz/index.html,1
http://microsoft-login.security-alert.claim-bonus5418.gq/signin?token=7d3e28d14440,1
http://192.29.13.245/apple-id/kyc-confirmation.php?id=7118,1
http://legit-service.com@facebook-verify-secure-auth-4181.gq/index.html,1
http://legit-service.com@coinbase-auth-secure-auth-9785.click/index.html,1
http://legit-service.com@facebook-verify-secure-auth-9453.link/index.html,1
http://portal-netflix-update.work/login.php?user=victim%40mail.com&session=8333&redirect=secure-login,1
http://141.7.88.86/microsoft-login/kyc-confirmation.php?id=9467,1
http://legit-service.com@wellsfargo-secure-auth-1364.tk/index.html,1
http://legit-service.com@chase-secure-auth-4085.tk/index.html,1
http://wellsfargo.security-alert.secure-login5456.tk/signin?token=a89b71bb5227,1
http://legit-service.com@binance-security-secure-auth-7201.zip/index.html,1
http://netflix.security-alert.verify-account1096.tk/signin?token=4e2545f819e6,1
https://bankofamerica-account-verification-support-6742.link/verify-account,1
https://coinbase-auth-account-verification-support-5923.work/secure-login,1
http://portal-apple-id-update.loan/login.php?user=victim%40mail.com&session=5587&redirect=update-billing,1
https://coinbase-auth-account-verification-support-3989.loan/secure-login,1
http://portal-facebook-verify-update.click/login.php?user=victim%40mail.com&session=2657&redirect=update-billing,1
http://paypal.security-alert.kyc-confirmation6604.work/signin?token=3dea6b598a16,1
http://wellsfargo.security-alert.update-billing599.loan/signin?token=3435c378bb76,1
https://paypal-account-verification-support-11.ml/kyc-confirmation,1
http://netflix.security-alert.kyc-confirmation8072.tk/signin?token=85dfba75bcad,1
http://56.54.159.211/binance-security/claim-bonus.php?id=9173,1
https://binance-security-account-verification-support-2894.loan/secure-login,1
http://115.77.87.31/paypal/update-billing.php?id=3424,1
http://chase.security-alert.unlock-profile1348.zip/signin?token=c73dfe6c630e,1
http://170.15.230.75/microsoft-login/secure-login.php?id=743,1
http://143.90.6.227/bankofamerica/urgent-notice.php?id=5867,1
https://chase-account-verification-support-6226.cf/unlock-profile,1
http://161.171.68.171/wellsfargo/urgent-notice.php?id=5335,1
http://147.219.55.6/facebook-verify/claim-bonus.php?id=6952,1
http://apple-id.security-alert.unlock-profile9569.top/signin?token=f50fb34f27bd,1
http://24.20.212.10/netflix/unlock-profile.php?id=5879,1
http://legit-service.com@microsoft-login-secure-auth-3838.xyz/index.html,1
http://portal-apple-id-update.work/login.php?user=victim%40mail.com&session=5024&redirect=verify-account,1
http://89.20.42.21/facebook-verify/unlock-profile.php?id=5759,1
http://portal-binance-security-update.work/login.php?user=victim%40mail.com&session=3759&redirect=update-billing,1
http://portal-netflix-update.work/login.php?user=victim%40mail.com&session=2999&redirect=update-billing,1
http://legit-service.com@bankofamerica-secure-auth-8856.click/index.html,1
http://legit-service.com@apple-id-secure-auth-7396.xyz/index.html,1
https://paypal-account-verification-support-1768.cf/secure-login,1
http://192.44.210.81/binance-security/secure-login.php?id=1450,1
http://legit-service.com@binance-security-secure-auth-6292.link/index.html,1
https://microsoft-login-account-verification-support-8213.link/urgent-notice,1
http://paypal.security-alert.update-billing5154.work/signin?token=18a411989b47,1
https://coinbase-auth-account-verification-support-3252.loan/unlock-profile,1
http://chase.security-alert.secure-login9917.loan/signin?token=7274a60c8314,1
http://64.4.215.135/facebook-verify/update-billing.php?id=2855,1
http://facebook-verify.security-alert.unlock-profile1186.tk/signin?token=2b6d65b9a944,1
https://paypal-account-verification-support-6154.work/kyc-confirmation,1
https://microsoft-login-account-verification-support-9580.cf/secure-login,1
http://portal-chase-update.ml/login.php?user=victim%40mail.com&session=9739&redirect=unlock-profile,1
http://40.30.215.173/apple-id/urgent-notice.php?id=9834,1
http://151.125.80.184/binance-security/unlock-profile.php?id=3398,1
http://19.220.46.94/apple-id/secure-login.php?id=4641,1
http://microsoft-login.security-alert.update-billing5660.zip/signin?token=fa1839c55070,1
http://148.196.43.218/paypal/kyc-confirmation.php?id=1433,1
https://facebook-verify-account-verification-support-1155.tk/unlock-profile,1
http://16.108.193.206/netflix/unlock-profile.php?id=6252,1
http://legit-service.com@binance-security-secure-auth-2002.link/index.html,1
http://84.73.17.106/microsoft-login/unlock-profile.php?id=815,1
https://apple-id-account-verification-support-8285.tk/secure-login,1
http://91.189.156.206/coinbase-auth/kyc-confirmation.php?id=7895,1
http://142.44.126.143/chase/kyc-confirmation.php?id=5000,1
http://chase.security-alert.update-billing1550.work/signin?token=6b8eba435517,1
http://126.228.113.234/apple-id/unlock-profile.php?id=311,1
http://legit-service.com@bankofamerica-secure-auth-7720.gq/index.html,1
http://141.38.198.241/coinbase-auth/secure-login.php?id=3688,1
http://microsoft-login.security-alert.verify-account8162.loan/signin?token=7f2776f553fe,1
http://portal-paypal-update.gq/login.php?user=victim%40mail.com&session=3350&redirect=claim-bonus,1
http://portal-microsoft-login-update.loan/login.php?user=victim%40mail.com&session=6866&redirect=kyc-confirmation,1
https://chase-account-verification-support-7101.click/secure-login,1
http://133.182.218.214/chase/kyc-confirmation.php?id=4411,1
http://173.110.158.110/coinbase-auth/urgent-notice.php?id=6877,1
http://30.199.144.52/microsoft-login/kyc-confirmation.php?id=2072,1
https://microsoft-login-account-verification-support-9080.cf/verify-account,1
http://104.126.16.155/wellsfargo/claim-bonus.php?id=3817,1
https://bankofamerica-account-verification-support-467.ml/unlock-profile,1
https://coinbase-auth-account-verification-support-7652.zip/update-billing,1
http://portal-paypal-update.work/login.php?user=victim%40mail.com&session=1991&redirect=secure-login,1
https://paypal-account-verification-support-4476.tk/claim-bonus,1
https://apple-id-account-verification-support-8423.link/unlock-profile,1
http://portal-facebook-verify-update.work/login.php?user=victim%40mail.com&session=4272&redirect=urgent-notice,1
http://133.116.186.115/facebook-verify/urgent-notice.php?id=5500,1
http://legit-service.com@coinbase-auth-secure-auth-6249.loan/index.html,1
http://legit-service.com@netflix-secure-auth-7709.ml/index.html,1
http://legit-service.com@wellsfargo-secure-auth-9556.ml/index.html,1
http://portal-chase-update.gq/login.php?user=victim%40mail.com&session=2373&redirect=unlock-profile,1
http://portal-chase-update.top/login.php?user=victim%40mail.com&session=1845&redirect=update-billing,1
http://legit-service.com@facebook-verify-secure-auth-2958.top/index.html,1
https://facebook-verify-account-verification-support-7961.link/claim-bonus,1
http://116.30.133.138/facebook-verify/unlock-profile.php?id=9667,1
http://legit-service.com@apple-id-secure-auth-2197.click/index.html,1
http://legit-service.com@paypal-secure-auth-2853.loan/index.html,1
http://65.237.18.53/netflix/kyc-confirmation.php?id=3870,1
https://coinbase-auth-account-verification-support-9147.zip/kyc-confirmation,1
http://88.207.139.253/wellsfargo/update-billing.php?id=6450,1
http://portal-binance-security-update.loan/login.php?user=victim%40mail.com&session=5705&redirect=kyc-confirmation,1
https://paypal-account-verification-support-4896.loan/update-billing,1
http://legit-service.com@binance-security-secure-auth-3522.work/index.html,1
http://portal-wellsfargo-update.work/login.php?user=victim%40mail.com&session=1854&redirect=verify-account,1
http://wellsfargo.security-alert.update-billing4891.gq/signin?token=e9257036daf2,1
http://154.25.62.230/wellsfargo/claim-bonus.php?id=9331,1
http://172.208.53.151/bankofamerica/kyc-confirmation.php?id=3279,1
http://portal-microsoft-login-update.top/login.php?user=victim%40mail.com&session=742&redirect=secure-login,1
http://portal-bankofamerica-update.cf/login.php?user=victim%40mail.com&session=2168&redirect=unlock-profile,1
https://paypal-account-verification-support-8163.click/unlock-profile,1
http://portal-bankofamerica-update.work/login.php?user=victim%40mail.com&session=9786&redirect=unlock-profile,1
http://portal-microsoft-login-update.xyz/login.php?user=victim%40mail.com&session=7483&redirect=secure-login,1
http://microsoft-login.security-alert.update-billing928.gq/signin?token=d045c59a90d7,1
http://microsoft-login.security-alert.urgent-notice2871.ml/signin?token=2650d6089a6d,1
https://binance-security-account-verification-support-2452.cf/urgent-notice,1
https://bankofamerica-account-verification-support-1082.click/kyc-confirmation,1
https://bankofamerica-account-verification-support-1781.link/urgent-notice,1
http://portal-facebook-verify-update.tk/login.php?user=victim%40mail.com&session=2361&redirect=urgent-notice,1
http://51.63.14.58/wellsfargo/update-billing.php?id=3112,1
http://facebook-verify.security-alert.update-billing3329.work/signin?token=ac8cd1808dc3,1
http://chase.security-alert.update-billing8077.top/signin?token=b943325cc7b7,1
http://legit-service.com@apple-id-secure-auth-3854.top/index.html,1
http://legit-service.com@wellsfargo-secure-auth-2260.xyz/index.html,1
http://netflix.security-alert.update-billing6136.zip/signin?token=c1285fcadc52,1
http://portal-binance-security-update.work/login.php?user=victim%40mail.com&session=5088&redirect=unlock-profile,1
http://legit-service.com@microsoft-login-secure-auth-778.tk/index.html,1
http://portal-paypal-update.xyz/login.php?user=victim%40mail.com&session=5272&redirect=claim-bonus,1
http://legit-service.com@netflix-secure-auth-6749.top/index.html,1
http://apple-id.security-alert.update-billing6263.zip/signin?token=30ee748d38e2,1
https://netflix-account-verification-support-9788.gq/verify-account,1
http://portal-binance-security-update.xyz/login.php?user=victim%40mail.com&session=9133&redirect=claim-bonus,1
https://microsoft-login-account-verification-support-4069.tk/verify-account,1
http://portal-coinbase-auth-update.xyz/login.php?user=victim%40mail.com&session=9736&redirect=urgent-notice,1
http://portal-paypal-update.zip/login.php?user=victim%40mail.com&session=4558&redirect=secure-login,1
http://portal-binance-security-update.tk/login.php?user=victim%40mail.com&session=1402&redirect=urgent-notice,1
http://48.251.53.141/binance-security/kyc-confirmation.php?id=5348,1
http://59.122.70.163/facebook-verify/secure-login.php?id=481,1
https://coinbase-auth-account-verification-support-2187.zip/urgent-notice,1
http://89.245.42.161/wellsfargo/kyc-confirmation.php?id=4152,1
http://legit-service.com@coinbase-auth-secure-auth-9452.click/index.html,1
http://microsoft-login.security-alert.urgent-notice8811.click/signin?token=3f9e3767ef3b,1
http://legit-service.com@netflix-secure-auth-4665.top/index.html,1
http://portal-netflix-update.ml/login.php?user=victim%40mail.com&session=9117&redirect=verify-account,1
http://microsoft-login.security-alert.update-billing5716.tk/signin?token=fd4771e85e1f,1
https://wellsfargo-account-verification-support-412.tk/urgent-notice,1
http://portal-microsoft-login-update.xyz/login.php?user=victim%40mail.com&session=5544&redirect=update-billing,1
http://portal-chase-update.top/login.php?user=victim%40mail.com&session=7248&redirect=verify-account,1
https://coinbase-auth-account-verification-support-4892.top/secure-login,1
https://bankofamerica-account-verification-support-8134.cf/claim-bonus,1
https://netflix-account-verification-support-5455.loan/unlock-profile,1
https://paypal-account-verification-support-5730.ml/claim-bonus,1
https://apple-id-account-verification-support-1266.xyz/unlock-profile,1
http://68.131.30.19/paypal/update-billing.php?id=5193,1
http://facebook-verify.security-alert.claim-bonus9372.loan/signin?token=d0b9a6a56ca7,1
http://netflix.security-alert.secure-login4503.gq/signin?token=09a69de15cf8,1
http://195.222.228.92/binance-security/claim-bonus.php?id=8731,1
http://legit-service.com@wellsfargo-secure-auth-6875.ml/index.html,1
http://portal-coinbase-auth-update.work/login.php?user=victim%40mail.com&session=273&redirect=kyc-confirmation,1
https://microsoft-login-account-verification-support-9398.cf/kyc-confirmation,1
http://legit-service.com@netflix-secure-auth-7821.click/index.html,1
http://portal-bankofamerica-update.loan/login.php?user=victim%40mail.com&session=8473&redirect=urgent-notice,1
http://legit-service.com@netflix-secure-auth-9243.zip/index.html,1
http://chase.security-alert.update-billing2471.click/signin?token=d9ff90f4000e,1
http://portal-facebook-verify-update.zip/login.php?user=victim%40mail.com&session=3377&redirect=kyc-confirmation,1
https://paypal-account-verification-support-3066.gq/update-billing,1
http://legit-service.com@microsoft-login-secure-auth-9315.top/index.html,1
http://portal-apple-id-update.link/login.php?user=victim%40mail.com&session=7896&redirect=kyc-confirmation,1
http://apple-id.security-alert.claim-bonus7914.xyz/signin?token=17a3120e4e5f,1
http://legit-service.com@apple-id-secure-auth-2679.work/index.html,1
http://binance-security.security-alert.secure-login5040.loan/signin?token=79c662560b0a,1
http://legit-service.com@netflix-secure-auth-5710.xyz/index.html,1
http://legit-service.com@coinbase-auth-secure-auth-2770.work/index.html,1
http://binance-security.security-alert.secure-login4932.work/signin?token=b3746c4a2741,1
https://apple-id-account-verification-support-9176.zip/kyc-confirmation,1
http://117.139.102.217/coinbase-auth/kyc-confirmation.php?id=4931,1
http://apple-id.security-alert.verify-account3837.ml/signin?token=a6ade5aa93b8,1
http://79.242.152.63/facebook-verify/kyc-confirmation.php?id=2304,1
http://89.148.57.177/wellsfargo/claim-bonus.php?id=2087,1
http://portal-binance-security-update.work/login.php?user=victim%40mail.com&session=5366&redirect=verify-account,1
https://netflix-account-verification-support-5518.click/verify-account,1
http://portal-wellsfargo-update.loan/login.php?user=victim%40mail.com&session=9651&redirect=urgent-notice,1
http://legit-service.com@paypal-secure-auth-5895.tk/index.html,1
https://chase-account-verification-support-456.ml/urgent-notice,1
http://binance-security.security-alert.verify-account2691.xyz/signin?token=110eec23201d,1
https://facebook-verify-account-verification-support-5373.gq/unlock-profile,1
https://binance-security-account-verification-support-1295.top/verify-account,1
http://95.198.232.199/binance-security/update-billing.php?id=9247,1
http://legit-service.com@apple-id-secure-auth-1553.ml/index.html,1
http://35.44.175.119/netflix/unlock-profile.php?id=6108,1
http://binance-security.security-alert.kyc-confirmation7880.cf/signin?token=46ba59a69948,1
http://113.46.159.102/wellsfargo/claim-bonus.php?id=8390,1
http://portal-chase-update.click/login.php?user=victim%40mail.com&session=9104&redirect=unlock-profile,1
http://portal-bankofamerica-update.click/login.php?user=victim%40mail.com&session=653&redirect=update-billing,1
http://legit-service.com@paypal-secure-auth-9301.gq/index.html,1
http://binance-security.security-alert.verify-account7096.ml/signin?token=ea3aed2bce2d,1
http://64.163.236.248/binance-security/update-billing.php?id=6606,1
https://paypal-account-verification-support-4777.loan/verify-account,1
http://legit-service.com@binance-security-secure-auth-313.zip/index.html,1
http://legit-service.com@wellsfargo-secure-auth-3235.gq/index.html,1
http://coinbase-auth.security-alert.verify-account6749.work/signin?token=02ed812220b0,1
http://paypal.security-alert.secure-login4213.click/signin?token=872dd316eb8a,1
http://legit-service.com@chase-secure-auth-1840.tk/index.html,1
http://portal-wellsfargo-update.tk/login.php?user=victim%40mail.com&session=4273&redirect=urgent-notice,1
http://portal-apple-id-update.xyz/login.php?user=victim%40mail.com&session=1788&redirect=claim-bonus,1
https://bankofamerica-account-verification-support-7476.click/update-billing,1
http://legit-service.com@binance-security-secure-auth-8053.tk/index.html,1
http://microsoft-login.security-alert.urgent-notice2250.click/signin?token=a07c2f3b3b90,1
http://portal-binance-security-update.loan/login.php?user=victim%40mail.com&session=8294&redirect=update-billing,1
http://portal-paypal-update.top/login.php?user=victim%40mail.com&session=5361&redirect=update-billing,1
http://30.84.8.14/netflix/urgent-notice.php?id=5423,1
http://portal-chase-update.xyz/login.php?user=victim%40mail.com&session=3638&redirect=urgent-notice,1
http://legit-service.com@coinbase-auth-secure-auth-2911.cf/index.html,1
https://apple-id-account-verification-support-9933.click/unlock-profile,1
http://48.188.52.157/coinbase-auth/secure-login.php?id=5059,1
http://legit-service.com@binance-security-secure-auth-2026.click/index.html,1
http://bankofamerica.security-alert.secure-login1268.xyz/signin?token=193002e66875,1
http://portal-apple-id-update.loan/login.php?user=victim%40mail.com&session=1742&redirect=update-billing,1
http://portal-paypal-update.gq/login.php?user=victim%40mail.com&session=4510&redirect=claim-bonus,1
http://96.81.188.215/apple-id/kyc-confirmation.php?id=175,1
http://legit-service.com@chase-secure-auth-5030.gq/index.html,1
http://legit-service.com@netflix-secure-auth-106.loan/index.html,1
https://facebook-verify-account-verification-support-4736.work/unlock-profile,1
http://legit-service.com@microsoft-login-secure-auth-6750.tk/index.html,1
http://23.224.55.136/facebook-verify/update-billing.php?id=8682,1
http://legit-service.com@apple-id-secure-auth-7866.loan/index.html,1
http://chase.security-alert.claim-bonus7191.tk/signin?token=f06048518ff8,1
http://chase.security-alert.urgent-notice7033.link/signin?token=47060dfad028,1
http://legit-service.com@wellsfargo-secure-auth-5808.zip/index.html,1
https://apple-id-account-verification-support-4048.top/claim-bonus,1
http://legit-service.com@coinbase-auth-secure-auth-2488.click/index.html,1
http://26.87.174.203/netflix/secure-login.php?id=2529,1
http://binance-security.security-alert.update-billing480.xyz/signin?token=6ea2ef7311b4,1
http://57.24.178.213/netflix/update-billing.php?id=5244,1
http://legit-service.com@binance-security-secure-auth-3287.cf/index.html,1
http://netflix.security-alert.urgent-notice9618.link/signin?token=fd348179ec67,1
http://portal-paypal-update.zip/login.php?user=victim%40mail.com&session=3151&redirect=claim-bonus,1
http://legit-service.com@facebook-verify-secure-auth-206.tk/index.html,1
http://legit-service.com@microsoft-login-secure-auth-947.work/index.html,1
http://legit-service.com@wellsfargo-secure-auth-8591.zip/index.html,1
http://portal-apple-id-update.loan/login.php?user=victim%40mail.com&session=8548&redirect=secure-login,1
http://portal-microsoft-login-update.click/login.php?user=victim%40mail.com&session=2476&redirect=urgent-notice,1
http://32.78.230.160/paypal/kyc-confirmation.php?id=7086,1
http://15.18.63.174/chase/claim-bonus.php?id=2495,1
http://181.59.6.110/microsoft-login/urgent-notice.php?id=7556,1
http://80.250.31.65/netflix/secure-login.php?id=13,1
http://portal-netflix-update.cf/login.php?user=victim%40mail.com&session=895&redirect=secure-login,1
http://portal-paypal-update.click/login.php?user=victim%40mail.com&session=2300&redirect=urgent-notice,1
http://portal-wellsfargo-update.zip/login.php?user=victim%40mail.com&session=8207&redirect=claim-bonus,1
http://legit-service.com@chase-secure-auth-8026.top/index.html,1
http://51.102.18.129/chase/verify-account.php?id=7300,1
http://apple-id.security-alert.update-billing6767.click/signin?token=8aa903e40952,1
http://109.112.144.130/coinbase-auth/secure-login.php?id=3250,1
http://legit-service.com@paypal-secure-auth-6764.cf/index.html,1
http://legit-service.com@chase-secure-auth-1510.click/index.html,1
http://bankofamerica.security-alert.claim-bonus9945.loan/signin?token=115c34346304,1
http://microsoft-login.security-alert.secure-login9411.zip/signin?token=e3844e186e6e,1
http://chase.security-alert.update-billing4788.tk/signin?token=48c00ae965e2,1
http://legit-service.com@binance-security-secure-auth-6349.cf/index.html,1
http://legit-service.com@facebook-verify-secure-auth-4022.work/index.html,1
http://legit-service.com@binance-security-secure-auth-5506.tk/index.html,1
http://facebook-verify.security-alert.verify-account7099.xyz/signin?token=77ab78641fb7,1
http://portal-chase-update.click/login.php?user=victim%40mail.com&session=5927&redirect=secure-login,1
http://190.66.6.14/apple-id/unlock-profile.php?id=9084,1
https://coinbase-auth-account-verification-support-7195.link/update-billing,1
http://185.180.221.162/netflix/urgent-notice.php?id=1854,1
https://netflix-account-verification-support-5253.click/urgent-notice,1
http://paypal.security-alert.kyc-confirmation3763.work/signin?token=7ba6d33c373f,1
http://legit-service.com@wellsfargo-secure-auth-8062.link/index.html,1
http://chase.security-alert.verify-account7921.loan/signin?token=ad62cfd33e38,1
http://portal-netflix-update.work/login.php?user=victim%40mail.com&session=5436&redirect=urgent-notice,1
https://facebook-verify-account-verification-support-4942.cf/secure-login,1
http://binance-security.security-alert.secure-login3489.ml/signin?token=1b318124e37a,1
http://legit-service.com@apple-id-secure-auth-359.top/index.html,1
http://85.58.19.146/facebook-verify/claim-bonus.php?id=8122,1
http://100.120.5.189/paypal/urgent-notice.php?id=230,1
http://legit-service.com@chase-secure-auth-6001.work/index.html,1
http://portal-binance-security-update.tk/login.php?user=victim%40mail.com&session=9837&redirect=kyc-confirmation,1
http://84.122.211.160/apple-id/kyc-confirmation.php?id=670,1
http://portal-bankofamerica-update.link/login.php?user=victim%40mail.com&session=9465&redirect=update-billing,1
http://portal-netflix-update.gq/login.php?user=victim%40mail.com&session=6286&redirect=verify-account,1
http://facebook-verify.security-alert.verify-account875.loan/signin?token=4b0a59ddf11c,1
https://paypal-account-verification-support-7145.top/update-billing,1
https://apple-id-account-verification-support-4057.top/secure-login,1
http://190.241.18.64/bankofamerica/verify-account.php?id=1531,1
http://legit-service.com@netflix-secure-auth-6785.link/index.html,1
http://coinbase-auth.security-alert.unlock-profile9405.ml/signin?token=beba25deef96,1
http://portal-apple-id-update.xyz/login.php?user=victim%40mail.com&session=5556&redirect=verify-account,1
http://legit-service.com@bankofamerica-secure-auth-150.gq/index.html,1
http://legit-service.com@netflix-secure-auth-3515.top/index.html,1
https://chase-account-verification-support-6514.gq/urgent-notice,1
http://69.132.117.167/chase/kyc-confirmation.php?id=5986,1
https://microsoft-login-account-verification-support-1634.click/verify-account,1
https://chase-account-verification-support-950.ml/claim-bonus,1
http://portal-facebook-verify-update.xyz/login.php?user=victim%40mail.com&session=4858&redirect=urgent-notice,1
https://apple-id-account-verification-support-4862.zip/kyc-confirmation,1
http://facebook-verify.security-alert.claim-bonus3782.zip/signin?token=f87e955fd6b8,1
http://104.25.220.36/paypal/kyc-confirmation.php?id=7668,1
http://microsoft-login.security-alert.unlock-profile3287.xyz/signin?token=946e3ece1fc8,1
http://51.25.162.136/bankofamerica/claim-bonus.php?id=3585,1
http://binance-security.security-alert.claim-bonus2404.top/signin?token=8208974663db,1
http://legit-service.com@microsoft-login-secure-auth-2930.tk/index.html,1
http://143.18.17.186/chase/kyc-confirmation.php?id=5950,1
http://wellsfargo.security-alert.verify-account9603.zip/signin?token=9a555403384f,1
http://portal-coinbase-auth-update.click/login.php?user=victim%40mail.com&session=4257&redirect=kyc-confirmation,1
https://apple-id-account-verification-support-2053.top/update-billing,1
http://167.74.10.204/bankofamerica/unlock-profile.php?id=9865,1
https://wellsfargo-account-verification-support-9452.xyz/kyc-confirmation,1
http://coinbase-auth.security-alert.claim-bonus6799.cf/signin?token=aba54c23d97b,1
http://portal-wellsfargo-update.loan/login.php?user=victim%40mail.com&session=6873&redirect=urgent-notice,1
https://apple-id-account-verification-support-4153.zip/verify-account,1
http://netflix.security-alert.verify-account8315.ml/signin?token=68881d2246ab,1
https://apple-id-account-verification-support-8705.link/update-billing,1
http://legit-service.com@facebook-verify-secure-auth-1519.click/index.html,1
http://legit-service.com@facebook-verify-secure-auth-8405.xyz/index.html,1
http://portal-coinbase-auth-update.gq/login.php?user=victim%40mail.com&session=4221&redirect=urgent-notice,1
http://143.229.44.71/bankofamerica/verify-account.php?id=1248,1
https://netflix-account-verification-support-9737.link/unlock-profile,1
http://paypal.security-alert.claim-bonus5229.gq/signin?token=080acdcce72c,1
http://legit-service.com@chase-secure-auth-9593.cf/index.html,1
http://portal-coinbase-auth-update.tk/login.php?user=victim%40mail.com&session=5919&redirect=secure-login,1
https://coinbase-auth-account-verification-support-6622.loan/unlock-profile,1
http://microsoft-login.security-alert.urgent-notice9778.ml/signin?token=f52b43f6e0e4,1
https://coinbase-auth-account-verification-support-9843.top/verify-account,1
http://bankofamerica.security-alert.secure-login8602.link/signin?token=58c58f9c6366,1
http://192.14.100.225/apple-id/kyc-confirmation.php?id=9063,1
http://apple-id.security-alert.kyc-confirmation7183.click/signin?token=607bc9ebe4ab,1
http://legit-service.com@binance-security-secure-auth-2310.tk/index.html,1
http://portal-bankofamerica-update.ml/login.php?user=victim%40mail.com&session=4241&redirect=update-billing,1
http://17.176.88.182/coinbase-auth/claim-bonus.php?id=2857,1
http://legit-service.com@coinbase-auth-secure-auth-7019.ml/index.html,1
https://paypal-account-verification-support-4884.top/kyc-confirmation,1
http://apple-id.security-alert.update-billing3791.xyz/signin?token=690bb330e5e7,1
http://paypal.security-alert.kyc-confirmation5121.gq/signin?token=70f250e2d762,1
http://portal-binance-security-update.tk/login.php?user=victim%40mail.com&session=648&redirect=claim-bonus,1
https://microsoft-login-account-verification-support-5605.link/update-billing,1
http://apple-id.security-alert.urgent-notice3758.gq/signin?token=3df07fdae1ab,1
https://coinbase-auth-account-verification-support-5333.zip/update-billing,1
http://portal-chase-update.loan/login.php?user=victim%40mail.com&session=6037&redirect=claim-bonus,1
http://portal-chase-update.click/login.php?user=victim%40mail.com&session=5419&redirect=claim-bonus,1
http://wellsfargo.security-alert.update-billing3450.loan/signin?token=703957b6dd9e,1
http://140.177.96.173/chase/verify-account.php?id=39,1
https://paypal-account-verification-support-3268.tk/secure-login,1
http://facebook-verify.security-alert.claim-bonus8942.ml/signin?token=3bf75f7173e9,1
http://portal-wellsfargo-update.link/login.php?user=victim%40mail.com&session=1703&redirect=secure-login,1
https://binance-security-account-verification-support-5204.gq/urgent-notice,1
http://116.62.111.146/binance-security/urgent-notice.php?id=6880,1
http://portal-netflix-update.xyz/login.php?user=victim%40mail.com&session=4892&redirect=urgent-notice,1
https://netflix-account-verification-support-9258.ml/secure-login,1
http://22.152.129.68/apple-id/verify-account.php?id=1214,1
https://microsoft-login-account-verification-support-7150.top/unlock-profile,1
https://netflix-account-verification-support-2984.click/verify-account,1
http://legit-service.com@wellsfargo-secure-auth-8216.tk/index.html,1
http://bankofamerica.security-alert.update-billing7966.cf/signin?token=ab00b14a2da2,1
http://portal-coinbase-auth-update.work/login.php?user=victim%40mail.com&session=1418&redirect=secure-login,1
http://75.41.224.67/wellsfargo/verify-account.php?id=6356,1
http://portal-facebook-verify-update.cf/login.php?user=victim%40mail.com&session=6324&redirect=verify-account,1
https://wellsfargo-account-verification-support-6608.loan/unlock-profile,1
http://legit-service.com@microsoft-login-secure-auth-3138.work/index.html,1
http://legit-service.com@bankofamerica-secure-auth-5041.link/index.html,1
http://apple-id.security-alert.update-billing6008.loan/signin?token=569ff987c643,1
http://microsoft-login.security-alert.verify-account2047.xyz/signin?token=a501bebf79d5,1
http://wellsfargo.security-alert.claim-bonus3140.cf/signin?token=747d3443e319,1
http://83.9.235.51/apple-id/urgent-notice.php?id=9501,1
http://apple-id.security-alert.kyc-confirmation5048.click/signin?token=c7b4bb942f0b,1
http://138.92.9.219/apple-id/claim-bonus.php?id=1968,1
http://72.104.120.168/wellsfargo/unlock-profile.php?id=3238,1
http://binance-security.security-alert.claim-bonus5699.gq/signin?token=5c971edc0c2c,1
https://wellsfargo-account-verification-support-7495.gq/urgent-notice,1
http://portal-paypal-update.top/login.php?user=victim%40mail.com&session=8561&redirect=claim-bonus,1
http://legit-service.com@chase-secure-auth-8704.link/index.html,1
http://microsoft-login.security-alert.kyc-confirmation9012.top/signin?token=c5c53759e4dd,1
http://legit-service.com@chase-secure-auth-837.top/index.html,1
http://portal-microsoft-login-update.top/login.php?user=victim%40mail.com&session=6266&redirect=update-billing,1
http://legit-service.com@paypal-secure-auth-6092.xyz/index.html,1
http://coinbase-auth.security-alert.unlock-profile5441.cf/signin?token=d96eed18098d,1
https://coinbase-auth-account-verification-support-3664.gq/urgent-notice,1
http://bankofamerica.security-alert.urgent-notice211.ml/signin?token=eb163727917c,1
http://legit-service.com@microsoft-login-secure-auth-3366.work/index.html,1
http://netflix.security-alert.kyc-confirmation4481.gq/signin?token=6c530aae7682,1
http://wellsfargo.security-alert.claim-bonus2317.top/signin?token=68d309812548,1
https://chase-account-verification-support-3120.cf/update-billing,1
https://bankofamerica-account-verification-support-5929.ml/unlock-profile,1
https://netflix-account-verification-support-5873.xyz/update-billing,1
http://legit-service.com@paypal-secure-auth-8939.gq/index.html,1
http://69.88.223.16/microsoft-login/update-billing.php?id=8008,1
http://facebook-verify.security-alert.kyc-confirmation9455.ml/signin?token=f30824bacaaa,1
https://paypal-account-verification-support-9096.ml/claim-bonus,1
https://bankofamerica-account-verification-support-5127.zip/claim-bonus,1
http://legit-service.com@wellsfargo-secure-auth-9371.gq/index.html,1
http://69.195.214.143/bankofamerica/urgent-notice.php?id=9666,1
http://17.238.219.220/chase/claim-bonus.php?id=1498,1
https://microsoft-login-account-verification-support-8309.tk/verify-account,1
https://binance-security-account-verification-support-7859.zip/unlock-profile,1
http://portal-netflix-update.top/login.php?user=victim%40mail.com&session=7969&redirect=verify-account,1
http://legit-service.com@bankofamerica-secure-auth-422.top/index.html,1
https://binance-security-account-verification-support-1091.zip/urgent-notice,1
http://portal-chase-update.loan/login.php?user=victim%40mail.com&session=2636&redirect=claim-bonus,1
http://legit-service.com@apple-id-secure-auth-4537.tk/index.html,1
http://portal-bankofamerica-update.gq/login.php?user=victim%40mail.com&session=2273&redirect=urgent-notice,1
http://legit-service.com@wellsfargo-secure-auth-2004.ml/index.html,1
http://legit-service.com@microsoft-login-secure-auth-4319.tk/index.html,1
http://124.20.9.57/facebook-verify/update-billing.php?id=4698,1
http://paypal.security-alert.update-billing757.ml/signin?token=470e7a4f017a,1
https://binance-security-account-verification-support-3557.work/update-billing,1
http://125.26.134.81/chase/claim-bonus.php?id=1814,1
https://chase-account-verification-support-3334.loan/urgent-notice,1
http://apple-id.security-alert.unlock-profile6971.gq/signin?token=1c280e54c157,1
http://bankofamerica.security-alert.urgent-notice3479.work/signin?token=6950aa02ae86,1
http://apple-id.security-alert.verify-account867.loan/signin?token=ede7e2b6d13a,1
http://legit-service.com@bankofamerica-secure-auth-2560.xyz/index.html,1
http://legit-service.com@facebook-verify-secure-auth-4566.loan/index.html,1
http://legit-service.com@paypal-secure-auth-9264.zip/index.html,1
http://legit-service.com@paypal-secure-auth-1091.cf/index.html,1
http://portal-facebook-verify-update.loan/login.php?user=victim%40mail.com&session=4760&redirect=verify-account,1
http://legit-service.com@wellsfargo-secure-auth-1973.loan/index.html,1
http://portal-bankofamerica-update.work/login.php?user=victim%40mail.com&session=6152&redirect=secure-login,1
http://177.187.135.63/apple-id/urgent-notice.php?id=6131,1
http://portal-netflix-update.loan/login.php?user=victim%40mail.com&session=7339&redirect=secure-login,1
http://14.240.206.75/bankofamerica/unlock-profile.php?id=9780,1
http://100.94.179.138/binance-security/secure-login.php?id=3241,1
http://portal-paypal-update.ml/login.php?user=victim%40mail.com&session=8368&redirect=update-billing,1
http://chase.security-alert.unlock-profile3954.link/signin?token=6e2d5d50a943,1
http://legit-service.com@coinbase-auth-secure-auth-5792.gq/index.html,1
http://portal-binance-security-update.loan/login.php?user=victim%40mail.com&session=8184&redirect=unlock-profile,1
http://84.226.215.123/binance-security/update-billing.php?id=2484,1
http://wellsfargo.security-alert.unlock-profile4285.top/signin?token=63cb524a9f51,1
http://apple-id.security-alert.unlock-profile782.tk/signin?token=72da7fd6d130,1
http://coinbase-auth.security-alert.claim-bonus1309.ml/signin?token=4476b929e30d,1
http://legit-service.com@bankofamerica-secure-auth-812.click/index.html,1
http://wellsfargo.security-alert.secure-login2950.click/signin?token=bc4e356fee19,1
http://portal-microsoft-login-update.xyz/login.php?user=victim%40mail.com&session=6464&redirect=kyc-confirmation,1
https://bankofamerica-account-verification-support-6989.work/update-billing,1
https://binance-security-account-verification-support-3119.zip/verify-account,1
https://apple-id-account-verification-support-2423.gq/kyc-confirmation,1
http://portal-chase-update.work/login.php?user=victim%40mail.com&session=9471&redirect=verify-account,1
http://legit-service.com@wellsfargo-secure-auth-8227.top/index.html,1
http://portal-bankofamerica-update.work/login.php?user=victim%40mail.com&session=6346&redirect=urgent-notice,1
http://legit-service.com@bankofamerica-secure-auth-1078.click/index.html,1
http://wellsfargo.security-alert.verify-account185.ml/signin?token=eecca5b6365d,1
http://legit-service.com@binance-security-secure-auth-3520.gq/index.html,1
http://legit-service.com@apple-id-secure-auth-2754.click/index.html,1
http://portal-apple-id-update.loan/login.php?user=victim%40mail.com&session=1930&redirect=urgent-notice,1
http://legit-service.com@chase-secure-auth-6182.loan/index.html,1
https://paypal-account-verification-support-4748.top/verify-account,1
http://portal-paypal-update.cf/login.php?user=victim%40mail.com&session=3894&redirect=claim-bonus,1
http://156.75.106.53/facebook-verify/unlock-profile.php?id=5191,1
http://93.123.134.202/bankofamerica/verify-account.php?id=2764,1
http://portal-netflix-update.tk/login.php?user=victim%40mail.com&session=6667&redirect=secure-login,1
https://coinbase-auth-account-verification-support-5365.zip/claim-bonus,1
http://68.211.4.103/netflix/verify-account.php?id=8526,1
https://microsoft-login-account-verification-support-4918.tk/secure-login,1
http://coinbase-auth.security-alert.secure-login5161.cf/signin?token=8452a95c40e2,1
http://legit-service.com@coinbase-auth-secure-auth-5462.link/index.html,1
http://153.204.155.240/paypal/kyc-confirmation.php?id=269,1
https://chase-account-verification-support-7262.xyz/secure-login,1
http://bankofamerica.security-alert.urgent-notice8101.xyz/signin?token=c035226640b6,1
https://paypal-account-verification-support-337.ml/unlock-profile,1
https://facebook-verify-account-verification-support-1418.ml/claim-bonus,1
http://legit-service.com@binance-security-secure-auth-3249.loan/index.html,1
http://apple-id.security-alert.urgent-notice3827.top/signin?token=b5b8c484824d,1
http://portal-chase-update.work/login.php?user=victim%40mail.com&session=7235&redirect=urgent-notice,1
http://legit-service.com@facebook-verify-secure-auth-7676.click/index.html,1
http://legit-service.com@coinbase-auth-secure-auth-362.click/index.html,1
http://portal-paypal-update.gq/login.php?user=victim%40mail.com&session=3408&redirect=kyc-confirmation,1
http://portal-apple-id-update.cf/login.php?user=victim%40mail.com&session=3106&redirect=update-billing,1
http://121.47.252.179/paypal/urgent-notice.php?id=5008,1
https://chase-account-verification-support-488.zip/claim-bonus,1
http://portal-facebook-verify-update.loan/login.php?user=victim%40mail.com&session=8706&redirect=unlock-profile,1
http://portal-coinbase-auth-update.gq/login.php?user=victim%40mail.com&session=3052&redirect=kyc-confirmation,1
http://wellsfargo.security-alert.kyc-confirmation5027.cf/signin?token=853c68de7253,1
http://legit-service.com@paypal-secure-auth-1211.gq/index.html,1
https://facebook-verify-account-verification-support-20.loan/unlock-profile,1
http://30.100.34.57/binance-security/claim-bonus.php?id=9791,1
https://bankofamerica-account-verification-support-2703.gq/kyc-confirmation,1
http://legit-service.com@coinbase-auth-secure-auth-8384.zip/index.html,1
https://facebook-verify-account-verification-support-2859.top/verify-account,1
http://41.92.193.194/netflix/secure-login.php?id=7450,1
http://paypal.security-alert.kyc-confirmation1421.work/signin?token=9aa42b31882e,1
http://portal-microsoft-login-update.work/login.php?user=victim%40mail.com&session=8857&redirect=verify-account,1
http://portal-wellsfargo-update.tk/login.php?user=victim%40mail.com&session=1153&redirect=urgent-notice,1
http://portal-apple-id-update.cf/login.php?user=victim%40mail.com&session=7616&redirect=kyc-confirmation,1
http://chase.security-alert.unlock-profile1972.cf/signin?token=c4de8ced6214,1
http://130.212.8.184/facebook-verify/verify-account.php?id=8715,1
http://16.19.153.131/chase/kyc-confirmation.php?id=5424,1
http://65.250.79.1/coinbase-auth/unlock-profile.php?id=7569,1
http://binance-security.security-alert.unlock-profile4057.click/signin?token=4b04b0dcd2ad,1
https://chase-account-verification-support-19.work/unlock-profile,1
http://legit-service.com@chase-secure-auth-8875.link/index.html,1
http://legit-service.com@chase-secure-auth-7336.tk/index.html,1
http://legit-service.com@bankofamerica-secure-auth-7786.link/index.html,1
http://binance-security.security-alert.verify-account1872.loan/signin?token=2f25f6e326ad,1
http://portal-apple-id-update.work/login.php?user=victim%40mail.com&session=8211&redirect=update-billing,1
http://legit-service.com@binance-security-secure-auth-2724.gq/index.html,1
http://portal-bankofamerica-update.cf/login.php?user=victim%40mail.com&session=7229&redirect=claim-bonus,1
https://apple-id-account-verification-support-2845.zip/claim-bonus,1
http://portal-binance-security-update.cf/login.php?user=victim%40mail.com&session=2164&redirect=claim-bonus,1
http://portal-coinbase-auth-update.top/login.php?user=victim%40mail.com&session=6094&redirect=urgent-notice,1
http://coinbase-auth.security-alert.urgent-notice2017.work/signin?token=8d8818c8e140,1
http://portal-facebook-verify-update.xyz/login.php?user=victim%40mail.com&session=6862&redirect=verify-account,1
http://portal-chase-update.work/login.php?user=victim%40mail.com&session=2274&redirect=claim-bonus,1
https://wellsfargo-account-verification-support-8581.gq/unlock-profile,1
https://netflix-account-verification-support-9649.gq/verify-account,1
http://portal-microsoft-login-update.ml/login.php?user=victim%40mail.com&session=7043&redirect=unlock-profile,1
https://binance-security-account-verification-support-4071.link/unlock-profile,1
http://legit-service.com@coinbase-auth-secure-auth-6342.click/index.html,1
http://legit-service.com@paypal-secure-auth-2467.ml/index.html,1
http://legit-service.com@wellsfargo-secure-auth-428.cf/index.html,1
http://28.221.75.235/chase/urgent-notice.php?id=7374,1
http://portal-binance-security-update.zip/login.php?user=victim%40mail.com&session=4640&redirect=update-billing,1
https://facebook-verify-account-verification-support-8286.gq/secure-login,1
https://netflix-account-verification-support-2807.click/secure-login,1
http://portal-chase-update.work/login.php?user=victim%40mail.com&session=8942&redirect=secure-login,1
http://153.239.140.117/coinbase-auth/secure-login.php?id=9008,1
http://portal-bankofamerica-update.work/login.php?user=victim%40mail.com&session=1791&redirect=unlock-profile,1
http://wellsfargo.security-alert.claim-bonus5209.tk/signin?token=7b670d553471,1
https://facebook-verify-account-verification-support-291.link/claim-bonus,1
http://legit-service.com@binance-security-secure-auth-6994.zip/index.html,1
http://legit-service.com@microsoft-login-secure-auth-8416.tk/index.html,1
http://microsoft-login.security-alert.update-billing2880.loan/signin?token=c61f571dbd2f,1
http://180.33.43.14/facebook-verify/update-billing.php?id=9458,1
http://legit-service.com@microsoft-login-secure-auth-6181.link/index.html,1
http://facebook-verify.security-alert.verify-account4779.link/signin?token=eafc8fe9c61d,1
https://bankofamerica-account-verification-support-8993.ml/unlock-profile,1
http://16.16.200.109/microsoft-login/kyc-confirmation.php?id=4139,1
http://portal-microsoft-login-update.ml/login.php?user=victim%40mail.com&session=5435&redirect=claim-bonus,1
http://legit-service.com@chase-secure-auth-5623.cf/index.html,1
https://bankofamerica-account-verification-support-7899.click/claim-bonus,1
http://wellsfargo.security-alert.kyc-confirmation9423.top/signin?token=6ba0bf4c0fe3,1
http://51.76.219.202/facebook-verify/verify-account.php?id=904,1
http://portal-bankofamerica-update.zip/login.php?user=victim%40mail.com&session=7007&redirect=verify-account,1
https://paypal-account-verification-support-2944.gq/update-billing,1
http://134.251.107.130/chase/unlock-profile.php?id=7008,1
http://legit-service.com@bankofamerica-secure-auth-1017.tk/index.html,1
https://apple-id-account-verification-support-3976.click/secure-login,1
http://15.245.23.197/facebook-verify/claim-bonus.php?id=7256,1
http://facebook-verify.security-alert.unlock-profile9080.top/signin?token=d82d678e9583,1
https://bankofamerica-account-verification-support-8726.work/kyc-confirmation,1
http://legit-service.com@coinbase-auth-secure-auth-8936.ml/index.html,1
https://chase-account-verification-support-9350.loan/update-billing,1
http://11.182.144.250/facebook-verify/update-billing.php?id=8819,1
http://portal-apple-id-update.work/login.php?user=victim%40mail.com&session=1691&redirect=urgent-notice,1
http://legit-service.com@chase-secure-auth-228.tk/index.html,1
http://55.120.86.237/microsoft-login/verify-account.php?id=5119,1
http://legit-service.com@apple-id-secure-auth-1922.gq/index.html,1
http://bankofamerica.security-alert.urgent-notice9882.zip/signin?token=c9504ea381ad,1
http://legit-service.com@microsoft-login-secure-auth-4238.ml/index.html,1
http://135.195.90.208/chase/unlock-profile.php?id=327,1
http://coinbase-auth.security-alert.claim-bonus3061.loan/signin?token=4aa0e93b9188,1
http://107.30.121.85/coinbase-auth/unlock-profile.php?id=6797,1
http://paypal.security-alert.secure-login704.zip/signin?token=f64eac11f2cd,1
http://182.190.31.109/chase/verify-account.php?id=8293,1
http://microsoft-login.security-alert.update-billing6037.click/signin?token=8b2a9c176d35,1
http://binance-security.security-alert.kyc-confirmation2867.tk/signin?token=1a99f6821980,1
http://legit-service.com@wellsfargo-secure-auth-9163.link/index.html,1
http://chase.security-alert.kyc-confirmation1038.xyz/signin?token=6d70cb65d152,1
https://apple-id-account-verification-support-3172.work/verify-account,1
http://portal-chase-update.click/login.php?user=victim%40mail.com&session=4077&redirect=kyc-confirmation,1
http://bankofamerica.security-alert.secure-login8183.ml/signin?token=83462e22a65e,1
http://netflix.security-alert.update-billing7238.link/signin?token=937ea3f7714d,1
https://apple-id-account-verification-support-4001.gq/unlock-profile,1
http://89.87.236.109/paypal/unlock-profile.php?id=9416,1
http://legit-service.com@apple-id-secure-auth-7333.top/index.html,1
https://binance-security-account-verification-support-444.cf/unlock-profile,1
http://portal-facebook-verify-update.click/login.php?user=victim%40mail.com&session=2160&redirect=kyc-confirmation,1
http://apple-id.security-alert.verify-account5177.xyz/signin?token=54391c872fe1,1
http://186.44.219.126/wellsfargo/urgent-notice.php?id=9953,1
http://portal-bankofamerica-update.gq/login.php?user=victim%40mail.com&session=9530&redirect=secure-login,1
http://legit-service.com@coinbase-auth-secure-auth-9776.xyz/index.html,1
https://microsoft-login-account-verification-support-1264.link/urgent-notice,1
https://apple-id-account-verification-support-8121.loan/unlock-profile,1
https://coinbase-auth-account-verification-support-9519.link/claim-bonus,1
http://wellsfargo.security-alert.verify-account8559.loan/signin?token=c0ad6deb3730,1
https://microsoft-login-account-verification-support-7739.loan/verify-account,1
http://legit-service.com@netflix-secure-auth-6342.zip/index.html,1
http://chase.security-alert.update-billing7796.link/signin?token=94841421fb5e,1
https://bankofamerica-account-verification-support-3562.click/update-billing,1
http://107.87.75.252/apple-id/update-billing.php?id=3421,1
http://microsoft-login.security-alert.verify-account4687.tk/signin?token=fc152e73692b,1
http://166.160.93.23/wellsfargo/urgent-notice.php?id=8098,1
http://72.145.102.59/coinbase-auth/claim-bonus.php?id=4700,1
http://bankofamerica.security-alert.urgent-notice2368.cf/signin?token=466accbac9a6,1
http://microsoft-login.security-alert.unlock-profile8260.top/signin?token=a73d2d60ed47,1
https://apple-id-account-verification-support-7615.click/verify-account,1
http://portal-facebook-verify-update.tk/login.php?user=victim%40mail.com&session=5253&redirect=update-billing,1
http://legit-service.com@apple-id-secure-auth-861.click/index.html,1
http://legit-service.com@coinbase-auth-secure-auth-1922.top/index.html,1
http://portal-wellsfargo-update.xyz/login.php?user=victim%40mail.com&session=276&redirect=kyc-confirmation,1
http://binance-security.security-alert.claim-bonus9602.tk/signin?token=6ffad86b9a8d,1
https://binance-security-account-verification-support-5562.click/update-billing,1
http://14.64.65.8/bankofamerica/claim-bonus.php?id=7463,1
http://56.28.16.42/chase/secure-login.php?id=6980,1
http://microsoft-login.security-alert.unlock-profile9429.top/signin?token=1a996ecc8065,1
http://legit-service.com@apple-id-secure-auth-8152.top/index.html,1
http://legit-service.com@paypal-secure-auth-5176.cf/index.html,1
http://portal-apple-id-update.xyz/login.php?user=victim%40mail.com&session=2610&redirect=verify-account,1
http://186.113.26.99/bankofamerica/secure-login.php?id=9927,1
http://92.142.182.169/facebook-verify/urgent-notice.php?id=6983,1
http://coinbase-auth.security-alert.claim-bonus3852.work/signin?token=582967e09f1b,1
http://legit-service.com@paypal-secure-auth-5893.zip/index.html,1
http://legit-service.com@facebook-verify-secure-auth-8311.link/index.html,1
http://125.70.203.126/wellsfargo/kyc-confirmation.php?id=3338,1
http://bankofamerica.security-alert.secure-login4329.tk/signin?token=2c7f9ccb5a39,1
http://109.14.149.240/coinbase-auth/kyc-confirmation.php?id=8069,1
https://microsoft-login-account-verification-support-778.link/unlock-profile,1
http://67.248.104.45/binance-security/unlock-profile.php?id=1001,1
http://portal-bankofamerica-update.xyz/login.php?user=victim%40mail.com&session=4711&redirect=update-billing,1
http://36.104.103.75/microsoft-login/unlock-profile.php?id=926,1
http://197.128.101.250/netflix/verify-account.php?id=1345,1
http://microsoft-login.security-alert.kyc-confirmation2141.link/signin?token=5d6646aad9bc,1
http://66.29.111.92/chase/claim-bonus.php?id=7750,1
http://167.81.100.83/chase/urgent-notice.php?id=5654,1
http://12.62.20.215/facebook-verify/kyc-confirmation.php?id=4230,1
http://49.241.251.10/bankofamerica/update-billing.php?id=1442,1
http://coinbase-auth.security-alert.unlock-profile9286.link/signin?token=46e2516e4be5,1
http://portal-paypal-update.xyz/login.php?user=victim%40mail.com&session=9632&redirect=unlock-profile,1
http://legit-service.com@paypal-secure-auth-1831.cf/index.html,1
https://apple-id-account-verification-support-6895.top/claim-bonus,1
http://portal-paypal-update.xyz/login.php?user=victim%40mail.com&session=6574&redirect=secure-login,1
http://coinbase-auth.security-alert.unlock-profile2534.zip/signin?token=7827d1ec626c,1
http://192.250.138.125/chase/unlock-profile.php?id=1110,1
http://legit-service.com@coinbase-auth-secure-auth-4184.ml/index.html,1
http://portal-facebook-verify-update.xyz/login.php?user=victim%40mail.com&session=7256&redirect=claim-bonus,1
http://legit-service.com@microsoft-login-secure-auth-2265.zip/index.html,1
https://binance-security-account-verification-support-8240.cf/update-billing,1
http://153.251.212.222/paypal/unlock-profile.php?id=7331,1
https://netflix-account-verification-support-516.xyz/unlock-profile,1
http://156.238.228.168/netflix/urgent-notice.php?id=4597,1
http://legit-service.com@chase-secure-auth-1967.xyz/index.html,1
https://bankofamerica-account-verification-support-3210.loan/secure-login,1
http://144.189.149.138/coinbase-auth/urgent-notice.php?id=4795,1
http://apple-id.security-alert.urgent-notice8727.ml/signin?token=89b9e0a6f6d1,1
http://portal-netflix-update.loan/login.php?user=victim%40mail.com&session=5410&redirect=secure-login,1
http://binance-security.security-alert.secure-login6848.zip/signin?token=2751fae77b24,1
http://38.55.174.208/chase/unlock-profile.php?id=5078,1
http://portal-apple-id-update.gq/login.php?user=victim%40mail.com&session=3744&redirect=secure-login,1
http://legit-service.com@facebook-verify-secure-auth-5740.xyz/index.html,1
https://facebook-verify-account-verification-support-4835.tk/unlock-profile,1
http://portal-paypal-update.cf/login.php?user=victim%40mail.com&session=5265&redirect=urgent-notice,1
http://portal-chase-update.click/login.php?user=victim%40mail.com&session=8081&redirect=secure-login,1
http://legit-service.com@netflix-secure-auth-9283.tk/index.html,1
https://binance-security-account-verification-support-3685.click/verify-account,1
http://chase.security-alert.update-billing8429.loan/signin?token=d34a281acc62,1
https://wellsfargo-account-verification-support-3438.link/urgent-notice,1
http://52.230.219.182/microsoft-login/kyc-confirmation.php?id=9229,1
http://apple-id.security-alert.secure-login7069.tk/signin?token=83187550749e,1
http://portal-apple-id-update.tk/login.php?user=victim%40mail.com&session=5018&redirect=unlock-profile,1
https://apple-id-account-verification-support-221.ml/update-billing,1
http://chase.security-alert.claim-bonus5518.link/signin?token=add5aebfcb33,1
http://portal-chase-update.zip/login.php?user=victim%40mail.com&session=6489&redirect=claim-bonus,1
http://portal-facebook-verify-update.xyz/login.php?user=victim%40mail.com&session=4072&redirect=claim-bonus,1
https://microsoft-login-account-verification-support-1503.link/urgent-notice,1
http://legit-service.com@facebook-verify-secure-auth-322.top/index.html,1
http://portal-chase-update.gq/login.php?user=victim%40mail.com&session=5228&redirect=claim-bonus,1
https://chase-account-verification-support-7941.xyz/urgent-notice,1
https://chase-account-verification-support-6744.gq/kyc-confirmation,1
https://apple-id-account-verification-support-4437.ml/unlock-profile,1
https://coinbase-auth-account-verification-support-2129.click/claim-bonus,1
https://facebook-verify-account-verification-support-2599.zip/update-billing,1
http://82.133.238.220/netflix/kyc-confirmation.php?id=3746,1
http://bankofamerica.security-alert.secure-login9233.cf/signin?token=88052b22c8c2,1
http://legit-service.com@microsoft-login-secure-auth-1829.zip/index.html,1
http://portal-netflix-update.link/login.php?user=victim%40mail.com&session=8863&redirect=urgent-notice,1
http://75.88.67.223/netflix/update-billing.php?id=1683,1
https://wellsfargo-account-verification-support-6669.loan/kyc-confirmation,1
https://microsoft-login-account-verification-support-6043.gq/update-billing,1
http://61.131.55.214/facebook-verify/verify-account.php?id=4413,1
https://binance-security-account-verification-support-4354.click/verify-account,1
http://portal-wellsfargo-update.cf/login.php?user=victim%40mail.com&session=4507&redirect=verify-account,1
http://portal-microsoft-login-update.tk/login.php?user=victim%40mail.com&session=2665&redirect=kyc-confirmation,1
http://legit-service.com@netflix-secure-auth-3599.link/index.html,1
http://144.129.170.232/microsoft-login/unlock-profile.php?id=3276,1
http://legit-service.com@microsoft-login-secure-auth-9255.tk/index.html,1
http://microsoft-login.security-alert.secure-login8229.gq/signin?token=0396df57e78b,1
http://142.142.15.188/netflix/unlock-profile.php?id=7339,1
http://chase.security-alert.verify-account9549.top/signin?token=6a21bd02b3d1,1
http://79.146.45.110/binance-security/verify-account.php?id=2182,1
http://legit-service.com@chase-secure-auth-5519.xyz/index.html,1
http://portal-coinbase-auth-update.top/login.php?user=victim%40mail.com&session=6684&redirect=unlock-profile,1
https://facebook-verify-account-verification-support-1637.click/kyc-confirmation,1
http://198.253.49.81/paypal/unlock-profile.php?id=686,1
http://legit-service.com@paypal-secure-auth-770.work/index.html,1
http://legit-service.com@wellsfargo-secure-auth-8632.loan/index.html,1
https://netflix-account-verification-support-8303.top/kyc-confirmation,1
http://portal-coinbase-auth-update.cf/login.php?user=victim%40mail.com&session=9990&redirect=urgent-notice,1
http://netflix.security-alert.kyc-confirmation1790.loan/signin?token=d25414405eb3,1
http://coinbase-auth.security-alert.urgent-notice3296.zip/signin?token=42cd63cb189c,1
http://portal-apple-id-update.cf/login.php?user=victim%40mail.com&session=1790&redirect=secure-login,1
http://legit-service.com@bankofamerica-secure-auth-1970.loan/index.html,1
http://192.249.142.153/chase/secure-login.php?id=5091,1
http://coinbase-auth.security-alert.kyc-confirmation3825.xyz/signin?token=c24fe9f765a4,1
http://portal-binance-security-update.click/login.php?user=victim%40mail.com&session=7913&redirect=verify-account,1
https://bankofamerica-account-verification-support-7030.cf/claim-bonus,1
http://81.109.32.220/netflix/urgent-notice.php?id=5856,1
https://bankofamerica-account-verification-support-5654.tk/secure-login,1
http://legit-service.com@coinbase-auth-secure-auth-948.loan/index.html,1
http://195.113.106.212/paypal/urgent-notice.php?id=7621,1
http://portal-netflix-update.work/login.php?user=victim%40mail.com&session=3806&redirect=kyc-confirmation,1
http://17.165.170.160/chase/kyc-confirmation.php?id=6417,1
http://paypal.security-alert.update-billing8633.gq/signin?token=b0928f2d4ba7,1
http://legit-service.com@chase-secure-auth-6090.ml/index.html,1
http://118.101.96.97/coinbase-auth/kyc-confirmation.php?id=4335,1
https://bankofamerica-account-verification-support-2003.ml/secure-login,1
http://portal-apple-id-update.cf/login.php?user=victim%40mail.com&session=3826&redirect=update-billing,1
http://legit-service.com@facebook-verify-secure-auth-8738.work/index.html,1
https://apple-id-account-verification-support-6692.cf/kyc-confirmation,1
https://bankofamerica-account-verification-support-8077.ml/unlock-profile,1
https://chase-account-verification-support-7410.click/unlock-profile,1
http://legit-service.com@wellsfargo-secure-auth-3488.gq/index.html,1
http://chase.security-alert.secure-login3712.tk/signin?token=87ae6fb631f7,1
http://portal-microsoft-login-update.loan/login.php?user=victim%40mail.com&session=2303&redirect=unlock-profile,1
https://binance-security-account-verification-support-8748.link/claim-bonus,1
http://coinbase-auth.security-alert.claim-bonus2225.work/signin?token=443dec3062d0,1
https://microsoft-login-account-verification-support-1437.xyz/claim-bonus,1
http://53.32.145.229/wellsfargo/unlock-profile.php?id=2155,1
https://microsoft-login-account-verification-support-3781.tk/unlock-profile,1
http://116.129.97.228/netflix/urgent-notice.php?id=7949,1
http://paypal.security-alert.claim-bonus6032.cf/signin?token=fb3a30a2e3e8,1
http://legit-service.com@chase-secure-auth-7394.click/index.html,1
http://portal-wellsfargo-update.click/login.php?user=victim%40mail.com&session=9856&redirect=unlock-profile,1
http://legit-service.com@apple-id-secure-auth-3828.loan/index.html,1
https://netflix-account-verification-support-5719.top/verify-account,1
http://legit-service.com@wellsfargo-secure-auth-7940.cf/index.html,1
https://microsoft-login-account-verification-support-6276.gq/secure-login,1
https://paypal-account-verification-support-879.click/kyc-confirmation,1
https://binance-security-account-verification-support-7222.ml/unlock-profile,1
https://binance-security-account-verification-support-7286.cf/secure-login,1
https://wellsfargo-account-verification-support-2567.zip/update-billing,1
http://coinbase-auth.security-alert.unlock-profile6970.gq/signin?token=26901debb30e,1
http://legit-service.com@apple-id-secure-auth-6221.link/index.html,1
http://legit-service.com@wellsfargo-secure-auth-7958.link/index.html,1
http://52.247.166.195/binance-security/unlock-profile.php?id=8764,1
http://legit-service.com@chase-secure-auth-7810.work/index.html,1
http://89.165.78.119/facebook-verify/urgent-notice.php?id=1972,1
http://78.100.82.155/facebook-verify/unlock-profile.php?id=3133,1
http://wellsfargo.security-alert.verify-account2352.xyz/signin?token=92049debbe56,1
https://coinbase-auth-account-verification-support-3055.work/claim-bonus,1
https://bankofamerica-account-verification-support-5401.xyz/claim-bonus,1
http://portal-wellsfargo-update.zip/login.php?user=victim%40mail.com&session=2215&redirect=secure-login,1
http://chase.security-alert.secure-login4724.work/signin?token=dd03de08bfdf,1
http://wellsfargo.security-alert.unlock-profile4677.link/signin?token=82ba9d6eee3f,1
http://legit-service.com@apple-id-secure-auth-7168.cf/index.html,1
http://portal-chase-update.tk/login.php?user=victim%40mail.com&session=9108&redirect=claim-bonus,1
http://portal-facebook-verify-update.work/login.php?user=victim%40mail.com&session=1555&redirect=secure-login,1
http://132.147.244.118/chase/claim-bonus.php?id=7049,1
http://58.66.206.4/apple-id/urgent-notice.php?id=1882,1
http://portal-wellsfargo-update.xyz/login.php?user=victim%40mail.com&session=334&redirect=secure-login,1
http://legit-service.com@microsoft-login-secure-auth-7986.click/index.html,1
https://facebook-verify-account-verification-support-3453.zip/claim-bonus,1
http://legit-service.com@coinbase-auth-secure-auth-6725.xyz/index.html,1
http://portal-wellsfargo-update.gq/login.php?user=victim%40mail.com&session=2866&redirect=verify-account,1
https://paypal-account-verification-support-3500.xyz/urgent-notice,1
http://portal-chase-update.cf/login.php?user=victim%40mail.com&session=7441&redirect=secure-login,1
http://legit-service.com@coinbase-auth-secure-auth-4643.click/index.html,1
http://legit-service.com@coinbase-auth-secure-auth-8914.link/index.html,1
http://46.188.245.214/coinbase-auth/verify-account.php?id=4201,1
https://coinbase-auth-account-verification-support-1403.gq/verify-account,1
https://wellsfargo-account-verification-support-5339.top/verify-account,1
http://114.115.137.112/facebook-verify/kyc-confirmation.php?id=738,1
https://binance-security-account-verification-support-4952.work/verify-account,1
https://netflix-account-verification-support-7600.click/update-billing,1
http://wellsfargo.security-alert.kyc-confirmation9720.gq/signin?token=aedf8c04c365,1
https://coinbase-auth-account-verification-support-4580.work/urgent-notice,1
https://coinbase-auth-account-verification-support-9899.top/urgent-notice,1
http://facebook-verify.security-alert.claim-bonus3660.zip/signin?token=9627c45df543,1
https://bankofamerica-account-verification-support-4046.work/kyc-confirmation,1
https://apple-id-account-verification-support-5222.work/urgent-notice,1
http://60.103.182.27/microsoft-login/verify-account.php?id=3516,1
https://paypal-account-verification-support-8604.gq/verify-account,1
http://legit-service.com@microsoft-login-secure-auth-4666.top/index.html,1
http://portal-chase-update.loan/login.php?user=victim%40mail.com&session=2336&redirect=kyc-confirmation,1
http://164.100.210.54/microsoft-login/kyc-confirmation.php?id=1620,1
http://paypal.security-alert.verify-account3365.xyz/signin?token=b445e3141381,1
http://103.98.12.16/apple-id/unlock-profile.php?id=8565,1
https://microsoft-login-account-verification-support-6412.tk/kyc-confirmation,1
http://legit-service.com@netflix-secure-auth-3375.xyz/index.html,1
https://binance-security-account-verification-support-7435.click/verify-account,1
http://legit-service.com@netflix-secure-auth-3827.zip/index.html,1
https://chase-account-verification-support-770.top/claim-bonus,1
http://portal-chase-update.top/login.php?user=victim%40mail.com&session=5558&redirect=update-billing,1
http://portal-chase-update.cf/login.php?user=victim%40mail.com&session=3470&redirect=claim-bonus,1
http://legit-service.com@apple-id-secure-auth-9811.click/index.html,1
http://wellsfargo.security-alert.verify-account6760.loan/signin?token=c77bfda61a02,1
http://legit-service.com@binance-security-secure-auth-1278.link/index.html,1
http://portal-facebook-verify-update.tk/login.php?user=victim%40mail.com&session=6055&redirect=update-billing,1
http://183.241.133.225/binance-security/urgent-notice.php?id=3181,1
https://apple-id-account-verification-support-4790.link/verify-account,1
http://binance-security.security-alert.claim-bonus757.xyz/signin?token=470e7a4f017a,1
http://27.139.199.209/facebook-verify/verify-account.php?id=9347,1
http://26.103.243.90/paypal/update-billing.php?id=419,1
http://legit-service.com@chase-secure-auth-8178.top/index.html,1
http://portal-microsoft-login-update.tk/login.php?user=victim%40mail.com&session=8080&redirect=urgent-notice,1
https://netflix-account-verification-support-6710.tk/claim-bonus,1
http://portal-paypal-update.work/login.php?user=victim%40mail.com&session=1317&redirect=urgent-notice,1
http://portal-chase-update.click/login.php?user=victim%40mail.com&session=2465&redirect=secure-login,1
http://netflix.security-alert.claim-bonus3071.loan/signin?token=6917ff2a7b53,1
http://legit-service.com@netflix-secure-auth-7704.top/index.html,1
https://coinbase-auth-account-verification-support-4016.zip/unlock-profile,1
http://portal-coinbase-auth-update.loan/login.php?user=victim%40mail.com&session=6520&redirect=unlock-profile,1
http://170.213.109.77/coinbase-auth/verify-account.php?id=8674,1
http://legit-service.com@bankofamerica-secure-auth-7932.tk/index.html,1
http://legit-service.com@facebook-verify-secure-auth-9938.link/index.html,1
http://legit-service.com@apple-id-secure-auth-2875.ml/index.html,1
http://105.194.208.149/netflix/verify-account.php?id=1785,1
http://146.201.162.109/chase/claim-bonus.php?id=793,1
https://paypal-account-verification-support-5328.gq/claim-bonus,1
http://legit-service.com@paypal-secure-auth-6261.link/index.html,1
http://coinbase-auth.security-alert.secure-login2944.zip/signin?token=0c1c995b77ea,1
http://microsoft-login.security-alert.unlock-profile849.link/signin?token=fe8c15fed5f8,1
https://binance-security-account-verification-support-7642.top/claim-bonus,1
https://apple-id-account-verification-support-15.link/secure-login,1
http://microsoft-login.security-alert.verify-account6857.zip/signin?token=94c4dd41f9dd,1
http://158.36.151.208/paypal/unlock-profile.php?id=7293,1
http://portal-paypal-update.cf/login.php?user=victim%40mail.com&session=4747&redirect=claim-bonus,1
http://coinbase-auth.security-alert.verify-account3248.work/signin?token=c57abe86de4e,1
http://legit-service.com@microsoft-login-secure-auth-9430.ml/index.html,1
https://facebook-verify-account-verification-support-9627.work/secure-login,1
https://apple-id-account-verification-support-5412.link/unlock-profile,1
http://30.20.82.192/wellsfargo/secure-login.php?id=696,1
http://86.133.192.123/bankofamerica/kyc-confirmation.php?id=303,1
http://174.112.215.202/microsoft-login/unlock-profile.php?id=4188,1
https://paypal-account-verification-support-8571.zip/verify-account,1
http://apple-id.security-alert.urgent-notice623.top/signin?token=a733fa9b25f3,1
http://50.212.30.59/coinbase-auth/secure-login.php?id=4521,1
http://139.220.29.236/netflix/secure-login.php?id=7234,1
http://47.246.189.128/bankofamerica/secure-login.php?id=8443,1
http://portal-microsoft-login-update.link/login.php?user=victim%40mail.com&session=4891&redirect=urgent-notice,1
http://portal-microsoft-login-update.ml/login.php?user=victim%40mail.com&session=8773&redirect=update-billing,1
http://netflix.security-alert.verify-account666.link/signin?token=fae0b27c451c,1
http://151.166.202.97/netflix/verify-account.php?id=316,1
http://portal-facebook-verify-update.xyz/login.php?user=victim%40mail.com&session=1406&redirect=urgent-notice,1
http://87.241.60.96/bankofamerica/claim-bonus.php?id=7686,1
http://112.242.51.169/bankofamerica/claim-bonus.php?id=8701,1
http://95.103.18.27/microsoft-login/kyc-confirmation.php?id=6589,1
http://legit-service.com@binance-security-secure-auth-5219.link/index.html,1
http://bankofamerica.security-alert.kyc-confirmation9437.work/signin?token=eff7451f2853,1
https://coinbase-auth-account-verification-support-6721.link/urgent-notice,1
http://184.92.219.7/binance-security/update-billing.php?id=5182,1
http://portal-wellsfargo-update.gq/login.php?user=victim%40mail.com&session=1743&redirect=secure-login,1
http://legit-service.com@binance-security-secure-auth-6127.loan/index.html,1
http://portal-microsoft-login-update.zip/login.php?user=victim%40mail.com&session=887&redirect=unlock-profile,1
http://facebook-verify.security-alert.secure-login2550.gq/signin?token=85353d3b2f39,1
https://chase-account-verification-support-366.zip/unlock-profile,1
http://apple-id.security-alert.verify-account8509.click/signin?token=e80ba3de4e2f,1
http://netflix.security-alert.urgent-notice6027.xyz/signin?token=30f48cd3c7e7,1
http://40.44.10.225/coinbase-auth/claim-bonus.php?id=951,1
http://legit-service.com@binance-security-secure-auth-7906.xyz/index.html,1
http://portal-paypal-update.xyz/login.php?user=victim%40mail.com&session=9370&redirect=verify-account,1
http://legit-service.com@chase-secure-auth-910.link/index.html,1
http://bankofamerica.security-alert.secure-login8704.link/signin?token=b87039703fe7,1
https://chase-account-verification-support-7970.ml/unlock-profile,1
http://portal-netflix-update.link/login.php?user=victim%40mail.com&session=7419&redirect=claim-bonus,1
http://197.36.118.158/paypal/verify-account.php?id=2156,1
https://wellsfargo-account-verification-support-9696.loan/urgent-notice,1
https://apple-id-account-verification-support-8033.zip/secure-login,1
http://portal-binance-security-update.link/login.php?user=victim%40mail.com&session=8833&redirect=verify-account,1
https://chase-account-verification-support-6907.work/kyc-confirmation,1
http://legit-service.com@paypal-secure-auth-4998.tk/index.html,1
http://portal-paypal-update.top/login.php?user=victim%40mail.com&session=3851&redirect=claim-bonus,1
http://legit-service.com@wellsfargo-secure-auth-6710.xyz/index.html,1
http://wellsfargo.security-alert.claim-bonus5262.work/signin?token=04da4aea8e38,1
http://portal-coinbase-auth-update.click/login.php?user=victim%40mail.com&session=9774&redirect=claim-bonus,1
https://facebook-verify-account-verification-support-1955.loan/kyc-confirmation,1
http://legit-service.com@chase-secure-auth-9821.top/index.html,1
http://apple-id.security-alert.verify-account7719.tk/signin?token=48d4167a0f3b,1
http://legit-service.com@bankofamerica-secure-auth-4693.cf/index.html,1
http://chase.security-alert.kyc-confirmation5072.xyz/signin?token=a6e8ad49045f,1
http://47.138.208.194/bankofamerica/unlock-profile.php?id=1259,1
http://portal-binance-security-update.xyz/login.php?user=victim%40mail.com&session=6475&redirect=urgent-notice,1
https://microsoft-login-account-verification-support-5790.top/update-billing,1
http://chase.security-alert.verify-account382.work/signin?token=4f6ffe13a5d7,1
https://facebook-verify-account-verification-support-826.ml/secure-login,1
http://portal-facebook-verify-update.top/login.php?user=victim%40mail.com&session=7449&redirect=urgent-notice,1
http://portal-wellsfargo-update.link/login.php?user=victim%40mail.com&session=765&redirect=claim-bonus,1
http://apple-id.security-alert.secure-login3069.cf/signin?token=bdb6920adcd0,1
http://legit-service.com@netflix-secure-auth-7528.xyz/index.html,1
http://legit-service.com@netflix-secure-auth-8467.ml/index.html,1
http://legit-service.com@binance-security-secure-auth-1703.gq/index.html,1
http://legit-service.com@chase-secure-auth-2930.zip/index.html,1
https://bankofamerica-account-verification-support-1468.click/unlock-profile,1
http://legit-service.com@chase-secure-auth-6279.xyz/index.html,1
http://portal-bankofamerica-update.tk/login.php?user=victim%40mail.com&session=7018&redirect=secure-login,1
http://portal-netflix-update.loan/login.php?user=victim%40mail.com&session=7134&redirect=unlock-profile,1
http://portal-apple-id-update.link/login.php?user=victim%40mail.com&session=9874&redirect=urgent-notice,1
http://197.215.231.58/apple-id/claim-bonus.php?id=1129,1
http://25.97.75.88/facebook-verify/update-billing.php?id=7340,1
http://legit-service.com@apple-id-secure-auth-3359.link/index.html,1
https://netflix-account-verification-support-7827.loan/update-billing,1
http://chase.security-alert.unlock-profile7406.xyz/signin?token=8252831b9fce,1
http://wellsfargo.security-alert.unlock-profile8074.click/signin?token=fbb5d2cf4558,1
https://wellsfargo-account-verification-support-7463.link/kyc-confirmation,1
http://47.192.129.143/microsoft-login/unlock-profile.php?id=7905,1
https://microsoft-login-account-verification-support-3061.top/urgent-notice,1
http://portal-binance-security-update.loan/login.php?user=victim%40mail.com&session=8399&redirect=secure-login,1
https://microsoft-login-account-verification-support-3175.loan/unlock-profile,1
https://chase-account-verification-support-6304.ml/urgent-notice,1
http://portal-wellsfargo-update.gq/login.php?user=victim%40mail.com&session=6471&redirect=update-billing,1
https://netflix-account-verification-support-7910.xyz/update-billing,1
http://191.112.228.72/bankofamerica/update-billing.php?id=1709,1
https://wellsfargo-account-verification-support-5973.loan/claim-bonus,1
http://binance-security.security-alert.kyc-confirmation1986.link/signin?token=8c249675aea6,1
http://paypal.security-alert.verify-account947.gq/signin?token=c4b31ce7d95c,1
http://facebook-verify.security-alert.claim-bonus8714.click/signin?token=6dcb94fb5592,1
http://legit-service.com@netflix-secure-auth-4502.xyz/index.html,1
http://portal-bankofamerica-update.zip/login.php?user=victim%40mail.com&session=590&redirect=urgent-notice,1
http://bankofamerica.security-alert.urgent-notice2973.gq/signin?token=e37b08dd3015,1
https://facebook-verify-account-verification-support-54.zip/kyc-confirmation,1
https://bankofamerica-account-verification-support-3165.zip/verify-account,1
http://188.86.167.86/facebook-verify/update-billing.php?id=2211,1
https://chase-account-verification-support-1000.tk/update-billing,1
http://legit-service.com@facebook-verify-secure-auth-8199.link/index.html,1
http://portal-microsoft-login-update.loan/login.php?user=victim%40mail.com&session=9424&redirect=unlock-profile,1
http://94.98.181.180/facebook-verify/secure-login.php?id=7348,1
http://146.197.161.249/paypal/unlock-profile.php?id=2545,1
http://39.236.167.185/coinbase-auth/urgent-notice.php?id=3634,1
http://coinbase-auth.security-alert.unlock-profile742.cf/signin?token=e94550c93cd7,1
http://84.124.156.110/bankofamerica/verify-account.php?id=1318,1
http://portal-netflix-update.click/login.php?user=victim%40mail.com&session=3395&redirect=unlock-profile,1
http://binance-security.security-alert.kyc-confirmation6635.click/signin?token=0b94ce08688c,1
https://apple-id-account-verification-support-5790.link/urgent-notice,1
https://facebook-verify-account-verification-support-1570.zip/kyc-confirmation,1
https://bankofamerica-account-verification-support-482.gq/urgent-notice,1
http://facebook-verify.security-alert.unlock-profile8340.cf/signin?token=773464bf4840,1
http://chase.security-alert.unlock-profile1258.cf/signin?token=26588e932c7c,1
http://chase.security-alert.secure-login7412.link/signin?token=e13748298cfb,1
http://portal-binance-security-update.tk/login.php?user=victim%40mail.com&session=7606&redirect=kyc-confirmation,1
http://binance-security.security-alert.urgent-notice7061.link/signin?token=6495cf7ca745,1
http://legit-service.com@apple-id-secure-auth-4548.link/index.html,1
http://11.124.38.114/paypal/update-billing.php?id=9391,1
https://coinbase-auth-account-verification-support-1052.ml/unlock-profile,1
http://bankofamerica.security-alert.unlock-profile6477.zip/signin?token=51f15efdd170,1
http://portal-paypal-update.work/login.php?user=victim%40mail.com&session=1893&redirect=kyc-confirmation,1
http://97.235.149.16/apple-id/urgent-notice.php?id=7032,1
http://portal-chase-update.zip/login.php?user=victim%40mail.com&session=8721&redirect=claim-bonus,1
http://73.216.134.190/netflix/secure-login.php?id=4540,1
http://legit-service.com@paypal-secure-auth-1561.ml/index.html,1
http://portal-coinbase-auth-update.xyz/login.php?user=victim%40mail.com&session=9235&redirect=kyc-confirmation,1
https://bankofamerica-account-verification-support-8776.top/secure-login,1
https://binance-security-account-verification-support-4018.link/secure-login,1
http://legit-service.com@chase-secure-auth-8455.loan/index.html,1
https://wellsfargo-account-verification-support-9905.click/verify-account,1
http://portal-netflix-update.work/login.php?user=victim%40mail.com&session=8253&redirect=update-billing,1
https://apple-id-account-verification-support-3656.zip/kyc-confirmation,1
http://portal-coinbase-auth-update.link/login.php?user=victim%40mail.com&session=4346&redirect=secure-login,1
http://legit-service.com@microsoft-login-secure-auth-9430.link/index.html,1
http://portal-wellsfargo-update.gq/login.php?user=victim%40mail.com&session=6511&redirect=urgent-notice,1
https://microsoft-login-account-verification-support-7916.loan/verify-account,1
http://legit-service.com@bankofamerica-secure-auth-4455.tk/index.html,1
http://legit-service.com@facebook-verify-secure-auth-760.loan/index.html,1
http://106.102.139.44/netflix/unlock-profile.php?id=7501,1
http://microsoft-login.security-alert.kyc-confirmation9847.click/signin?token=9eed867b73ab,1
http://legit-service.com@netflix-secure-auth-1033.link/index.html,1
http://legit-service.com@bankofamerica-secure-auth-2356.link/index.html,1
http://portal-bankofamerica-update.click/login.php?user=victim%40mail.com&session=3697&redirect=kyc-confirmation,1
http://legit-service.com@coinbase-auth-secure-auth-9908.work/index.html,1
http://netflix.security-alert.secure-login5483.click/signin?token=d72a7ed33514,1
http://portal-paypal-update.tk/login.php?user=victim%40mail.com&session=2326&redirect=unlock-profile,1
http://portal-facebook-verify-update.work/login.php?user=victim%40mail.com&session=9345&redirect=kyc-confirmation,1
http://portal-bankofamerica-update.link/login.php?user=victim%40mail.com&session=10&redirect=claim-bonus,1
https://paypal-account-verification-support-2638.link/unlock-profile,1
http://portal-facebook-verify-update.cf/login.php?user=victim%40mail.com&session=6055&redirect=update-billing,1
http://162.9.41.152/chase/kyc-confirmation.php?id=5699,1
http://legit-service.com@coinbase-auth-secure-auth-4548.top/index.html,1
http://portal-apple-id-update.click/login.php?user=victim%40mail.com&session=2729&redirect=secure-login,1
http://128.23.182.232/paypal/secure-login.php?id=4460,1
http://legit-service.com@microsoft-login-secure-auth-364.link/index.html,1
http://chase.security-alert.claim-bonus3496.tk/signin?token=0a348ede8ac3,1
http://netflix.security-alert.claim-bonus3554.zip/signin?token=69b09198d424,1
http://66.167.87.18/coinbase-auth/verify-account.php?id=3293,1
http://171.158.133.178/facebook-verify/secure-login.php?id=1793,1
http://legit-service.com@paypal-secure-auth-4310.link/index.html,1
http://portal-binance-security-update.top/login.php?user=victim%40mail.com&session=8263&redirect=update-billing,1
http://189.227.7.140/apple-id/urgent-notice.php?id=8040,1
http://74.97.12.126/bankofamerica/urgent-notice.php?id=2809,1
https://bankofamerica-account-verification-support-7607.zip/claim-bonus,1
http://portal-bankofamerica-update.cf/login.php?user=victim%40mail.com&session=2637&redirect=urgent-notice,1
https://apple-id-account-verification-support-8808.xyz/unlock-profile,1
http://180.230.150.39/paypal/unlock-profile.php?id=1343,1
http://168.206.47.228/microsoft-login/verify-account.php?id=3720,1
http://82.226.124.214/coinbase-auth/verify-account.php?id=1784,1
http://legit-service.com@coinbase-auth-secure-auth-3673.loan/index.html,1
http://microsoft-login.security-alert.verify-account9201.tk/signin?token=ebf99bb5df65,1
http://microsoft-login.security-alert.urgent-notice4752.cf/signin?token=91299a41773c,1
http://legit-service.com@microsoft-login-secure-auth-9504.ml/index.html,1
http://portal-chase-update.click/login.php?user=victim%40mail.com&session=1547&redirect=claim-bonus,1
https://bankofamerica-account-verification-support-9002.loan/secure-login,1
http://legit-service.com@wellsfargo-secure-auth-2030.link/index.html,1
http://legit-service.com@coinbase-auth-secure-auth-9720.cf/index.html,1
http://legit-service.com@microsoft-login-secure-auth-2763.zip/index.html,1
http://portal-chase-update.work/login.php?user=victim%40mail.com&session=429&redirect=verify-account,1
http://121.172.174.243/binance-security/secure-login.php?id=877,1
http://123.195.16.185/facebook-verify/urgent-notice.php?id=4742,1
http://coinbase-auth.security-alert.unlock-profile1653.tk/signin?token=b147a61c1d07,1
http://chase.security-alert.urgent-notice1726.click/signin?token=74563ba21a90,1
http://portal-coinbase-auth-update.cf/login.php?user=victim%40mail.com&session=8195&redirect=update-billing,1
http://portal-bankofamerica-update.link/login.php?user=victim%40mail.com&session=5235&redirect=update-billing,1
https://bankofamerica-account-verification-support-9989.click/claim-bonus,1
http://legit-service.com@chase-secure-auth-8355.gq/index.html,1
http://legit-service.com@paypal-secure-auth-7418.cf/index.html,1
http://legit-service.com@coinbase-auth-secure-auth-5314.link/index.html,1
http://facebook-verify.security-alert.kyc-confirmation9813.xyz/signin?token=ea50fb37fdda,1
https://apple-id-account-verification-support-5255.link/claim-bonus,1
https://coinbase-auth-account-verification-support-2008.cf/secure-login,1
http://100.215.115.63/coinbase-auth/update-billing.php?id=5050,1
http://57.146.222.219/apple-id/unlock-profile.php?id=8871,1
http://portal-chase-update.tk/login.php?user=victim%40mail.com&session=8893&redirect=urgent-notice,1
http://paypal.security-alert.unlock-profile6541.ml/signin?token=751f915c2461,1
http://legit-service.com@paypal-secure-auth-1211.link/index.html,1
http://netflix.security-alert.claim-bonus640.xyz/signin?token=4ffce04d92a4,1
http://67.178.25.48/apple-id/verify-account.php?id=1147,1
http://binance-security.security-alert.kyc-confirmation6225.click/signin?token=9a0684d9dad4,1
http://107.45.7.106/binance-security/verify-account.php?id=5455,1
http://legit-service.com@bankofamerica-secure-auth-181.gq/index.html,1
http://binance-security.security-alert.kyc-confirmation8943.cf/signin?token=80c60e6ccca9,1
http://legit-service.com@microsoft-login-secure-auth-8592.xyz/index.html,1
https://binance-security-account-verification-support-7941.link/update-billing,1
https://netflix-account-verification-support-3491.top/secure-login,1
http://facebook-verify.security-alert.kyc-confirmation7021.tk/signin?token=cf866614b6b1,1
http://coinbase-auth.security-alert.unlock-profile2797.tk/signin?token=74378afe5e8b,1
http://39.5.11.208/binance-security/update-billing.php?id=5563,1
http://chase.security-alert.verify-account554.ml/signin?token=5e388103a391,1
http://legit-service.com@paypal-secure-auth-5915.loan/index.html,1
http://portal-coinbase-auth-update.cf/login.php?user=victim%40mail.com&session=9270&redirect=claim-bonus,1
http://legit-service.com@bankofamerica-secure-auth-9760.top/index.html,1
http://apple-id.security-alert.kyc-confirmation2241.work/signin?token=b6e32320fa6b,1
http://legit-service.com@apple-id-secure-auth-5364.zip/index.html,1
https://coinbase-auth-account-verification-support-1093.xyz/unlock-profile,1
http://portal-facebook-verify-update.tk/login.php?user=victim%40mail.com&session=7559&redirect=update-billing,1
https://paypal-account-verification-support-7787.loan/update-billing,1
http://legit-service.com@binance-security-secure-auth-9470.tk/index.html,1
http://portal-bankofamerica-update.tk/login.php?user=victim%40mail.com&session=4920&redirect=secure-login,1
http://legit-service.com@wellsfargo-secure-auth-5706.link/index.html,1
http://20.218.147.232/bankofamerica/claim-bonus.php?id=9710,1
http://portal-coinbase-auth-update.ml/login.php?user=victim%40mail.com&session=8013&redirect=verify-account,1
http://137.28.83.228/apple-id/kyc-confirmation.php?id=2885,1
http://149.176.179.132/paypal/unlock-profile.php?id=2729,1
http://coinbase-auth.security-alert.verify-account7352.loan/signin?token=ab73f542b6d6,1
http://portal-paypal-update.ml/login.php?user=victim%40mail.com&session=356&redirect=update-billing,1
http://legit-service.com@apple-id-secure-auth-8142.ml/index.html,1
http://legit-service.com@microsoft-login-secure-auth-3445.tk/index.html,1
http://legit-service.com@bankofamerica-secure-auth-2509.xyz/index.html,1
http://bankofamerica.security-alert.secure-login2843.ml/signin?token=bf2fb7d1825a,1
https://paypal-account-verification-support-1531.work/update-billing,1
http://bankofamerica.security-alert.kyc-confirmation7583.zip/signin?token=9ddc70b3617c,1
https://chase-account-verification-support-535.work/unlock-profile,1
http://legit-service.com@chase-secure-auth-4145.tk/index.html,1
http://182.204.11.118/netflix/update-billing.php?id=4535,1
http://73.140.5.78/chase/update-billing.php?id=6375,1
http://chase.security-alert.update-billing2719.tk/signin?token=7aee26c309de,1
https://wellsfargo-account-verification-support-78.zip/urgent-notice,1
http://facebook-verify.security-alert.unlock-profile3135.link/signin?token=8b8388180314,1
http://legit-service.com@microsoft-login-secure-auth-300.click/index.html,1
http://131.139.78.241/paypal/update-billing.php?id=964,1
http://legit-service.com@microsoft-login-secure-auth-5140.gq/index.html,1
https://coinbase-auth-account-verification-support-3581.link/kyc-confirmation,1
http://legit-service.com@apple-id-secure-auth-5131.gq/index.html,1
http://legit-service.com@coinbase-auth-secure-auth-3796.ml/index.html,1
http://legit-service.com@facebook-verify-secure-auth-3078.click/index.html,1
http://142.232.125.43/bankofamerica/update-billing.php?id=6686,1
http://legit-service.com@microsoft-login-secure-auth-203.work/index.html,1
https://facebook-verify-account-verification-support-3592.link/update-billing,1
https://facebook-verify-account-verification-support-5353.ml/secure-login,1
https://facebook-verify-account-verification-support-9384.zip/urgent-notice,1
http://paypal.security-alert.kyc-confirmation4489.gq/signin?token=ef0eff6088e2,1
http://137.40.72.235/bankofamerica/secure-login.php?id=5600,1
http://bankofamerica.security-alert.claim-bonus8448.tk/signin?token=44590aa92291,1
http://paypal.security-alert.claim-bonus7585.link/signin?token=7eb5ac36014a,1
https://microsoft-login-account-verification-support-2738.ml/unlock-profile,1
http://legit-service.com@binance-security-secure-auth-8185.link/index.html,1
http://legit-service.com@coinbase-auth-secure-auth-2307.tk/index.html,1
http://portal-binance-security-update.zip/login.php?user=victim%40mail.com&session=4954&redirect=update-billing,1
http://apple-id.security-alert.secure-login9782.xyz/signin?token=32bd40362507,1
http://legit-service.com@facebook-verify-secure-auth-5918.top/index.html,1
http://portal-bankofamerica-update.work/login.php?user=victim%40mail.com&session=2750&redirect=urgent-notice,1
https://paypal-account-verification-support-9153.link/verify-account,1
http://chase.security-alert.update-billing3598.loan/signin?token=6a450490f238,1
http://wellsfargo.security-alert.claim-bonus4755.link/signin?token=a7c628dced6a,1
http://legit-service.com@netflix-secure-auth-2259.work/index.html,1
http://apple-id.security-alert.claim-bonus2615.link/signin?token=c4f796afbc62,1
http://legit-service.com@binance-security-secure-auth-3143.xyz/index.html,1
http://48.21.236.51/apple-id/update-billing.php?id=7285,1
http://microsoft-login.security-alert.unlock-profile243.click/signin?token=cb70ab375662,1
http://legit-service.com@bankofamerica-secure-auth-5904.work/index.html,1
http://coinbase-auth.security-alert.verify-account4090.link/signin?token=ae31ee951b4d,1
http://legit-service.com@binance-security-secure-auth-9017.ml/index.html,1
http://binance-security.security-alert.urgent-notice5716.top/signin?token=fd4771e85e1f,1
http://apple-id.security-alert.kyc-confirmation8756.link/signin?token=62d90d223cf3,1
http://legit-service.com@paypal-secure-auth-5503.loan/index.html,1
http://169.65.122.146/coinbase-auth/unlock-profile.php?id=1875,1
https://apple-id-account-verification-support-4984.gq/verify-account,1
http://51.171.223.245/binance-security/secure-login.php?id=2445,1
http://microsoft-login.security-alert.kyc-confirmation5638.xyz/signin?token=78b91366b15c,1
http://chase.security-alert.kyc-confirmation2377.click/signin?token=269d837afada,1
http://portal-wellsfargo-update.work/login.php?user=victim%40mail.com&session=7049&redirect=secure-login,1
https://microsoft-login-account-verification-support-3360.link/verify-account,1
http://146.25.169.62/paypal/verify-account.php?id=8566,1
http://22.208.77.75/bankofamerica/verify-account.php?id=2427,1
http://portal-facebook-verify-update.click/login.php?user=victim%40mail.com&session=1476&redirect=unlock-profile,1
http://13.118.136.210/wellsfargo/kyc-confirmation.php?id=2522,1
http://legit-service.com@wellsfargo-secure-auth-9604.click/index.html,1
http://portal-netflix-update.loan/login.php?user=victim%40mail.com&session=4935&redirect=claim-bonus,1
http://52.243.49.185/wellsfargo/update-billing.php?id=8770,1
http://legit-service.com@microsoft-login-secure-auth-6642.ml/index.html,1
http://172.150.216.63/apple-id/verify-account.php?id=8353,1
http://84.137.119.25/chase/kyc-confirmation.php?id=3433,1
http://bankofamerica.security-alert.kyc-confirmation1422.link/signin?token=0ed942235739,1
http://62.212.107.86/facebook-verify/verify-account.php?id=4732,1
http://legit-service.com@netflix-secure-auth-6758.cf/index.html,1
https://paypal-account-verification-support-2822.work/secure-login,1
https://wellsfargo-account-verification-support-2561.link/update-billing,1
http://portal-binance-security-update.xyz/login.php?user=victim%40mail.com&session=5874&redirect=unlock-profile,1
http://coinbase-auth.security-alert.kyc-confirmation8578.link/signin?token=b7c0c7d6ce23,1
http://portal-apple-id-update.tk/login.php?user=victim%40mail.com&session=3496&redirect=kyc-confirmation,1
https://paypal-account-verification-support-7536.gq/verify-account,1
http://portal-microsoft-login-update.link/login.php?user=victim%40mail.com&session=8899&redirect=kyc-confirmation,1
http://legit-service.com@paypal-secure-auth-2835.ml/index.html,1
https://bankofamerica-account-verification-support-9296.loan/secure-login,1
http://portal-coinbase-auth-update.zip/login.php?user=victim%40mail.com&session=7557&redirect=kyc-confirmation,1
http://portal-wellsfargo-update.zip/login.php?user=victim%40mail.com&session=7928&redirect=secure-login,1
http://legit-service.com@apple-id-secure-auth-133.loan/index.html,1
http://legit-service.com@apple-id-secure-auth-8506.zip/index.html,1
http://binance-security.security-alert.verify-account6518.top/signin?token=ae581798565c,1
http://portal-chase-update.top/login.php?user=victim%40mail.com&session=7006&redirect=update-billing,1
http://portal-microsoft-login-update.click/login.php?user=victim%40mail.com&session=4179&redirect=kyc-confirmation,1
http://legit-service.com@coinbase-auth-secure-auth-7665.ml/index.html,1
http://177.212.116.115/netflix/update-billing.php?id=502,1
http://binance-security.security-alert.update-billing1135.gq/signin?token=fd2c5e4680d9,1
https://facebook-verify-account-verification-support-796.loan/secure-login,1
http://118.124.238.154/wellsfargo/verify-account.php?id=3859,1
https://bankofamerica-account-verification-support-1513.link/unlock-profile,1
https://apple-id-account-verification-support-2134.click/unlock-profile,1
https://facebook-verify-account-verification-support-166.link/kyc-confirmation,1
http://facebook-verify.security-alert.secure-login6263.gq/signin?token=30ee748d38e2,1
https://facebook-verify-account-verification-support-6993.xyz/secure-login,1
http://legit-service.com@paypal-secure-auth-2407.top/index.html,1
https://chase-account-verification-support-4512.link/update-billing,1
http://legit-service.com@coinbase-auth-secure-auth-6858.ml/index.html,1
http://legit-service.com@binance-security-secure-auth-8056.click/index.html,1
http://115.207.239.63/apple-id/unlock-profile.php?id=8003,1
http://legit-service.com@chase-secure-auth-8223.cf/index.html,1
https://facebook-verify-account-verification-support-3610.ml/claim-bonus,1
http://coinbase-auth.security-alert.urgent-notice3588.cf/signin?token=c2964caac096,1
https://coinbase-auth-account-verification-support-9504.loan/kyc-confirmation,1
http://chase.security-alert.urgent-notice516.click/signin?token=f3f27a324736,1
http://portal-chase-update.top/login.php?user=victim%40mail.com&session=1717&redirect=unlock-profile,1
http://portal-wellsfargo-update.link/login.php?user=victim%40mail.com&session=3032&redirect=verify-account,1
http://legit-service.com@apple-id-secure-auth-6068.zip/index.html,1
http://38.227.195.11/chase/unlock-profile.php?id=2999,1
http://portal-chase-update.click/login.php?user=victim%40mail.com&session=7335&redirect=claim-bonus,1
http://legit-service.com@chase-secure-auth-4205.work/index.html,1
http://microsoft-login.security-alert.unlock-profile2093.ml/signin?token=b2ab001909a8,1
https://microsoft-login-account-verification-support-4622.ml/secure-login,1
http://37.189.205.234/chase/urgent-notice.php?id=3559,1
http://microsoft-login.security-alert.unlock-profile2651.ml/signin?token=148260a1ce4f,1
http://146.250.242.94/netflix/kyc-confirmation.php?id=5997,1
http://portal-chase-update.top/login.php?user=victim%40mail.com&session=7371&redirect=update-billing,1
http://portal-chase-update.work/login.php?user=victim%40mail.com&session=488&redirect=unlock-profile,1
http://legit-service.com@paypal-secure-auth-8197.loan/index.html,1
http://wellsfargo.security-alert.urgent-notice362.cf/signin?token=c3e878e27f52,1
http://portal-apple-id-update.cf/login.php?user=victim%40mail.com&session=8453&redirect=unlock-profile,1
http://portal-wellsfargo-update.xyz/login.php?user=victim%40mail.com&session=2936&redirect=unlock-profile,1
https://facebook-verify-account-verification-support-3573.ml/kyc-confirmation,1
http://portal-facebook-verify-update.xyz/login.php?user=victim%40mail.com&session=7700&redirect=update-billing,1
http://portal-coinbase-auth-update.ml/login.php?user=victim%40mail.com&session=3935&redirect=claim-bonus,1
http://paypal.security-alert.urgent-notice3402.zip/signin?token=91d0dbfd38d9,1
http://125.196.188.4/coinbase-auth/claim-bonus.php?id=1937,1
http://legit-service.com@binance-security-secure-auth-9753.link/index.html,1
http://legit-service.com@paypal-secure-auth-3046.cf/index.html,1
http://apple-id.security-alert.verify-account2928.top/signin?token=9087b0efc7c7,1
http://legit-service.com@microsoft-login-secure-auth-6161.link/index.html,1
http://118.123.183.203/wellsfargo/update-billing.php?id=4133,1
http://legit-service.com@coinbase-auth-secure-auth-6031.loan/index.html,1
https://netflix-account-verification-support-1818.ml/urgent-notice,1
http://portal-wellsfargo-update.zip/login.php?user=victim%40mail.com&session=2858&redirect=kyc-confirmation,1
http://193.75.156.246/microsoft-login/verify-account.php?id=2564,1
http://145.121.214.201/microsoft-login/verify-account.php?id=8934,1
http://legit-service.com@bankofamerica-secure-auth-5639.zip/index.html,1
http://76.144.58.117/bankofamerica/urgent-notice.php?id=6210,1
http://coinbase-auth.security-alert.kyc-confirmation4184.xyz/signin?token=de043a5e4212,1
https://apple-id-account-verification-support-6841.zip/unlock-profile,1
http://apple-id.security-alert.claim-bonus2912.xyz/signin?token=c68c9c8258ea,1
http://wellsfargo.security-alert.kyc-confirmation8885.cf/signin?token=05e2a0647e26,1
https://microsoft-login-account-verification-support-5994.tk/urgent-notice,1
http://legit-service.com@chase-secure-auth-9573.cf/index.html,1
http://portal-apple-id-update.gq/login.php?user=victim%40mail.com&session=4361&redirect=claim-bonus,1
http://facebook-verify.security-alert.unlock-profile9749.tk/signin?token=ccc58dde99ac,1
http://portal-binance-security-update.top/login.php?user=victim%40mail.com&session=6449&redirect=claim-bonus,1
http://portal-bankofamerica-update.top/login.php?user=victim%40mail.com&session=1442&redirect=unlock-profile,1
https://apple-id-account-verification-support-1208.link/urgent-notice,1
http://coinbase-auth.security-alert.urgent-notice8196.loan/signin?token=cc02d42b8939,1
http://legit-service.com@microsoft-login-secure-auth-9493.loan/index.html,1
http://legit-service.com@apple-id-secure-auth-465.work/index.html,1
http://portal-apple-id-update.ml/login.php?user=victim%40mail.com&session=491&redirect=claim-bonus,1
http://portal-binance-security-update.zip/login.php?user=victim%40mail.com&session=1406&redirect=update-billing,1
http://legit-service.com@chase-secure-auth-7069.zip/index.html,1
http://wellsfargo.security-alert.secure-login1621.work/signin?token=4462bf0ddbe0,1
http://legit-service.com@netflix-secure-auth-4992.zip/index.html,1
https://coinbase-auth-account-verification-support-768.link/verify-account,1
http://portal-microsoft-login-update.loan/login.php?user=victim%40mail.com&session=339&redirect=verify-account,1
http://portal-chase-update.click/login.php?user=victim%40mail.com&session=994&redirect=update-billing,1
http://portal-microsoft-login-update.xyz/login.php?user=victim%40mail.com&session=451&redirect=urgent-notice,1
http://portal-bankofamerica-update.link/login.php?user=victim%40mail.com&session=2383&redirect=secure-login,1
http://120.117.223.213/apple-id/claim-bonus.php?id=8649,1
http://portal-binance-security-update.work/login.php?user=victim%40mail.com&session=8076&redirect=verify-account,1
http://196.117.1.22/apple-id/verify-account.php?id=4595,1
http://legit-service.com@microsoft-login-secure-auth-8695.work/index.html,1
http://legit-service.com@paypal-secure-auth-5151.xyz/index.html,1
http://124.28.47.85/chase/kyc-confirmation.php?id=8098,1
http://wellsfargo.security-alert.claim-bonus4868.click/signin?token=f5e647292cc4,1
http://portal-binance-security-update.cf/login.php?user=victim%40mail.com&session=8273&redirect=claim-bonus,1
https://apple-id-account-verification-support-4758.link/secure-login,1
http://portal-apple-id-update.gq/login.php?user=victim%40mail.com&session=4382&redirect=secure-login,1
http://paypal.security-alert.kyc-confirmation2791.work/signin?token=ad82140cafe8,1
http://legit-service.com@bankofamerica-secure-auth-1276.top/index.html,1
https://paypal-account-verification-support-2329.loan/kyc-confirmation,1
https://chase-account-verification-support-1817.tk/verify-account,1
https://facebook-verify-account-verification-support-6341.link/unlock-profile,1
http://paypal.security-alert.urgent-notice4514.zip/signin?token=e2f374c3418c,1
http://netflix.security-alert.claim-bonus6744.top/signin?token=688f3fe72241,1
http://82.235.110.113/chase/unlock-profile.php?id=4793,1
http://binance-security.security-alert.verify-account1841.zip/signin?token=e8dfff4676a4,1
http://99.246.144.179/paypal/unlock-profile.php?id=7278,1
http://portal-microsoft-login-update.xyz/login.php?user=victim%40mail.com&session=6353&redirect=urgent-notice,1
http://legit-service.com@netflix-secure-auth-2081.top/index.html,1
http://portal-apple-id-update.gq/login.php?user=victim%40mail.com&session=5357&redirect=update-billing,1
http://portal-facebook-verify-update.cf/login.php?user=victim%40mail.com&session=5235&redirect=secure-login,1
http://portal-netflix-update.ml/login.php?user=victim%40mail.com&session=8060&redirect=kyc-confirmation,1
http://portal-coinbase-auth-update.ml/login.php?user=victim%40mail.com&session=9260&redirect=verify-account,1
http://legit-service.com@microsoft-login-secure-auth-2514.tk/index.html,1
http://portal-apple-id-update.xyz/login.php?user=victim%40mail.com&session=8544&redirect=claim-bonus,1
https://wellsfargo-account-verification-support-1258.work/kyc-confirmation,1
https://coinbase-auth-account-verification-support-5772.xyz/update-billing,1
http://legit-service.com@facebook-verify-secure-auth-8758.work/index.html,1
http://48.57.161.176/netflix/urgent-notice.php?id=1162,1
http://wellsfargo.security-alert.unlock-profile3738.cf/signin?token=16738419b15b,1
http://chase.security-alert.secure-login9493.top/signin?token=0b4078ee99ff,1
http://chase.security-alert.urgent-notice1450.xyz/signin?token=c5cc17e395d3,1
http://paypal.security-alert.kyc-confirmation1700.top/signin?token=01e00f2f4bfc,1
http://netflix.security-alert.secure-login6349.ml/signin?token=8c5149362e6e,1
http://118.98.18.128/apple-id/unlock-profile.php?id=4491,1
http://legit-service.com@wellsfargo-secure-auth-8697.loan/index.html,1
http://legit-service.com@apple-id-secure-auth-6592.link/index.html,1
http://chase.security-alert.update-billing2204.link/signin?token=4b4edc2630fe,1
http://legit-service.com@paypal-secure-auth-4548.gq/index.html,1
http://legit-service.com@bankofamerica-secure-auth-1809.ml/index.html,1
http://coinbase-auth.security-alert.claim-bonus9076.top/signin?token=c49e446a46fa,1
http://portal-facebook-verify-update.xyz/login.php?user=victim%40mail.com&session=2430&redirect=unlock-profile,1
http://paypal.security-alert.kyc-confirmation413.top/signin?token=0deb1c548143,1
http://facebook-verify.security-alert.unlock-profile6782.click/signin?token=128ac9c42730,1
http://portal-binance-security-update.click/login.php?user=victim%40mail.com&session=130&redirect=claim-bonus,1
https://facebook-verify-account-verification-support-3741.click/update-billing,1
http://121.73.236.246/binance-security/urgent-notice.php?id=7182,1
http://bankofamerica.security-alert.update-billing6675.zip/signin?token=9087cd8bfa9c,1
http://facebook-verify.security-alert.unlock-profile413.tk/signin?token=0deb1c548143,1
http://bankofamerica.security-alert.secure-login8418.link/signin?token=9965b21b3968,1
http://coinbase-auth.security-alert.claim-bonus815.tk/signin?token=71ad16ad2c4d,1
http://portal-paypal-update.link/login.php?user=victim%40mail.com&session=7430&redirect=update-billing,1
https://chase-account-verification-support-2322.ml/secure-login,1
https://chase-account-verification-support-9544.top/urgent-notice,1
http://legit-service.com@netflix-secure-auth-6957.link/index.html,1
http://144.198.106.19/paypal/unlock-profile.php?id=2050,1
http://legit-service.com@facebook-verify-secure-auth-6947.loan/index.html,1
https://paypal-account-verification-support-9848.ml/urgent-notice,1
http://legit-service.com@chase-secure-auth-5439.ml/index.html,1
http://47.199.243.63/paypal/verify-account.php?id=6285,1
http://legit-service.com@wellsfargo-secure-auth-9473.work/index.html,1
http://189.144.181.250/paypal/unlock-profile.php?id=1984,1
https://wellsfargo-account-verification-support-3915.cf/secure-login,1
http://157.154.118.100/bankofamerica/urgent-notice.php?id=8382,1
http://chase.security-alert.kyc-confirmation6024.zip/signin?token=3bd8fdb090f1,1
http://legit-service.com@facebook-verify-secure-auth-7668.cf/index.html,1
http://115.9.66.227/chase/unlock-profile.php?id=3222,1
http://portal-netflix-update.tk/login.php?user=victim%40mail.com&session=1028&redirect=unlock-profile,1
http://portal-coinbase-auth-update.work/login.php?user=victim%40mail.com&session=3271&redirect=verify-account,1
https://wellsfargo-account-verification-support-9295.xyz/secure-login,1
http://portal-chase-update.tk/login.php?user=victim%40mail.com&session=9683&redirect=unlock-profile,1
http://legit-service.com@chase-secure-auth-8934.tk/index.html,1
https://facebook-verify-account-verification-support-3710.cf/claim-bonus,1
http://coinbase-auth.security-alert.unlock-profile9735.gq/signin?token=fecbfa88f364,1
http://15.48.142.52/bankofamerica/verify-account.php?id=3674,1
http://legit-service.com@facebook-verify-secure-auth-5740.cf/index.html,1
https://bankofamerica-account-verification-support-5563.work/urgent-notice,1
http://microsoft-login.security-alert.verify-account3023.tk/signin?token=09d37c08f7b1,1
http://portal-facebook-verify-update.link/login.php?user=victim%40mail.com&session=557&redirect=urgent-notice,1
http://portal-netflix-update.zip/login.php?user=victim%40mail.com&session=8956&redirect=update-billing,1
https://netflix-account-verification-support-5934.click/secure-login,1
http://portal-facebook-verify-update.zip/login.php?user=victim%40mail.com&session=6194&redirect=kyc-confirmation,1
http://legit-service.com@coinbase-auth-secure-auth-1317.zip/index.html,1
http://legit-service.com@netflix-secure-auth-6935.gq/index.html,1
http://portal-facebook-verify-update.cf/login.php?user=victim%40mail.com&session=9581&redirect=urgent-notice,1
http://81.17.189.10/bankofamerica/unlock-profile.php?id=318,1
http://104.158.107.34/apple-id/urgent-notice.php?id=2935,1
http://97.250.93.107/paypal/update-billing.php?id=2581,1
http://portal-paypal-update.top/login.php?user=victim%40mail.com&session=3076&redirect=update-billing,1
http://coinbase-auth.security-alert.secure-login8260.zip/signin?token=a73d2d60ed47,1
http://legit-service.com@bankofamerica-secure-auth-6713.xyz/index.html,1
http://130.189.29.242/paypal/unlock-profile.php?id=9633,1
http://facebook-verify.security-alert.claim-bonus7893.ml/signin?token=76fabdc82dd6,1
http://legit-service.com@microsoft-login-secure-auth-8448.cf/index.html,1
https://paypal-account-verification-support-2016.link/secure-login,1
http://187.179.164.105/netflix/update-billing.php?id=2302,1
http://bankofamerica.security-alert.verify-account5173.click/signin?token=6f8caa0e6413,1
http://chase.security-alert.unlock-profile8469.cf/signin?token=b1adda14824f,1
http://legit-service.com@chase-secure-auth-4487.click/index.html,1
https://bankofamerica-account-verification-support-7866.gq/unlock-profile,1
http://portal-coinbase-auth-update.click/login.php?user=victim%40mail.com&session=1790&redirect=urgent-notice,1
http://portal-microsoft-login-update.click/login.php?user=victim%40mail.com&session=5723&redirect=update-billing,1
http://bankofamerica.security-alert.verify-account2577.tk/signin?token=74934548253b,1
https://bankofamerica-account-verification-support-5362.xyz/unlock-profile,1
http://apple-id.security-alert.claim-bonus7880.xyz/signin?token=46ba59a69948,1
https://bankofamerica-account-verification-support-7075.work/secure-login,1
http://chase.security-alert.unlock-profile8130.xyz/signin?token=66cf21351023,1
http://legit-service.com@microsoft-login-secure-auth-4290.click/index.html,1
http://paypal.security-alert.verify-account4191.click/signin?token=331cc28f8747,1
http://107.227.19.30/bankofamerica/verify-account.php?id=3715,1
http://coinbase-auth.security-alert.urgent-notice9737.xyz/signin?token=ce46f09027b2,1
http://paypal.security-alert.update-billing1924.xyz/signin?token=b139e104214a,1
http://portal-paypal-update.loan/login.php?user=victim%40mail.com&session=807&redirect=urgent-notice,1
http://portal-paypal-update.link/login.php?user=victim%40mail.com&session=8943&redirect=unlock-profile,1
http://portal-facebook-verify-update.zip/login.php?user=victim%40mail.com&session=5932&redirect=kyc-confirmation,1
http://166.87.170.98/binance-security/kyc-confirmation.php?id=2741,1
https://microsoft-login-account-verification-support-4489.click/unlock-profile,1
http://portal-binance-security-update.top/login.php?user=victim%40mail.com&session=9981&redirect=urgent-notice,1
http://legit-service.com@binance-security-secure-auth-7955.xyz/index.html,1
http://legit-service.com@binance-security-secure-auth-6921.gq/index.html,1
http://bankofamerica.security-alert.claim-bonus5050.click/signin?token=8977ecbb8cb8,1
https://bankofamerica-account-verification-support-8142.tk/secure-login,1
http://bankofamerica.security-alert.verify-account4867.work/signin?token=9ac5a6d86e89,1
http://portal-apple-id-update.zip/login.php?user=victim%40mail.com&session=8370&redirect=unlock-profile,1
http://coinbase-auth.security-alert.secure-login7442.top/signin?token=e41990b122b8,1
http://legit-service.com@chase-secure-auth-1563.xyz/index.html,1
http://legit-service.com@coinbase-auth-secure-auth-4959.work/index.html,1
https://apple-id-account-verification-support-8557.cf/update-billing,1
https://microsoft-login-account-verification-support-6188.zip/update-billing,1
https://bankofamerica-account-verification-support-1629.top/urgent-notice,1
http://portal-netflix-update.tk/login.php?user=victim%40mail.com&session=9329&redirect=update-billing,1
https://binance-security-account-verification-support-1117.loan/claim-bonus,1
https://microsoft-login-account-verification-support-6506.cf/secure-login,1
http://binance-security.security-alert.unlock-profile3485.ml/signin?token=dfeb9598fbfb,1
http://legit-service.com@netflix-secure-auth-2039.link/index.html,1
http://legit-service.com@microsoft-login-secure-auth-7774.zip/index.html,1
https://microsoft-login-account-verification-support-9949.cf/urgent-notice,1
http://68.181.92.218/facebook-verify/secure-login.php?id=3425,1
http://bankofamerica.security-alert.unlock-profile619.link/signin?token=cdc0d6e63aa8,1
http://binance-security.security-alert.kyc-confirmation7167.xyz/signin?token=456048afb725,1
http://apple-id.security-alert.urgent-notice4340.ml/signin?token=61f3a6dbc912,1
http://portal-facebook-verify-update.top/login.php?user=victim%40mail.com&session=6980&redirect=kyc-confirmation,1
http://facebook-verify.security-alert.urgent-notice6163.top/signin?token=a6e4f250fb5c,1
https://wellsfargo-account-verification-support-861.gq/update-billing,1
http://portal-binance-security-update.ml/login.php?user=victim%40mail.com&session=1771&redirect=verify-account,1
http://61.212.131.87/facebook-verify/verify-account.php?id=5901,1
http://bankofamerica.security-alert.unlock-profile8347.link/signin?token=a9cc6694dc40,1
http://portal-chase-update.work/login.php?user=victim%40mail.com&session=1349&redirect=urgent-notice,1
http://20.113.27.249/netflix/update-billing.php?id=800,1
http://legit-service.com@wellsfargo-secure-auth-892.tk/index.html,1
https://bankofamerica-account-verification-support-4276.top/unlock-profile,1
https://paypal-account-verification-support-2834.link/kyc-confirmation,1
http://legit-service.com@apple-id-secure-auth-2080.loan/index.html,1
http://legit-service.com@paypal-secure-auth-6101.loan/index.html,1
https://chase-account-verification-support-1453.loan/urgent-notice,1
https://bankofamerica-account-verification-support-835.cf/update-billing,1
http://portal-netflix-update.top/login.php?user=victim%40mail.com&session=3449&redirect=secure-login,1
http://37.116.32.6/wellsfargo/verify-account.php?id=3682,1
http://149.90.215.131/coinbase-auth/urgent-notice.php?id=1254,1
http://legit-service.com@apple-id-secure-auth-2374.click/index.html,1
http://portal-apple-id-update.ml/login.php?user=victim%40mail.com&session=2547&redirect=urgent-notice,1
http://legit-service.com@paypal-secure-auth-5031.work/index.html,1
http://bankofamerica.security-alert.secure-login673.work/signin?token=9f396fe44e7c,1
http://chase.security-alert.urgent-notice7784.loan/signin?token=9ed017d73723,1
http://legit-service.com@coinbase-auth-secure-auth-3502.link/index.html,1
https://chase-account-verification-support-1352.link/update-billing,1
http://portal-microsoft-login-update.xyz/login.php?user=victim%40mail.com&session=8441&redirect=verify-account,1
http://coinbase-auth.security-alert.update-billing6293.tk/signin?token=1f87a3f9a905,1
http://portal-binance-security-update.top/login.php?user=victim%40mail.com&session=1947&redirect=update-billing,1
http://apple-id.security-alert.secure-login2583.xyz/signin?token=eaa52f336676,1
https://wellsfargo-account-verification-support-4599.loan/kyc-confirmation,1
http://181.178.98.20/netflix/secure-login.php?id=548,1
https://binance-security-account-verification-support-4681.cf/kyc-confirmation,1
http://legit-service.com@chase-secure-auth-8497.loan/index.html,1
https://apple-id-account-verification-support-702.tk/urgent-notice,1
http://facebook-verify.security-alert.unlock-profile1142.loan/signin?token=8ce6790cc6a9,1
https://wellsfargo-account-verification-support-956.tk/update-billing,1
http://legit-service.com@chase-secure-auth-403.top/index.html,1
http://binance-security.security-alert.kyc-confirmation597.xyz/signin?token=08c5433a6013,1
http://portal-apple-id-update.gq/login.php?user=victim%40mail.com&session=8481&redirect=unlock-profile,1
http://legit-service.com@netflix-secure-auth-9006.cf/index.html,1
http://138.204.135.37/facebook-verify/urgent-notice.php?id=4640,1
http://portal-microsoft-login-update.gq/login.php?user=victim%40mail.com&session=2225&redirect=secure-login,1
http://70.166.63.39/microsoft-login/secure-login.php?id=6813,1
https://netflix-account-verification-support-9513.xyz/kyc-confirmation,1
https://microsoft-login-account-verification-support-5762.loan/unlock-profile,1
http://portal-binance-security-update.cf/login.php?user=victim%40mail.com&session=2072&redirect=urgent-notice,1
http://portal-chase-update.xyz/login.php?user=victim%40mail.com&session=2340&redirect=urgent-notice,1
http://portal-paypal-update.cf/login.php?user=victim%40mail.com&session=5387&redirect=unlock-profile,1
http://76.177.106.58/bankofamerica/kyc-confirmation.php?id=569,1
http://wellsfargo.security-alert.unlock-profile7914.xyz/signin?token=17a3120e4e5f,1
http://portal-microsoft-login-update.loan/login.php?user=victim%40mail.com&session=4493&redirect=kyc-confirmation,1
http://portal-binance-security-update.work/login.php?user=victim%40mail.com&session=3893&redirect=unlock-profile,1
http://chase.security-alert.secure-login3864.top/signin?token=4f8bc5ac1dc2,1
http://portal-chase-update.tk/login.php?user=victim%40mail.com&session=148&redirect=verify-account,1
http://portal-binance-security-update.top/login.php?user=victim%40mail.com&session=5064&redirect=claim-bonus,1
http://147.90.243.244/facebook-verify/unlock-profile.php?id=208,1
http://portal-coinbase-auth-update.cf/login.php?user=victim%40mail.com&session=9066&redirect=unlock-profile,1
http://legit-service.com@netflix-secure-auth-3338.zip/index.html,1
http://wellsfargo.security-alert.unlock-profile998.top/signin?token=9ab0d8843173,1
https://netflix-account-verification-support-1675.loan/urgent-notice,1
http://109.56.29.230/wellsfargo/urgent-notice.php?id=5838,1
http://chase.security-alert.unlock-profile8272.top/signin?token=f4beeba0dd6c,1
http://legit-service.com@netflix-secure-auth-4693.cf/index.html,1
http://binance-security.security-alert.claim-bonus6078.link/signin?token=5f8a7deb1523,1
https://facebook-verify-account-verification-support-7916.work/claim-bonus,1
https://paypal-account-verification-support-7867.xyz/unlock-profile,1
http://apple-id.security-alert.unlock-profile3775.work/signin?token=f2b93ce08763,1
https://wellsfargo-account-verification-support-471.loan/claim-bonus,1
http://chase.security-alert.update-billing3331.zip/signin?token=0a2a51dac613,1
https://bankofamerica-account-verification-support-2803.ml/urgent-notice,1
http://legit-service.com@chase-secure-auth-260.link/index.html,1
https://netflix-account-verification-support-8467.top/urgent-notice,1
http://legit-service.com@microsoft-login-secure-auth-7018.work/index.html,1
http://wellsfargo.security-alert.update-billing166.cf/signin?token=7e7757b1e12a,1
https://apple-id-account-verification-support-9888.top/claim-bonus,1
https://binance-security-account-verification-support-2424.cf/secure-login,1
http://portal-bankofamerica-update.xyz/login.php?user=victim%40mail.com&session=3767&redirect=verify-account,1
http://legit-service.com@apple-id-secure-auth-8872.top/index.html,1
http://portal-chase-update.gq/login.php?user=victim%40mail.com&session=2961&redirect=secure-login,1
http://legit-service.com@wellsfargo-secure-auth-168.click/index.html,1
http://portal-wellsfargo-update.link/login.php?user=victim%40mail.com&session=8939&redirect=update-billing,1
http://microsoft-login.security-alert.verify-account501.work/signin?token=5b69b9cb8306,1
http://microsoft-login.security-alert.secure-login7511.loan/signin?token=1e44fdf9c44d,1
http://portal-wellsfargo-update.top/login.php?user=victim%40mail.com&session=8903&redirect=update-billing,1
http://netflix.security-alert.kyc-confirmation7827.top/signin?token=5b5c2e6aacc6,1
https://apple-id-account-verification-support-9445.zip/unlock-profile,1
http://legit-service.com@netflix-secure-auth-6163.tk/index.html,1
http://77.21.16.224/netflix/kyc-confirmation.php?id=1937,1
http://legit-service.com@wellsfargo-secure-auth-9142.gq/index.html,1
http://legit-service.com@apple-id-secure-auth-2576.work/index.html,1
http://legit-service.com@chase-secure-auth-489.xyz/index.html,1
http://55.29.62.15/paypal/update-billing.php?id=8162,1
http://portal-wellsfargo-update.click/login.php?user=victim%40mail.com&session=7665&redirect=secure-login,1
http://45.16.129.178/wellsfargo/urgent-notice.php?id=8000,1
http://portal-microsoft-login-update.click/login.php?user=victim%40mail.com&session=8742&redirect=secure-login,1
http://portal-apple-id-update.ml/login.php?user=victim%40mail.com&session=7266&redirect=kyc-confirmation,1
https://binance-security-account-verification-support-9929.ml/unlock-profile,1
http://190.69.70.150/coinbase-auth/urgent-notice.php?id=1647,1
http://netflix.security-alert.secure-login1304.xyz/signin?token=5caf41d62364,1
http://portal-microsoft-login-update.tk/login.php?user=victim%40mail.com&session=8565&redirect=unlock-profile,1
http://199.111.92.122/chase/update-billing.php?id=6049,1
http://137.220.67.94/paypal/unlock-profile.php?id=1182,1
http://153.24.36.60/paypal/secure-login.php?id=8314,1
http://bankofamerica.security-alert.secure-login153.link/signin?token=b3e3e393c77e,1
http://portal-netflix-update.xyz/login.php?user=victim%40mail.com&session=7347&redirect=claim-bonus,1
https://netflix-account-verification-support-8950.xyz/secure-login,1
https://binance-security-account-verification-support-2954.zip/urgent-notice,1
http://legit-service.com@coinbase-auth-secure-auth-6576.gq/index.html,1
https://microsoft-login-account-verification-support-3025.gq/verify-account,1
https://binance-security-account-verification-support-6424.ml/urgent-notice,1
http://portal-paypal-update.link/login.php?user=victim%40mail.com&session=673&redirect=urgent-notice,1
http://portal-wellsfargo-update.zip/login.php?user=victim%40mail.com&session=6696&redirect=kyc-confirmation,1
https://microsoft-login-account-verification-support-3227.click/verify-account,1
http://legit-service.com@binance-security-secure-auth-5070.cf/index.html,1
https://netflix-account-verification-support-6884.click/unlock-profile,1
http://wellsfargo.security-alert.claim-bonus3055.link/signin?token=2836be05e71a,1
http://facebook-verify.security-alert.unlock-profile3597.loan/signin?token=b89c30965ebc,1
https://binance-security-account-verification-support-1292.xyz/update-billing,1
http://chase.security-alert.claim-bonus2130.ml/signin?token=f15d337c7007,1
http://portal-apple-id-update.tk/login.php?user=victim%40mail.com&session=5316&redirect=urgent-notice,1
http://133.115.66.133/facebook-verify/claim-bonus.php?id=5019,1
http://legit-service.com@bankofamerica-secure-auth-7142.link/index.html,1
http://portal-coinbase-auth-update.link/login.php?user=victim%40mail.com&session=3233&redirect=verify-account,1
http://legit-service.com@netflix-secure-auth-9637.link/index.html,1
https://bankofamerica-account-verification-support-3421.link/secure-login,1
http://160.248.51.232/coinbase-auth/verify-account.php?id=3402,1
http://coinbase-auth.security-alert.unlock-profile8441.click/signin?token=43a2348027cd,1
http://legit-service.com@bankofamerica-secure-auth-4168.zip/index.html,1
http://portal-wellsfargo-update.work/login.php?user=victim%40mail.com&session=5450&redirect=secure-login,1
http://legit-service.com@facebook-verify-secure-auth-7668.link/index.html,1
https://apple-id-account-verification-support-8022.ml/secure-login,1
http://portal-coinbase-auth-update.top/login.php?user=victim%40mail.com&session=1525&redirect=urgent-notice,1
http://legit-service.com@bankofamerica-secure-auth-7918.zip/index.html,1
http://microsoft-login.security-alert.unlock-profile9053.tk/signin?token=cf9a063bb9be,1
https://binance-security-account-verification-support-5735.tk/kyc-confirmation,1
http://141.24.147.230/apple-id/urgent-notice.php?id=5975,1
http://portal-bankofamerica-update.loan/login.php?user=victim%40mail.com&session=6505&redirect=claim-bonus,1
https://bankofamerica-account-verification-support-8397.cf/claim-bonus,1
http://legit-service.com@microsoft-login-secure-auth-7104.click/index.html,1
http://microsoft-login.security-alert.secure-login7410.link/signin?token=0c1227838953,1
http://legit-service.com@netflix-secure-auth-2054.link/index.html,1
http://legit-service.com@bankofamerica-secure-auth-7858.xyz/index.html,1
https://facebook-verify-account-verification-support-1585.work/secure-login,1
http://legit-service.com@chase-secure-auth-2223.zip/index.html,1
http://portal-binance-security-update.loan/login.php?user=victim%40mail.com&session=3642&redirect=update-billing,1
https://facebook-verify-account-verification-support-9647.xyz/secure-login,1
http://legit-service.com@paypal-secure-auth-9211.zip/index.html,1
http://binance-security.security-alert.update-billing9930.top/signin?token=2c8eff687fe0,1
http://paypal.security-alert.urgent-notice6806.click/signin?token=da87cbc1b5b8,1
http://paypal.security-alert.kyc-confirmation7946.tk/signin?token=5d188b044333,1
http://108.62.131.30/coinbase-auth/kyc-confirmation.php?id=7726,1
http://76.189.2.155/microsoft-login/urgent-notice.php?id=1883,1
http://microsoft-login.security-alert.kyc-confirmation8095.top/signin?token=e334ea177458,1
http://binance-security.security-alert.urgent-notice6634.zip/signin?token=5f635ccf7bd8,1
https://microsoft-login-account-verification-support-3381.ml/verify-account,1
http://portal-netflix-update.click/login.php?user=victim%40mail.com&session=3361&redirect=update-billing,1
http://coinbase-auth.security-alert.kyc-confirmation1616.gq/signin?token=962e56a8a0b0,1
http://portal-binance-security-update.top/login.php?user=victim%40mail.com&session=716&redirect=verify-account,1
http://coinbase-auth.security-alert.urgent-notice9379.top/signin?token=c9a8a89997de,1
http://wellsfargo.security-alert.secure-login1884.top/signin?token=f0fcf351df4e,1
https://apple-id-account-verification-support-8819.link/claim-bonus,1
http://portal-binance-security-update.gq/login.php?user=victim%40mail.com&session=591&redirect=unlock-profile,1
http://coinbase-auth.security-alert.claim-bonus8716.xyz/signin?token=ddc96fb7d590,1
http://portal-facebook-verify-update.gq/login.php?user=victim%40mail.com&session=1456&redirect=urgent-notice,1
http://apple-id.security-alert.secure-login123.click/signin?token=202cb962ac59,1
http://portal-microsoft-login-update.tk/login.php?user=victim%40mail.com&session=7361&redirect=claim-bonus,1
http://paypal.security-alert.claim-bonus5628.tk/signin?token=2548a4ac7ad6,1
https://facebook-verify-account-verification-support-7984.click/urgent-notice,1
http://legit-service.com@coinbase-auth-secure-auth-5840.loan/index.html,1
https://netflix-account-verification-support-5193.zip/verify-account,1
http://legit-service.com@microsoft-login-secure-auth-5631.loan/index.html,1
http://legit-service.com@microsoft-login-secure-auth-6431.gq/index.html,1
http://legit-service.com@paypal-secure-auth-8769.tk/index.html,1
http://bankofamerica.security-alert.verify-account7717.work/signin?token=0d22da4bd124,1
http://portal-microsoft-login-update.work/login.php?user=victim%40mail.com&session=1484&redirect=verify-account,1
http://194.122.86.250/paypal/update-billing.php?id=2683,1
http://48.211.136.134/paypal/verify-account.php?id=5961,1
http://portal-paypal-update.gq/login.php?user=victim%40mail.com&session=2049&redirect=kyc-confirmation,1
https://bankofamerica-account-verification-support-2601.click/claim-bonus,1
http://legit-service.com@binance-security-secure-auth-7144.gq/index.html,1
http://netflix.security-alert.verify-account9381.click/signin?token=49f85a9ed090,1
http://legit-service.com@wellsfargo-secure-auth-6344.click/index.html,1
http://legit-service.com@paypal-secure-auth-9482.link/index.html,1
http://bankofamerica.security-alert.secure-login8816.cf/signin?token=007202387c42,1
http://portal-bankofamerica-update.xyz/login.php?user=victim%40mail.com&session=3675&redirect=kyc-confirmation,1
http://wellsfargo.security-alert.update-billing879.zip/signin?token=d516b13671a4,1
http://139.20.150.182/binance-security/secure-login.php?id=7262,1
http://portal-coinbase-auth-update.tk/login.php?user=victim%40mail.com&session=5958&redirect=urgent-notice,1
https://facebook-verify-account-verification-support-680.tk/claim-bonus,1
http://portal-facebook-verify-update.link/login.php?user=victim%40mail.com&session=4036&redirect=verify-account,1
http://17.190.54.180/facebook-verify/urgent-notice.php?id=1713,1
http://wellsfargo.security-alert.verify-account3442.top/signin?token=586f9b4035e5,1
http://legit-service.com@bankofamerica-secure-auth-9363.xyz/index.html,1
http://portal-chase-update.loan/login.php?user=victim%40mail.com&session=2036&redirect=kyc-confirmation,1
http://portal-paypal-update.xyz/login.php?user=victim%40mail.com&session=915&redirect=claim-bonus,1
https://paypal-account-verification-support-5397.loan/verify-account,1
http://128.189.108.242/bankofamerica/unlock-profile.php?id=9413,1
http://wellsfargo.security-alert.verify-account512.gq/signin?token=10a7cdd970fe,1
http://legit-service.com@binance-security-secure-auth-4657.cf/index.html,1
http://198.23.169.58/apple-id/unlock-profile.php?id=5241,1
https://binance-security-account-verification-support-4874.top/secure-login,1
http://portal-paypal-update.click/login.php?user=victim%40mail.com&session=5281&redirect=claim-bonus,1
http://coinbase-auth.security-alert.urgent-notice7423.top/signin?token=8fe04df45a22,1
https://apple-id-account-verification-support-2219.zip/unlock-profile,1
https://paypal-account-verification-support-1969.loan/verify-account,1
http://portal-netflix-update.tk/login.php?user=victim%40mail.com&session=9160&redirect=unlock-profile,1
http://legit-service.com@bankofamerica-secure-auth-4155.ml/index.html,1
http://108.222.149.150/binance-security/claim-bonus.php?id=497,1
https://coinbase-auth-account-verification-support-969.gq/urgent-notice,1
https://microsoft-login-account-verification-support-2573.tk/update-billing,1
http://147.78.55.73/paypal/unlock-profile.php?id=8217,1
http://netflix.security-alert.unlock-profile7372.link/signin?token=8f91c9c261bf,1
http://legit-service.com@coinbase-auth-secure-auth-6139.top/index.html,1
http://141.112.78.202/wellsfargo/update-billing.php?id=5526,1
http://apple-id.security-alert.secure-login9569.work/signin?token=f50fb34f27bd,1
http://apple-id.security-alert.secure-login9317.cf/signin?token=1319c26b37ea,1
http://54.198.84.246/bankofamerica/secure-login.php?id=709,1
http://microsoft-login.security-alert.secure-login4469.work/signin?token=e0f120eefd76,1
https://apple-id-account-verification-support-9624.link/urgent-notice,1
http://86.118.250.130/apple-id/urgent-notice.php?id=5944,1
http://64.125.149.22/binance-security/urgent-notice.php?id=5588,1
http://portal-paypal-update.top/login.php?user=victim%40mail.com&session=8486&redirect=urgent-notice,1
http://legit-service.com@apple-id-secure-auth-2607.ml/index.html,1
http://20.201.242.233/coinbase-auth/claim-bonus.php?id=6808,1
http://portal-binance-security-update.ml/login.php?user=victim%40mail.com&session=7246&redirect=verify-account,1
http://legit-service.com@coinbase-auth-secure-auth-4074.xyz/index.html,1
http://portal-netflix-update.click/login.php?user=victim%40mail.com&session=4224&redirect=kyc-confirmation,1
http://131.44.220.100/apple-id/secure-login.php?id=6547,1
http://paypal.security-alert.verify-account8112.top/signin?token=45d6637b718d,1
http://portal-chase-update.tk/login.php?user=victim%40mail.com&session=2572&redirect=kyc-confirmation,1
http://113.125.67.7/bankofamerica/unlock-profile.php?id=6324,1
http://128.196.192.113/binance-security/claim-bonus.php?id=4130,1
http://55.89.186.3/bankofamerica/unlock-profile.php?id=6042,1
http://paypal.security-alert.claim-bonus5168.gq/signin?token=885b2c7a6deb,1
http://195.156.77.208/chase/secure-login.php?id=2854,1
http://legit-service.com@netflix-secure-auth-7559.top/index.html,1
http://chase.security-alert.kyc-confirmation867.loan/signin?token=ede7e2b6d13a,1
http://legit-service.com@coinbase-auth-secure-auth-6781.cf/index.html,1
http://legit-service.com@chase-secure-auth-7933.ml/index.html,1
http://portal-microsoft-login-update.gq/login.php?user=victim%40mail.com&session=6775&redirect=update-billing,1
https://apple-id-account-verification-support-3700.work/secure-login,1
http://legit-service.com@microsoft-login-secure-auth-2187.zip/index.html,1
http://portal-binance-security-update.top/login.php?user=victim%40mail.com&session=8013&redirect=urgent-notice,1
http://legit-service.com@apple-id-secure-auth-9638.link/index.html,1
https://binance-security-account-verification-support-3150.gq/update-billing,1
http://legit-service.com@bankofamerica-secure-auth-824.link/index.html,1
http://facebook-verify.security-alert.urgent-notice24.gq/signin?token=1ff1de774005,1
http://paypal.security-alert.urgent-notice4851.xyz/signin?token=5d40954183d6,1
http://12.33.93.124/paypal/unlock-profile.php?id=4852,1
http://legit-service.com@apple-id-secure-auth-4961.zip/index.html,1
http://legit-service.com@netflix-secure-auth-3684.link/index.html,1
http://portal-facebook-verify-update.gq/login.php?user=victim%40mail.com&session=9164&redirect=claim-bonus,1
http://apple-id.security-alert.kyc-confirmation6009.link/signin?token=37d7902cb2d3,1
http://23.89.88.56/wellsfargo/update-billing.php?id=825,1
http://legit-service.com@coinbase-auth-secure-auth-5465.zip/index.html,1
http://159.223.182.207/coinbase-auth/secure-login.php?id=6918,1
http://legit-service.com@netflix-secure-auth-9095.tk/index.html,1
http://42.215.186.126/paypal/secure-login.php?id=3968,1
http://portal-facebook-verify-update.tk/login.php?user=victim%40mail.com&session=7758&redirect=verify-account,1
http://legit-service.com@apple-id-secure-auth-3564.loan/index.html,1
http://netflix.security-alert.secure-login3389.click/signin?token=8643c8e2107b,1
http://coinbase-auth.security-alert.verify-account8948.link/signin?token=9c58da3f0418,1
http://netflix.security-alert.claim-bonus7993.tk/signin?token=6c250b592dc9,1
http://portal-facebook-verify-update.ml/login.php?user=victim%40mail.com&session=6979&redirect=update-billing,1
http://legit-service.com@microsoft-login-secure-auth-9877.loan/index.html,1
http://legit-service.com@apple-id-secure-auth-1370.ml/index.html,1
https://bankofamerica-account-verification-support-5497.xyz/kyc-confirmation,1
http://177.195.173.195/facebook-verify/kyc-confirmation.php?id=1780,1
https://apple-id-account-verification-support-4696.gq/secure-login,1
http://portal-netflix-update.xyz/login.php?user=victim%40mail.com&session=1762&redirect=secure-login,1
http://legit-service.com@paypal-secure-auth-8498.loan/index.html,1
http://microsoft-login.security-alert.update-billing9486.zip/signin?token=5cce25ff8c3c,1
http://chase.security-alert.secure-login6123.zip/signin?token=4ca82b2a861f,1
http://portal-wellsfargo-update.ml/login.php?user=victim%40mail.com&session=6299&redirect=kyc-confirmation,1
http://portal-apple-id-update.xyz/login.php?user=victim%40mail.com&session=755&redirect=urgent-notice,1
https://netflix-account-verification-support-1971.zip/unlock-profile,1
http://binance-security.security-alert.secure-login6987.gq/signin?token=1a37546d1929,1
http://legit-service.com@bankofamerica-secure-auth-9434.gq/index.html,1
http://legit-service.com@paypal-secure-auth-3058.top/index.html,1
https://apple-id-account-verification-support-7513.work/claim-bonus,1
http://117.209.201.130/microsoft-login/claim-bonus.php?id=8662,1
http://facebook-verify.security-alert.kyc-confirmation5367.gq/signin?token=c1a3d34711ab,1
http://legit-service.com@netflix-secure-auth-7099.tk/index.html,1
https://binance-security-account-verification-support-9873.link/kyc-confirmation,1
https://microsoft-login-account-verification-support-9543.xyz/kyc-confirmation,1
http://chase.security-alert.verify-account6915.tk/signin?token=1e4268fd66e5,1
https://bankofamerica-account-verification-support-23.link/urgent-notice,1
http://150.229.101.55/facebook-verify/kyc-confirmation.php?id=7615,1
http://chase.security-alert.urgent-notice7841.link/signin?token=2a2107d1bcb5,1
http://174.201.231.63/paypal/update-billing.php?id=4150,1
http://portal-microsoft-login-update.ml/login.php?user=victim%40mail.com&session=613&redirect=update-billing,1
http://legit-service.com@facebook-verify-secure-auth-5972.tk/index.html,1
http://legit-service.com@binance-security-secure-auth-1448.click/index.html,1
https://wellsfargo-account-verification-support-6867.work/verify-account,1
http://binance-security.security-alert.update-billing2918.tk/signin?token=f6c9dc70ecfd,1
http://facebook-verify.security-alert.verify-account1915.link/signin?token=b432f34c5a99,1
http://53.51.217.174/binance-security/kyc-confirmation.php?id=1460,1
http://legit-service.com@wellsfargo-secure-auth-7294.tk/index.html,1
http://portal-coinbase-auth-update.tk/login.php?user=victim%40mail.com&session=4847&redirect=claim-bonus,1
http://legit-service.com@binance-security-secure-auth-7518.xyz/index.html,1
http://legit-service.com@facebook-verify-secure-auth-1998.zip/index.html,1
http://portal-microsoft-login-update.link/login.php?user=victim%40mail.com&session=2148&redirect=kyc-confirmation,1
http://portal-paypal-update.work/login.php?user=victim%40mail.com&session=655&redirect=kyc-confirmation,1
http://netflix.security-alert.unlock-profile9772.xyz/signin?token=c86c6aae8fa9,1
http://portal-coinbase-auth-update.work/login.php?user=victim%40mail.com&session=4908&redirect=secure-login,1
http://portal-facebook-verify-update.cf/login.php?user=victim%40mail.com&session=3424&redirect=claim-bonus,1
http://portal-paypal-update.work/login.php?user=victim%40mail.com&session=6441&redirect=unlock-profile,1
https://paypal-account-verification-support-6011.xyz/urgent-notice,1
http://legit-service.com@bankofamerica-secure-auth-7048.tk/index.html,1
http://legit-service.com@paypal-secure-auth-3388.link/index.html,1
http://146.101.97.15/coinbase-auth/urgent-notice.php?id=3107,1
http://paypal.security-alert.urgent-notice7006.work/signin?token=c1f75cc0f7fe,1
http://legit-service.com@wellsfargo-secure-auth-23.loan/index.html,1
https://chase-account-verification-support-3300.loan/unlock-profile,1
http://legit-service.com@wellsfargo-secure-auth-7940.work/index.html,1
http://netflix.security-alert.claim-bonus9844.tk/signin?token=e68d3c6431bf,1
http://wellsfargo.security-alert.verify-account6387.zip/signin?token=ad7ed5d47b9b,1
http://legit-service.com@binance-security-secure-auth-2295.loan/index.html,1
https://apple-id-account-verification-support-9457.gq/claim-bonus,1
http://129.190.102.109/netflix/update-billing.php?id=5673,1
http://apple-id.security-alert.secure-login7513.ml/signin?token=760abe2f7ea4,1
https://bankofamerica-account-verification-support-233.link/kyc-confirmation,1
http://legit-service.com@binance-security-secure-auth-9188.click/index.html,1
http://legit-service.com@binance-security-secure-auth-1710.loan/index.html,1
http://netflix.security-alert.verify-account3993.zip/signin?token=c12d1f7cc7c4,1
http://apple-id.security-alert.update-billing7604.zip/signin?token=6caf88727c2c,1
https://paypal-account-verification-support-8693.click/verify-account,1
http://legit-service.com@chase-secure-auth-6897.cf/index.html,1
http://141.71.140.193/netflix/secure-login.php?id=8830,1
http://35.89.131.196/netflix/claim-bonus.php?id=3782,1
http://portal-paypal-update.top/login.php?user=victim%40mail.com&session=7518&redirect=claim-bonus,1
http://binance-security.security-alert.verify-account453.click/signin?token=49ae49a23f67,1
https://microsoft-login-account-verification-support-5684.xyz/update-billing,1
http://legit-service.com@coinbase-auth-secure-auth-289.link/index.html,1
https://facebook-verify-account-verification-support-3456.loan/unlock-profile,1
https://microsoft-login-account-verification-support-4464.loan/kyc-confirmation,1
http://portal-microsoft-login-update.tk/login.php?user=victim%40mail.com&session=327&redirect=update-billing,1
http://portal-paypal-update.link/login.php?user=victim%40mail.com&session=5494&redirect=urgent-notice,1
http://legit-service.com@binance-security-secure-auth-6989.loan/index.html,1
http://bankofamerica.security-alert.verify-account8556.loan/signin?token=bf5d232e6c54,1
http://33.189.215.31/binance-security/update-billing.php?id=8766,1
http://45.238.1.105/bankofamerica/kyc-confirmation.php?id=9797,1
http://portal-paypal-update.work/login.php?user=victim%40mail.com&session=3751&redirect=claim-bonus,1
http://180.229.240.181/binance-security/verify-account.php?id=7467,1
http://paypal.security-alert.update-billing8467.gq/signin?token=95424358822e,1
http://portal-facebook-verify-update.xyz/login.php?user=victim%40mail.com&session=4204&redirect=kyc-confirmation,1
http://163.225.155.130/chase/kyc-confirmation.php?id=6271,1
http://legit-service.com@coinbase-auth-secure-auth-8618.click/index.html,1
http://105.172.196.224/paypal/urgent-notice.php?id=9181,1
http://92.72.51.52/wellsfargo/secure-login.php?id=399,1
http://paypal.security-alert.verify-account4116.xyz/signin?token=1e8ca836c962,1
http://legit-service.com@netflix-secure-auth-6162.tk/index.html,1
http://legit-service.com@binance-security-secure-auth-7089.loan/index.html,1
https://microsoft-login-account-verification-support-6944.click/claim-bonus,1
http://14.162.231.210/binance-security/secure-login.php?id=1019,1
http://legit-service.com@bankofamerica-secure-auth-1203.loan/index.html,1
http://117.223.43.219/wellsfargo/update-billing.php?id=9452,1
http://26.62.17.15/wellsfargo/unlock-profile.php?id=3576,1
http://facebook-verify.security-alert.verify-account7015.ml/signin?token=885fe6567770,1
http://29.33.211.164/chase/unlock-profile.php?id=9196,1
http://149.9.6.58/binance-security/secure-login.php?id=7558,1
http://21.151.154.1/chase/kyc-confirmation.php?id=3238,1
http://143.99.178.9/paypal/urgent-notice.php?id=1645,1
http://134.153.186.6/chase/verify-account.php?id=729,1
http://135.100.136.96/apple-id/kyc-confirmation.php?id=8691,1
http://103.25.134.129/paypal/claim-bonus.php?id=4129,1
https://microsoft-login-account-verification-support-4906.click/verify-account,1
http://53.10.27.136/binance-security/unlock-profile.php?id=6191,1
http://portal-netflix-update.top/login.php?user=victim%40mail.com&session=5214&redirect=kyc-confirmation,1
http://portal-facebook-verify-update.xyz/login.php?user=victim%40mail.com&session=9325&redirect=unlock-profile,1
http://apple-id.security-alert.update-billing3682.link/signin?token=898aef0932f6,1
http://portal-netflix-update.cf/login.php?user=victim%40mail.com&session=8700&redirect=urgent-notice,1
https://bankofamerica-account-verification-support-623.loan/urgent-notice,1
http://legit-service.com@netflix-secure-auth-3709.link/index.html,1
https://bankofamerica-account-verification-support-3412.gq/unlock-profile,1
http://portal-facebook-verify-update.xyz/login.php?user=victim%40mail.com&session=66&redirect=claim-bonus,1
http://portal-apple-id-update.loan/login.php?user=victim%40mail.com&session=4912&redirect=unlock-profile,1
https://facebook-verify-account-verification-support-2623.link/secure-login,1
http://portal-facebook-verify-update.gq/login.php?user=victim%40mail.com&session=4992&redirect=unlock-profile,1
http://legit-service.com@bankofamerica-secure-auth-7616.zip/index.html,1
http://facebook-verify.security-alert.urgent-notice9187.link/signin?token=a10463df69e5,1
https://netflix-account-verification-support-3878.loan/claim-bonus,1
http://portal-bankofamerica-update.zip/login.php?user=victim%40mail.com&session=2896&redirect=unlock-profile,1
http://portal-chase-update.xyz/login.php?user=victim%40mail.com&session=3943&redirect=claim-bonus,1
https://bankofamerica-account-verification-support-2387.zip/claim-bonus,1
http://portal-microsoft-login-update.ml/login.php?user=victim%40mail.com&session=1660&redirect=update-billing,1
https://facebook-verify-account-verification-support-1976.click/secure-login,1
https://netflix-account-verification-support-2425.link/secure-login,1
https://bankofamerica-account-verification-support-3497.loan/verify-account,1
http://legit-service.com@coinbase-auth-secure-auth-6648.xyz/index.html,1
http://legit-service.com@facebook-verify-secure-auth-4304.click/index.html,1
http://44.146.207.55/wellsfargo/kyc-confirmation.php?id=4393,1
http://portal-binance-security-update.cf/login.php?user=victim%40mail.com&session=9987&redirect=update-billing,1
http://wellsfargo.security-alert.update-billing2242.loan/signin?token=1a3f91fead97,1
https://paypal-account-verification-support-772.link/claim-bonus,1
http://legit-service.com@bankofamerica-secure-auth-7780.link/index.html,1
http://apple-id.security-alert.kyc-confirmation4446.top/signin?token=0887f1a5b997,1
http://legit-service.com@binance-security-secure-auth-4175.ml/index.html,1
http://portal-apple-id-update.cf/login.php?user=victim%40mail.com&session=3887&redirect=urgent-notice,1
https://bankofamerica-account-verification-support-236.cf/verify-account,1
http://binance-security.security-alert.urgent-notice4375.xyz/signin?token=f06ae085fe74,1
http://legit-service.com@binance-security-secure-auth-7228.xyz/index.html,1
http://legit-service.com@chase-secure-auth-5407.tk/index.html,1
https://apple-id-account-verification-support-2743.top/kyc-confirmation,1
http://microsoft-login.security-alert.urgent-notice6051.link/signin?token=1d0932d7f57c,1
http://portal-paypal-update.gq/login.php?user=victim%40mail.com&session=1284&redirect=update-billing,1
http://portal-netflix-update.ml/login.php?user=victim%40mail.com&session=2773&redirect=secure-login,1
http://83.143.192.92/bankofamerica/update-billing.php?id=8767,1
http://binance-security.security-alert.urgent-notice8637.top/signin?token=44821f701cc3,1
https://bankofamerica-account-verification-support-1799.ml/secure-login,1
https://apple-id-account-verification-support-5536.cf/update-billing,1
https://facebook-verify-account-verification-support-3873.loan/urgent-notice,1
https://microsoft-login-account-verification-support-777.zip/update-billing,1
http://portal-wellsfargo-update.tk/login.php?user=victim%40mail.com&session=3195&redirect=update-billing,1
http://legit-service.com@apple-id-secure-auth-9977.gq/index.html,1
https://wellsfargo-account-verification-support-1581.link/urgent-notice,1
http://legit-service.com@binance-security-secure-auth-9394.xyz/index.html,1
https://apple-id-account-verification-support-9330.cf/unlock-profile,1
http://38.32.99.199/coinbase-auth/kyc-confirmation.php?id=3762,1
https://microsoft-login-account-verification-support-7581.cf/claim-bonus,1
http://facebook-verify.security-alert.kyc-confirmation2165.gq/signin?token=8929c70f8d71,1
http://apple-id.security-alert.kyc-confirmation1116.xyz/signin?token=dd77279f7d32,1
https://microsoft-login-account-verification-support-5274.tk/verify-account,1
https://apple-id-account-verification-support-665.tk/unlock-profile,1
https://bankofamerica-account-verification-support-2489.tk/kyc-confirmation,1
https://bankofamerica-account-verification-support-3616.cf/verify-account,1
http://portal-netflix-update.work/login.php?user=victim%40mail.com&session=5014&redirect=secure-login,1
http://portal-apple-id-update.link/login.php?user=victim%40mail.com&session=7649&redirect=claim-bonus,1
http://netflix.security-alert.unlock-profile1740.tk/signin?token=54f5f4071fac,1
http://microsoft-login.security-alert.urgent-notice6049.click/signin?token=fe45e3227f38,1
http://portal-netflix-update.tk/login.php?user=victim%40mail.com&session=1940&redirect=claim-bonus,1
http://portal-facebook-verify-update.ml/login.php?user=victim%40mail.com&session=1268&redirect=secure-login,1
http://119.23.197.223/apple-id/verify-account.php?id=7299,1
http://portal-apple-id-update.top/login.php?user=victim%40mail.com&session=3682&redirect=verify-account,1
https://facebook-verify-account-verification-support-5244.tk/unlock-profile,1
http://portal-bankofamerica-update.top/login.php?user=victim%40mail.com&session=2605&redirect=unlock-profile,1
http://legit-service.com@apple-id-secure-auth-9147.top/index.html,1
http://chase.security-alert.kyc-confirmation3059.cf/signin?token=cc431fd7ec44,1
http://legit-service.com@wellsfargo-secure-auth-7108.zip/index.html,1
http://legit-service.com@binance-security-secure-auth-5063.work/index.html,1
https://microsoft-login-account-verification-support-4626.gq/verify-account,1
http://legit-service.com@bankofamerica-secure-auth-3176.xyz/index.html,1
http://portal-wellsfargo-update.work/login.php?user=victim%40mail.com&session=5933&redirect=claim-bonus,1
http://legit-service.com@facebook-verify-secure-auth-2753.ml/index.html,1
http://75.38.177.124/bankofamerica/secure-login.php?id=3878,1
https://netflix-account-verification-support-225.tk/kyc-confirmation,1
http://portal-netflix-update.gq/login.php?user=victim%40mail.com&session=2696&redirect=unlock-profile,1
https://binance-security-account-verification-support-6970.loan/verify-account,1
http://108.250.146.105/facebook-verify/urgent-notice.php?id=8954,1
http://netflix.security-alert.urgent-notice9091.tk/signin?token=0a7d7a81e8e3,1
https://wellsfargo-account-verification-support-6530.top/secure-login,1
http://portal-chase-update.work/login.php?user=victim%40mail.com&session=7193&redirect=verify-account,1
http://86.27.25.86/apple-id/kyc-confirmation.php?id=6410,1
http://portal-bankofamerica-update.ml/login.php?user=victim%40mail.com&session=1497&redirect=verify-account,1
http://chase.security-alert.kyc-confirmation7347.gq/signin?token=2b763288faed,1
http://portal-chase-update.ml/login.php?user=victim%40mail.com&session=6715&redirect=urgent-notice,1
http://portal-netflix-update.work/login.php?user=victim%40mail.com&session=5640&redirect=secure-login,1
http://legit-service.com@microsoft-login-secure-auth-314.cf/index.html,1
https://wellsfargo-account-verification-support-860.ml/claim-bonus,1
https://wellsfargo-account-verification-support-7550.click/unlock-profile,1
http://portal-apple-id-update.loan/login.php?user=victim%40mail.com&session=7775&redirect=urgent-notice,1
http://legit-service.com@paypal-secure-auth-5422.work/index.html,1
https://facebook-verify-account-verification-support-323.ml/verify-account,1
http://legit-service.com@chase-secure-auth-4509.click/index.html,1
https://bankofamerica-account-verification-support-2424.loan/unlock-profile,1
https://binance-security-account-verification-support-1979.loan/urgent-notice,1
https://apple-id-account-verification-support-7875.click/kyc-confirmation,1
http://legit-service.com@facebook-verify-secure-auth-1133.click/index.html,1
http://wellsfargo.security-alert.claim-bonus684.cf/signin?token=556f391937df,1
http://legit-service.com@bankofamerica-secure-auth-3231.cf/index.html,1
http://portal-microsoft-login-update.xyz/login.php?user=victim%40mail.com&session=1259&redirect=urgent-notice,1
http://legit-service.com@facebook-verify-secure-auth-2209.top/index.html,1
http://103.151.58.196/apple-id/kyc-confirmation.php?id=7851,1
http://netflix.security-alert.urgent-notice9158.ml/signin?token=316282ddb77e,1
http://wellsfargo.security-alert.secure-login7738.click/signin?token=588fdfa645b7,1
http://179.120.120.207/paypal/verify-account.php?id=8485,1
http://legit-service.com@chase-secure-auth-9058.top/index.html,1
http://portal-chase-update.link/login.php?user=victim%40mail.com&session=7216&redirect=kyc-confirmation,1
https://coinbase-auth-account-verification-support-2431.gq/secure-login,1
http://191.174.250.154/facebook-verify/urgent-notice.php?id=9802,1
http://legit-service.com@bankofamerica-secure-auth-6533.ml/index.html,1
http://92.200.29.232/facebook-verify/verify-account.php?id=195,1
http://legit-service.com@apple-id-secure-auth-2955.work/index.html,1
http://legit-service.com@microsoft-login-secure-auth-88.xyz/index.html,1
http://bankofamerica.security-alert.update-billing2871.gq/signin?token=2650d6089a6d,1
http://portal-bankofamerica-update.top/login.php?user=victim%40mail.com&session=368&redirect=claim-bonus,1
http://portal-chase-update.ml/login.php?user=victim%40mail.com&session=6001&redirect=secure-login,1
https://bankofamerica-account-verification-support-9325.zip/update-billing,1
http://legit-service.com@netflix-secure-auth-2955.zip/index.html,1
http://binance-security.security-alert.secure-login923.tk/signin?token=c4015b7f368e,1
http://legit-service.com@netflix-secure-auth-9245.top/index.html,1
http://portal-chase-update.top/login.php?user=victim%40mail.com&session=1387&redirect=claim-bonus,1
https://chase-account-verification-support-2163.click/urgent-notice,1
http://coinbase-auth.security-alert.secure-login8831.click/signin?token=bf4334a2421c,1
http://79.83.185.28/apple-id/verify-account.php?id=7829,1
http://paypal.security-alert.secure-login5624.gq/signin?token=c460dc0f18fc,1
http://facebook-verify.security-alert.secure-login820.work/signin?token=e2a2dcc36a08,1
http://159.8.148.173/apple-id/secure-login.php?id=4259,1
http://legit-service.com@paypal-secure-auth-6725.cf/index.html,1
http://32.252.190.56/binance-security/urgent-notice.php?id=9054,1
https://apple-id-account-verification-support-8657.top/secure-login,1
http://97.69.109.167/apple-id/secure-login.php?id=5029,1
https://paypal-account-verification-support-7360.work/kyc-confirmation,1
http://portal-apple-id-update.cf/login.php?user=victim%40mail.com&session=8973&redirect=kyc-confirmation,1
http://portal-wellsfargo-update.cf/login.php?user=victim%40mail.com&session=6993&redirect=urgent-notice,1
http://legit-service.com@facebook-verify-secure-auth-423.gq/index.html,1
http://portal-chase-update.loan/login.php?user=victim%40mail.com&session=9689&redirect=urgent-notice,1
http://portal-paypal-update.top/login.php?user=victim%40mail.com&session=1081&redirect=unlock-profile,1
https://apple-id-account-verification-support-7915.zip/secure-login,1
http://legit-service.com@facebook-verify-secure-auth-2109.ml/index.html,1
http://portal-paypal-update.xyz/login.php?user=victim%40mail.com&session=9921&redirect=unlock-profile,1
http://chase.security-alert.kyc-confirmation4113.click/signin?token=4ee78d4122ef,1
http://legit-service.com@microsoft-login-secure-auth-6987.click/index.html,1
http://legit-service.com@binance-security-secure-auth-3377.loan/index.html,1
http://bankofamerica.security-alert.claim-bonus8021.loan/signin?token=31917677a66c,1
http://186.140.189.222/coinbase-auth/urgent-notice.php?id=319,1
http://portal-bankofamerica-update.tk/login.php?user=victim%40mail.com&session=555&redirect=unlock-profile,1
http://paypal.security-alert.unlock-profile4940.xyz/signin?token=2458ab18be2a,1
http://portal-binance-security-update.link/login.php?user=victim%40mail.com&session=1851&redirect=kyc-confirmation,1
http://66.50.215.156/microsoft-login/unlock-profile.php?id=1800,1
https://wellsfargo-account-verification-support-3117.gq/claim-bonus,1
http://portal-netflix-update.click/login.php?user=victim%40mail.com&session=6846&redirect=kyc-confirmation,1
http://legit-service.com@chase-secure-auth-3951.gq/index.html,1
https://apple-id-account-verification-support-70.zip/secure-login,1
http://legit-service.com@bankofamerica-secure-auth-5841.click/index.html,1
https://chase-account-verification-support-9487.gq/kyc-confirmation,1
http://portal-bankofamerica-update.click/login.php?user=victim%40mail.com&session=4824&redirect=verify-account,1
http://portal-netflix-update.zip/login.php?user=victim%40mail.com&session=9050&redirect=kyc-confirmation,1
http://78.212.107.209/facebook-verify/urgent-notice.php?id=7404,1
http://148.236.82.97/facebook-verify/kyc-confirmation.php?id=4569,1
http://legit-service.com@binance-security-secure-auth-1023.top/index.html,1
https://chase-account-verification-support-7767.gq/kyc-confirmation,1
https://wellsfargo-account-verification-support-8665.zip/urgent-notice,1
http://legit-service.com@binance-security-secure-auth-7123.loan/index.html,1
http://legit-service.com@coinbase-auth-secure-auth-7365.link/index.html,1
http://coinbase-auth.security-alert.update-billing7621.top/signin?token=9f4e3847f075,1
http://portal-paypal-update.cf/login.php?user=victim%40mail.com&session=1705&redirect=claim-bonus,1
http://14.32.173.184/netflix/claim-bonus.php?id=3993,1
http://93.180.223.209/wellsfargo/claim-bonus.php?id=314,1
http://legit-service.com@binance-security-secure-auth-1574.ml/index.html,1
http://legit-service.com@apple-id-secure-auth-7914.gq/index.html,1
http://portal-wellsfargo-update.work/login.php?user=victim%40mail.com&session=9850&redirect=claim-bonus,1
http://portal-binance-security-update.link/login.php?user=victim%40mail.com&session=9553&redirect=update-billing,1
https://binance-security-account-verification-support-9419.gq/kyc-confirmation,1
http://legit-service.com@binance-security-secure-auth-2962.top/index.html,1
https://apple-id-account-verification-support-1837.xyz/kyc-confirmation,1
http://107.126.54.126/chase/claim-bonus.php?id=7194,1
https://bankofamerica-account-verification-support-3210.tk/urgent-notice,1
http://legit-service.com@facebook-verify-secure-auth-8816.loan/index.html,1
http://portal-microsoft-login-update.loan/login.php?user=victim%40mail.com&session=697&redirect=kyc-confirmation,1
https://binance-security-account-verification-support-5969.work/secure-login,1
http://57.108.35.243/facebook-verify/update-billing.php?id=1627,1
http://50.214.176.200/chase/update-billing.php?id=7385,1
https://binance-security-account-verification-support-2350.link/claim-bonus,1
http://125.95.4.50/apple-id/unlock-profile.php?id=7110,1
https://bankofamerica-account-verification-support-4236.gq/claim-bonus,1
http://124.18.104.186/wellsfargo/kyc-confirmation.php?id=8550,1
http://legit-service.com@apple-id-secure-auth-6606.top/index.html,1
http://118.67.47.201/chase/urgent-notice.php?id=5424,1
https://apple-id-account-verification-support-9362.gq/unlock-profile,1
https://wellsfargo-account-verification-support-2927.work/kyc-confirmation,1
http://bankofamerica.security-alert.claim-bonus3128.xyz/signin?token=dff8e9c2ac33,1
http://portal-microsoft-login-update.xyz/login.php?user=victim%40mail.com&session=2468&redirect=claim-bonus,1
http://microsoft-login.security-alert.verify-account7073.top/signin?token=c7217b04fe11,1
http://legit-service.com@microsoft-login-secure-auth-799.top/index.html,1
http://facebook-verify.security-alert.claim-bonus7665.click/signin?token=d128a9569b80,1
https://microsoft-login-account-verification-support-7446.link/claim-bonus,1
http://legit-service.com@wellsfargo-secure-auth-2429.work/index.html,1
http://legit-service.com@chase-secure-auth-6381.cf/index.html,1
http://portal-chase-update.link/login.php?user=victim%40mail.com&session=7158&redirect=urgent-notice,1
http://portal-netflix-update.ml/login.php?user=victim%40mail.com&session=935&redirect=urgent-notice,1
http://portal-coinbase-auth-update.gq/login.php?user=victim%40mail.com&session=6601&redirect=secure-login,1
http://legit-service.com@coinbase-auth-secure-auth-9435.tk/index.html,1
https://netflix-account-verification-support-9055.gq/kyc-confirmation,1
http://chase.security-alert.kyc-confirmation3984.cf/signin?token=7059b7dea43d,1
http://facebook-verify.security-alert.verify-account9858.cf/signin?token=580d8cf08402,1
http://portal-apple-id-update.link/login.php?user=victim%40mail.com&session=8389&redirect=verify-account,1
http://legit-service.com@wellsfargo-secure-auth-9305.zip/index.html,1
http://legit-service.com@chase-secure-auth-4323.xyz/index.html,1
https://microsoft-login-account-verification-support-2017.work/update-billing,1
https://coinbase-auth-account-verification-support-8537.click/secure-login,1
http://microsoft-login.security-alert.secure-login6343.gq/signin?token=a3a3e8b30dd6,1
http://legit-service.com@apple-id-secure-auth-2085.link/index.html,1
http://117.38.219.152/coinbase-auth/verify-account.php?id=8007,1
http://coinbase-auth.security-alert.secure-login5239.zip/signin?token=23fa71cc32ba,1
http://bankofamerica.security-alert.claim-bonus2195.cf/signin?token=8c5f6ecd29a0,1
http://161.167.95.4/bankofamerica/unlock-profile.php?id=5707,1
http://coinbase-auth.security-alert.kyc-confirmation6590.xyz/signin?token=ec24a54d62ce,1
http://portal-facebook-verify-update.top/login.php?user=victim%40mail.com&session=2084&redirect=verify-account,1
http://paypal.security-alert.claim-bonus8970.xyz/signin?token=518a38cc9a01,1
https://wellsfargo-account-verification-support-671.click/update-billing,1
http://bankofamerica.security-alert.secure-login3310.zip/signin?token=69386f6bb1df,1
http://61.100.28.220/facebook-verify/secure-login.php?id=5657,1
http://19.11.229.107/netflix/unlock-profile.php?id=8610,1
http://portal-netflix-update.ml/login.php?user=victim%40mail.com&session=3542&redirect=claim-bonus,1
http://netflix.security-alert.kyc-confirmation7472.top/signin?token=e5e6851e7f7f,1
http://14.143.175.158/bankofamerica/unlock-profile.php?id=128,1
http://portal-apple-id-update.gq/login.php?user=victim%40mail.com&session=7239&redirect=verify-account,1
https://apple-id-account-verification-support-6668.tk/urgent-notice,1
https://chase-account-verification-support-2345.loan/kyc-confirmation,1
http://legit-service.com@netflix-secure-auth-1296.work/index.html,1
http://legit-service.com@paypal-secure-auth-5675.zip/index.html,1
http://paypal.security-alert.kyc-confirmation5585.tk/signin?token=227e072d131b,1
http://binance-security.security-alert.kyc-confirmation343.zip/signin?token=3ad7c2ebb96f,1
http://netflix.security-alert.verify-account445.tk/signin?token=67f7fb873eaf,1
https://bankofamerica-account-verification-support-225.tk/claim-bonus,1
http://portal-paypal-update.tk/login.php?user=victim%40mail.com&session=2715&redirect=claim-bonus,1
https://bankofamerica-account-verification-support-6446.loan/update-billing,1
http://paypal.security-alert.verify-account4956.link/signin?token=d80b7040b773,1
http://portal-binance-security-update.top/login.php?user=victim%40mail.com&session=470&redirect=secure-login,1
http://portal-coinbase-auth-update.cf/login.php?user=victim%40mail.com&session=3825&redirect=update-billing,1
http://23.249.50.91/chase/claim-bonus.php?id=9322,1
http://legit-service.com@paypal-secure-auth-4947.click/index.html,1
https://microsoft-login-account-verification-support-4068.click/secure-login,1
http://legit-service.com@facebook-verify-secure-auth-9269.tk/index.html,1
http://paypal.security-alert.update-billing1137.loan/signin?token=801c14f07f97,1
http://chase.security-alert.update-billing5519.cf/signin?token=7b6982e58463,1
http://bankofamerica.security-alert.kyc-confirmation2597.zip/signin?token=ed57844fa5e0,1
http://138.128.106.160/wellsfargo/unlock-profile.php?id=9073,1
http://114.65.128.234/wellsfargo/update-billing.php?id=8192,1
http://portal-paypal-update.ml/login.php?user=victim%40mail.com&session=5545&redirect=update-billing,1
http://portal-coinbase-auth-update.link/login.php?user=victim%40mail.com&session=3325&redirect=secure-login,1
http://portal-netflix-update.ml/login.php?user=victim%40mail.com&session=730&redirect=kyc-confirmation,1
http://apple-id.security-alert.secure-login4874.loan/signin?token=fb09f481d40c,1
http://portal-bankofamerica-update.link/login.php?user=victim%40mail.com&session=6253&redirect=kyc-confirmation,1
http://legit-service.com@paypal-secure-auth-8596.zip/index.html,1
http://legit-service.com@microsoft-login-secure-auth-6174.zip/index.html,1
http://binance-security.security-alert.verify-account8614.link/signin?token=787afca6b6dd,1
http://109.70.204.79/wellsfargo/unlock-profile.php?id=6288,1
http://portal-microsoft-login-update.click/login.php?user=victim%40mail.com&session=7471&redirect=secure-login,1
http://chase.security-alert.verify-account6202.cf/signin?token=38ccdf8d538d,1
http://netflix.security-alert.unlock-profile1568.cf/signin?token=dfa92d8f817e,1
http://legit-service.com@apple-id-secure-auth-8742.gq/index.html,1
http://portal-binance-security-update.cf/login.php?user=victim%40mail.com&session=5740&redirect=claim-bonus,1
http://portal-coinbase-auth-update.xyz/login.php?user=victim%40mail.com&session=13&redirect=urgent-notice,1
http://binance-security.security-alert.urgent-notice4643.link/signin?token=77c67132097f,1
https://bankofamerica-account-verification-support-3159.work/verify-account,1
http://portal-bankofamerica-update.top/login.php?user=victim%40mail.com&session=6848&redirect=secure-login,1
https://microsoft-login-account-verification-support-1615.ml/unlock-profile,1
http://netflix.security-alert.update-billing37.zip/signin?token=a5bfc9e07964,1
http://portal-coinbase-auth-update.click/login.php?user=victim%40mail.com&session=428&redirect=unlock-profile,1
http://portal-coinbase-auth-update.xyz/login.php?user=victim%40mail.com&session=4301&redirect=update-billing,1
http://portal-paypal-update.loan/login.php?user=victim%40mail.com&session=7670&redirect=secure-login,1
http://legit-service.com@bankofamerica-secure-auth-788.work/index.html,1
http://netflix.security-alert.update-billing1625.click/signin?token=a981f2b70804,1
https://binance-security-account-verification-support-8243.xyz/kyc-confirmation,1
http://portal-microsoft-login-update.zip/login.php?user=victim%40mail.com&session=8642&redirect=kyc-confirmation,1
https://binance-security-account-verification-support-320.loan/verify-account,1
https://netflix-account-verification-support-590.click/kyc-confirmation,1
http://portal-facebook-verify-update.work/login.php?user=victim%40mail.com&session=1870&redirect=kyc-confirmation,1
https://chase-account-verification-support-8388.zip/unlock-profile,1
https://microsoft-login-account-verification-support-6502.ml/update-billing,1
http://legit-service.com@wellsfargo-secure-auth-8481.link/index.html,1
http://chase.security-alert.unlock-profile3513.top/signin?token=0ffaca95e3e5,1
http://195.167.160.196/microsoft-login/unlock-profile.php?id=641,1
http://binance-security.security-alert.update-billing8279.link/signin?token=01ce84968c69,1
http://legit-service.com@apple-id-secure-auth-3371.click/index.html,1
http://portal-bankofamerica-update.top/login.php?user=victim%40mail.com&session=301&redirect=claim-bonus,1
http://legit-service.com@apple-id-secure-auth-889.loan/index.html,1
http://portal-binance-security-update.cf/login.php?user=victim%40mail.com&session=9331&redirect=kyc-confirmation,1
http://paypal.security-alert.verify-account2596.gq/signin?token=bd70364a8fcb,1
http://74.228.159.147/coinbase-auth/claim-bonus.php?id=7787,1
http://paypal.security-alert.update-billing6554.tk/signin?token=8ad56037830f,1
http://86.149.101.110/wellsfargo/kyc-confirmation.php?id=9540,1
http://portal-apple-id-update.tk/login.php?user=victim%40mail.com&session=758&redirect=claim-bonus,1
http://164.106.149.185/apple-id/kyc-confirmation.php?id=5923,1
http://legit-service.com@facebook-verify-secure-auth-9900.click/index.html,1
https://coinbase-auth-account-verification-support-2023.link/urgent-notice,1
http://coinbase-auth.security-alert.verify-account7165.gq/signin?token=1627164498da,1
https://bankofamerica-account-verification-support-6693.loan/update-billing,1
http://portal-bankofamerica-update.click/login.php?user=victim%40mail.com&session=78&redirect=urgent-notice,1
https://binance-security-account-verification-support-3028.gq/verify-account,1
https://chase-account-verification-support-8622.tk/kyc-confirmation,1
http://legit-service.com@coinbase-auth-secure-auth-5939.work/index.html,1
http://netflix.security-alert.kyc-confirmation2097.gq/signin?token=a03fa3082198,1
http://portal-facebook-verify-update.xyz/login.php?user=victim%40mail.com&session=9645&redirect=kyc-confirmation,1
https://apple-id-account-verification-support-867.xyz/unlock-profile,1
http://chase.security-alert.secure-login3384.cf/signin?token=2517756c5a9b,1
https://facebook-verify-account-verification-support-7376.work/unlock-profile,1
https://facebook-verify-account-verification-support-5451.zip/secure-login,1
https://paypal-account-verification-support-7681.ml/kyc-confirmation,1
http://150.221.133.227/microsoft-login/kyc-confirmation.php?id=5923,1
https://microsoft-login-account-verification-support-36.top/verify-account,1
http://149.63.185.85/chase/urgent-notice.php?id=1489,1
http://80.158.55.98/apple-id/update-billing.php?id=6866,1
http://portal-apple-id-update.gq/login.php?user=victim%40mail.com&session=2849&redirect=verify-account,1
http://portal-microsoft-login-update.click/login.php?user=victim%40mail.com&session=7564&redirect=kyc-confirmation,1
http://apple-id.security-alert.update-billing6104.gq/signin?token=46384036044a,1
http://legit-service.com@microsoft-login-secure-auth-4639.tk/index.html,1
http://110.222.117.247/coinbase-auth/unlock-profile.php?id=9216,1
http://portal-microsoft-login-update.cf/login.php?user=victim%40mail.com&session=122&redirect=unlock-profile,1
http://netflix.security-alert.kyc-confirmation831.top/signin?token=e0ec453e28e0,1
http://portal-netflix-update.work/login.php?user=victim%40mail.com&session=1829&redirect=urgent-notice,1
http://legit-service.com@wellsfargo-secure-auth-285.work/index.html,1
http://125.108.156.182/wellsfargo/update-billing.php?id=602,1
https://bankofamerica-account-verification-support-5143.tk/urgent-notice,1
http://28.112.34.87/bankofamerica/update-billing.php?id=6900,1
http://58.80.39.176/paypal/kyc-confirmation.php?id=3008,1
http://39.196.188.154/coinbase-auth/claim-bonus.php?id=7001,1
http://legit-service.com@apple-id-secure-auth-3223.gq/index.html,1
http://142.15.16.54/microsoft-login/secure-login.php?id=1377,1
https://microsoft-login-account-verification-support-8865.ml/claim-bonus,1
http://126.224.110.102/netflix/secure-login.php?id=4983,1
http://legit-service.com@wellsfargo-secure-auth-489.tk/index.html,1
http://portal-binance-security-update.click/login.php?user=victim%40mail.com&session=1360&redirect=secure-login,1
http://legit-service.com@binance-security-secure-auth-1731.click/index.html,1
http://portal-binance-security-update.link/login.php?user=victim%40mail.com&session=6369&redirect=claim-bonus,1
http://facebook-verify.security-alert.verify-account4543.tk/signin?token=da974f5eba19,1
http://74.209.1.101/apple-id/secure-login.php?id=3997,1
http://portal-microsoft-login-update.tk/login.php?user=victim%40mail.com&session=2743&redirect=verify-account,1
https://apple-id-account-verification-support-8795.zip/update-billing,1
http://portal-microsoft-login-update.loan/login.php?user=victim%40mail.com&session=3929&redirect=update-billing,1
https://facebook-verify-account-verification-support-3031.top/unlock-profile,1
http://95.58.46.123/chase/urgent-notice.php?id=685,1
https://wellsfargo-account-verification-support-5003.tk/update-billing,1
http://portal-wellsfargo-update.top/login.php?user=victim%40mail.com&session=9146&redirect=update-billing,1
https://microsoft-login-account-verification-support-5676.loan/urgent-notice,1
http://legit-service.com@microsoft-login-secure-auth-2406.top/index.html,1
https://binance-security-account-verification-support-4183.ml/verify-account,1
http://legit-service.com@microsoft-login-secure-auth-8965.link/index.html,1
http://chase.security-alert.kyc-confirmation2549.click/signin?token=b21f9f98829d,1
http://microsoft-login.security-alert.update-billing8720.xyz/signin?token=39d6530ef19d,1
https://binance-security-account-verification-support-6197.click/verify-account,1
http://portal-coinbase-auth-update.tk/login.php?user=victim%40mail.com&session=4541&redirect=kyc-confirmation,1
http://portal-microsoft-login-update.loan/login.php?user=victim%40mail.com&session=9719&redirect=kyc-confirmation,1
https://netflix-account-verification-support-1054.ml/claim-bonus,1
http://portal-bankofamerica-update.work/login.php?user=victim%40mail.com&session=9447&redirect=unlock-profile,1
http://netflix.security-alert.secure-login4472.click/signin?token=103303dd56a7,1
http://chase.security-alert.kyc-confirmation1709.click/signin?token=52d080a3e172,1
https://chase-account-verification-support-5329.ml/kyc-confirmation,1
http://portal-bankofamerica-update.loan/login.php?user=victim%40mail.com&session=2316&redirect=claim-bonus,1
http://63.176.201.241/facebook-verify/kyc-confirmation.php?id=6943,1
http://facebook-verify.security-alert.verify-account219.top/signin?token=c0e190d8267e,1
http://legit-service.com@facebook-verify-secure-auth-2739.zip/index.html,1
http://188.191.124.198/apple-id/unlock-profile.php?id=4780,1
http://portal-wellsfargo-update.gq/login.php?user=victim%40mail.com&session=3124&redirect=secure-login,1
http://portal-microsoft-login-update.ml/login.php?user=victim%40mail.com&session=6769&redirect=secure-login,1
http://legit-service.com@paypal-secure-auth-4347.loan/index.html,1
http://wellsfargo.security-alert.kyc-confirmation2362.gq/signin?token=8aec51422b30,1
http://wellsfargo.security-alert.update-billing6224.zip/signin?token=69783ee76a92,1
http://portal-apple-id-update.zip/login.php?user=victim%40mail.com&session=7199&redirect=kyc-confirmation,1
http://portal-microsoft-login-update.cf/login.php?user=victim%40mail.com&session=7239&redirect=urgent-notice,1
http://91.162.87.52/microsoft-login/urgent-notice.php?id=3826,1
http://legit-service.com@facebook-verify-secure-auth-5184.tk/index.html,1
http://portal-wellsfargo-update.gq/login.php?user=victim%40mail.com&session=1795&redirect=update-billing,1
http://portal-chase-update.link/login.php?user=victim%40mail.com&session=7090&redirect=kyc-confirmation,1
http://116.231.190.142/microsoft-login/claim-bonus.php?id=7445,1
http://legit-service.com@paypal-secure-auth-1550.xyz/index.html,1
http://105.35.195.13/wellsfargo/verify-account.php?id=8183,1
http://chase.security-alert.claim-bonus911.cf/signin?token=b56a18e0eacd,1
http://188.239.59.114/coinbase-auth/verify-account.php?id=1709,1
http://legit-service.com@microsoft-login-secure-auth-2912.loan/index.html,1
http://54.77.80.174/binance-security/unlock-profile.php?id=4531,1
https://netflix-account-verification-support-8951.link/kyc-confirmation,1
http://legit-service.com@microsoft-login-secure-auth-4600.gq/index.html,1
http://portal-apple-id-update.link/login.php?user=victim%40mail.com&session=1797&redirect=urgent-notice,1
https://wellsfargo-account-verification-support-4594.top/update-billing,1
http://portal-facebook-verify-update.xyz/login.php?user=victim%40mail.com&session=282&redirect=secure-login,1
https://netflix-account-verification-support-3661.xyz/update-billing,1
https://facebook-verify-account-verification-support-7785.ml/kyc-confirmation,1
http://facebook-verify.security-alert.verify-account7571.ml/signin?token=25702d4234f4,1
http://facebook-verify.security-alert.verify-account5899.link/signin?token=362c99307cdc,1
http://chase.security-alert.verify-account289.xyz/signin?token=839ab46820b5,1
https://binance-security-account-verification-support-7801.tk/claim-bonus,1
https://wellsfargo-account-verification-support-7993.tk/update-billing,1
http://legit-service.com@paypal-secure-auth-3561.zip/index.html,1
http://legit-service.com@bankofamerica-secure-auth-4005.link/index.html,1
https://microsoft-login-account-verification-support-6858.click/kyc-confirmation,1
http://172.105.57.86/microsoft-login/update-billing.php?id=4358,1
http://legit-service.com@chase-secure-auth-360.click/index.html,1
https://chase-account-verification-support-9036.ml/claim-bonus,1
http://125.63.195.239/binance-security/claim-bonus.php?id=2682,1
http://legit-service.com@netflix-secure-auth-6247.link/index.html,1
http://chase.security-alert.unlock-profile5807.ml/signin?token=681a23b0649e,1
http://legit-service.com@chase-secure-auth-7344.tk/index.html,1
http://149.28.91.230/apple-id/urgent-notice.php?id=3225,1
https://bankofamerica-account-verification-support-9975.ml/unlock-profile,1
http://wellsfargo.security-alert.urgent-notice5977.click/signin?token=7eb532aef980,1
http://portal-paypal-update.zip/login.php?user=victim%40mail.com&session=4512&redirect=secure-login,1
http://portal-wellsfargo-update.ml/login.php?user=victim%40mail.com&session=6265&redirect=urgent-notice,1
http://wellsfargo.security-alert.kyc-confirmation2242.ml/signin?token=1a3f91fead97,1
http://52.43.26.195/wellsfargo/verify-account.php?id=5707,1
http://binance-security.security-alert.urgent-notice174.link/signin?token=bf8229696f7a,1
http://legit-service.com@bankofamerica-secure-auth-4701.top/index.html,1
http://148.88.18.161/binance-security/claim-bonus.php?id=378,1
http://portal-microsoft-login-update.click/login.php?user=victim%40mail.com&session=9717&redirect=kyc-confirmation,1
http://155.61.51.37/wellsfargo/urgent-notice.php?id=775,1
http://159.203.185.250/wellsfargo/update-billing.php?id=6619,1
http://portal-coinbase-auth-update.tk/login.php?user=victim%40mail.com&session=1903&redirect=secure-login,1
https://chase-account-verification-support-2853.ml/unlock-profile,1
http://82.2.44.35/netflix/update-billing.php?id=659,1
http://binance-security.security-alert.kyc-confirmation3872.top/signin?token=d35b05a832e2,1
http://microsoft-login.security-alert.verify-account2184.tk/signin?token=00a03ec6533c,1
http://portal-paypal-update.link/login.php?user=victim%40mail.com&session=6512&redirect=urgent-notice,1
http://66.28.236.151/microsoft-login/urgent-notice.php?id=7998,1
http://39.82.55.165/microsoft-login/verify-account.php?id=7309,1
http://50.12.64.46/apple-id/unlock-profile.php?id=633,1
http://120.230.62.67/paypal/unlock-profile.php?id=3286,1
https://bankofamerica-account-verification-support-7566.ml/urgent-notice,1
http://legit-service.com@facebook-verify-secure-auth-318.tk/index.html,1
http://legit-service.com@paypal-secure-auth-6889.loan/index.html,1
http://portal-paypal-update.zip/login.php?user=victim%40mail.com&session=5627&redirect=kyc-confirmation,1
http://portal-coinbase-auth-update.link/login.php?user=victim%40mail.com&session=3761&redirect=secure-login,1
http://portal-coinbase-auth-update.ml/login.php?user=victim%40mail.com&session=7795&redirect=urgent-notice,1
http://wellsfargo.security-alert.claim-bonus4841.link/signin?token=05ee45de8d87,1
http://portal-chase-update.cf/login.php?user=victim%40mail.com&session=7964&redirect=kyc-confirmation,1
http://facebook-verify.security-alert.kyc-confirmation9629.gq/signin?token=d3a03b46250a,1
http://facebook-verify.security-alert.kyc-confirmation9465.gq/signin?token=651468b37f95,1
http://154.253.115.212/facebook-verify/secure-login.php?id=3068,1
http://portal-coinbase-auth-update.top/login.php?user=victim%40mail.com&session=6225&redirect=kyc-confirmation,1
https://coinbase-auth-account-verification-support-5276.link/unlock-profile,1
http://microsoft-login.security-alert.secure-login8724.tk/signin?token=7ab6acc5bbf2,1
http://portal-facebook-verify-update.cf/login.php?user=victim%40mail.com&session=9576&redirect=verify-account,1
http://legit-service.com@apple-id-secure-auth-7718.xyz/index.html,1
http://147.179.216.33/facebook-verify/update-billing.php?id=9349,1
https://binance-security-account-verification-support-4157.zip/update-billing,1
https://coinbase-auth-account-verification-support-3638.work/update-billing,1
http://paypal.security-alert.urgent-notice7921.click/signin?token=ad62cfd33e38,1
http://portal-binance-security-update.ml/login.php?user=victim%40mail.com&session=2705&redirect=secure-login,1
https://paypal-account-verification-support-2314.ml/kyc-confirmation,1
http://netflix.security-alert.urgent-notice7931.cf/signin?token=36dcd5249710,1
http://legit-service.com@apple-id-secure-auth-2931.zip/index.html,1
http://portal-binance-security-update.xyz/login.php?user=victim%40mail.com&session=8653&redirect=update-billing,1
http://microsoft-login.security-alert.verify-account9086.tk/signin?token=0d85eb24e2ad,1
http://portal-bankofamerica-update.click/login.php?user=victim%40mail.com&session=7015&redirect=claim-bonus,1
http://portal-binance-security-update.xyz/login.php?user=victim%40mail.com&session=1270&redirect=secure-login,1
http://facebook-verify.security-alert.unlock-profile7249.top/signin?token=df5511886da3,1
https://coinbase-auth-account-verification-support-452.zip/kyc-confirmation,1
http://bankofamerica.security-alert.verify-account3311.loan/signin?token=bdd8817990ef,1
http://portal-wellsfargo-update.link/login.php?user=victim%40mail.com&session=6563&redirect=urgent-notice,1
http://paypal.security-alert.secure-login2399.cf/signin?token=bc7f621451b4,1
http://94.191.135.183/microsoft-login/update-billing.php?id=4839,1
https://chase-account-verification-support-9320.tk/urgent-notice,1
http://bankofamerica.security-alert.kyc-confirmation2169.top/signin?token=bd0cc810b580,1
http://portal-microsoft-login-update.xyz/login.php?user=victim%40mail.com&session=6034&redirect=claim-bonus,1
https://netflix-account-verification-support-1146.loan/unlock-profile,1
http://73.59.203.157/paypal/claim-bonus.php?id=2072,1
http://30.147.141.91/wellsfargo/claim-bonus.php?id=1134,1
https://wellsfargo-account-verification-support-2956.ml/verify-account,1
https://apple-id-account-verification-support-7726.ml/kyc-confirmation,1
http://94.124.175.93/chase/unlock-profile.php?id=7734,1
http://102.137.96.226/coinbase-auth/update-billing.php?id=2927,1
http://legit-service.com@apple-id-secure-auth-7434.click/index.html,1
http://legit-service.com@netflix-secure-auth-6654.zip/index.html,1
http://bankofamerica.security-alert.urgent-notice79.tk/signin?token=d1fe173d08e9,1
http://156.113.249.32/bankofamerica/kyc-confirmation.php?id=5944,1
https://netflix-account-verification-support-5533.work/secure-login,1
http://netflix.security-alert.claim-bonus6927.gq/signin?token=0ad5292c158f,1
http://facebook-verify.security-alert.verify-account8972.link/signin?token=0cb5ebb1b34e,1
http://chase.security-alert.verify-account4131.work/signin?token=0314c9b108b8,1
https://apple-id-account-verification-support-7010.work/secure-login,1
http://legit-service.com@netflix-secure-auth-932.click/index.html,1
http://legit-service.com@netflix-secure-auth-8222.top/index.html,1
https://coinbase-auth-account-verification-support-3553.ml/unlock-profile,1
http://bankofamerica.security-alert.unlock-profile50.click/signin?token=c0c7c76d30bd,1
http://legit-service.com@coinbase-auth-secure-auth-137.cf/index.html,1
http://21.245.2.198/chase/kyc-confirmation.php?id=5861,1
https://microsoft-login-account-verification-support-5697.work/kyc-confirmation,1
http://62.34.22.141/microsoft-login/update-billing.php?id=2189,1
http://legit-service.com@binance-security-secure-auth-1791.gq/index.html,1
http://legit-service.com@microsoft-login-secure-auth-2891.cf/index.html,1
http://160.174.243.89/binance-security/update-billing.php?id=7252,1
http://legit-service.com@facebook-verify-secure-auth-5437.cf/index.html,1
http://portal-facebook-verify-update.cf/login.php?user=victim%40mail.com&session=6492&redirect=unlock-profile,1
http://legit-service.com@bankofamerica-secure-auth-3511.gq/index.html,1
http://legit-service.com@apple-id-secure-auth-1914.zip/index.html,1
http://legit-service.com@bankofamerica-secure-auth-9939.work/index.html,1
http://facebook-verify.security-alert.update-billing7592.work/signin?token=fc9812127bf0,1
https://microsoft-login-account-verification-support-6226.tk/unlock-profile,1
http://legit-service.com@wellsfargo-secure-auth-9521.click/index.html,1
http://legit-service.com@wellsfargo-secure-auth-594.top/index.html,1
http://facebook-verify.security-alert.verify-account2040.ml/signin?token=4c144c47ecba,1
http://legit-service.com@binance-security-secure-auth-9878.top/index.html,1
http://microsoft-login.security-alert.secure-login9046.click/signin?token=71c1806ca28b,1
https://binance-security-account-verification-support-371.ml/secure-login,1
http://legit-service.com@microsoft-login-secure-auth-9489.top/index.html,1
http://legit-service.com@apple-id-secure-auth-8151.loan/index.html,1
http://legit-service.com@netflix-secure-auth-7821.top/index.html,1
http://legit-service.com@microsoft-login-secure-auth-465.cf/index.html,1
https://paypal-account-verification-support-3619.loan/verify-account,1
https://coinbase-auth-account-verification-support-5737.tk/update-billing,1
http://portal-microsoft-login-update.loan/login.php?user=victim%40mail.com&session=9515&redirect=secure-login,1
http://legit-service.com@apple-id-secure-auth-2063.xyz/index.html,1
http://apple-id.security-alert.update-billing5010.tk/signin?token=999028872cff,1
http://legit-service.com@chase-secure-auth-6907.zip/index.html,1
http://microsoft-login.security-alert.urgent-notice9024.gq/signin?token=952285b9b7e7,1
https://paypal-account-verification-support-6046.link/update-billing,1
http://coinbase-auth.security-alert.secure-login3683.tk/signin?token=acb5d1120b8a,1
http://bankofamerica.security-alert.kyc-confirmation1404.tk/signin?token=186a157b2992,1
https://netflix-account-verification-support-3514.gq/unlock-profile,1
http://legit-service.com@coinbase-auth-secure-auth-6781.xyz/index.html,1
https://wellsfargo-account-verification-support-2333.xyz/unlock-profile,1
http://microsoft-login.security-alert.secure-login791.ml/signin?token=df7f28ac89ca,1
http://portal-paypal-update.work/login.php?user=victim%40mail.com&session=7433&redirect=urgent-notice,1
http://legit-service.com@paypal-secure-auth-6528.xyz/index.html,1
http://120.1.145.80/binance-security/urgent-notice.php?id=2909,1
http://legit-service.com@netflix-secure-auth-769.cf/index.html,1
http://legit-service.com@wellsfargo-secure-auth-8509.work/index.html,1
http://portal-bankofamerica-update.loan/login.php?user=victim%40mail.com&session=9733&redirect=claim-bonus,1
http://portal-coinbase-auth-update.xyz/login.php?user=victim%40mail.com&session=4758&redirect=kyc-confirmation,1
http://162.74.99.6/apple-id/verify-account.php?id=1789,1
http://chase.security-alert.unlock-profile5452.gq/signin?token=febefe1cc5c8,1
http://66.190.18.232/netflix/kyc-confirmation.php?id=7452,1
http://portal-binance-security-update.link/login.php?user=victim%40mail.com&session=5555&redirect=secure-login,1
http://66.177.220.150/bankofamerica/claim-bonus.php?id=2764,1
http://legit-service.com@paypal-secure-auth-4536.loan/index.html,1
https://coinbase-auth-account-verification-support-2091.tk/urgent-notice,1
http://portal-microsoft-login-update.work/login.php?user=victim%40mail.com&session=4746&redirect=verify-account,1
http://portal-binance-security-update.tk/login.php?user=victim%40mail.com&session=5087&redirect=secure-login,1
http://55.160.69.14/paypal/unlock-profile.php?id=141,1
http://legit-service.com@wellsfargo-secure-auth-6623.link/index.html,1
http://coinbase-auth.security-alert.unlock-profile5202.top/signin?token=4fbe073f17f1,1
http://portal-facebook-verify-update.ml/login.php?user=victim%40mail.com&session=2686&redirect=verify-account,1
http://portal-coinbase-auth-update.link/login.php?user=victim%40mail.com&session=610&redirect=kyc-confirmation,1
http://portal-netflix-update.cf/login.php?user=victim%40mail.com&session=1444&redirect=claim-bonus,1
http://legit-service.com@wellsfargo-secure-auth-2712.gq/index.html,1
http://30.186.14.206/paypal/unlock-profile.php?id=7542,1
http://legit-service.com@netflix-secure-auth-7878.xyz/index.html,1
http://chase.security-alert.unlock-profile6624.link/signin?token=781877bda078,1
http://paypal.security-alert.urgent-notice4826.top/signin?token=a34e1ddbb4d3,1
http://legit-service.com@wellsfargo-secure-auth-6652.top/index.html,1
http://microsoft-login.security-alert.claim-bonus2214.work/signin?token=f3d9de86462c,1
http://193.55.213.70/chase/secure-login.php?id=1393,1
http://25.45.122.62/coinbase-auth/unlock-profile.php?id=1709,1
http://portal-bankofamerica-update.loan/login.php?user=victim%40mail.com&session=2396&redirect=urgent-notice,1
http://117.162.237.1/coinbase-auth/kyc-confirmation.php?id=3975,1
http://binance-security.security-alert.claim-bonus4487.gq/signin?token=14da92f2bdae,1
http://legit-service.com@wellsfargo-secure-auth-1723.cf/index.html,1
http://paypal.security-alert.urgent-notice2688.zip/signin?token=b38e5ff5f816,1
http://legit-service.com@netflix-secure-auth-4668.link/index.html,1
http://bankofamerica.security-alert.kyc-confirmation4642.link/signin?token=63c17d596f40,1
http://legit-service.com@paypal-secure-auth-1698.loan/index.html,1
http://portal-wellsfargo-update.work/login.php?user=victim%40mail.com&session=3876&redirect=verify-account,1
http://legit-service.com@apple-id-secure-auth-7242.work/index.html,1
http://39.186.226.200/paypal/verify-account.php?id=944,1
http://portal-binance-security-update.zip/login.php?user=victim%40mail.com&session=5084&redirect=kyc-confirmation,1
http://portal-wellsfargo-update.link/login.php?user=victim%40mail.com&session=3943&redirect=verify-account,1
https://wellsfargo-account-verification-support-8481.loan/update-billing,1
http://legit-service.com@bankofamerica-secure-auth-5167.link/index.html,1
http://portal-chase-update.tk/login.php?user=victim%40mail.com&session=26&redirect=secure-login,1
http://chase.security-alert.urgent-notice6182.click/signin?token=4c5a99856a3c,1
http://facebook-verify.security-alert.update-billing6240.top/signin?token=405075699f06,1
https://apple-id-account-verification-support-9437.loan/update-billing,1
http://182.208.58.148/binance-security/kyc-confirmation.php?id=8989,1
https://wellsfargo-account-verification-support-5474.loan/urgent-notice,1
http://legit-service.com@wellsfargo-secure-auth-6419.link/index.html,1
https://chase-account-verification-support-8212.ml/unlock-profile,1
http://legit-service.com@microsoft-login-secure-auth-6931.xyz/index.html,1
http://legit-service.com@binance-security-secure-auth-1858.gq/index.html,1
http://portal-coinbase-auth-update.loan/login.php?user=victim%40mail.com&session=8117&redirect=claim-bonus,1
http://portal-chase-update.work/login.php?user=victim%40mail.com&session=6576&redirect=verify-account,1
http://bankofamerica.security-alert.unlock-profile3352.ml/signin?token=0987b8b338d6,1
http://bankofamerica.security-alert.verify-account5710.top/signin?token=810462d01f31,1
http://88.93.222.63/chase/kyc-confirmation.php?id=7988,1
http://netflix.security-alert.secure-login2431.top/signin?token=cbf8710b43df,1
http://portal-apple-id-update.zip/login.php?user=victim%40mail.com&session=6793&redirect=verify-account,1
http://portal-apple-id-update.gq/login.php?user=victim%40mail.com&session=2208&redirect=kyc-confirmation,1
http://binance-security.security-alert.claim-bonus5966.ml/signin?token=95c8f422f9c3,1
https://bankofamerica-account-verification-support-1664.zip/kyc-confirmation,1
http://apple-id.security-alert.unlock-profile5718.cf/signin?token=25daeb9b3072,1
http://legit-service.com@microsoft-login-secure-auth-1132.cf/index.html,1
http://legit-service.com@facebook-verify-secure-auth-9419.link/index.html,1
http://facebook-verify.security-alert.secure-login8512.top/signin?token=e092aed5316b,1
http://binance-security.security-alert.claim-bonus7149.work/signin?token=16f852a6d01b,1
http://legit-service.com@bankofamerica-secure-auth-8156.gq/index.html,1
http://legit-service.com@bankofamerica-secure-auth-1154.loan/index.html,1
http://bankofamerica.security-alert.update-billing9625.top/signin?token=a330f9fecc38,1
http://paypal.security-alert.claim-bonus8562.ml/signin?token=37cfff3c04f9,1
http://netflix.security-alert.secure-login2367.cf/signin?token=300891a62162,1
http://bankofamerica.security-alert.unlock-profile644.cf/signin?token=8c7bbbba95c1,1
http://legit-service.com@coinbase-auth-secure-auth-9410.top/index.html,1
https://apple-id-account-verification-support-7876.zip/update-billing,1
http://portal-microsoft-login-update.xyz/login.php?user=victim%40mail.com&session=2195&redirect=claim-bonus,1
http://34.129.5.160/wellsfargo/unlock-profile.php?id=4712,1
http://181.86.103.167/netflix/verify-account.php?id=2270,1
https://bankofamerica-account-verification-support-9101.cf/update-billing,1
http://wellsfargo.security-alert.claim-bonus6952.zip/signin?token=a61f27ab2165,1
http://legit-service.com@microsoft-login-secure-auth-9933.loan/index.html,1
http://portal-wellsfargo-update.zip/login.php?user=victim%40mail.com&session=2174&redirect=kyc-confirmation,1
http://portal-facebook-verify-update.link/login.php?user=victim%40mail.com&session=5115&redirect=secure-login,1
http://18.144.143.19/chase/unlock-profile.php?id=3034,1
http://legit-service.com@coinbase-auth-secure-auth-4738.link/index.html,1
https://coinbase-auth-account-verification-support-8445.top/unlock-profile,1
http://legit-service.com@paypal-secure-auth-113.cf/index.html,1
https://coinbase-auth-account-verification-support-4843.click/urgent-notice,1
http://legit-service.com@bankofamerica-secure-auth-7679.work/index.html,1
http://portal-apple-id-update.loan/login.php?user=victim%40mail.com&session=4793&redirect=unlock-profile,1
http://facebook-verify.security-alert.verify-account3206.work/signin?token=211ed78fe919,1
https://apple-id-account-verification-support-6264.link/unlock-profile,1
http://portal-bankofamerica-update.xyz/login.php?user=victim%40mail.com&session=2880&redirect=unlock-profile,1
http://portal-bankofamerica-update.work/login.php?user=victim%40mail.com&session=8330&redirect=secure-login,1
http://102.39.55.196/binance-security/secure-login.php?id=2962,1
https://binance-security-account-verification-support-757.cf/kyc-confirmation,1
https://netflix-account-verification-support-4243.zip/update-billing,1
http://binance-security.security-alert.urgent-notice1188.click/signin?token=c44e503833b6,1
http://wellsfargo.security-alert.urgent-notice5307.tk/signin?token=764a9f2462bf,1
http://81.83.144.97/apple-id/verify-account.php?id=2905,1
http://legit-service.com@chase-secure-auth-7220.link/index.html,1
http://legit-service.com@wellsfargo-secure-auth-4595.ml/index.html,1
http://180.169.73.185/netflix/verify-account.php?id=7658,1
http://facebook-verify.security-alert.unlock-profile23.top/signin?token=37693cfc7480,1
https://microsoft-login-account-verification-support-8172.xyz/update-billing,1
http://legit-service.com@apple-id-secure-auth-7719.tk/index.html,1
http://114.192.11.91/netflix/urgent-notice.php?id=1917,1
http://187.154.49.42/coinbase-auth/update-billing.php?id=5610,1
http://portal-bankofamerica-update.cf/login.php?user=victim%40mail.com&session=6757&redirect=kyc-confirmation,1
http://58.79.217.227/binance-security/unlock-profile.php?id=8048,1
http://binance-security.security-alert.urgent-notice3326.cf/signin?token=dba132f6ab6a,1
http://portal-facebook-verify-update.tk/login.php?user=victim%40mail.com&session=4594&redirect=unlock-profile,1
http://163.56.83.9/chase/kyc-confirmation.php?id=6467,1
http://portal-paypal-update.top/login.php?user=victim%40mail.com&session=5570&redirect=kyc-confirmation,1
http://62.238.202.198/paypal/claim-bonus.php?id=7128,1
http://24.129.225.211/facebook-verify/unlock-profile.php?id=9733,1
https://coinbase-auth-account-verification-support-4089.cf/verify-account,1
http://legit-service.com@netflix-secure-auth-6272.gq/index.html,1
http://wellsfargo.security-alert.claim-bonus7360.cf/signin?token=e44e875c1210,1
https://bankofamerica-account-verification-support-240.cf/kyc-confirmation,1
https://wellsfargo-account-verification-support-4186.work/kyc-confirmation,1
http://legit-service.com@wellsfargo-secure-auth-1378.top/index.html,1
http://164.210.22.70/binance-security/unlock-profile.php?id=7558,1
http://portal-wellsfargo-update.cf/login.php?user=victim%40mail.com&session=6804&redirect=update-billing,1
http://portal-netflix-update.click/login.php?user=victim%40mail.com&session=2395&redirect=secure-login,1
http://legit-service.com@microsoft-login-secure-auth-5746.top/index.html,1
http://66.203.219.4/facebook-verify/secure-login.php?id=7633,1
http://legit-service.com@paypal-secure-auth-246.tk/index.html,1
https://facebook-verify-account-verification-support-5429.tk/unlock-profile,1
http://154.160.108.42/apple-id/verify-account.php?id=1525,1
http://portal-facebook-verify-update.ml/login.php?user=victim%40mail.com&session=5380&redirect=secure-login,1
http://115.82.92.229/netflix/update-billing.php?id=459,1
http://145.2.97.56/wellsfargo/unlock-profile.php?id=2961,1
http://135.78.8.84/paypal/unlock-profile.php?id=8386,1
http://77.117.174.78/bankofamerica/kyc-confirmation.php?id=6497,1
http://wellsfargo.security-alert.verify-account2256.link/signin?token=f6c79f4af478,1
https://microsoft-login-account-verification-support-4739.click/unlock-profile,1
http://portal-chase-update.xyz/login.php?user=victim%40mail.com&session=3794&redirect=unlock-profile,1
http://portal-apple-id-update.top/login.php?user=victim%40mail.com&session=7530&redirect=kyc-confirmation,1
http://portal-microsoft-login-update.click/login.php?user=victim%40mail.com&session=6755&redirect=claim-bonus,1
http://142.154.95.62/binance-security/verify-account.php?id=4424,1
http://170.197.179.67/apple-id/update-billing.php?id=9698,1
https://paypal-account-verification-support-9189.work/secure-login,1
https://bankofamerica-account-verification-support-5911.work/secure-login,1
http://bankofamerica.security-alert.kyc-confirmation1575.tk/signin?token=70efba66d3d8,1
http://16.5.161.54/bankofamerica/kyc-confirmation.php?id=664,1
http://legit-service.com@binance-security-secure-auth-1670.cf/index.html,1
http://123.20.220.178/bankofamerica/verify-account.php?id=7360,1
http://legit-service.com@wellsfargo-secure-auth-4522.ml/index.html,1
http://178.134.161.16/microsoft-login/verify-account.php?id=1763,1
http://84.139.172.214/binance-security/claim-bonus.php?id=1861,1
http://legit-service.com@wellsfargo-secure-auth-6134.gq/index.html,1
https://binance-security-account-verification-support-5334.cf/urgent-notice,1
https://wellsfargo-account-verification-support-2444.gq/verify-account,1
https://netflix-account-verification-support-5531.loan/claim-bonus,1
https://netflix-account-verification-support-2394.zip/secure-login,1
https://coinbase-auth-account-verification-support-8810.link/verify-account,1
https://apple-id-account-verification-support-2749.ml/verify-account,1
http://netflix.security-alert.secure-login8487.tk/signin?token=18c7c32f90d2,1
http://legit-service.com@wellsfargo-secure-auth-8724.cf/index.html,1
https://apple-id-account-verification-support-9858.zip/update-billing,1
http://30.208.186.209/coinbase-auth/claim-bonus.php?id=8836,1
http://legit-service.com@paypal-secure-auth-980.ml/index.html,1
http://136.120.215.250/bankofamerica/secure-login.php?id=3195,1
http://134.157.95.30/bankofamerica/kyc-confirmation.php?id=6460,1
http://48.17.74.129/wellsfargo/urgent-notice.php?id=4045,1
http://56.35.236.49/bankofamerica/kyc-confirmation.php?id=1851,1
http://193.27.140.4/paypal/kyc-confirmation.php?id=6287,1
https://microsoft-login-account-verification-support-9789.top/secure-login,1
http://facebook-verify.security-alert.update-billing9841.link/signin?token=300bedd5a8a0,1
https://paypal-account-verification-support-9015.click/urgent-notice,1
http://netflix.security-alert.update-billing1120.tk/signin?token=c6036a69be21,1
http://105.231.89.37/binance-security/update-billing.php?id=1850,1
http://portal-bankofamerica-update.zip/login.php?user=victim%40mail.com&session=9242&redirect=claim-bonus,1
http://legit-service.com@chase-secure-auth-1577.work/index.html,1
http://portal-wellsfargo-update.top/login.php?user=victim%40mail.com&session=9696&redirect=verify-account,1
http://legit-service.com@coinbase-auth-secure-auth-4715.tk/index.html,1
http://portal-microsoft-login-update.cf/login.php?user=victim%40mail.com&session=817&redirect=update-billing,1
http://paypal.security-alert.claim-bonus2948.loan/signin?token=15c00b5250dd,1
https://apple-id-account-verification-support-8661.cf/unlock-profile,1
http://portal-coinbase-auth-update.cf/login.php?user=victim%40mail.com&session=4674&redirect=verify-account,1
http://legit-service.com@netflix-secure-auth-9611.gq/index.html,1
http://portal-facebook-verify-update.xyz/login.php?user=victim%40mail.com&session=1201&redirect=verify-account,1
http://194.32.110.101/apple-id/update-billing.php?id=5931,1
https://apple-id-account-verification-support-3702.loan/verify-account,1
http://portal-netflix-update.loan/login.php?user=victim%40mail.com&session=4638&redirect=unlock-profile,1
https://wellsfargo-account-verification-support-6368.work/claim-bonus,1
https://binance-security-account-verification-support-3048.link/unlock-profile,1
http://legit-service.com@netflix-secure-auth-2835.link/index.html,1
http://facebook-verify.security-alert.secure-login8781.cf/signin?token=b3ddb7c5b10b,1
http://binance-security.security-alert.claim-bonus7053.work/signin?token=dfc69ee4c48a,1
https://apple-id-account-verification-support-8715.gq/update-billing,1
http://portal-binance-security-update.cf/login.php?user=victim%40mail.com&session=5996&redirect=urgent-notice,1
https://netflix-account-verification-support-1809.loan/secure-login,1
https://facebook-verify-account-verification-support-6379.click/unlock-profile,1
http://legit-service.com@coinbase-auth-secure-auth-6069.xyz/index.html,1
http://portal-wellsfargo-update.xyz/login.php?user=victim%40mail.com&session=5308&redirect=secure-login,1
http://netflix.security-alert.claim-bonus6871.top/signin?token=7ea25c95b079,1
https://wellsfargo-account-verification-support-4728.ml/claim-bonus,1
http://bankofamerica.security-alert.secure-login7512.cf/signin?token=161c5c5ad51f,1
http://portal-coinbase-auth-update.work/login.php?user=victim%40mail.com&session=150&redirect=secure-login,1
http://portal-paypal-update.ml/login.php?user=victim%40mail.com&session=2893&redirect=urgent-notice,1
http://facebook-verify.security-alert.kyc-confirmation9236.cf/signin?token=8576a5108a04,1
http://136.10.133.22/coinbase-auth/urgent-notice.php?id=3470,1
https://facebook-verify-account-verification-support-6557.loan/kyc-confirmation,1
http://127.197.33.45/netflix/kyc-confirmation.php?id=2862,1
http://portal-chase-update.work/login.php?user=victim%40mail.com&session=9216&redirect=unlock-profile,1
http://coinbase-auth.security-alert.kyc-confirmation2439.work/signin?token=fc79250f8c5b,1
http://microsoft-login.security-alert.verify-account44.zip/signin?token=f7177163c833,1
http://portal-netflix-update.loan/login.php?user=victim%40mail.com&session=7297&redirect=verify-account,1
http://apple-id.security-alert.urgent-notice7930.click/signin?token=2b52541089a5,1
https://facebook-verify-account-verification-support-5177.zip/update-billing,1
http://legit-service.com@netflix-secure-auth-54.tk/index.html,1
http://187.234.78.126/netflix/urgent-notice.php?id=4337,1
http://portal-chase-update.work/login.php?user=victim%40mail.com&session=6791&redirect=claim-bonus,1
http://coinbase-auth.security-alert.urgent-notice3045.ml/signin?token=0ebf197205c0,1
http://portal-microsoft-login-update.work/login.php?user=victim%40mail.com&session=9011&redirect=unlock-profile,1
http://legit-service.com@coinbase-auth-secure-auth-2748.ml/index.html,1
http://legit-service.com@apple-id-secure-auth-2375.cf/index.html,1
http://facebook-verify.security-alert.unlock-profile7122.click/signin?token=df334b223e69,1
http://legit-service.com@netflix-secure-auth-7145.tk/index.html,1
https://paypal-account-verification-support-7088.top/urgent-notice,1
https://coinbase-auth-account-verification-support-8003.top/update-billing,1
http://portal-facebook-verify-update.xyz/login.php?user=victim%40mail.com&session=212&redirect=verify-account,1
http://legit-service.com@wellsfargo-secure-auth-2731.link/index.html,1
https://chase-account-verification-support-9376.top/verify-account,1
http://43.159.202.103/microsoft-login/secure-login.php?id=1570,1
http://paypal.security-alert.kyc-confirmation1092.gq/signin?token=6a2feef8ed6a,1
https://wellsfargo-account-verification-support-4324.work/update-billing,1
http://legit-service.com@wellsfargo-secure-auth-2687.click/index.html,1
http://microsoft-login.security-alert.urgent-notice7655.work/signin?token=572201a4497b,1
http://coinbase-auth.security-alert.urgent-notice4201.link/signin?token=0530e22dea41,1
http://26.177.144.94/facebook-verify/verify-account.php?id=3234,1
http://72.202.116.212/apple-id/urgent-notice.php?id=8918,1
https://paypal-account-verification-support-9672.zip/unlock-profile,1
https://bankofamerica-account-verification-support-8489.click/verify-account,1
http://portal-wellsfargo-update.cf/login.php?user=victim%40mail.com&session=5221&redirect=claim-bonus,1
http://portal-binance-security-update.xyz/login.php?user=victim%40mail.com&session=7912&redirect=claim-bonus,1
http://81.107.150.128/apple-id/kyc-confirmation.php?id=7680,1
http://192.102.190.85/coinbase-auth/unlock-profile.php?id=9191,1
http://portal-facebook-verify-update.zip/login.php?user=victim%40mail.com&session=8666&redirect=secure-login,1
http://79.43.7.230/wellsfargo/kyc-confirmation.php?id=9490,1
http://portal-apple-id-update.top/login.php?user=victim%40mail.com&session=9013&redirect=update-billing,1
http://portal-facebook-verify-update.xyz/login.php?user=victim%40mail.com&session=9418&redirect=kyc-confirmation,1
http://coinbase-auth.security-alert.verify-account3104.top/signin?token=75b9b6dc7fe4,1
http://binance-security.security-alert.verify-account5754.zip/signin?token=0dbcf39d4132,1
http://legit-service.com@facebook-verify-secure-auth-3733.loan/index.html,1
https://coinbase-auth-account-verification-support-4143.tk/unlock-profile,1
http://63.206.5.67/facebook-verify/urgent-notice.php?id=7747,1
http://legit-service.com@wellsfargo-secure-auth-1719.top/index.html,1
http://portal-wellsfargo-update.click/login.php?user=victim%40mail.com&session=7864&redirect=verify-account,1
http://151.136.191.22/paypal/update-billing.php?id=4533,1
http://portal-apple-id-update.zip/login.php?user=victim%40mail.com&session=1312&redirect=update-billing,1
http://portal-microsoft-login-update.tk/login.php?user=victim%40mail.com&session=1336&redirect=update-billing,1
https://chase-account-verification-support-6226.top/kyc-confirmation,1
http://portal-coinbase-auth-update.xyz/login.php?user=victim%40mail.com&session=7554&redirect=secure-login,1
http://portal-apple-id-update.click/login.php?user=victim%40mail.com&session=5965&redirect=secure-login,1
http://portal-paypal-update.work/login.php?user=victim%40mail.com&session=2784&redirect=secure-login,1
http://portal-bankofamerica-update.click/login.php?user=victim%40mail.com&session=5714&redirect=unlock-profile,1
http://portal-apple-id-update.cf/login.php?user=victim%40mail.com&session=2335&redirect=verify-account,1
http://wellsfargo.security-alert.unlock-profile2404.gq/signin?token=8208974663db,1
http://legit-service.com@facebook-verify-secure-auth-4201.loan/index.html,1
http://legit-service.com@paypal-secure-auth-7089.click/index.html,1
http://portal-paypal-update.cf/login.php?user=victim%40mail.com&session=5381&redirect=unlock-profile,1
http://portal-binance-security-update.link/login.php?user=victim%40mail.com&session=294&redirect=urgent-notice,1
http://legit-service.com@chase-secure-auth-4647.gq/index.html,1
https://binance-security-account-verification-support-5129.click/unlock-profile,1
http://chase.security-alert.claim-bonus8020.cf/signin?token=07b1c04a30f7,1
http://legit-service.com@coinbase-auth-secure-auth-7649.gq/index.html,1
http://portal-paypal-update.gq/login.php?user=victim%40mail.com&session=7201&redirect=urgent-notice,1
http://legit-service.com@paypal-secure-auth-5623.cf/index.html,1
http://140.91.100.78/apple-id/update-billing.php?id=386,1
http://microsoft-login.security-alert.urgent-notice3358.ml/signin?token=97108695bd93,1
http://legit-service.com@microsoft-login-secure-auth-6444.loan/index.html,1
http://portal-microsoft-login-update.cf/login.php?user=victim%40mail.com&session=6495&redirect=kyc-confirmation,1
http://microsoft-login.security-alert.claim-bonus5436.ml/signin?token=cf8c9be2a450,1
http://portal-binance-security-update.tk/login.php?user=victim%40mail.com&session=6057&redirect=secure-login,1
http://132.217.137.86/coinbase-auth/unlock-profile.php?id=7838,1
http://legit-service.com@bankofamerica-secure-auth-2373.cf/index.html,1
http://netflix.security-alert.secure-login8906.link/signin?token=41d6c2482cdf,1
https://facebook-verify-account-verification-support-4254.ml/secure-login,1
https://apple-id-account-verification-support-4652.tk/urgent-notice,1
https://chase-account-verification-support-3664.loan/kyc-confirmation,1
http://161.57.244.57/coinbase-auth/unlock-profile.php?id=5757,1
http://legit-service.com@microsoft-login-secure-auth-7823.top/index.html,1
http://196.11.162.31/microsoft-login/urgent-notice.php?id=4130,1
https://apple-id-account-verification-support-2304.gq/update-billing,1
http://portal-coinbase-auth-update.link/login.php?user=victim%40mail.com&session=5700&redirect=unlock-profile,1
http://91.173.4.70/apple-id/unlock-profile.php?id=1158,1
http://portal-facebook-verify-update.tk/login.php?user=victim%40mail.com&session=7271&redirect=secure-login,1
http://portal-binance-security-update.cf/login.php?user=victim%40mail.com&session=3457&redirect=verify-account,1
http://legit-service.com@coinbase-auth-secure-auth-4467.tk/index.html,1
http://legit-service.com@microsoft-login-secure-auth-7697.top/index.html,1
http://portal-wellsfargo-update.ml/login.php?user=victim%40mail.com&session=1831&redirect=unlock-profile,1
http://legit-service.com@chase-secure-auth-9795.ml/index.html,1
http://112.115.137.18/facebook-verify/update-billing.php?id=1934,1
http://legit-service.com@binance-security-secure-auth-8263.zip/index.html,1
https://binance-security-account-verification-support-9285.xyz/secure-login,1
http://51.182.17.105/binance-security/unlock-profile.php?id=3796,1
http://coinbase-auth.security-alert.verify-account6642.click/signin?token=58e16dc760ca,1
http://microsoft-login.security-alert.claim-bonus8117.tk/signin?token=03492e99e42e,1
http://legit-service.com@chase-secure-auth-9005.ml/index.html,1
https://bankofamerica-account-verification-support-6259.ml/secure-login,1
https://chase-account-verification-support-8144.click/unlock-profile,1
http://wellsfargo.security-alert.secure-login6104.work/signin?token=46384036044a,1
https://wellsfargo-account-verification-support-4755.top/secure-login,1
https://bankofamerica-account-verification-support-9444.link/verify-account,1
http://portal-netflix-update.ml/login.php?user=victim%40mail.com&session=7545&redirect=claim-bonus,1
http://portal-wellsfargo-update.top/login.php?user=victim%40mail.com&session=4193&redirect=secure-login,1
http://57.248.234.118/bankofamerica/secure-login.php?id=8255,1
http://portal-chase-update.gq/login.php?user=victim%40mail.com&session=341&redirect=update-billing,1
http://93.148.245.131/netflix/secure-login.php?id=2927,1
http://189.115.186.170/binance-security/urgent-notice.php?id=2638,1
https://wellsfargo-account-verification-support-4406.gq/verify-account,1
http://apple-id.security-alert.unlock-profile3258.cf/signin?token=485843481a7e,1
http://portal-paypal-update.gq/login.php?user=victim%40mail.com&session=2542&redirect=secure-login,1
http://wellsfargo.security-alert.update-billing8155.ml/signin?token=fb647ca6672b,1
https://chase-account-verification-support-5724.top/unlock-profile,1
https://binance-security-account-verification-support-1444.zip/secure-login,1
http://bankofamerica.security-alert.claim-bonus6072.work/signin?token=3ffebb08d23c,1
http://legit-service.com@microsoft-login-secure-auth-7149.link/index.html,1
http://88.2.18.35/coinbase-auth/kyc-confirmation.php?id=1836,1
http://portal-coinbase-auth-update.zip/login.php?user=victim%40mail.com&session=5196&redirect=update-billing,1
http://legit-service.com@coinbase-auth-secure-auth-3407.link/index.html,1
http://paypal.security-alert.update-billing5921.zip/signin?token=b59442085644,1
http://79.68.126.137/netflix/claim-bonus.php?id=3213,1
http://bankofamerica.security-alert.secure-login8537.zip/signin?token=5c843bd82838,1
http://wellsfargo.security-alert.unlock-profile853.link/signin?token=aff1621254f7,1
http://portal-coinbase-auth-update.cf/login.php?user=victim%40mail.com&session=6572&redirect=update-billing,1
https://netflix-account-verification-support-5585.top/unlock-profile,1
http://portal-apple-id-update.cf/login.php?user=victim%40mail.com&session=9471&redirect=kyc-confirmation,1
http://portal-wellsfargo-update.click/login.php?user=victim%40mail.com&session=1262&redirect=verify-account,1
http://legit-service.com@bankofamerica-secure-auth-5243.ml/index.html,1
http://paypal.security-alert.verify-account2496.loan/signin?token=12ffb0968f2f,1
http://legit-service.com@binance-security-secure-auth-7799.work/index.html,1
http://portal-chase-update.zip/login.php?user=victim%40mail.com&session=7710&redirect=urgent-notice,1
http://legit-service.com@bankofamerica-secure-auth-3342.gq/index.html,1
http://netflix.security-alert.secure-login5271.ml/signin?token=08aac6ac98e5,1
http://portal-microsoft-login-update.click/login.php?user=victim%40mail.com&session=7146&redirect=update-billing,1
http://facebook-verify.security-alert.claim-bonus1087.tk/signin?token=a26398dca6f4,1
https://microsoft-login-account-verification-support-2079.ml/urgent-notice,1
http://portal-coinbase-auth-update.zip/login.php?user=victim%40mail.com&session=6452&redirect=update-billing,1
http://portal-bankofamerica-update.xyz/login.php?user=victim%40mail.com&session=5565&redirect=kyc-confirmation,1
http://binance-security.security-alert.claim-bonus3848.link/signin?token=42c8938e4cf5,1
http://105.95.41.51/facebook-verify/update-billing.php?id=1831,1
http://coinbase-auth.security-alert.kyc-confirmation4224.loan/signin?token=690d83983a63,1
http://183.94.40.24/facebook-verify/claim-bonus.php?id=2374,1
http://legit-service.com@apple-id-secure-auth-3729.xyz/index.html,1
http://95.160.182.36/coinbase-auth/secure-login.php?id=184,1
http://portal-coinbase-auth-update.xyz/login.php?user=victim%40mail.com&session=3996&redirect=update-billing,1
http://legit-service.com@paypal-secure-auth-1538.link/index.html,1
http://155.140.152.56/bankofamerica/verify-account.php?id=5059,1
http://microsoft-login.security-alert.unlock-profile4309.link/signin?token=f2b5e92f61b6,1
http://legit-service.com@apple-id-secure-auth-8990.zip/index.html,1
http://binance-security.security-alert.unlock-profile4230.tk/signin?token=c0e19ce0dbab,1
http://portal-apple-id-update.gq/login.php?user=victim%40mail.com&session=7025&redirect=verify-account,1
http://legit-service.com@chase-secure-auth-1568.loan/index.html,1
http://47.68.223.75/chase/verify-account.php?id=6387,1
http://portal-paypal-update.click/login.php?user=victim%40mail.com&session=4235&redirect=unlock-profile,1
http://facebook-verify.security-alert.kyc-confirmation4698.loan/signin?token=1068bceb1932,1
http://legit-service.com@netflix-secure-auth-5624.cf/index.html,1
http://portal-netflix-update.work/login.php?user=victim%40mail.com&session=2666&redirect=urgent-notice,1
http://legit-service.com@wellsfargo-secure-auth-237.cf/index.html,1
https://coinbase-auth-account-verification-support-2883.ml/claim-bonus,1
http://148.211.189.105/paypal/kyc-confirmation.php?id=3470,1
http://31.16.202.160/paypal/verify-account.php?id=6423,1
http://chase.security-alert.unlock-profile3075.loan/signin?token=a2186aa7c086,1
http://portal-wellsfargo-update.work/login.php?user=victim%40mail.com&session=731&redirect=verify-account,1
http://legit-service.com@microsoft-login-secure-auth-114.link/index.html,1
http://59.84.41.200/chase/verify-account.php?id=5749,1
http://chase.security-alert.urgent-notice3456.work/signin?token=def7924e3199,1
http://legit-service.com@bankofamerica-secure-auth-7841.xyz/index.html,1
http://legit-service.com@binance-security-secure-auth-6897.top/index.html,1
http://107.87.59.253/netflix/update-billing.php?id=5717,1
http://108.9.207.24/microsoft-login/claim-bonus.php?id=6912,1
http://portal-coinbase-auth-update.loan/login.php?user=victim%40mail.com&session=3113&redirect=unlock-profile,1
http://12.159.56.158/facebook-verify/claim-bonus.php?id=9336,1
http://bankofamerica.security-alert.secure-login3389.ml/signin?token=8643c8e2107b,1
http://apple-id.security-alert.kyc-confirmation3514.work/signin?token=7288251b27c8,1
http://portal-microsoft-login-update.work/login.php?user=victim%40mail.com&session=5407&redirect=update-billing,1
http://apple-id.security-alert.claim-bonus4872.work/signin?token=02b5b45ce743,1
http://portal-facebook-verify-update.cf/login.php?user=victim%40mail.com&session=4744&redirect=update-billing,1
http://116.207.197.27/bankofamerica/kyc-confirmation.php?id=4106,1
http://paypal.security-alert.verify-account9411.loan/signin?token=e3844e186e6e,1
http://coinbase-auth.security-alert.update-billing7299.gq/signin?token=29e11dc359ba,1
https://microsoft-login-account-verification-support-4352.ml/unlock-profile,1
http://legit-service.com@facebook-verify-secure-auth-5064.click/index.html,1
https://chase-account-verification-support-6304.xyz/urgent-notice,1
http://legit-service.com@chase-secure-auth-9954.click/index.html,1
http://legit-service.com@facebook-verify-secure-auth-9682.ml/index.html,1
http://legit-service.com@wellsfargo-secure-auth-9755.tk/index.html,1
http://legit-service.com@coinbase-auth-secure-auth-3580.xyz/index.html,1
https://coinbase-auth-account-verification-support-4795.loan/verify-account,1
http://legit-service.com@bankofamerica-secure-auth-516.tk/index.html,1
http://legit-service.com@binance-security-secure-auth-6447.xyz/index.html,1
https://paypal-account-verification-support-6631.click/secure-login,1
http://111.182.219.178/facebook-verify/urgent-notice.php?id=5524,1
https://facebook-verify-account-verification-support-6881.gq/claim-bonus,1
http://legit-service.com@netflix-secure-auth-1833.gq/index.html,1
http://24.64.178.175/coinbase-auth/kyc-confirmation.php?id=776,1
http://136.227.211.60/apple-id/secure-login.php?id=1968,1
http://portal-paypal-update.top/login.php?user=victim%40mail.com&session=9424&redirect=secure-login,1
http://87.64.23.125/chase/claim-bonus.php?id=827,1
http://102.74.182.227/chase/claim-bonus.php?id=6852,1
https://microsoft-login-account-verification-support-5027.loan/claim-bonus,1
https://apple-id-account-verification-support-3006.click/unlock-profile,1
http://legit-service.com@paypal-secure-auth-8267.gq/index.html,1
https://bankofamerica-account-verification-support-1676.link/kyc-confirmation,1
http://legit-service.com@chase-secure-auth-370.ml/index.html,1
http://bankofamerica.security-alert.secure-login3807.loan/signin?token=43a115cbd6f4,1
http://187.201.27.193/bankofamerica/claim-bonus.php?id=3770,1
http://legit-service.com@paypal-secure-auth-4009.work/index.html,1
http://173.71.79.132/chase/kyc-confirmation.php?id=1271,1
http://legit-service.com@netflix-secure-auth-5881.loan/index.html,1
http://155.204.9.54/coinbase-auth/kyc-confirmation.php?id=1597,1
http://legit-service.com@netflix-secure-auth-2460.link/index.html,1
http://bankofamerica.security-alert.verify-account6367.click/signin?token=07b6f0c87d1d,1
http://paypal.security-alert.secure-login6497.gq/signin?token=c4127b9194fe,1
http://124.126.17.127/wellsfargo/kyc-confirmation.php?id=2067,1
http://legit-service.com@microsoft-login-secure-auth-1019.ml/index.html,1
http://legit-service.com@chase-secure-auth-8703.click/index.html,1
http://portal-microsoft-login-update.xyz/login.php?user=victim%40mail.com&session=7019&redirect=secure-login,1
http://legit-service.com@microsoft-login-secure-auth-2967.zip/index.html,1
http://55.182.241.233/microsoft-login/kyc-confirmation.php?id=3284,1
http://portal-wellsfargo-update.xyz/login.php?user=victim%40mail.com&session=8742&redirect=unlock-profile,1
http://portal-binance-security-update.link/login.php?user=victim%40mail.com&session=4187&redirect=claim-bonus,1
http://120.93.71.70/coinbase-auth/secure-login.php?id=1873,1
http://29.228.227.141/apple-id/urgent-notice.php?id=1763,1
http://portal-coinbase-auth-update.cf/login.php?user=victim%40mail.com&session=4275&redirect=claim-bonus,1
http://legit-service.com@binance-security-secure-auth-3728.work/index.html,1
https://netflix-account-verification-support-1020.xyz/update-billing,1
http://180.98.102.186/facebook-verify/verify-account.php?id=6928,1
https://netflix-account-verification-support-1194.gq/update-billing,1
https://binance-security-account-verification-support-3776.loan/claim-bonus,1
http://175.183.251.248/microsoft-login/urgent-notice.php?id=2445,1
http://portal-netflix-update.tk/login.php?user=victim%40mail.com&session=5132&redirect=unlock-profile,1
http://portal-microsoft-login-update.gq/login.php?user=victim%40mail.com&session=7851&redirect=urgent-notice,1
http://legit-service.com@coinbase-auth-secure-auth-8032.zip/index.html,1
http://portal-apple-id-update.top/login.php?user=victim%40mail.com&session=8322&redirect=claim-bonus,1
http://binance-security.security-alert.unlock-profile430.work/signin?token=f74909ace68e,1
http://chase.security-alert.claim-bonus7480.gq/signin?token=62ac9cd1eac1,1
http://portal-bankofamerica-update.link/login.php?user=victim%40mail.com&session=2867&redirect=urgent-notice,1
http://portal-wellsfargo-update.xyz/login.php?user=victim%40mail.com&session=8851&redirect=urgent-notice,1
https://bankofamerica-account-verification-support-8248.xyz/claim-bonus,1
http://paypal.security-alert.unlock-profile7292.top/signin?token=f0e6be4ce76c,1
http://40.165.209.3/coinbase-auth/update-billing.php?id=2032,1
http://portal-coinbase-auth-update.work/login.php?user=victim%40mail.com&session=4506&redirect=verify-account,1
https://apple-id-account-verification-support-9697.ml/verify-account,1
http://legit-service.com@microsoft-login-secure-auth-8457.ml/index.html,1
http://apple-id.security-alert.urgent-notice4169.click/signin?token=219289058218,1
http://15.47.100.10/chase/verify-account.php?id=1426,1
http://legit-service.com@bankofamerica-secure-auth-1510.click/index.html,1
http://legit-service.com@apple-id-secure-auth-5076.top/index.html,1
http://chase.security-alert.urgent-notice6304.tk/signin?token=ccf0304d099b,1
http://portal-paypal-update.loan/login.php?user=victim%40mail.com&session=7374&redirect=update-billing,1
http://legit-service.com@binance-security-secure-auth-9472.tk/index.html,1
http://106.171.177.139/bankofamerica/unlock-profile.php?id=198,1
http://portal-wellsfargo-update.xyz/login.php?user=victim%40mail.com&session=3200&redirect=unlock-profile,1
http://portal-facebook-verify-update.gq/login.php?user=victim%40mail.com&session=8958&redirect=secure-login,1
https://bankofamerica-account-verification-support-1228.top/unlock-profile,1
http://102.80.149.222/chase/unlock-profile.php?id=7457,1
https://bankofamerica-account-verification-support-2476.link/claim-bonus,1
http://82.2.203.2/facebook-verify/kyc-confirmation.php?id=2391,1
http://161.19.19.186/bankofamerica/unlock-profile.php?id=3459,1
https://wellsfargo-account-verification-support-4357.tk/kyc-confirmation,1
http://159.48.58.197/bankofamerica/urgent-notice.php?id=8422,1
http://paypal.security-alert.secure-login5847.loan/signin?token=d6ae00d77468,1
http://35.145.12.109/microsoft-login/unlock-profile.php?id=7965,1
http://portal-facebook-verify-update.click/login.php?user=victim%40mail.com&session=8129&redirect=secure-login,1
http://microsoft-login.security-alert.urgent-notice7902.work/signin?token=66fe2bcc701b,1
https://apple-id-account-verification-support-2828.tk/update-billing,1
https://netflix-account-verification-support-9107.gq/unlock-profile,1
http://legit-service.com@apple-id-secure-auth-6346.ml/index.html,1
http://167.229.92.192/binance-security/update-billing.php?id=7517,1
http://legit-service.com@netflix-secure-auth-3168.link/index.html,1
http://legit-service.com@bankofamerica-secure-auth-7622.loan/index.html,1
http://portal-binance-security-update.top/login.php?user=victim%40mail.com&session=5825&redirect=kyc-confirmation,1
https://facebook-verify-account-verification-support-6624.ml/claim-bonus,1
http://paypal.security-alert.verify-account413.link/signin?token=0deb1c548143,1
http://portal-coinbase-auth-update.gq/login.php?user=victim%40mail.com&session=3995&redirect=verify-account,1
http://legit-service.com@apple-id-secure-auth-6559.zip/index.html,1
http://coinbase-auth.security-alert.claim-bonus2597.ml/signin?token=ed57844fa5e0,1
https://netflix-account-verification-support-9785.zip/update-billing,1
http://legit-service.com@apple-id-secure-auth-657.click/index.html,1
http://portal-facebook-verify-update.tk/login.php?user=victim%40mail.com&session=2788&redirect=kyc-confirmation,1
http://legit-service.com@wellsfargo-secure-auth-7562.ml/index.html,1
http://legit-service.com@chase-secure-auth-9747.zip/index.html,1
http://portal-microsoft-login-update.tk/login.php?user=victim%40mail.com&session=2201&redirect=update-billing,1
http://27.223.83.237/binance-security/kyc-confirmation.php?id=7018,1
http://173.39.130.98/microsoft-login/unlock-profile.php?id=3902,1
http://coinbase-auth.security-alert.unlock-profile4393.gq/signin?token=03593ce517fe,1
http://legit-service.com@coinbase-auth-secure-auth-8913.click/index.html,1
http://portal-bankofamerica-update.tk/login.php?user=victim%40mail.com&session=4060&redirect=update-billing,1
http://legit-service.com@binance-security-secure-auth-8070.zip/index.html,1
http://portal-microsoft-login-update.zip/login.php?user=victim%40mail.com&session=1582&redirect=secure-login,1
http://portal-binance-security-update.link/login.php?user=victim%40mail.com&session=8291&redirect=kyc-confirmation,1
http://portal-facebook-verify-update.work/login.php?user=victim%40mail.com&session=8141&redirect=secure-login,1
http://legit-service.com@binance-security-secure-auth-3648.cf/index.html,1
http://164.207.149.150/bankofamerica/kyc-confirmation.php?id=4055,1
https://microsoft-login-account-verification-support-5173.loan/secure-login,1
http://wellsfargo.security-alert.claim-bonus867.cf/signin?token=ede7e2b6d13a,1
http://portal-wellsfargo-update.cf/login.php?user=victim%40mail.com&session=5025&redirect=update-billing,1
http://binance-security.security-alert.verify-account590.gq/signin?token=08b255a5d42b,1
https://bankofamerica-account-verification-support-7571.click/claim-bonus,1
http://bankofamerica.security-alert.kyc-confirmation1892.tk/signin?token=ca460332316d,1
http://binance-security.security-alert.unlock-profile9158.work/signin?token=316282ddb77e,1
http://portal-bankofamerica-update.gq/login.php?user=victim%40mail.com&session=3546&redirect=urgent-notice,1
http://legit-service.com@apple-id-secure-auth-8898.click/index.html,1
http://159.123.25.125/binance-security/secure-login.php?id=5858,1
http://wellsfargo.security-alert.secure-login2127.click/signin?token=5227b6aaf294,1
http://192.250.38.94/binance-security/unlock-profile.php?id=5513,1
https://microsoft-login-account-verification-support-9180.loan/urgent-notice,1
https://paypal-account-verification-support-476.cf/urgent-notice,1
https://wellsfargo-account-verification-support-7482.top/kyc-confirmation,1
http://portal-binance-security-update.xyz/login.php?user=victim%40mail.com&session=1025&redirect=unlock-profile,1
http://apple-id.security-alert.kyc-confirmation8570.tk/signin?token=38220e6a22ee,1
http://32.179.196.109/apple-id/claim-bonus.php?id=6226,1
http://chase.security-alert.urgent-notice5358.loan/signin?token=3a246af2678d,1
http://170.178.142.17/chase/unlock-profile.php?id=2482,1
http://legit-service.com@paypal-secure-auth-4984.loan/index.html,1
http://bankofamerica.security-alert.urgent-notice6856.work/signin?token=34ad9bc83e3c,1
http://paypal.security-alert.verify-account4223.gq/signin?token=f42a37d114a4,1
http://bankofamerica.security-alert.unlock-profile6611.click/signin?token=11704817e347,1
https://bankofamerica-account-verification-support-4591.gq/unlock-profile,1
http://portal-binance-security-update.zip/login.php?user=victim%40mail.com&session=1977&redirect=update-billing,1
http://portal-netflix-update.link/login.php?user=victim%40mail.com&session=4448&redirect=verify-account,1
http://legit-service.com@coinbase-auth-secure-auth-5832.work/index.html,1
http://legit-service.com@apple-id-secure-auth-9821.zip/index.html,1
http://11.160.243.32/paypal/update-billing.php?id=4678,1
https://paypal-account-verification-support-4475.loan/unlock-profile,1
http://legit-service.com@bankofamerica-secure-auth-360.gq/index.html,1
https://microsoft-login-account-verification-support-2562.loan/secure-login,1
http://coinbase-auth.security-alert.unlock-profile8488.work/signin?token=0e230b1a582d,1
http://chase.security-alert.secure-login8308.click/signin?token=79e3eb7e992b,1
http://portal-facebook-verify-update.cf/login.php?user=victim%40mail.com&session=6232&redirect=kyc-confirmation,1
https://apple-id-account-verification-support-370.click/kyc-confirmation,1
https://coinbase-auth-account-verification-support-2764.click/update-billing,1
http://legit-service.com@chase-secure-auth-2030.click/index.html,1
http://137.218.173.94/chase/secure-login.php?id=8930,1
http://legit-service.com@wellsfargo-secure-auth-5693.gq/index.html,1
https://apple-id-account-verification-support-3888.zip/secure-login,1
https://paypal-account-verification-support-6107.loan/urgent-notice,1
https://apple-id-account-verification-support-3409.gq/secure-login,1
http://apple-id.security-alert.urgent-notice9990.loan/signin?token=a8eaf88e2645,1
http://microsoft-login.security-alert.urgent-notice4210.xyz/signin?token=ef35613fc5fa,1
http://legit-service.com@facebook-verify-secure-auth-4864.tk/index.html,1
http://legit-service.com@binance-security-secure-auth-7090.ml/index.html,1
http://155.252.110.19/facebook-verify/update-billing.php?id=9196,1
http://bankofamerica.security-alert.claim-bonus5164.ml/signin?token=eb30fa42eeb3,1
http://microsoft-login.security-alert.unlock-profile6569.gq/signin?token=5227fa9a19dc,1
http://45.204.136.217/facebook-verify/kyc-confirmation.php?id=4478,1
http://portal-microsoft-login-update.gq/login.php?user=victim%40mail.com&session=4628&redirect=kyc-confirmation,1
http://legit-service.com@microsoft-login-secure-auth-1052.click/index.html,1
http://apple-id.security-alert.verify-account6178.loan/signin?token=654516d1b4df,1
http://binance-security.security-alert.kyc-confirmation5551.ml/signin?token=386854131f58,1
https://coinbase-auth-account-verification-support-3260.gq/unlock-profile,1
http://paypal.security-alert.verify-account3278.tk/signin?token=f507783927f2,1
http://coinbase-auth.security-alert.update-billing4805.xyz/signin?token=a821a161aa42,1
http://legit-service.com@facebook-verify-secure-auth-1202.tk/index.html,1
https://facebook-verify-account-verification-support-7354.zip/verify-account,1
http://50.102.113.174/netflix/secure-login.php?id=121,1
https://facebook-verify-account-verification-support-2871.cf/unlock-profile,1
http://legit-service.com@binance-security-secure-auth-8029.gq/index.html,1
http://portal-microsoft-login-update.zip/login.php?user=victim%40mail.com&session=6372&redirect=verify-account,1
http://18.108.126.126/paypal/verify-account.php?id=6534,1
http://106.22.124.148/coinbase-auth/claim-bonus.php?id=43,1
http://portal-microsoft-login-update.xyz/login.php?user=victim%40mail.com&session=5680&redirect=secure-login,1
http://11.31.229.180/wellsfargo/secure-login.php?id=3612,1
http://legit-service.com@apple-id-secure-auth-9976.ml/index.html,1
http://legit-service.com@netflix-secure-auth-6549.work/index.html,1
http://coinbase-auth.security-alert.urgent-notice2898.click/signin?token=25ef0d887bc7,1
http://portal-netflix-update.xyz/login.php?user=victim%40mail.com&session=3862&redirect=claim-bonus,1
http://legit-service.com@apple-id-secure-auth-802.tk/index.html,1
https://facebook-verify-account-verification-support-1360.xyz/update-billing,1
http://11.16.114.11/binance-security/claim-bonus.php?id=9323,1
http://186.168.39.212/apple-id/secure-login.php?id=4789,1
http://legit-service.com@wellsfargo-secure-auth-8992.click/index.html,1
http://legit-service.com@wellsfargo-secure-auth-7481.ml/index.html,1
http://netflix.security-alert.urgent-notice6036.click/signin?token=567b8f5f423a,1
http://portal-apple-id-update.zip/login.php?user=victim%40mail.com&session=8953&redirect=urgent-notice,1
http://portal-paypal-update.click/login.php?user=victim%40mail.com&session=9060&redirect=update-billing,1
https://microsoft-login-account-verification-support-7655.click/verify-account,1
http://apple-id.security-alert.update-billing6016.tk/signin?token=593906af0d13,1
http://legit-service.com@microsoft-login-secure-auth-2025.top/index.html,1
http://apple-id.security-alert.claim-bonus8551.xyz/signin?token=ebeb30088267,1
http://apple-id.security-alert.secure-login3629.zip/signin?token=1305f6c70534,1
http://123.42.247.237/binance-security/kyc-confirmation.php?id=7089,1
http://legit-service.com@microsoft-login-secure-auth-3034.cf/index.html,1
https://paypal-account-verification-support-1925.click/kyc-confirmation,1
http://176.190.41.45/microsoft-login/claim-bonus.php?id=8179,1
http://portal-wellsfargo-update.cf/login.php?user=victim%40mail.com&session=4446&redirect=secure-login,1
http://legit-service.com@facebook-verify-secure-auth-5065.work/index.html,1
http://microsoft-login.security-alert.secure-login3691.ml/signin?token=8abfe8ac9ec2,1
http://88.241.218.91/facebook-verify/claim-bonus.php?id=6045,1
https://bankofamerica-account-verification-support-5454.loan/kyc-confirmation,1
http://legit-service.com@microsoft-login-secure-auth-8690.cf/index.html,1
http://facebook-verify.security-alert.secure-login6128.xyz/signin?token=b72a5a099433,1
http://portal-coinbase-auth-update.top/login.php?user=victim%40mail.com&session=9193&redirect=urgent-notice,1
http://binance-security.security-alert.kyc-confirmation9769.top/signin?token=c42f76f3b235,1
http://bankofamerica.security-alert.claim-bonus9327.xyz/signin?token=7392ea4ca76a,1
http://portal-apple-id-update.click/login.php?user=victim%40mail.com&session=1325&redirect=unlock-profile,1
http://legit-service.com@binance-security-secure-auth-1664.work/index.html,1
https://wellsfargo-account-verification-support-4342.ml/secure-login,1
http://microsoft-login.security-alert.unlock-profile1642.ml/signin?token=81c650caac28,1
http://microsoft-login.security-alert.update-billing9693.cf/signin?token=964d180ea80d,1
https://facebook-verify-account-verification-support-8587.cf/verify-account,1
http://portal-wellsfargo-update.top/login.php?user=victim%40mail.com&session=5095&redirect=urgent-notice,1
http://108.81.244.235/apple-id/urgent-notice.php?id=3802,1
http://portal-bankofamerica-update.gq/login.php?user=victim%40mail.com&session=818&redirect=secure-login,1
https://microsoft-login-account-verification-support-5694.zip/urgent-notice,1
http://portal-netflix-update.xyz/login.php?user=victim%40mail.com&session=2263&redirect=secure-login,1
http://12.219.129.178/bankofamerica/unlock-profile.php?id=965,1
http://legit-service.com@chase-secure-auth-378.tk/index.html,1
http://legit-service.com@bankofamerica-secure-auth-386.ml/index.html,1
http://apple-id.security-alert.update-billing2492.zip/signin?token=46515dcd99ea,1
https://netflix-account-verification-support-2433.loan/secure-login,1
http://141.52.102.219/binance-security/verify-account.php?id=6007,1
http://legit-service.com@chase-secure-auth-4475.zip/index.html,1
http://portal-wellsfargo-update.gq/login.php?user=victim%40mail.com&session=3671&redirect=urgent-notice,1
http://portal-chase-update.top/login.php?user=victim%40mail.com&session=2464&redirect=verify-account,1
http://legit-service.com@binance-security-secure-auth-1800.top/index.html,1
https://paypal-account-verification-support-1611.loan/verify-account,1
http://portal-chase-update.tk/login.php?user=victim%40mail.com&session=1015&redirect=unlock-profile,1
http://portal-binance-security-update.gq/login.php?user=victim%40mail.com&session=4596&redirect=verify-account,1
https://binance-security-account-verification-support-9099.zip/unlock-profile,1
http://196.106.128.107/binance-security/unlock-profile.php?id=5534,1
https://bankofamerica-account-verification-support-109.cf/verify-account,1
http://legit-service.com@wellsfargo-secure-auth-8629.link/index.html,1
http://158.192.143.68/binance-security/update-billing.php?id=730,1
http://legit-service.com@apple-id-secure-auth-6200.zip/index.html,1
http://portal-coinbase-auth-update.top/login.php?user=victim%40mail.com&session=2187&redirect=claim-bonus,1
http://portal-bankofamerica-update.ml/login.php?user=victim%40mail.com&session=3022&redirect=secure-login,1
http://199.101.139.172/coinbase-auth/claim-bonus.php?id=6962,1
http://160.67.147.183/paypal/unlock-profile.php?id=2114,1
http://26.59.166.137/bankofamerica/verify-account.php?id=784,1
http://legit-service.com@facebook-verify-secure-auth-2990.ml/index.html,1
https://apple-id-account-verification-support-3398.gq/secure-login,1
https://netflix-account-verification-support-1750.gq/unlock-profile,1
https://facebook-verify-account-verification-support-6084.tk/update-billing,1
http://portal-binance-security-update.gq/login.php?user=victim%40mail.com&session=1379&redirect=kyc-confirmation,1
http://legit-service.com@chase-secure-auth-1735.xyz/index.html,1
http://legit-service.com@microsoft-login-secure-auth-7867.work/index.html,1
https://bankofamerica-account-verification-support-2908.gq/secure-login,1
http://legit-service.com@facebook-verify-secure-auth-2118.link/index.html,1
http://39.7.200.105/netflix/secure-login.php?id=6466,1
http://86.224.175.10/paypal/update-billing.php?id=9647,1
http://portal-binance-security-update.ml/login.php?user=victim%40mail.com&session=7220&redirect=unlock-profile,1
http://legit-service.com@facebook-verify-secure-auth-9200.gq/index.html,1
http://138.129.93.16/chase/kyc-confirmation.php?id=9442,1
http://legit-service.com@netflix-secure-auth-4401.cf/index.html,1
http://legit-service.com@paypal-secure-auth-7476.ml/index.html,1
http://legit-service.com@netflix-secure-auth-4754.zip/index.html,1
http://legit-service.com@microsoft-login-secure-auth-7840.gq/index.html,1
http://legit-service.com@microsoft-login-secure-auth-3026.xyz/index.html,1
http://portal-microsoft-login-update.work/login.php?user=victim%40mail.com&session=7225&redirect=secure-login,1
https://microsoft-login-account-verification-support-720.top/claim-bonus,1
http://legit-service.com@microsoft-login-secure-auth-9915.zip/index.html,1
http://legit-service.com@paypal-secure-auth-4960.loan/index.html,1
https://netflix-account-verification-support-7164.ml/kyc-confirmation,1
http://binance-security.security-alert.verify-account4523.ml/signin?token=8620005ac78d,1
http://bankofamerica.security-alert.kyc-confirmation8038.top/signin?token=e97986091ee4,1
http://facebook-verify.security-alert.unlock-profile1310.cf/signin?token=535ab76633d9,1
http://chase.security-alert.unlock-profile1080.click/signin?token=731c83db8d2f,1
http://104.163.237.222/coinbase-auth/kyc-confirmation.php?id=4297,1
http://portal-microsoft-login-update.link/login.php?user=victim%40mail.com&session=6159&redirect=verify-account,1
http://chase.security-alert.verify-account1237.ml/signin?token=a9eb812238f7,1
http://177.202.86.43/bankofamerica/verify-account.php?id=2434,1
https://paypal-account-verification-support-5711.link/urgent-notice,1
http://portal-wellsfargo-update.top/login.php?user=victim%40mail.com&session=9826&redirect=secure-login,1
https://coinbase-auth-account-verification-support-6328.top/claim-bonus,1
http://chase.security-alert.claim-bonus4166.gq/signin?token=65ae450c5536,1
http://portal-microsoft-login-update.ml/login.php?user=victim%40mail.com&session=7352&redirect=unlock-profile,1
http://binance-security.security-alert.kyc-confirmation1359.loan/signin?token=8d3369c4c086,1
http://portal-microsoft-login-update.click/login.php?user=victim%40mail.com&session=636&redirect=urgent-notice,1
http://bankofamerica.security-alert.verify-account7601.link/signin?token=43207fd5e34f,1
https://chase-account-verification-support-3067.gq/kyc-confirmation,1
https://binance-security-account-verification-support-7215.tk/secure-login,1
http://microsoft-login.security-alert.claim-bonus9764.click/signin?token=0aa2ebf701ad,1
https://coinbase-auth-account-verification-support-6793.ml/kyc-confirmation,1
http://bankofamerica.security-alert.urgent-notice9266.xyz/signin?token=adbe673fd502,1
http://197.145.51.177/microsoft-login/kyc-confirmation.php?id=2603,1
http://portal-coinbase-auth-update.link/login.php?user=victim%40mail.com&session=2712&redirect=kyc-confirmation,1
https://netflix-account-verification-support-3812.loan/kyc-confirmation,1
http://79.90.17.81/microsoft-login/unlock-profile.php?id=1548,1
https://wellsfargo-account-verification-support-5942.xyz/update-billing,1
http://188.199.241.232/binance-security/kyc-confirmation.php?id=1398,1
http://wellsfargo.security-alert.urgent-notice6483.top/signin?token=4559912e7a94,1
http://portal-netflix-update.work/login.php?user=victim%40mail.com&session=8982&redirect=verify-account,1
https://bankofamerica-account-verification-support-4159.top/secure-login,1
http://apple-id.security-alert.claim-bonus6100.tk/signin?token=802a5fd4efb3,1
http://legit-service.com@paypal-secure-auth-2104.cf/index.html,1
http://netflix.security-alert.secure-login6741.ml/signin?token=c9e37c28ce58,1
http://chase.security-alert.secure-login211.tk/signin?token=eb163727917c,1
https://coinbase-auth-account-verification-support-5422.tk/verify-account,1
http://151.13.249.123/apple-id/unlock-profile.php?id=111,1
http://portal-facebook-verify-update.click/login.php?user=victim%40mail.com&session=6304&redirect=secure-login,1
http://portal-coinbase-auth-update.work/login.php?user=victim%40mail.com&session=5573&redirect=update-billing,1
http://legit-service.com@facebook-verify-secure-auth-3205.ml/index.html,1
http://portal-wellsfargo-update.top/login.php?user=victim%40mail.com&session=8713&redirect=secure-login,1
http://63.247.89.85/apple-id/update-billing.php?id=667,1
http://paypal.security-alert.secure-login7449.xyz/signin?token=0a2298a72858,1
http://wellsfargo.security-alert.unlock-profile4198.ml/signin?token=0b0b0994d12a,1
http://legit-service.com@apple-id-secure-auth-270.ml/index.html,1
http://59.24.82.154/facebook-verify/unlock-profile.php?id=5678,1
http://140.158.241.209/facebook-verify/urgent-notice.php?id=3287,1
https://chase-account-verification-support-7969.work/update-billing,1
https://coinbase-auth-account-verification-support-375.ml/kyc-confirmation,1
http://120.12.74.238/wellsfargo/unlock-profile.php?id=7148,1
http://portal-bankofamerica-update.xyz/login.php?user=victim%40mail.com&session=1472&redirect=kyc-confirmation,1
https://paypal-account-verification-support-9073.tk/unlock-profile,1
https://wellsfargo-account-verification-support-1141.loan/verify-account,1
https://binance-security-account-verification-support-3289.top/urgent-notice,1
https://apple-id-account-verification-support-3033.click/claim-bonus,1
http://portal-netflix-update.loan/login.php?user=victim%40mail.com&session=6290&redirect=update-billing,1
http://portal-facebook-verify-update.tk/login.php?user=victim%40mail.com&session=4256&redirect=secure-login,1
http://wellsfargo.security-alert.verify-account1984.xyz/signin?token=1b36ea1c9b7a,1
http://legit-service.com@binance-security-secure-auth-9750.top/index.html,1
http://legit-service.com@netflix-secure-auth-5680.loan/index.html,1
http://portal-chase-update.loan/login.php?user=victim%40mail.com&session=305&redirect=verify-account,1
https://microsoft-login-account-verification-support-2435.gq/urgent-notice,1
http://77.3.58.120/chase/unlock-profile.php?id=2637,1
http://legit-service.com@wellsfargo-secure-auth-6930.top/index.html,1
http://portal-apple-id-update.top/login.php?user=victim%40mail.com&session=8935&redirect=kyc-confirmation,1
http://portal-wellsfargo-update.cf/login.php?user=victim%40mail.com&session=1829&redirect=unlock-profile,1
http://portal-microsoft-login-update.loan/login.php?user=victim%40mail.com&session=4946&redirect=kyc-confirmation,1
http://chase.security-alert.unlock-profile2714.gq/signin?token=b628386c9b92,1
http://legit-service.com@paypal-secure-auth-7082.work/index.html,1
http://apple-id.security-alert.claim-bonus8549.tk/signin?token=3dfe2f633108,1
http://facebook-verify.security-alert.secure-login6025.cf/signin?token=5eed6c6e569d,1
https://bankofamerica-account-verification-support-1255.tk/claim-bonus,1
http://legit-service.com@chase-secure-auth-7925.ml/index.html,1
https://wellsfargo-account-verification-support-7603.loan/unlock-profile,1
http://legit-service.com@microsoft-login-secure-auth-8964.click/index.html,1
http://portal-apple-id-update.loan/login.php?user=victim%40mail.com&session=492&redirect=kyc-confirmation,1
https://chase-account-verification-support-4424.xyz/verify-account,1
http://legit-service.com@wellsfargo-secure-auth-3871.top/index.html,1
http://portal-binance-security-update.zip/login.php?user=victim%40mail.com&session=1607&redirect=claim-bonus,1
http://legit-service.com@facebook-verify-secure-auth-2210.cf/index.html,1
http://bankofamerica.security-alert.urgent-notice2624.cf/signin?token=f1748d6b0fd9,1
http://legit-service.com@wellsfargo-secure-auth-8253.click/index.html,1
http://102.204.87.81/microsoft-login/secure-login.php?id=2171,1
http://facebook-verify.security-alert.verify-account3502.link/signin?token=d2350a54d774,1
https://microsoft-login-account-verification-support-6764.loan/kyc-confirmation,1
https://coinbase-auth-account-verification-support-824.ml/unlock-profile,1
http://portal-microsoft-login-update.gq/login.php?user=victim%40mail.com&session=3686&redirect=verify-account,1
https://chase-account-verification-support-570.zip/urgent-notice,1
http://legit-service.com@apple-id-secure-auth-6330.click/index.html,1
http://paypal.security-alert.claim-bonus5449.ml/signin?token=67fe0f66449e,1
http://portal-facebook-verify-update.gq/login.php?user=victim%40mail.com&session=1355&redirect=urgent-notice,1
http://95.142.140.183/facebook-verify/claim-bonus.php?id=9249,1
http://189.208.210.166/chase/unlock-profile.php?id=1374,1
http://legit-service.com@coinbase-auth-secure-auth-1589.link/index.html,1
http://portal-bankofamerica-update.ml/login.php?user=victim%40mail.com&session=771&redirect=claim-bonus,1
http://116.90.146.204/coinbase-auth/urgent-notice.php?id=3753,1
https://wellsfargo-account-verification-support-1092.cf/claim-bonus,1
https://chase-account-verification-support-5590.work/secure-login,1
http://netflix.security-alert.claim-bonus5036.link/signin?token=c731077c0403,1
http://paypal.security-alert.unlock-profile4234.zip/signin?token=fd45ebc1e1d7,1
http://151.36.96.189/netflix/secure-login.php?id=9997,1
http://portal-facebook-verify-update.cf/login.php?user=victim%40mail.com&session=8856&redirect=update-billing,1
http://portal-facebook-verify-update.cf/login.php?user=victim%40mail.com&session=1102&redirect=unlock-profile,1
http://legit-service.com@facebook-verify-secure-auth-3089.link/index.html,1
http://netflix.security-alert.kyc-confirmation2582.gq/signin?token=7e83722522e8,1
http://microsoft-login.security-alert.update-billing1780.work/signin?token=f63f65b503e2,1
http://140.113.29.122/apple-id/kyc-confirmation.php?id=8424,1
https://microsoft-login-account-verification-support-8658.loan/urgent-notice,1
http://microsoft-login.security-alert.update-billing8515.link/signin?token=c39e1a03859f,1
http://155.49.86.229/bankofamerica/claim-bonus.php?id=1499,1
http://legit-service.com@microsoft-login-secure-auth-6219.xyz/index.html,1
https://coinbase-auth-account-verification-support-8339.loan/unlock-profile,1
http://70.136.75.193/netflix/claim-bonus.php?id=6955,1
http://portal-netflix-update.loan/login.php?user=victim%40mail.com&session=7379&redirect=kyc-confirmation,1
http://portal-netflix-update.top/login.php?user=victim%40mail.com&session=3902&redirect=verify-account,1
http://portal-paypal-update.loan/login.php?user=victim%40mail.com&session=6053&redirect=secure-login,1
http://portal-coinbase-auth-update.zip/login.php?user=victim%40mail.com&session=8561&redirect=secure-login,1
https://facebook-verify-account-verification-support-9636.click/kyc-confirmation,1
https://apple-id-account-verification-support-2087.loan/urgent-notice,1
http://portal-chase-update.cf/login.php?user=victim%40mail.com&session=1754&redirect=unlock-profile,1
http://portal-microsoft-login-update.tk/login.php?user=victim%40mail.com&session=272&redirect=kyc-confirmation,1
https://microsoft-login-account-verification-support-442.work/update-billing,1
http://paypal.security-alert.urgent-notice2498.work/signin?token=9af76329c78e,1
http://chase.security-alert.claim-bonus9867.work/signin?token=9365ae980268,1
http://bankofamerica.security-alert.verify-account2807.click/signin?token=765d5fb115a9,1
https://wellsfargo-account-verification-support-5375.work/unlock-profile,1
http://portal-bankofamerica-update.tk/login.php?user=victim%40mail.com&session=1960&redirect=claim-bonus,1
http://legit-service.com@netflix-secure-auth-2121.tk/index.html,1
http://legit-service.com@bankofamerica-secure-auth-75.loan/index.html,1
http://legit-service.com@coinbase-auth-secure-auth-641.zip/index.html,1
https://wellsfargo-account-verification-support-1159.link/claim-bonus,1
http://portal-facebook-verify-update.xyz/login.php?user=victim%40mail.com&session=29&redirect=secure-login,1
http://legit-service.com@microsoft-login-secure-auth-2544.tk/index.html,1
http://facebook-verify.security-alert.secure-login6338.zip/signin?token=5648d7fb4f1e,1
http://portal-netflix-update.xyz/login.php?user=victim%40mail.com&session=1881&redirect=secure-login,1
http://netflix.security-alert.update-billing8990.work/signin?token=ce65f40e3a20,1
https://netflix-account-verification-support-3116.click/secure-login,1
http://73.183.86.77/microsoft-login/kyc-confirmation.php?id=4313,1
http://79.59.151.108/facebook-verify/urgent-notice.php?id=7642,1
http://192.106.245.159/paypal/secure-login.php?id=289,1
http://182.79.93.238/apple-id/secure-login.php?id=9059,1
https://facebook-verify-account-verification-support-8978.tk/urgent-notice,1
https://wellsfargo-account-verification-support-7323.link/verify-account,1
http://legit-service.com@facebook-verify-secure-auth-5526.work/index.html,1
http://netflix.security-alert.kyc-confirmation2124.click/signin?token=ef41d4887553,1
https://wellsfargo-account-verification-support-267.ml/update-billing,1
http://portal-bankofamerica-update.work/login.php?user=victim%40mail.com&session=5710&redirect=kyc-confirmation,1
https://coinbase-auth-account-verification-support-6856.zip/kyc-confirmation,1
http://legit-service.com@netflix-secure-auth-9379.tk/index.html,1
https://facebook-verify-account-verification-support-5519.ml/kyc-confirmation,1
http://legit-service.com@chase-secure-auth-3633.loan/index.html,1
https://coinbase-auth-account-verification-support-760.tk/urgent-notice,1
http://80.26.251.58/microsoft-login/kyc-confirmation.php?id=2096,1
http://legit-service.com@coinbase-auth-secure-auth-8423.xyz/index.html,1
http://paypal.security-alert.kyc-confirmation9180.click/signin?token=398410ece9d7,1
http://portal-paypal-update.link/login.php?user=victim%40mail.com&session=9833&redirect=urgent-notice,1
http://legit-service.com@microsoft-login-secure-auth-4945.link/index.html,1
http://legit-service.com@coinbase-auth-secure-auth-6723.ml/index.html,1
http://portal-facebook-verify-update.loan/login.php?user=victim%40mail.com&session=4479&redirect=unlock-profile,1
http://76.13.27.116/chase/update-billing.php?id=9928,1
http://portal-paypal-update.loan/login.php?user=victim%40mail.com&session=922&redirect=kyc-confirmation,1
http://portal-binance-security-update.loan/login.php?user=victim%40mail.com&session=5201&redirect=verify-account,1
http://portal-coinbase-auth-update.ml/login.php?user=victim%40mail.com&session=3071&redirect=secure-login,1
http://portal-coinbase-auth-update.gq/login.php?user=victim%40mail.com&session=7667&redirect=unlock-profile,1
http://portal-bankofamerica-update.gq/login.php?user=victim%40mail.com&session=8205&redirect=secure-login,1
http://legit-service.com@netflix-secure-auth-6168.tk/index.html,1
http://37.182.83.159/coinbase-auth/update-billing.php?id=8392,1
http://portal-apple-id-update.zip/login.php?user=victim%40mail.com&session=3365&redirect=update-billing,1
http://142.237.52.122/chase/unlock-profile.php?id=5794,1
http://73.226.71.153/wellsfargo/verify-account.php?id=7190,1
https://microsoft-login-account-verification-support-1386.tk/kyc-confirmation,1
https://bankofamerica-account-verification-support-4669.gq/unlock-profile,1
http://apple-id.security-alert.verify-account6279.loan/signin?token=dc0e1946e451,1
https://binance-security-account-verification-support-1215.work/secure-login,1
http://153.214.166.222/binance-security/update-billing.php?id=5782,1
http://legit-service.com@apple-id-secure-auth-3456.zip/index.html,1
http://93.104.207.74/paypal/claim-bonus.php?id=8249,1
http://portal-microsoft-login-update.ml/login.php?user=victim%40mail.com&session=1803&redirect=update-billing,1
http://91.180.232.85/facebook-verify/update-billing.php?id=5762,1
http://portal-bankofamerica-update.loan/login.php?user=victim%40mail.com&session=5033&redirect=verify-account,1
http://71.95.233.21/coinbase-auth/urgent-notice.php?id=1358,1
http://16.168.163.81/chase/claim-bonus.php?id=2456,1
http://34.80.13.92/microsoft-login/unlock-profile.php?id=2011,1
http://portal-microsoft-login-update.click/login.php?user=victim%40mail.com&session=2280&redirect=urgent-notice,1
http://101.230.85.107/facebook-verify/update-billing.php?id=6406,1
http://portal-apple-id-update.link/login.php?user=victim%40mail.com&session=4806&redirect=unlock-profile,1
http://26.54.97.7/apple-id/kyc-confirmation.php?id=1103,1
http://facebook-verify.security-alert.claim-bonus6494.cf/signin?token=aef546f29283,1
http://netflix.security-alert.unlock-profile1117.ml/signin?token=0eec27c419d0,1
http://176.45.173.146/facebook-verify/secure-login.php?id=4330,1
http://portal-bankofamerica-update.tk/login.php?user=victim%40mail.com&session=9591&redirect=claim-bonus,1
https://binance-security-account-verification-support-5232.tk/unlock-profile,1
http://portal-paypal-update.tk/login.php?user=victim%40mail.com&session=9100&redirect=update-billing,1
http://legit-service.com@netflix-secure-auth-3394.loan/index.html,1
http://portal-coinbase-auth-update.work/login.php?user=victim%40mail.com&session=1207&redirect=kyc-confirmation,1
https://facebook-verify-account-verification-support-3138.xyz/unlock-profile,1
http://legit-service.com@coinbase-auth-secure-auth-6998.zip/index.html,1
http://172.215.118.237/microsoft-login/unlock-profile.php?id=9151,1
http://portal-facebook-verify-update.cf/login.php?user=victim%40mail.com&session=6545&redirect=urgent-notice,1
https://facebook-verify-account-verification-support-4277.cf/verify-account,1
http://coinbase-auth.security-alert.secure-login7247.ml/signin?token=cf5ff72ca35f,1
http://coinbase-auth.security-alert.verify-account9638.cf/signin?token=0d5a4a5a7486,1
http://legit-service.com@netflix-secure-auth-427.loan/index.html,1
http://microsoft-login.security-alert.secure-login2938.work/signin?token=42853a61b26f,1
https://facebook-verify-account-verification-support-7642.cf/urgent-notice,1
http://paypal.security-alert.verify-account7800.ml/signin?token=6822951732be,1
https://binance-security-account-verification-support-6298.zip/kyc-confirmation,1
https://bankofamerica-account-verification-support-8974.gq/urgent-notice,1
https://coinbase-auth-account-verification-support-1788.xyz/kyc-confirmation,1
http://paypal.security-alert.secure-login1511.ml/signin?token=ebb71045453f,1
http://legit-service.com@microsoft-login-secure-auth-3586.click/index.html,1
http://portal-wellsfargo-update.ml/login.php?user=victim%40mail.com&session=1279&redirect=urgent-notice,1
http://portal-facebook-verify-update.top/login.php?user=victim%40mail.com&session=2264&redirect=update-billing,1
http://paypal.security-alert.urgent-notice8769.link/signin?token=fea33a31df7d,1
http://legit-service.com@coinbase-auth-secure-auth-608.top/index.html,1
http://167.157.229.92/facebook-verify/unlock-profile.php?id=1891,1
https://wellsfargo-account-verification-support-1668.click/secure-login,1
https://microsoft-login-account-verification-support-6053.gq/kyc-confirmation,1
http://chase.security-alert.claim-bonus3632.zip/signin?token=398475c83b47,1
http://portal-binance-security-update.link/login.php?user=victim%40mail.com&session=3724&redirect=urgent-notice,1
http://portal-facebook-verify-update.xyz/login.php?user=victim%40mail.com&session=6572&redirect=kyc-confirmation,1
http://78.118.211.88/wellsfargo/secure-login.php?id=7916,1
http://legit-service.com@chase-secure-auth-2875.work/index.html,1
http://wellsfargo.security-alert.secure-login9173.cf/signin?token=2e09926f3de9,1
http://portal-microsoft-login-update.zip/login.php?user=victim%40mail.com&session=6811&redirect=kyc-confirmation,1
http://42.248.129.35/binance-security/kyc-confirmation.php?id=3633,1
http://portal-chase-update.xyz/login.php?user=victim%40mail.com&session=2123&redirect=unlock-profile,1
http://portal-wellsfargo-update.loan/login.php?user=victim%40mail.com&session=5483&redirect=unlock-profile,1
https://wellsfargo-account-verification-support-7107.loan/urgent-notice,1
http://172.34.47.24/wellsfargo/unlock-profile.php?id=926,1
http://portal-wellsfargo-update.xyz/login.php?user=victim%40mail.com&session=8904&redirect=claim-bonus,1
http://portal-chase-update.loan/login.php?user=victim%40mail.com&session=8973&redirect=secure-login,1
http://legit-service.com@paypal-secure-auth-9569.work/index.html,1
http://portal-wellsfargo-update.loan/login.php?user=victim%40mail.com&session=5392&redirect=urgent-notice,1
http://portal-wellsfargo-update.link/login.php?user=victim%40mail.com&session=572&redirect=unlock-profile,1
http://54.214.86.230/wellsfargo/unlock-profile.php?id=4647,1
http://netflix.security-alert.kyc-confirmation7316.ml/signin?token=5cdf0f9533d6,1
https://wellsfargo-account-verification-support-949.link/secure-login,1
http://facebook-verify.security-alert.urgent-notice7897.loan/signin?token=908075ea2c02,1
http://coinbase-auth.security-alert.update-billing1391.xyz/signin?token=7f53f8c6c730,1
http://portal-chase-update.top/login.php?user=victim%40mail.com&session=8531&redirect=update-billing,1
http://apple-id.security-alert.unlock-profile302.click/signin?token=577bcc914f9e,1
http://legit-service.com@paypal-secure-auth-1521.tk/index.html,1
http://binance-security.security-alert.kyc-confirmation4723.gq/signin?token=53420bd6e679,1
http://bankofamerica.security-alert.unlock-profile4507.cf/signin?token=7d411dca7348,1
http://portal-netflix-update.cf/login.php?user=victim%40mail.com&session=2042&redirect=urgent-notice,1
http://portal-paypal-update.zip/login.php?user=victim%40mail.com&session=7649&redirect=urgent-notice,1
http://portal-facebook-verify-update.ml/login.php?user=victim%40mail.com&session=4719&redirect=kyc-confirmation,1
http://legit-service.com@netflix-secure-auth-1285.gq/index.html,1
http://portal-wellsfargo-update.zip/login.php?user=victim%40mail.com&session=626&redirect=unlock-profile,1
http://portal-binance-security-update.zip/login.php?user=victim%40mail.com&session=4762&redirect=urgent-notice,1
http://apple-id.security-alert.claim-bonus8339.loan/signin?token=433371e69eb2,1
https://apple-id-account-verification-support-7831.tk/verify-account,1
http://portal-microsoft-login-update.xyz/login.php?user=victim%40mail.com&session=7460&redirect=urgent-notice,1
http://coinbase-auth.security-alert.update-billing8082.gq/signin?token=b9e4093f9702,1
https://apple-id-account-verification-support-7599.link/unlock-profile,1
http://18.19.68.233/wellsfargo/kyc-confirmation.php?id=5326,1
http://legit-service.com@wellsfargo-secure-auth-4409.cf/index.html,1
https://binance-security-account-verification-support-9452.cf/claim-bonus,1
http://portal-coinbase-auth-update.cf/login.php?user=victim%40mail.com&session=9020&redirect=verify-account,1
http://legit-service.com@coinbase-auth-secure-auth-3524.click/index.html,1
https://apple-id-account-verification-support-1724.top/kyc-confirmation,1
http://legit-service.com@bankofamerica-secure-auth-5259.cf/index.html,1
http://chase.security-alert.urgent-notice3145.xyz/signin?token=1160453108d3,1
http://47.52.147.15/binance-security/urgent-notice.php?id=3989,1
http://portal-apple-id-update.top/login.php?user=victim%40mail.com&session=189&redirect=secure-login,1
http://portal-microsoft-login-update.link/login.php?user=victim%40mail.com&session=8766&redirect=kyc-confirmation,1
http://12.115.247.32/apple-id/secure-login.php?id=7176,1
http://apple-id.security-alert.update-billing5776.tk/signin?token=cfd2b32e4caf,1
http://legit-service.com@chase-secure-auth-1702.click/index.html,1
http://116.181.93.185/coinbase-auth/secure-login.php?id=605,1
https://facebook-verify-account-verification-support-3963.click/urgent-notice,1
https://apple-id-account-verification-support-102.click/secure-login,1
http://159.147.153.87/coinbase-auth/update-billing.php?id=9080,1
http://15.76.155.4/wellsfargo/urgent-notice.php?id=9749,1
http://chase.security-alert.kyc-confirmation8632.xyz/signin?token=5c8cb735a1ce,1
https://paypal-account-verification-support-3737.xyz/update-billing,1
http://legit-service.com@microsoft-login-secure-auth-346.gq/index.html,1
http://legit-service.com@chase-secure-auth-8768.link/index.html,1
http://198.86.66.187/chase/urgent-notice.php?id=1661,1
https://paypal-account-verification-support-2076.work/secure-login,1
http://portal-wellsfargo-update.loan/login.php?user=victim%40mail.com&session=9215&redirect=urgent-notice,1
http://legit-service.com@wellsfargo-secure-auth-9227.gq/index.html,1
http://151.47.231.224/chase/kyc-confirmation.php?id=7094,1
http://144.157.215.70/netflix/verify-account.php?id=2959,1
http://apple-id.security-alert.urgent-notice3774.ml/signin?token=73f104c9fba5,1
http://netflix.security-alert.unlock-profile5487.top/signin?token=139042a4157a,1
http://paypal.security-alert.secure-login2922.ml/signin?token=6d19c113404c,1
http://legit-service.com@microsoft-login-secure-auth-1292.work/index.html,1
http://portal-microsoft-login-update.work/login.php?user=victim%40mail.com&session=4456&redirect=claim-bonus,1
https://apple-id-account-verification-support-1632.work/update-billing,1
http://17.63.175.44/netflix/claim-bonus.php?id=3440,1
http://legit-service.com@paypal-secure-auth-3140.cf/index.html,1
http://legit-service.com@chase-secure-auth-9404.work/index.html,1
https://netflix-account-verification-support-3939.link/verify-account,1
http://facebook-verify.security-alert.urgent-notice1937.work/signin?token=136f951362da,1
https://microsoft-login-account-verification-support-3998.top/update-billing,1
http://legit-service.com@facebook-verify-secure-auth-5981.zip/index.html,1
http://portal-paypal-update.ml/login.php?user=victim%40mail.com&session=7098&redirect=verify-account,1
http://portal-bankofamerica-update.top/login.php?user=victim%40mail.com&session=3120&redirect=secure-login,1
http://132.244.245.144/paypal/update-billing.php?id=2610,1
http://portal-facebook-verify-update.xyz/login.php?user=victim%40mail.com&session=3114&redirect=secure-login,1
https://chase-account-verification-support-8364.work/claim-bonus,1
http://legit-service.com@microsoft-login-secure-auth-5810.xyz/index.html,1
http://legit-service.com@bankofamerica-secure-auth-2989.xyz/index.html,1
http://32.102.239.137/coinbase-auth/update-billing.php?id=3803,1
http://portal-facebook-verify-update.zip/login.php?user=victim%40mail.com&session=2854&redirect=urgent-notice,1
http://portal-bankofamerica-update.link/login.php?user=victim%40mail.com&session=3045&redirect=kyc-confirmation,1
http://paypal.security-alert.urgent-notice8239.zip/signin?token=19f6a8886908,1
https://paypal-account-verification-support-6605.tk/verify-account,1
http://portal-netflix-update.cf/login.php?user=victim%40mail.com&session=6714&redirect=secure-login,1
https://apple-id-account-verification-support-1630.xyz/unlock-profile,1
http://chase.security-alert.update-billing1147.top/signin?token=a1d50185e742,1
http://120.8.65.110/bankofamerica/verify-account.php?id=7347,1
https://facebook-verify-account-verification-support-9803.xyz/verify-account,1
https://binance-security-account-verification-support-1194.loan/urgent-notice,1
https://paypal-account-verification-support-5027.loan/unlock-profile,1
https://chase-account-verification-support-8107.top/claim-bonus,1
https://chase-account-verification-support-6328.work/update-billing,1
http://facebook-verify.security-alert.update-billing7449.zip/signin?token=0a2298a72858,1
http://legit-service.com@netflix-secure-auth-4598.click/index.html,1
http://portal-wellsfargo-update.cf/login.php?user=victim%40mail.com&session=5467&redirect=kyc-confirmation,1
http://legit-service.com@paypal-secure-auth-3224.zip/index.html,1
http://portal-microsoft-login-update.tk/login.php?user=victim%40mail.com&session=1729&redirect=secure-login,1
http://portal-coinbase-auth-update.xyz/login.php?user=victim%40mail.com&session=3855&redirect=claim-bonus,1
http://portal-apple-id-update.gq/login.php?user=victim%40mail.com&session=8143&redirect=update-billing,1
http://legit-service.com@binance-security-secure-auth-837.zip/index.html,1
http://139.86.9.173/microsoft-login/claim-bonus.php?id=7028,1
http://legit-service.com@binance-security-secure-auth-3733.ml/index.html,1
http://29.253.219.216/coinbase-auth/urgent-notice.php?id=3763,1
https://paypal-account-verification-support-6165.click/unlock-profile,1
https://binance-security-account-verification-support-6662.gq/update-billing,1
http://48.253.9.6/paypal/secure-login.php?id=5448,1
http://apple-id.security-alert.secure-login9068.top/signin?token=5f5d472067f7,1
http://portal-chase-update.loan/login.php?user=victim%40mail.com&session=8065&redirect=urgent-notice,1
http://195.199.195.100/coinbase-auth/unlock-profile.php?id=7562,1
http://112.118.223.165/microsoft-login/urgent-notice.php?id=7105,1
http://paypal.security-alert.unlock-profile1053.xyz/signin?token=7fec306d1e66,1
http://portal-microsoft-login-update.cf/login.php?user=victim%40mail.com&session=412&redirect=update-billing,1
https://paypal-account-verification-support-4833.gq/kyc-confirmation,1
http://177.57.31.7/bankofamerica/update-billing.php?id=9180,1
http://189.88.144.187/facebook-verify/kyc-confirmation.php?id=4064,1
http://31.172.100.165/facebook-verify/unlock-profile.php?id=3842,1
http://legit-service.com@apple-id-secure-auth-9269.tk/index.html,1
http://legit-service.com@wellsfargo-secure-auth-6514.click/index.html,1
https://microsoft-login-account-verification-support-9395.work/unlock-profile,1
http://portal-facebook-verify-update.work/login.php?user=victim%40mail.com&session=2157&redirect=claim-bonus,1
http://legit-service.com@chase-secure-auth-1733.link/index.html,1
http://legit-service.com@chase-secure-auth-8604.ml/index.html,1
http://legit-service.com@bankofamerica-secure-auth-7590.zip/index.html,1
http://15.117.45.192/bankofamerica/kyc-confirmation.php?id=7910,1
http://portal-chase-update.xyz/login.php?user=victim%40mail.com&session=4173&redirect=kyc-confirmation,1
http://legit-service.com@microsoft-login-secure-auth-8974.work/index.html,1
http://portal-bankofamerica-update.work/login.php?user=victim%40mail.com&session=4193&redirect=kyc-confirmation,1
http://legit-service.com@paypal-secure-auth-5218.loan/index.html,1
http://legit-service.com@netflix-secure-auth-8656.click/index.html,1
http://legit-service.com@microsoft-login-secure-auth-5442.tk/index.html,1
http://binance-security.security-alert.urgent-notice5349.gq/signin?token=6c468ec5a41d,1
http://110.8.222.222/facebook-verify/urgent-notice.php?id=4222,1
https://binance-security-account-verification-support-5279.link/urgent-notice,1
http://23.126.100.118/binance-security/verify-account.php?id=276,1
http://legit-service.com@facebook-verify-secure-auth-7427.zip/index.html,1
https://bankofamerica-account-verification-support-5955.xyz/claim-bonus,1
http://portal-netflix-update.tk/login.php?user=victim%40mail.com&session=1019&redirect=verify-account,1
http://chase.security-alert.kyc-confirmation5297.link/signin?token=bf5a1d904310,1
https://coinbase-auth-account-verification-support-4862.tk/verify-account,1
http://portal-facebook-verify-update.cf/login.php?user=victim%40mail.com&session=2462&redirect=claim-bonus,1
http://legit-service.com@facebook-verify-secure-auth-4114.cf/index.html,1
http://legit-service.com@paypal-secure-auth-156.cf/index.html,1
http://chase.security-alert.update-billing9961.top/signin?token=f2876df2ad8d,1
https://microsoft-login-account-verification-support-2814.zip/kyc-confirmation,1
https://bankofamerica-account-verification-support-6022.click/update-billing,1
http://portal-netflix-update.cf/login.php?user=victim%40mail.com&session=3588&redirect=secure-login,1
http://143.148.126.249/apple-id/urgent-notice.php?id=839,1
http://74.138.99.246/apple-id/urgent-notice.php?id=5850,1
http://legit-service.com@paypal-secure-auth-4900.gq/index.html,1
http://131.141.117.66/coinbase-auth/unlock-profile.php?id=3975,1
http://wellsfargo.security-alert.kyc-confirmation4933.zip/signin?token=db8419f41d89,1
http://wellsfargo.security-alert.kyc-confirmation3733.work/signin?token=64d52e08cc03,1
http://portal-bankofamerica-update.tk/login.php?user=victim%40mail.com&session=9311&redirect=urgent-notice,1
http://portal-apple-id-update.cf/login.php?user=victim%40mail.com&session=6812&redirect=secure-login,1
http://binance-security.security-alert.claim-bonus3610.xyz/signin?token=f95ec3de395b,1
http://microsoft-login.security-alert.kyc-confirmation2327.loan/signin?token=03255088ed63,1
http://legit-service.com@chase-secure-auth-5780.cf/index.html,1
http://facebook-verify.security-alert.claim-bonus2988.ml/signin?token=faa453efde4a,1
http://portal-binance-security-update.tk/login.php?user=victim%40mail.com&session=2202&redirect=kyc-confirmation,1
http://91.184.211.27/wellsfargo/urgent-notice.php?id=8629,1
http://portal-microsoft-login-update.link/login.php?user=victim%40mail.com&session=3673&redirect=kyc-confirmation,1
http://portal-microsoft-login-update.click/login.php?user=victim%40mail.com&session=4111&redirect=secure-login,1
http://legit-service.com@paypal-secure-auth-5826.tk/index.html,1
https://facebook-verify-account-verification-support-8937.top/secure-login,1
https://microsoft-login-account-verification-support-863.zip/kyc-confirmation,1
https://apple-id-account-verification-support-2473.link/update-billing,1
http://facebook-verify.security-alert.claim-bonus5791.link/signin?token=05b0afd266cc,1
http://microsoft-login.security-alert.urgent-notice3144.top/signin?token=a41b3bb3e6b0,1
http://133.14.8.218/paypal/unlock-profile.php?id=9622,1
http://90.236.93.61/apple-id/secure-login.php?id=2885,1
http://chase.security-alert.kyc-confirmation7262.click/signin?token=9773d3352e20,1
http://chase.security-alert.secure-login7935.top/signin?token=439d8c975f26,1
http://coinbase-auth.security-alert.verify-account7549.link/signin?token=9d7099d87947,1
http://48.12.124.44/microsoft-login/claim-bonus.php?id=198,1
http://portal-netflix-update.click/login.php?user=victim%40mail.com&session=5693&redirect=unlock-profile,1
https://chase-account-verification-support-6120.loan/update-billing,1
https://apple-id-account-verification-support-7640.link/kyc-confirmation,1
http://paypal.security-alert.secure-login9561.loan/signin?token=2d13d901966a,1
http://legit-service.com@binance-security-secure-auth-6912.zip/index.html,1
http://facebook-verify.security-alert.verify-account532.loan/signin?token=298f95e1bf91,1
http://171.74.66.249/paypal/claim-bonus.php?id=9847,1
https://chase-account-verification-support-3186.click/secure-login,1
http://legit-service.com@wellsfargo-secure-auth-6953.cf/index.html,1
https://chase-account-verification-support-1564.gq/verify-account,1
http://legit-service.com@netflix-secure-auth-8892.work/index.html,1
https://microsoft-login-account-verification-support-3578.loan/verify-account,1
https://bankofamerica-account-verification-support-7048.gq/secure-login,1
http://binance-security.security-alert.secure-login9377.cf/signin?token=6ae948577c0b,1
http://legit-service.com@netflix-secure-auth-7771.xyz/index.html,1
http://bankofamerica.security-alert.secure-login4008.gq/signin?token=21b5680d80f7,1
http://portal-bankofamerica-update.cf/login.php?user=victim%40mail.com&session=8532&redirect=unlock-profile,1
http://legit-service.com@microsoft-login-secure-auth-583.work/index.html,1
http://59.108.193.84/apple-id/unlock-profile.php?id=9623,1
https://apple-id-account-verification-support-7720.work/urgent-notice,1
http://paypal.security-alert.unlock-profile5011.xyz/signin?token=0342c9a7b544,1
https://coinbase-auth-account-verification-support-5352.xyz/urgent-notice,1
http://159.101.199.11/paypal/kyc-confirmation.php?id=8728,1
https://facebook-verify-account-verification-support-8006.link/update-billing,1
http://172.202.95.155/binance-security/kyc-confirmation.php?id=2857,1
http://portal-bankofamerica-update.cf/login.php?user=victim%40mail.com&session=2260&redirect=verify-account,1
http://portal-netflix-update.work/login.php?user=victim%40mail.com&session=6532&redirect=claim-bonus,1
http://111.130.203.33/netflix/claim-bonus.php?id=5404,1
http://legit-service.com@coinbase-auth-secure-auth-4116.zip/index.html,1
http://57.197.79.2/binance-security/urgent-notice.php?id=3509,1
http://chase.security-alert.update-billing7984.xyz/signin?token=7070baed1f0e,1
http://facebook-verify.security-alert.kyc-confirmation5854.link/signin?token=624ec1c88165,1
http://portal-coinbase-auth-update.tk/login.php?user=victim%40mail.com&session=556&redirect=kyc-confirmation,1
http://paypal.security-alert.unlock-profile5064.top/signin?token=1e747ddbea99,1
http://legit-service.com@binance-security-secure-auth-1730.loan/index.html,1
http://portal-coinbase-auth-update.loan/login.php?user=victim%40mail.com&session=8440&redirect=secure-login,1
http://portal-wellsfargo-update.gq/login.php?user=victim%40mail.com&session=6630&redirect=update-billing,1
http://bankofamerica.security-alert.urgent-notice2099.xyz/signin?token=978d76676f5e,1
https://netflix-account-verification-support-3743.xyz/unlock-profile,1
http://portal-microsoft-login-update.xyz/login.php?user=victim%40mail.com&session=4956&redirect=update-billing,1
http://portal-microsoft-login-update.work/login.php?user=victim%40mail.com&session=9912&redirect=claim-bonus,1
http://legit-service.com@bankofamerica-secure-auth-5523.zip/index.html,1
http://163.110.47.135/netflix/claim-bonus.php?id=3322,1
http://legit-service.com@binance-security-secure-auth-9462.cf/index.html,1
http://legit-service.com@wellsfargo-secure-auth-4612.tk/index.html,1
http://portal-bankofamerica-update.work/login.php?user=victim%40mail.com&session=4643&redirect=update-billing,1
https://paypal-account-verification-support-7896.ml/update-billing,1
http://66.83.147.252/microsoft-login/claim-bonus.php?id=1469,1
http://portal-coinbase-auth-update.loan/login.php?user=victim%40mail.com&session=5540&redirect=kyc-confirmation,1
http://portal-facebook-verify-update.tk/login.php?user=victim%40mail.com&session=4948&redirect=secure-login,1
https://chase-account-verification-support-4360.top/verify-account,1
http://portal-facebook-verify-update.zip/login.php?user=victim%40mail.com&session=6883&redirect=unlock-profile,1
http://portal-netflix-update.ml/login.php?user=victim%40mail.com&session=5968&redirect=verify-account,1
http://130.161.39.43/wellsfargo/secure-login.php?id=4537,1
http://legit-service.com@coinbase-auth-secure-auth-4489.ml/index.html,1
http://39.138.79.138/binance-security/unlock-profile.php?id=1905,1
http://facebook-verify.security-alert.kyc-confirmation8102.work/signin?token=9c693b040f15,1
http://portal-bankofamerica-update.ml/login.php?user=victim%40mail.com&session=9735&redirect=verify-account,1
http://99.219.74.94/wellsfargo/verify-account.php?id=4964,1
http://53.218.246.2/chase/unlock-profile.php?id=7975,1
http://55.65.246.194/microsoft-login/urgent-notice.php?id=861,1
http://apple-id.security-alert.secure-login3789.click/signin?token=335d3d1cd7ef,1
http://portal-microsoft-login-update.loan/login.php?user=victim%40mail.com&session=3700&redirect=kyc-confirmation,1
http://legit-service.com@coinbase-auth-secure-auth-6123.work/index.html,1
http://apple-id.security-alert.update-billing5578.tk/signin?token=d25a34b9c2a8,1
https://binance-security-account-verification-support-3390.link/claim-bonus,1
http://coinbase-auth.security-alert.unlock-profile4816.xyz/signin?token=cefb500a9f3d,1
http://facebook-verify.security-alert.secure-login1242.work/signin?token=2de5d16682c3,1
https://microsoft-login-account-verification-support-8487.zip/urgent-notice,1
http://legit-service.com@microsoft-login-secure-auth-4311.link/index.html,1
http://portal-binance-security-update.loan/login.php?user=victim%40mail.com&session=2047&redirect=urgent-notice,1
http://portal-facebook-verify-update.link/login.php?user=victim%40mail.com&session=9547&redirect=urgent-notice,1
http://binance-security.security-alert.claim-bonus9226.gq/signin?token=1d7c2aae8408,1
http://portal-wellsfargo-update.click/login.php?user=victim%40mail.com&session=2655&redirect=unlock-profile,1
http://legit-service.com@coinbase-auth-secure-auth-5394.link/index.html,1
http://wellsfargo.security-alert.unlock-profile578.zip/signin?token=a8849b052492,1
https://chase-account-verification-support-4285.ml/kyc-confirmation,1
http://portal-apple-id-update.work/login.php?user=victim%40mail.com&session=7847&redirect=urgent-notice,1
http://legit-service.com@apple-id-secure-auth-618.top/index.html,1
https://facebook-verify-account-verification-support-4930.zip/unlock-profile,1
https://binance-security-account-verification-support-3386.cf/unlock-profile,1
https://microsoft-login-account-verification-support-4045.top/claim-bonus,1
http://paypal.security-alert.secure-login1278.ml/signin?token=ab1a4d0dd4d4,1
https://coinbase-auth-account-verification-support-2383.cf/kyc-confirmation,1
http://binance-security.security-alert.claim-bonus1674.zip/signin?token=757f843a169c,1
http://portal-chase-update.zip/login.php?user=victim%40mail.com&session=8083&redirect=unlock-profile,1
http://legit-service.com@facebook-verify-secure-auth-7839.cf/index.html,1
http://legit-service.com@wellsfargo-secure-auth-7167.loan/index.html,1
https://wellsfargo-account-verification-support-8429.cf/claim-bonus,1
https://netflix-account-verification-support-8150.xyz/update-billing,1
http://binance-security.security-alert.verify-account8445.work/signin?token=e3d11d85deaf,1
http://portal-chase-update.cf/login.php?user=victim%40mail.com&session=453&redirect=verify-account,1
http://178.209.126.192/microsoft-login/urgent-notice.php?id=5942,1
http://168.82.35.250/facebook-verify/update-billing.php?id=1886,1
https://netflix-account-verification-support-6220.click/claim-bonus,1
http://157.250.188.72/wellsfargo/secure-login.php?id=2945,1
http://legit-service.com@facebook-verify-secure-auth-8745.loan/index.html,1
http://portal-facebook-verify-update.top/login.php?user=victim%40mail.com&session=7053&redirect=unlock-profile,1
http://legit-service.com@microsoft-login-secure-auth-4215.gq/index.html,1
http://legit-service.com@binance-security-secure-auth-5875.cf/index.html,1
https://microsoft-login-account-verification-support-6362.link/verify-account,1
http://legit-service.com@apple-id-secure-auth-9088.zip/index.html,1
http://137.67.33.104/microsoft-login/update-billing.php?id=6251,1
http://binance-security.security-alert.urgent-notice6570.top/signin?token=4996dcc43b5b,1
http://bankofamerica.security-alert.verify-account5010.ml/signin?token=999028872cff,1
http://facebook-verify.security-alert.kyc-confirmation1149.ml/signin?token=09c6c3783b4a,1
http://131.223.209.171/paypal/urgent-notice.php?id=535,1
http://portal-chase-update.cf/login.php?user=victim%40mail.com&session=3410&redirect=kyc-confirmation,1
http://190.59.119.132/bankofamerica/unlock-profile.php?id=633,1
http://portal-binance-security-update.click/login.php?user=victim%40mail.com&session=297&redirect=claim-bonus,1
http://154.11.141.146/facebook-verify/unlock-profile.php?id=6345,1
http://bankofamerica.security-alert.kyc-confirmation4998.gq/signin?token=2cbd9c540641,1
http://facebook-verify.security-alert.update-billing2754.click/signin?token=044a23cadb56,1
http://legit-service.com@paypal-secure-auth-5340.ml/index.html,1
https://apple-id-account-verification-support-2962.tk/urgent-notice,1
http://legit-service.com@binance-security-secure-auth-4921.ml/index.html,1
http://wellsfargo.security-alert.update-billing3058.zip/signin?token=3f5ee243547d,1
http://legit-service.com@netflix-secure-auth-3082.top/index.html,1
https://paypal-account-verification-support-8215.click/claim-bonus,1
http://portal-microsoft-login-update.xyz/login.php?user=victim%40mail.com&session=7327&redirect=update-billing,1
http://facebook-verify.security-alert.urgent-notice5020.gq/signin?token=b28d7c6b6aec,1
http://portal-netflix-update.tk/login.php?user=victim%40mail.com&session=7104&redirect=claim-bonus,1
http://portal-netflix-update.gq/login.php?user=victim%40mail.com&session=3024&redirect=urgent-notice,1
http://193.156.214.3/microsoft-login/update-billing.php?id=9915,1
http://170.236.135.62/netflix/update-billing.php?id=2178,1
http://56.95.34.108/netflix/verify-account.php?id=856,1
http://portal-microsoft-login-update.gq/login.php?user=victim%40mail.com&session=4397&redirect=kyc-confirmation,1
http://apple-id.security-alert.verify-account5116.cf/signin?token=878a0658e652,1
http://facebook-verify.security-alert.verify-account2721.link/signin?token=362387494f6b,1
http://126.143.157.83/netflix/verify-account.php?id=1314,1
https://chase-account-verification-support-749.tk/update-billing,1
http://wellsfargo.security-alert.urgent-notice7595.work/signin?token=cd42c963390a,1
http://portal-wellsfargo-update.gq/login.php?user=victim%40mail.com&session=7817&redirect=update-billing,1
http://portal-bankofamerica-update.link/login.php?user=victim%40mail.com&session=9387&redirect=update-billing,1
http://107.21.247.99/netflix/urgent-notice.php?id=3289,1
http://portal-microsoft-login-update.loan/login.php?user=victim%40mail.com&session=5533&redirect=secure-login,1
http://portal-binance-security-update.loan/login.php?user=victim%40mail.com&session=1413&redirect=kyc-confirmation,1
http://portal-bankofamerica-update.loan/login.php?user=victim%40mail.com&session=4895&redirect=kyc-confirmation,1
http://196.162.199.221/netflix/verify-account.php?id=7017,1
http://portal-paypal-update.work/login.php?user=victim%40mail.com&session=4650&redirect=urgent-notice,1
http://wellsfargo.security-alert.kyc-confirmation644.loan/signin?token=8c7bbbba95c1,1
http://binance-security.security-alert.kyc-confirmation2707.gq/signin?token=65f2a94c8c2d,1
https://coinbase-auth-account-verification-support-8771.gq/secure-login,1
https://microsoft-login-account-verification-support-4140.top/kyc-confirmation,1
https://microsoft-login-account-verification-support-3396.gq/claim-bonus,1
http://legit-service.com@facebook-verify-secure-auth-6100.work/index.html,1
http://legit-service.com@paypal-secure-auth-3562.ml/index.html,1
https://chase-account-verification-support-1524.link/secure-login,1
http://71.126.166.17/facebook-verify/secure-login.php?id=1753,1
http://apple-id.security-alert.verify-account4723.click/signin?token=53420bd6e679,1
http://legit-service.com@paypal-secure-auth-6738.click/index.html,1
http://legit-service.com@chase-secure-auth-1136.ml/index.html,1
https://netflix-account-verification-support-5061.link/unlock-profile,1
http://128.230.78.247/coinbase-auth/update-billing.php?id=2346,1
https://coinbase-auth-account-verification-support-1124.click/urgent-notice,1
http://portal-wellsfargo-update.link/login.php?user=victim%40mail.com&session=1149&redirect=verify-account,1
http://microsoft-login.security-alert.kyc-confirmation9798.loan/signin?token=e21cece511f4,1
http://wellsfargo.security-alert.update-billing9723.zip/signin?token=cd6ce2f9cb75,1
http://73.144.217.129/coinbase-auth/verify-account.php?id=5330,1
http://23.18.68.111/netflix/kyc-confirmation.php?id=5487,1
http://portal-netflix-update.tk/login.php?user=victim%40mail.com&session=8960&redirect=update-billing,1
http://101.36.7.250/chase/unlock-profile.php?id=6991,1
http://40.201.6.10/paypal/kyc-confirmation.php?id=3634,1
https://microsoft-login-account-verification-support-2181.top/verify-account,1
http://portal-apple-id-update.link/login.php?user=victim%40mail.com&session=7213&redirect=claim-bonus,1
http://legit-service.com@microsoft-login-secure-auth-2630.ml/index.html,1
http://105.28.25.99/apple-id/secure-login.php?id=8736,1
http://18.128.7.21/paypal/urgent-notice.php?id=8665,1
http://portal-wellsfargo-update.click/login.php?user=victim%40mail.com&session=746&redirect=kyc-confirmation,1
https://wellsfargo-account-verification-support-2387.ml/kyc-confirmation,1
http://legit-service.com@paypal-secure-auth-5402.top/index.html,1
http://portal-microsoft-login-update.work/login.php?user=victim%40mail.com&session=9072&redirect=verify-account,1
http://coinbase-auth.security-alert.kyc-confirmation6234.link/signin?token=91576cbf1719,1
https://facebook-verify-account-verification-support-6622.tk/update-billing,1
http://portal-bankofamerica-update.xyz/login.php?user=victim%40mail.com&session=8998&redirect=urgent-notice,1
http://portal-wellsfargo-update.work/login.php?user=victim%40mail.com&session=2261&redirect=unlock-profile,1
http://15.155.113.117/bankofamerica/update-billing.php?id=4971,1
http://chase.security-alert.update-billing8992.loan/signin?token=4aee31b0ec9f,1
http://wellsfargo.security-alert.update-billing4417.xyz/signin?token=dc2208f9bbd1,1
http://143.25.250.27/paypal/claim-bonus.php?id=1716,1
http://legit-service.com@facebook-verify-secure-auth-495.cf/index.html,1
http://facebook-verify.security-alert.kyc-confirmation8821.top/signin?token=709d00f20f8a,1
http://facebook-verify.security-alert.unlock-profile8071.cf/signin?token=82138b11a724,1
https://coinbase-auth-account-verification-support-1814.xyz/secure-login,1
http://microsoft-login.security-alert.update-billing8561.link/signin?token=7d92c08873b4,1
http://apple-id.security-alert.secure-login6199.cf/signin?token=c2f599841f21,1
http://portal-apple-id-update.link/login.php?user=victim%40mail.com&session=107&redirect=claim-bonus,1
http://wellsfargo.security-alert.urgent-notice6325.click/signin?token=3a9044746ffc,1
http://legit-service.com@coinbase-auth-secure-auth-8336.tk/index.html,1
http://legit-service.com@netflix-secure-auth-3799.gq/index.html,1
http://legit-service.com@netflix-secure-auth-1143.ml/index.html,1
https://bankofamerica-account-verification-support-3154.tk/update-billing,1
http://portal-chase-update.loan/login.php?user=victim%40mail.com&session=1197&redirect=kyc-confirmation,1
http://legit-service.com@netflix-secure-auth-9639.work/index.html,1
http://legit-service.com@apple-id-secure-auth-1915.loan/index.html,1
http://wellsfargo.security-alert.update-billing7310.click/signin?token=e5a90182cc81,1
http://70.28.220.74/netflix/urgent-notice.php?id=2575,1
http://legit-service.com@microsoft-login-secure-auth-3897.cf/index.html,1
http://107.248.111.48/chase/unlock-profile.php?id=4862,1
http://73.218.207.232/binance-security/secure-login.php?id=1330,1
http://legit-service.com@bankofamerica-secure-auth-2623.work/index.html,1
http://11.245.176.99/bankofamerica/claim-bonus.php?id=7406,1
http://legit-service.com@facebook-verify-secure-auth-7816.xyz/index.html,1
https://bankofamerica-account-verification-support-9417.xyz/urgent-notice,1
http://portal-bankofamerica-update.gq/login.php?user=victim%40mail.com&session=8591&redirect=kyc-confirmation,1
http://apple-id.security-alert.unlock-profile5282.top/signin?token=91e82999cf7e,1
http://portal-microsoft-login-update.zip/login.php?user=victim%40mail.com&session=6174&redirect=unlock-profile,1
http://legit-service.com@netflix-secure-auth-6806.cf/index.html,1
https://netflix-account-verification-support-6900.tk/unlock-profile,1
http://portal-apple-id-update.work/login.php?user=victim%40mail.com&session=4955&redirect=claim-bonus,1
http://portal-microsoft-login-update.tk/login.php?user=victim%40mail.com&session=9253&redirect=kyc-confirmation,1
http://wellsfargo.security-alert.secure-login7856.ml/signin?token=961f1e759d4e,1
http://wellsfargo.security-alert.urgent-notice2137.gq/signin?token=9bb6dee73b8b,1
http://93.102.75.120/wellsfargo/verify-account.php?id=7041,1
http://178.25.57.160/microsoft-login/unlock-profile.php?id=5999,1
http://legit-service.com@chase-secure-auth-5792.top/index.html,1
http://176.184.63.205/apple-id/claim-bonus.php?id=298,1
http://75.105.57.86/netflix/secure-login.php?id=2403,1
http://194.181.44.16/coinbase-auth/secure-login.php?id=3085,1
http://147.2.110.43/microsoft-login/kyc-confirmation.php?id=5657,1
http://135.223.97.21/bankofamerica/secure-login.php?id=6742,1
http://legit-service.com@wellsfargo-secure-auth-8517.loan/index.html,1
http://portal-wellsfargo-update.xyz/login.php?user=victim%40mail.com&session=6988&redirect=claim-bonus,1
http://portal-binance-security-update.click/login.php?user=victim%40mail.com&session=2038&redirect=unlock-profile,1
https://chase-account-verification-support-2917.top/urgent-notice,1
https://binance-security-account-verification-support-5400.work/update-billing,1
https://netflix-account-verification-support-3124.ml/kyc-confirmation,1
http://portal-microsoft-login-update.gq/login.php?user=victim%40mail.com&session=6609&redirect=secure-login,1
http://12.251.42.170/apple-id/update-billing.php?id=6482,1
http://legit-service.com@paypal-secure-auth-271.work/index.html,1
http://50.128.36.103/netflix/update-billing.php?id=8160,1
http://portal-wellsfargo-update.ml/login.php?user=victim%40mail.com&session=6947&redirect=verify-account,1
http://75.71.36.67/wellsfargo/secure-login.php?id=9041,1
http://portal-wellsfargo-update.link/login.php?user=victim%40mail.com&session=5739&redirect=secure-login,1
http://legit-service.com@paypal-secure-auth-9527.cf/index.html,1
http://158.102.46.208/wellsfargo/secure-login.php?id=3814,1
http://portal-wellsfargo-update.cf/login.php?user=victim%40mail.com&session=3760&redirect=secure-login,1
http://chase.security-alert.urgent-notice9760.link/signin?token=043a1c71577f,1
http://coinbase-auth.security-alert.secure-login7012.xyz/signin?token=55fd1368113e,1
http://portal-binance-security-update.click/login.php?user=victim%40mail.com&session=3467&redirect=verify-account,1
http://portal-wellsfargo-update.click/login.php?user=victim%40mail.com&session=5286&redirect=urgent-notice,1
http://microsoft-login.security-alert.urgent-notice2160.cf/signin?token=1819932ff5cf,1
http://legit-service.com@binance-security-secure-auth-4253.zip/index.html,1
http://legit-service.com@paypal-secure-auth-4101.xyz/index.html,1
http://portal-chase-update.ml/login.php?user=victim%40mail.com&session=2382&redirect=update-billing,1
http://196.193.219.17/bankofamerica/urgent-notice.php?id=5898,1
http://coinbase-auth.security-alert.claim-bonus2776.click/signin?token=6244b2ba957c,1
https://chase-account-verification-support-4299.xyz/unlock-profile,1
http://paypal.security-alert.verify-account1530.link/signin?token=cb8acb1dc982,1
http://binance-security.security-alert.update-billing3079.zip/signin?token=f44ee263952e,1
http://116.22.97.245/bankofamerica/urgent-notice.php?id=4801,1
http://bankofamerica.security-alert.secure-login8067.loan/signin?token=53253027fef2,1
http://facebook-verify.security-alert.update-billing8762.top/signin?token=0c5534f554a2,1
https://apple-id-account-verification-support-6913.cf/claim-bonus,1
https://microsoft-login-account-verification-support-727.work/secure-login,1
http://legit-service.com@coinbase-auth-secure-auth-7900.loan/index.html,1
http://legit-service.com@chase-secure-auth-1759.click/index.html,1
http://chase.security-alert.verify-account1091.link/signin?token=754dda4b1ba3,1
https://bankofamerica-account-verification-support-3211.top/secure-login,1
http://legit-service.com@binance-security-secure-auth-6970.work/index.html,1
http://portal-wellsfargo-update.link/login.php?user=victim%40mail.com&session=3509&redirect=urgent-notice,1
http://legit-service.com@paypal-secure-auth-7906.ml/index.html,1
http://paypal.security-alert.claim-bonus1658.tk/signin?token=c0560792e4a3,1
https://wellsfargo-account-verification-support-1362.cf/update-billing,1
http://portal-facebook-verify-update.cf/login.php?user=victim%40mail.com&session=865&redirect=kyc-confirmation,1
http://168.113.47.202/apple-id/claim-bonus.php?id=2014,1
http://wellsfargo.security-alert.kyc-confirmation8546.click/signin?token=2f4059ce1227,1
http://legit-service.com@chase-secure-auth-6453.work/index.html,1
http://portal-binance-security-update.zip/login.php?user=victim%40mail.com&session=549&redirect=update-billing,1
http://legit-service.com@bankofamerica-secure-auth-295.click/index.html,1
http://apple-id.security-alert.verify-account4443.tk/signin?token=3c3c139bd846,1
http://microsoft-login.security-alert.unlock-profile8558.top/signin?token=a9cf46a38a9b,1
http://microsoft-login.security-alert.secure-login2630.xyz/signin?token=dd17e652cd2a,1
https://apple-id-account-verification-support-1048.top/unlock-profile,1
http://portal-bankofamerica-update.click/login.php?user=victim%40mail.com&session=9503&redirect=update-billing,1
http://netflix.security-alert.claim-bonus3477.work/signin?token=6d6968d87c24,1
http://42.235.73.216/microsoft-login/claim-bonus.php?id=8822,1
http://binance-security.security-alert.unlock-profile4033.top/signin?token=c0c783b5fc0d,1
http://156.23.33.112/netflix/kyc-confirmation.php?id=2270,1
https://coinbase-auth-account-verification-support-6127.xyz/secure-login,1
http://legit-service.com@wellsfargo-secure-auth-3638.work/index.html,1
http://28.231.192.160/binance-security/urgent-notice.php?id=7849,1
http://legit-service.com@coinbase-auth-secure-auth-386.click/index.html,1
http://coinbase-auth.security-alert.unlock-profile596.loan/signin?token=b2eeb7362ef8,1
http://binance-security.security-alert.secure-login6754.ml/signin?token=c25e9a36b62f,1
https://paypal-account-verification-support-2493.cf/urgent-notice,1
http://legit-service.com@wellsfargo-secure-auth-7494.gq/index.html,1
http://40.84.94.91/bankofamerica/verify-account.php?id=1677,1
http://legit-service.com@coinbase-auth-secure-auth-7438.gq/index.html,1
http://bankofamerica.security-alert.verify-account8112.loan/signin?token=45d6637b718d,1
http://chase.security-alert.update-billing3748.zip/signin?token=aaaccd2766ec,1
http://legit-service.com@bankofamerica-secure-auth-8906.tk/index.html,1
http://legit-service.com@apple-id-secure-auth-498.top/index.html,1
http://67.100.54.138/apple-id/update-billing.php?id=8371,1
http://22.236.185.205/binance-security/claim-bonus.php?id=3145,1
http://53.225.72.141/coinbase-auth/claim-bonus.php?id=7473,1
https://facebook-verify-account-verification-support-2081.work/verify-account,1
https://facebook-verify-account-verification-support-3545.link/kyc-confirmation,1
https://wellsfargo-account-verification-support-5217.tk/secure-login,1
http://portal-microsoft-login-update.ml/login.php?user=victim%40mail.com&session=7891&redirect=kyc-confirmation,1
http://78.54.126.50/wellsfargo/update-billing.php?id=5650,1
http://apple-id.security-alert.urgent-notice5811.zip/signin?token=bdc8b08ca966,1
http://binance-security.security-alert.secure-login9435.cf/signin?token=41d80bfc327e,1
http://facebook-verify.security-alert.update-billing8237.cf/signin?token=7dd2ae7db7d1,1
https://netflix-account-verification-support-3476.click/kyc-confirmation,1
https://apple-id-account-verification-support-5505.loan/update-billing,1
http://binance-security.security-alert.unlock-profile5284.top/signin?token=0b9e57c46de9,1
http://196.212.126.123/coinbase-auth/update-billing.php?id=6581,1
http://legit-service.com@chase-secure-auth-5356.ml/index.html,1
http://portal-facebook-verify-update.xyz/login.php?user=victim%40mail.com&session=6804&redirect=unlock-profile,1
http://chase.security-alert.unlock-profile2084.loan/signin?token=a088ea2078cd,1
http://portal-netflix-update.link/login.php?user=victim%40mail.com&session=8582&redirect=verify-account,1
https://binance-security-account-verification-support-292.gq/kyc-confirmation,1
http://44.249.7.5/bankofamerica/verify-account.php?id=3240,1
http://legit-service.com@netflix-secure-auth-352.gq/index.html,1
http://123.251.144.89/paypal/urgent-notice.php?id=4441,1
http://legit-service.com@facebook-verify-secure-auth-6537.click/index.html,1
http://microsoft-login.security-alert.claim-bonus1763.ml/signin?token=df9028fcb6b0,1
http://portal-coinbase-auth-update.gq/login.php?user=victim%40mail.com&session=9967&redirect=kyc-confirmation,1
http://196.169.22.80/apple-id/urgent-notice.php?id=3113,1
http://legit-service.com@facebook-verify-secure-auth-6012.work/index.html,1
http://legit-service.com@coinbase-auth-secure-auth-5820.loan/index.html,1
https://binance-security-account-verification-support-650.gq/secure-login,1
http://portal-chase-update.xyz/login.php?user=victim%40mail.com&session=7877&redirect=kyc-confirmation,1
http://legit-service.com@paypal-secure-auth-5799.gq/index.html,1
http://34.168.155.46/apple-id/urgent-notice.php?id=9641,1
http://portal-apple-id-update.top/login.php?user=victim%40mail.com&session=8678&redirect=verify-account,1
http://25.83.74.9/microsoft-login/kyc-confirmation.php?id=5204,1
http://portal-binance-security-update.link/login.php?user=victim%40mail.com&session=3257&redirect=claim-bonus,1
http://legit-service.com@microsoft-login-secure-auth-5307.ml/index.html,1
https://netflix-account-verification-support-3071.link/kyc-confirmation,1
http://coinbase-auth.security-alert.kyc-confirmation8524.xyz/signin?token=a29a5ba2cb7b,1
http://netflix.security-alert.claim-bonus2560.loan/signin?token=eb0ecdb070a1,1
http://netflix.security-alert.kyc-confirmation7147.click/signin?token=219d0a315520,1
http://41.155.2.201/coinbase-auth/verify-account.php?id=1906,1
http://198.130.101.241/wellsfargo/verify-account.php?id=3804,1
http://facebook-verify.security-alert.claim-bonus2965.tk/signin?token=1c303b0eed31,1
http://71.235.95.203/facebook-verify/urgent-notice.php?id=5194,1
http://netflix.security-alert.secure-login5325.xyz/signin?token=beb04c41b459,1
https://microsoft-login-account-verification-support-4561.cf/unlock-profile,1
https://netflix-account-verification-support-4905.xyz/secure-login,1
http://coinbase-auth.security-alert.kyc-confirmation1552.cf/signin?token=351b33587c5f,1
http://portal-chase-update.xyz/login.php?user=victim%40mail.com&session=9213&redirect=urgent-notice,1
http://166.160.34.245/coinbase-auth/secure-login.php?id=4061,1
http://legit-service.com@apple-id-secure-auth-9562.xyz/index.html,1
http://58.134.238.224/microsoft-login/update-billing.php?id=4987,1
http://legit-service.com@netflix-secure-auth-3438.tk/index.html,1
https://wellsfargo-account-verification-support-3398.work/secure-login,1
https://microsoft-login-account-verification-support-6944.click/unlock-profile,1
https://bankofamerica-account-verification-support-2761.zip/kyc-confirmation,1
http://paypal.security-alert.unlock-profile6810.tk/signin?token=4f1927fff6e0,1
http://portal-paypal-update.link/login.php?user=victim%40mail.com&session=3016&redirect=secure-login,1
https://paypal-account-verification-support-4232.link/unlock-profile,1
http://108.195.93.99/facebook-verify/secure-login.php?id=1966,1
http://64.193.96.22/coinbase-auth/update-billing.php?id=6014,1
http://facebook-verify.security-alert.secure-login4047.gq/signin?token=e366d105cfd7,1
http://portal-netflix-update.link/login.php?user=victim%40mail.com&session=9479&redirect=secure-login,1
http://portal-wellsfargo-update.ml/login.php?user=victim%40mail.com&session=4590&redirect=unlock-profile,1
http://portal-bankofamerica-update.xyz/login.php?user=victim%40mail.com&session=5738&redirect=secure-login,1
http://42.125.79.205/binance-security/unlock-profile.php?id=16,1
http://90.118.1.248/binance-security/urgent-notice.php?id=8844,1
http://191.193.56.78/wellsfargo/unlock-profile.php?id=5703,1
http://legit-service.com@bankofamerica-secure-auth-5081.gq/index.html,1
https://microsoft-login-account-verification-support-6022.loan/verify-account,1
https://binance-security-account-verification-support-8358.zip/kyc-confirmation,1
http://legit-service.com@microsoft-login-secure-auth-5249.click/index.html,1
http://netflix.security-alert.update-billing7964.top/signin?token=e0a0a422a906,1
http://portal-netflix-update.xyz/login.php?user=victim%40mail.com&session=2100&redirect=verify-account,1
http://legit-service.com@coinbase-auth-secure-auth-6318.gq/index.html,1
http://portal-binance-security-update.loan/login.php?user=victim%40mail.com&session=9543&redirect=secure-login,1
http://legit-service.com@bankofamerica-secure-auth-6469.ml/index.html,1
http://facebook-verify.security-alert.kyc-confirmation7631.cf/signin?token=312ecfdfa8b2,1
https://binance-security-account-verification-support-9799.ml/urgent-notice,1
https://chase-account-verification-support-5377.work/unlock-profile,1
http://portal-netflix-update.gq/login.php?user=victim%40mail.com&session=306&redirect=urgent-notice,1
http://legit-service.com@netflix-secure-auth-5111.ml/index.html,1
http://190.226.201.138/binance-security/update-billing.php?id=9805,1
http://legit-service.com@binance-security-secure-auth-7428.top/index.html,1
http://portal-bankofamerica-update.loan/login.php?user=victim%40mail.com&session=8427&redirect=claim-bonus,1
http://legit-service.com@facebook-verify-secure-auth-3613.tk/index.html,1
https://microsoft-login-account-verification-support-814.cf/verify-account,1
http://portal-chase-update.tk/login.php?user=victim%40mail.com&session=6315&redirect=update-billing,1
http://legit-service.com@coinbase-auth-secure-auth-7891.tk/index.html,1
https://bankofamerica-account-verification-support-7466.top/unlock-profile,1
https://binance-security-account-verification-support-3622.zip/secure-login,1
http://portal-chase-update.ml/login.php?user=victim%40mail.com&session=9267&redirect=unlock-profile,1
http://39.48.130.33/netflix/claim-bonus.php?id=4225,1
http://143.119.68.52/apple-id/update-billing.php?id=7162,1
http://80.36.32.5/chase/unlock-profile.php?id=5888,1
http://169.169.221.5/binance-security/kyc-confirmation.php?id=77,1
http://portal-facebook-verify-update.zip/login.php?user=victim%40mail.com&session=686&redirect=update-billing,1
http://73.177.154.94/chase/secure-login.php?id=6667,1
https://bankofamerica-account-verification-support-6607.gq/kyc-confirmation,1
http://paypal.security-alert.secure-login9568.work/signin?token=621d187a8e1a,1
http://legit-service.com@coinbase-auth-secure-auth-365.ml/index.html,1
https://binance-security-account-verification-support-199.zip/unlock-profile,1
http://legit-service.com@microsoft-login-secure-auth-9881.xyz/index.html,1
https://wellsfargo-account-verification-support-9422.click/update-billing,1
https://coinbase-auth-account-verification-support-5061.work/claim-bonus,1
http://140.8.114.63/wellsfargo/verify-account.php?id=6341,1
http://portal-paypal-update.link/login.php?user=victim%40mail.com&session=5575&redirect=claim-bonus,1
https://netflix-account-verification-support-245.tk/urgent-notice,1
https://binance-security-account-verification-support-3483.cf/kyc-confirmation,1
http://portal-facebook-verify-update.top/login.php?user=victim%40mail.com&session=2651&redirect=claim-bonus,1
http://facebook-verify.security-alert.kyc-confirmation3837.link/signin?token=a6ade5aa93b8,1
http://microsoft-login.security-alert.verify-account975.zip/signin?token=92977ae4d2ba,1
http://legit-service.com@apple-id-secure-auth-3189.work/index.html,1
http://legit-service.com@paypal-secure-auth-6828.gq/index.html,1
http://14.49.250.154/chase/verify-account.php?id=3101,1
https://wellsfargo-account-verification-support-6537.top/claim-bonus,1
http://legit-service.com@coinbase-auth-secure-auth-8816.gq/index.html,1
https://chase-account-verification-support-2544.click/update-billing,1
http://149.240.222.65/microsoft-login/unlock-profile.php?id=2886,1
http://legit-service.com@facebook-verify-secure-auth-8575.zip/index.html,1
http://microsoft-login.security-alert.kyc-confirmation4930.link/signin?token=aba22f748b1a,1
https://chase-account-verification-support-6400.loan/update-billing,1
http://legit-service.com@facebook-verify-secure-auth-3844.zip/index.html,1
http://legit-service.com@microsoft-login-secure-auth-8894.gq/index.html,1
http://188.59.177.30/apple-id/urgent-notice.php?id=3106,1
https://chase-account-verification-support-9168.cf/update-billing,1
http://125.178.104.134/paypal/verify-account.php?id=2805,1
http://portal-chase-update.xyz/login.php?user=victim%40mail.com&session=8143&redirect=urgent-notice,1
http://portal-wellsfargo-update.zip/login.php?user=victim%40mail.com&session=8178&redirect=update-billing,1
http://128.23.39.161/microsoft-login/urgent-notice.php?id=4890,1
http://153.43.88.12/bankofamerica/secure-login.php?id=177,1
http://portal-apple-id-update.ml/login.php?user=victim%40mail.com&session=4679&redirect=update-billing,1
http://152.223.105.7/facebook-verify/verify-account.php?id=2719,1
http://wellsfargo.security-alert.secure-login328.ml/signin?token=cd00692c3bfe,1
http://portal-facebook-verify-update.ml/login.php?user=victim%40mail.com&session=910&redirect=unlock-profile,1
http://118.101.122.108/microsoft-login/kyc-confirmation.php?id=6154,1
https://chase-account-verification-support-1150.cf/kyc-confirmation,1
http://portal-netflix-update.link/login.php?user=victim%40mail.com&session=4563&redirect=update-billing,1
http://legit-service.com@bankofamerica-secure-auth-1620.zip/index.html,1
http://legit-service.com@microsoft-login-secure-auth-255.work/index.html,1
http://portal-wellsfargo-update.loan/login.php?user=victim%40mail.com&session=1566&redirect=secure-login,1
http://legit-service.com@paypal-secure-auth-8608.zip/index.html,1
http://40.184.2.15/paypal/urgent-notice.php?id=4012,1
http://81.138.225.97/wellsfargo/update-billing.php?id=6676,1
http://binance-security.security-alert.update-billing194.click/signin?token=a597e50502f5,1
http://legit-service.com@microsoft-login-secure-auth-6698.loan/index.html,1
http://wellsfargo.security-alert.update-billing7903.link/signin?token=84cb17743002,1
http://128.180.44.159/chase/update-billing.php?id=3103,1
http://portal-coinbase-auth-update.ml/login.php?user=victim%40mail.com&session=7552&redirect=claim-bonus,1
http://portal-wellsfargo-update.top/login.php?user=victim%40mail.com&session=8738&redirect=urgent-notice,1
http://bankofamerica.security-alert.verify-account5705.work/signin?token=af87f7cdcda2,1
http://portal-facebook-verify-update.link/login.php?user=victim%40mail.com&session=621&redirect=verify-account,1
http://legit-service.com@paypal-secure-auth-5344.tk/index.html,1
http://39.49.167.198/microsoft-login/update-billing.php?id=9616,1
http://70.52.121.75/coinbase-auth/kyc-confirmation.php?id=4439,1
http://portal-binance-security-update.xyz/login.php?user=victim%40mail.com&session=4492&redirect=secure-login,1
http://63.40.222.41/wellsfargo/kyc-confirmation.php?id=3518,1
http://portal-apple-id-update.zip/login.php?user=victim%40mail.com&session=936&redirect=kyc-confirmation,1
http://69.160.88.2/facebook-verify/kyc-confirmation.php?id=2105,1
https://wellsfargo-account-verification-support-2785.loan/verify-account,1
http://legit-service.com@bankofamerica-secure-auth-6443.work/index.html,1
http://chase.security-alert.verify-account2981.zip/signin?token=9ff0525c64bf,1
http://paypal.security-alert.update-billing4052.zip/signin?token=90525e70b784,1
http://chase.security-alert.kyc-confirmation4481.ml/signin?token=6c530aae7682,1
https://wellsfargo-account-verification-support-3287.zip/kyc-confirmation,1
http://159.88.250.168/chase/unlock-profile.php?id=1454,1
http://portal-bankofamerica-update.tk/login.php?user=victim%40mail.com&session=5286&redirect=update-billing,1
https://chase-account-verification-support-4878.work/urgent-notice,1
http://190.91.194.195/binance-security/verify-account.php?id=4263,1
http://legit-service.com@binance-security-secure-auth-1636.cf/index.html,1
https://facebook-verify-account-verification-support-8292.link/urgent-notice,1
https://binance-security-account-verification-support-1330.cf/kyc-confirmation,1
http://bankofamerica.security-alert.update-billing9859.cf/signin?token=d3c7d16586ec,1
http://apple-id.security-alert.secure-login1674.link/signin?token=757f843a169c,1
http://legit-service.com@netflix-secure-auth-7861.link/index.html,1
http://legit-service.com@netflix-secure-auth-7206.loan/index.html,1
http://174.224.220.70/bankofamerica/verify-account.php?id=3270,1
http://182.200.76.26/microsoft-login/update-billing.php?id=4263,1
http://portal-paypal-update.xyz/login.php?user=victim%40mail.com&session=9102&redirect=claim-bonus,1
https://facebook-verify-account-verification-support-7365.link/claim-bonus,1
http://116.173.206.1/chase/secure-login.php?id=659,1
http://147.170.191.105/chase/unlock-profile.php?id=1904,1
http://34.82.91.172/coinbase-auth/unlock-profile.php?id=587,1
http://154.215.220.141/binance-security/update-billing.php?id=4079,1
http://legit-service.com@paypal-secure-auth-1759.top/index.html,1
http://portal-binance-security-update.link/login.php?user=victim%40mail.com&session=2004&redirect=urgent-notice,1
https://apple-id-account-verification-support-4143.work/secure-login,1
http://legit-service.com@wellsfargo-secure-auth-8831.xyz/index.html,1
https://paypal-account-verification-support-7453.ml/kyc-confirmation,1
https://facebook-verify-account-verification-support-9684.loan/update-billing,1
https://apple-id-account-verification-support-620.click/claim-bonus,1
http://portal-apple-id-update.click/login.php?user=victim%40mail.com&session=2571&redirect=claim-bonus,1
http://bankofamerica.security-alert.urgent-notice3475.tk/signin?token=d38ee19a4815,1
http://26.105.83.174/facebook-verify/unlock-profile.php?id=482,1
http://portal-facebook-verify-update.xyz/login.php?user=victim%40mail.com&session=8387&redirect=kyc-confirmation,1
https://apple-id-account-verification-support-3223.gq/secure-login,1
https://bankofamerica-account-verification-support-8059.gq/kyc-confirmation,1
https://bankofamerica-account-verification-support-3628.cf/urgent-notice,1
http://portal-coinbase-auth-update.link/login.php?user=victim%40mail.com&session=3794&redirect=secure-login,1
http://71.67.213.220/netflix/urgent-notice.php?id=3746,1
http://legit-service.com@wellsfargo-secure-auth-1639.link/index.html,1
http://legit-service.com@bankofamerica-secure-auth-233.ml/index.html,1
http://legit-service.com@paypal-secure-auth-5921.work/index.html,1
http://195.59.94.217/paypal/secure-login.php?id=5489,1
https://apple-id-account-verification-support-9630.cf/secure-login,1
http://127.171.49.78/apple-id/secure-login.php?id=5235,1
http://bankofamerica.security-alert.secure-login884.work/signin?token=170c94497849,1
http://152.194.155.54/chase/claim-bonus.php?id=6529,1
https://binance-security-account-verification-support-739.work/kyc-confirmation,1
http://199.193.1.9/chase/kyc-confirmation.php?id=9215,1
http://legit-service.com@chase-secure-auth-3514.zip/index.html,1
http://portal-microsoft-login-update.gq/login.php?user=victim%40mail.com&session=7974&redirect=secure-login,1
http://paypal.security-alert.verify-account1354.click/signin?token=af4732711661,1
http://144.91.70.55/bankofamerica/kyc-confirmation.php?id=8031,1
http://140.165.93.23/bankofamerica/urgent-notice.php?id=2585,1
http://portal-netflix-update.xyz/login.php?user=victim%40mail.com&session=313&redirect=verify-account,1
https://binance-security-account-verification-support-89.gq/urgent-notice,1
https://microsoft-login-account-verification-support-2460.loan/claim-bonus,1
http://bankofamerica.security-alert.unlock-profile5719.xyz/signin?token=0b33f2e8843e,1
http://legit-service.com@bankofamerica-secure-auth-572.work/index.html,1
http://legit-service.com@chase-secure-auth-9635.zip/index.html,1
http://legit-service.com@binance-security-secure-auth-4110.top/index.html,1
https://microsoft-login-account-verification-support-9757.xyz/secure-login,1
https://coinbase-auth-account-verification-support-4733.xyz/update-billing,1
http://legit-service.com@apple-id-secure-auth-1557.click/index.html,1
https://apple-id-account-verification-support-6493.zip/urgent-notice,1
https://facebook-verify-account-verification-support-6768.xyz/secure-login,1
http://80.45.68.26/apple-id/verify-account.php?id=2268,1
https://facebook-verify-account-verification-support-8135.link/claim-bonus,1
http://portal-bankofamerica-update.loan/login.php?user=victim%40mail.com&session=5086&redirect=kyc-confirmation,1
http://186.22.41.153/bankofamerica/claim-bonus.php?id=3211,1
http://13.8.153.36/coinbase-auth/urgent-notice.php?id=6483,1
http://wellsfargo.security-alert.urgent-notice8158.ml/signin?token=7ae26cbe9586,1
http://portal-coinbase-auth-update.link/login.php?user=victim%40mail.com&session=8802&redirect=secure-login,1
https://wellsfargo-account-verification-support-8601.top/unlock-profile,1
http://133.236.127.77/coinbase-auth/urgent-notice.php?id=5131,1
http://wellsfargo.security-alert.kyc-confirmation6713.gq/signin?token=1b90614883e6,1
http://coinbase-auth.security-alert.claim-bonus9810.xyz/signin?token=ecf9902e0f61,1
http://portal-netflix-update.gq/login.php?user=victim%40mail.com&session=4200&redirect=secure-login,1
https://apple-id-account-verification-support-4738.xyz/update-billing,1
https://wellsfargo-account-verification-support-9570.top/verify-account,1
http://32.149.123.211/apple-id/unlock-profile.php?id=5874,1
https://paypal-account-verification-support-6390.top/verify-account,1
http://123.232.150.192/paypal/secure-login.php?id=4910,1
https://binance-security-account-verification-support-8899.gq/claim-bonus,1
https://bankofamerica-account-verification-support-6278.xyz/unlock-profile,1
http://187.150.114.161/paypal/verify-account.php?id=3613,1
https://facebook-verify-account-verification-support-9643.zip/unlock-profile,1
http://microsoft-login.security-alert.unlock-profile2374.click/signin?token=8cbd005a556c,1
http://legit-service.com@coinbase-auth-secure-auth-2947.link/index.html,1
http://legit-service.com@paypal-secure-auth-8129.zip/index.html,1
http://portal-microsoft-login-update.loan/login.php?user=victim%40mail.com&session=3526&redirect=update-billing,1
http://159.122.211.88/netflix/verify-account.php?id=2392,1
http://legit-service.com@microsoft-login-secure-auth-5168.cf/index.html,1
http://paypal.security-alert.verify-account7423.tk/signin?token=8fe04df45a22,1
https://binance-security-account-verification-support-8651.click/kyc-confirmation,1
http://portal-microsoft-login-update.gq/login.php?user=victim%40mail.com&session=2847&redirect=unlock-profile,1
https://netflix-account-verification-support-2176.ml/secure-login,1
http://portal-coinbase-auth-update.link/login.php?user=victim%40mail.com&session=796&redirect=secure-login,1
http://bankofamerica.security-alert.urgent-notice245.link/signin?token=0266e33d3f54,1
http://portal-bankofamerica-update.click/login.php?user=victim%40mail.com&session=753&redirect=secure-login,1
https://facebook-verify-account-verification-support-4911.tk/secure-login,1
http://116.65.231.148/netflix/urgent-notice.php?id=9964,1
http://portal-apple-id-update.click/login.php?user=victim%40mail.com&session=2846&redirect=secure-login,1
https://apple-id-account-verification-support-101.click/urgent-notice,1
http://paypal.security-alert.urgent-notice3679.click/signin?token=74791edf1f8e,1
http://portal-bankofamerica-update.ml/login.php?user=victim%40mail.com&session=8149&redirect=claim-bonus,1
http://legit-service.com@coinbase-auth-secure-auth-1787.cf/index.html,1
https://apple-id-account-verification-support-8335.link/claim-bonus,1
http://portal-netflix-update.top/login.php?user=victim%40mail.com&session=594&redirect=claim-bonus,1
http://legit-service.com@netflix-secure-auth-5206.cf/index.html,1
http://175.151.220.247/microsoft-login/claim-bonus.php?id=3691,1
http://legit-service.com@facebook-verify-secure-auth-4848.work/index.html,1
http://44.84.65.216/coinbase-auth/unlock-profile.php?id=9443,1
