text,label
"Good morning team, let's join the sprint retrospective call at 10 AM. (Ref #1213)",0
"Hey, are we still meeting for lunch at 12:30 today? (Ref #3639)",0
Can you send me the lecture slides from yesterday's machine learning class? (Ref #1543),0
Your debit card has been blocked. Call support immediately at 9845012345 or visit http://bank-card-reactivate.ml to prevent permanent cancellation. [Case ID: 3bbfdd],1
"I'll be home in about 15 minutes, please put the dinner in the oven. (Ref #1998)",0
The flight is delayed by 20 minutes due to weather conditions. (Ref #1107),0
Your package from Amazon has been delivered to your front porch. (Ref #2874),0
Customs Clearance Alert: Your international parcel #US89218 is held at customs due to unpaid duties of $45. Pay now at http://customs-parcel-release.click [Case ID: 6c1da8],1
URGENT: Your Wells Fargo account has been suspended! Verify your credentials immediately at http://wellsfargo-verify-login.xyz to restore access. [Case ID: c5ab0b],1
Can you send me the lecture slides from yesterday's machine learning class? (Ref #2777),0
"Job Offer: Work from home and earn $5,000/week! Send $50 registration fee via UPI / Apple Gift Card to hr@global-remote-jobs.xyz to get started. [Case ID: bb03e4]",1
Please review the attached invoice for the software subscription renewal. (Ref #2146),0
Your package from Amazon has been delivered to your front porch. (Ref #2104),0
"CONGRATULATIONS! You have won $1,000,000 in the International Mobile Lottery. Reply with your full name, bank account, and SSN to claim prize. [Case ID: 6b5754]",1
Your OTP for logging into the employee portal is 584920. Do not share with anyone. (Ref #1706),0
"I'll be home in about 15 minutes, please put the dinner in the oven. (Ref #1240)",0
Can you send me the lecture slides from yesterday's machine learning class? (Ref #3861),0
Security Alert: Your Apple ID has been locked due to multiple failed login attempts. Verify identity at http://appleid-support-security.xyz now. [Case ID: 962e56],1
"Your PayPal account was accessed from an unknown device in Russia. If this wasn't you, login now at http://paypal-security-alert.tk/auth to secure funds. [Case ID: 21fe5b]",1
"Your PayPal account was accessed from an unknown device in Russia. If this wasn't you, login now at http://paypal-security-alert.tk/auth to secure funds. [Case ID: 193002]",1
IRS Notice: Final warning! A lawsuit is filed against you for unpaid taxes. Call immediately at +1-800-555-0199 or send $500 via Bitcoin to settle. [Case ID: 238733],1
URGENT: Your Wells Fargo account has been suspended! Verify your credentials immediately at http://wellsfargo-verify-login.xyz to restore access. [Case ID: d70732],1
Happy birthday! Wishing you a fantastic year ahead. (Ref #2477),0
Security Alert: Your Apple ID has been locked due to multiple failed login attempts. Verify identity at http://appleid-support-security.xyz now. [Case ID: 253f7b],1
Security Alert: Your Apple ID has been locked due to multiple failed login attempts. Verify identity at http://appleid-support-security.xyz now. [Case ID: da0d11],1
Your OTP for logging into the employee portal is 584920. Do not share with anyone. (Ref #2320),0
"CONGRATULATIONS! You have won $1,000,000 in the International Mobile Lottery. Reply with your full name, bank account, and SSN to claim prize. [Case ID: 312351]",1
"Dear Customer, your Netflix subscription expired. Update your credit card details immediately at http://netflix-billing-update.cf or your service terminates today. [Case ID: e44fea]",1
Don't forget to push your code changes to the branch before the standup. (Ref #3508),0
Your OTP for logging into the employee portal is 584920. Do not share with anyone. (Ref #1678),0
"Bank of America Security Alert: Unauthorized transaction of $1,250.00 detected. Click http://bofa-fraud-cancel.top/cancel to reverse charge within 2 hours. [Case ID: 4e732c]",1
Your package from Amazon has been delivered to your front porch. (Ref #2185),0
Did you get a chance to look at the quarterly report draft? (Ref #2553),0
The server deployment finished successfully without any downtime. (Ref #3043),0
URGENT: Your Wells Fargo account has been suspended! Verify your credentials immediately at http://wellsfargo-verify-login.xyz to restore access. [Case ID: c902b4],1
The server deployment finished successfully without any downtime. (Ref #2268),0
Your debit card has been blocked. Call support immediately at 9845012345 or visit http://bank-card-reactivate.ml to prevent permanent cancellation. [Case ID: 5c9362],1
Let's schedule a 1-on-1 sync tomorrow morning to discuss project milestones. (Ref #3897),0
"Job Offer: Work from home and earn $5,000/week! Send $50 registration fee via UPI / Apple Gift Card to hr@global-remote-jobs.xyz to get started. [Case ID: 2d969e]",1
IRS Notice: Final warning! A lawsuit is filed against you for unpaid taxes. Call immediately at +1-800-555-0199 or send $500 via Bitcoin to settle. [Case ID: 30ef30],1
"Job Offer: Work from home and earn $5,000/week! Send $50 registration fee via UPI / Apple Gift Card to hr@global-remote-jobs.xyz to get started. [Case ID: 0e6597]",1
Your appointment with Dr. Sharma is confirmed for Tuesday at 3 PM. (Ref #2042),0
"Dear Customer, your Netflix subscription expired. Update your credit card details immediately at http://netflix-billing-update.cf or your service terminates today. [Case ID: 2050e0]",1
"Good morning team, let's join the sprint retrospective call at 10 AM. (Ref #1353)",0
"Good morning team, let's join the sprint retrospective call at 10 AM. (Ref #1614)",0
Please review the attached invoice for the software subscription renewal. (Ref #3517),0
Your debit card has been blocked. Call support immediately at 9845012345 or visit http://bank-card-reactivate.ml to prevent permanent cancellation. [Case ID: 621bf6],1
"Thanks for the meeting notes, I'll review the architecture diagram tonight. (Ref #2203)",0
"Hey, are we still meeting for lunch at 12:30 today? (Ref #1969)",0
"Bank of America Security Alert: Unauthorized transaction of $1,250.00 detected. Click http://bofa-fraud-cancel.top/cancel to reverse charge within 2 hours. [Case ID: ca46c1]",1
URGENT: Your Wells Fargo account has been suspended! Verify your credentials immediately at http://wellsfargo-verify-login.xyz to restore access. [Case ID: 9232fe],1
The server deployment finished successfully without any downtime. (Ref #2709),0
"Your PayPal account was accessed from an unknown device in Russia. If this wasn't you, login now at http://paypal-security-alert.tk/auth to secure funds. [Case ID: 6cdd60]",1
"Bank of America Security Alert: Unauthorized transaction of $1,250.00 detected. Click http://bofa-fraud-cancel.top/cancel to reverse charge within 2 hours. [Case ID: 884ce4]",1
Your debit card has been blocked. Call support immediately at 9845012345 or visit http://bank-card-reactivate.ml to prevent permanent cancellation. [Case ID: 7b5b23],1
Your debit card has been blocked. Call support immediately at 9845012345 or visit http://bank-card-reactivate.ml to prevent permanent cancellation. [Case ID: 1534b7],1
Please review the attached invoice for the software subscription renewal. (Ref #1573),0
Your package from Amazon has been delivered to your front porch. (Ref #2405),0
"Your PayPal account was accessed from an unknown device in Russia. If this wasn't you, login now at http://paypal-security-alert.tk/auth to secure funds. [Case ID: 01a068]",1
Did you get a chance to look at the quarterly report draft? (Ref #3661),0
"Your PayPal account was accessed from an unknown device in Russia. If this wasn't you, login now at http://paypal-security-alert.tk/auth to secure funds. [Case ID: 68d309]",1
The server deployment finished successfully without any downtime. (Ref #1983),0
Customs Clearance Alert: Your international parcel #US89218 is held at customs due to unpaid duties of $45. Pay now at http://customs-parcel-release.click [Case ID: 82b8a3],1
Please review the attached invoice for the software subscription renewal. (Ref #3759),0
Your package from Amazon has been delivered to your front porch. (Ref #1176),0
"CONGRATULATIONS! You have won $1,000,000 in the International Mobile Lottery. Reply with your full name, bank account, and SSN to claim prize. [Case ID: eba0dc]",1
"CONGRATULATIONS! You have won $1,000,000 in the International Mobile Lottery. Reply with your full name, bank account, and SSN to claim prize. [Case ID: 077e29]",1
"CONGRATULATIONS! You have won $1,000,000 in the International Mobile Lottery. Reply with your full name, bank account, and SSN to claim prize. [Case ID: 749345]",1
Your debit card has been blocked. Call support immediately at 9845012345 or visit http://bank-card-reactivate.ml to prevent permanent cancellation. [Case ID: 1e48c4],1
"Good morning team, let's join the sprint retrospective call at 10 AM. (Ref #3884)",0
Your appointment with Dr. Sharma is confirmed for Tuesday at 3 PM. (Ref #1733),0
"Thanks for the meeting notes, I'll review the architecture diagram tonight. (Ref #2259)",0
"Your PayPal account was accessed from an unknown device in Russia. If this wasn't you, login now at http://paypal-security-alert.tk/auth to secure funds. [Case ID: 41ae36]",1
The flight is delayed by 20 minutes due to weather conditions. (Ref #2657),0
The flight is delayed by 20 minutes due to weather conditions. (Ref #2487),0
Happy birthday! Wishing you a fantastic year ahead. (Ref #2387),0
"Your PayPal account was accessed from an unknown device in Russia. If this wasn't you, login now at http://paypal-security-alert.tk/auth to secure funds. [Case ID: 248e84]",1
"Thanks for the meeting notes, I'll review the architecture diagram tonight. (Ref #2817)",0
Please review the attached invoice for the software subscription renewal. (Ref #1761),0
Security Alert: Your Apple ID has been locked due to multiple failed login attempts. Verify identity at http://appleid-support-security.xyz now. [Case ID: 852c44],1
Can you send me the lecture slides from yesterday's machine learning class? (Ref #1251),0
"Hey, are we still meeting for lunch at 12:30 today? (Ref #3241)",0
Please review the attached invoice for the software subscription renewal. (Ref #3686),0
Happy birthday! Wishing you a fantastic year ahead. (Ref #1985),0
"Good morning team, let's join the sprint retrospective call at 10 AM. (Ref #1222)",0
Can you send me the lecture slides from yesterday's machine learning class? (Ref #1810),0
Customs Clearance Alert: Your international parcel #US89218 is held at customs due to unpaid duties of $45. Pay now at http://customs-parcel-release.click [Case ID: 05049e],1
"Your PayPal account was accessed from an unknown device in Russia. If this wasn't you, login now at http://paypal-security-alert.tk/auth to secure funds. [Case ID: 8fe009]",1
Please review the attached invoice for the software subscription renewal. (Ref #1149),0
"CONGRATULATIONS! You have won $1,000,000 in the International Mobile Lottery. Reply with your full name, bank account, and SSN to claim prize. [Case ID: 2cd4e8]",1
"Dear Customer, your Netflix subscription expired. Update your credit card details immediately at http://netflix-billing-update.cf or your service terminates today. [Case ID: 912d2b]",1
"Your PayPal account was accessed from an unknown device in Russia. If this wasn't you, login now at http://paypal-security-alert.tk/auth to secure funds. [Case ID: b44050]",1
"Hey, are we still meeting for lunch at 12:30 today? (Ref #2392)",0
"Bank of America Security Alert: Unauthorized transaction of $1,250.00 detected. Click http://bofa-fraud-cancel.top/cancel to reverse charge within 2 hours. [Case ID: 02b1be]",1
"Dear Customer, your Netflix subscription expired. Update your credit card details immediately at http://netflix-billing-update.cf or your service terminates today. [Case ID: aa486f]",1
Customs Clearance Alert: Your international parcel #US89218 is held at customs due to unpaid duties of $45. Pay now at http://customs-parcel-release.click [Case ID: 7cf643],1
"CONGRATULATIONS! You have won $1,000,000 in the International Mobile Lottery. Reply with your full name, bank account, and SSN to claim prize. [Case ID: 4fa53b]",1
URGENT: Your Wells Fargo account has been suspended! Verify your credentials immediately at http://wellsfargo-verify-login.xyz to restore access. [Case ID: 1e6e0a],1
Please review the attached invoice for the software subscription renewal. (Ref #2299),0
Happy birthday! Wishing you a fantastic year ahead. (Ref #2779),0
The flight is delayed by 20 minutes due to weather conditions. (Ref #3129),0
"Dear Customer, your Netflix subscription expired. Update your credit card details immediately at http://netflix-billing-update.cf or your service terminates today. [Case ID: 2dbf21]",1
"Bank of America Security Alert: Unauthorized transaction of $1,250.00 detected. Click http://bofa-fraud-cancel.top/cancel to reverse charge within 2 hours. [Case ID: f3ac63]",1
Customs Clearance Alert: Your international parcel #US89218 is held at customs due to unpaid duties of $45. Pay now at http://customs-parcel-release.click [Case ID: 68c694],1
"Hey, are we still meeting for lunch at 12:30 today? (Ref #3281)",0
IRS Notice: Final warning! A lawsuit is filed against you for unpaid taxes. Call immediately at +1-800-555-0199 or send $500 via Bitcoin to settle. [Case ID: 1359aa],1
IRS Notice: Final warning! A lawsuit is filed against you for unpaid taxes. Call immediately at +1-800-555-0199 or send $500 via Bitcoin to settle. [Case ID: 8f1979],1
Your OTP for logging into the employee portal is 584920. Do not share with anyone. (Ref #2459),0
Please review the attached invoice for the software subscription renewal. (Ref #1692),0
"Hey, are we still meeting for lunch at 12:30 today? (Ref #3362)",0
IRS Notice: Final warning! A lawsuit is filed against you for unpaid taxes. Call immediately at +1-800-555-0199 or send $500 via Bitcoin to settle. [Case ID: 218a0a],1
Your debit card has been blocked. Call support immediately at 9845012345 or visit http://bank-card-reactivate.ml to prevent permanent cancellation. [Case ID: 999653],1
Don't forget to push your code changes to the branch before the standup. (Ref #2322),0
"Job Offer: Work from home and earn $5,000/week! Send $50 registration fee via UPI / Apple Gift Card to hr@global-remote-jobs.xyz to get started. [Case ID: 2dea61]",1
IRS Notice: Final warning! A lawsuit is filed against you for unpaid taxes. Call immediately at +1-800-555-0199 or send $500 via Bitcoin to settle. [Case ID: 86b122],1
Happy birthday! Wishing you a fantastic year ahead. (Ref #1813),0
Can you send me the lecture slides from yesterday's machine learning class? (Ref #2760),0
"Hey, are we still meeting for lunch at 12:30 today? (Ref #3244)",0
Security Alert: Your Apple ID has been locked due to multiple failed login attempts. Verify identity at http://appleid-support-security.xyz now. [Case ID: d1f491],1
"Thanks for the meeting notes, I'll review the architecture diagram tonight. (Ref #1759)",0
Your OTP for logging into the employee portal is 584920. Do not share with anyone. (Ref #3999),0
"CONGRATULATIONS! You have won $1,000,000 in the International Mobile Lottery. Reply with your full name, bank account, and SSN to claim prize. [Case ID: bdc462]",1
Your debit card has been blocked. Call support immediately at 9845012345 or visit http://bank-card-reactivate.ml to prevent permanent cancellation. [Case ID: 653ac1],1
Please review the attached invoice for the software subscription renewal. (Ref #3318),0
Your debit card has been blocked. Call support immediately at 9845012345 or visit http://bank-card-reactivate.ml to prevent permanent cancellation. [Case ID: 7a5392],1
Customs Clearance Alert: Your international parcel #US89218 is held at customs due to unpaid duties of $45. Pay now at http://customs-parcel-release.click [Case ID: 2f885d],1
Please review the attached invoice for the software subscription renewal. (Ref #3475),0
"Job Offer: Work from home and earn $5,000/week! Send $50 registration fee via UPI / Apple Gift Card to hr@global-remote-jobs.xyz to get started. [Case ID: 22fb0c]",1
"Hey, are we still meeting for lunch at 12:30 today? (Ref #1037)",0
"Thanks for the meeting notes, I'll review the architecture diagram tonight. (Ref #3291)",0
Your package from Amazon has been delivered to your front porch. (Ref #2674),0
Security Alert: Your Apple ID has been locked due to multiple failed login attempts. Verify identity at http://appleid-support-security.xyz now. [Case ID: 45f31d],1
"Bank of America Security Alert: Unauthorized transaction of $1,250.00 detected. Click http://bofa-fraud-cancel.top/cancel to reverse charge within 2 hours. [Case ID: 287e03]",1
Did you get a chance to look at the quarterly report draft? (Ref #3466),0
"Bank of America Security Alert: Unauthorized transaction of $1,250.00 detected. Click http://bofa-fraud-cancel.top/cancel to reverse charge within 2 hours. [Case ID: 378a06]",1
IRS Notice: Final warning! A lawsuit is filed against you for unpaid taxes. Call immediately at +1-800-555-0199 or send $500 via Bitcoin to settle. [Case ID: a113c1],1
"Job Offer: Work from home and earn $5,000/week! Send $50 registration fee via UPI / Apple Gift Card to hr@global-remote-jobs.xyz to get started. [Case ID: d67d8a]",1
Let's schedule a 1-on-1 sync tomorrow morning to discuss project milestones. (Ref #1514),0
The server deployment finished successfully without any downtime. (Ref #3389),0
"Thanks for the meeting notes, I'll review the architecture diagram tonight. (Ref #3280)",0
Security Alert: Your Apple ID has been locked due to multiple failed login attempts. Verify identity at http://appleid-support-security.xyz now. [Case ID: 990827],1
The flight is delayed by 20 minutes due to weather conditions. (Ref #2997),0
Let's schedule a 1-on-1 sync tomorrow morning to discuss project milestones. (Ref #2801),0
URGENT: Your Wells Fargo account has been suspended! Verify your credentials immediately at http://wellsfargo-verify-login.xyz to restore access. [Case ID: c75b6f],1
Security Alert: Your Apple ID has been locked due to multiple failed login attempts. Verify identity at http://appleid-support-security.xyz now. [Case ID: 884d24],1
"Bank of America Security Alert: Unauthorized transaction of $1,250.00 detected. Click http://bofa-fraud-cancel.top/cancel to reverse charge within 2 hours. [Case ID: 8597a6]",1
Customs Clearance Alert: Your international parcel #US89218 is held at customs due to unpaid duties of $45. Pay now at http://customs-parcel-release.click [Case ID: 5737c6],1
Your package from Amazon has been delivered to your front porch. (Ref #2711),0
"Good morning team, let's join the sprint retrospective call at 10 AM. (Ref #2867)",0
Customs Clearance Alert: Your international parcel #US89218 is held at customs due to unpaid duties of $45. Pay now at http://customs-parcel-release.click [Case ID: f91e24],1
"Your PayPal account was accessed from an unknown device in Russia. If this wasn't you, login now at http://paypal-security-alert.tk/auth to secure funds. [Case ID: 3b712d]",1
Your package from Amazon has been delivered to your front porch. (Ref #2221),0
Customs Clearance Alert: Your international parcel #US89218 is held at customs due to unpaid duties of $45. Pay now at http://customs-parcel-release.click [Case ID: 03cf87],1
Customs Clearance Alert: Your international parcel #US89218 is held at customs due to unpaid duties of $45. Pay now at http://customs-parcel-release.click [Case ID: 270edd],1
URGENT: Your Wells Fargo account has been suspended! Verify your credentials immediately at http://wellsfargo-verify-login.xyz to restore access. [Case ID: 995e1f],1
"Hey, are we still meeting for lunch at 12:30 today? (Ref #3443)",0
Security Alert: Your Apple ID has been locked due to multiple failed login attempts. Verify identity at http://appleid-support-security.xyz now. [Case ID: 04df4d],1
Your package from Amazon has been delivered to your front porch. (Ref #1735),0
"Bank of America Security Alert: Unauthorized transaction of $1,250.00 detected. Click http://bofa-fraud-cancel.top/cancel to reverse charge within 2 hours. [Case ID: c3a690]",1
Security Alert: Your Apple ID has been locked due to multiple failed login attempts. Verify identity at http://appleid-support-security.xyz now. [Case ID: dc960c],1
Can you send me the lecture slides from yesterday's machine learning class? (Ref #3232),0
"Thanks for the meeting notes, I'll review the architecture diagram tonight. (Ref #3104)",0
Don't forget to push your code changes to the branch before the standup. (Ref #2349),0
Let's schedule a 1-on-1 sync tomorrow morning to discuss project milestones. (Ref #2990),0
The server deployment finished successfully without any downtime. (Ref #2451),0
Happy birthday! Wishing you a fantastic year ahead. (Ref #1259),0
Customs Clearance Alert: Your international parcel #US89218 is held at customs due to unpaid duties of $45. Pay now at http://customs-parcel-release.click [Case ID: 71e09b],1
"Good morning team, let's join the sprint retrospective call at 10 AM. (Ref #2971)",0
Don't forget to push your code changes to the branch before the standup. (Ref #3891),0
Security Alert: Your Apple ID has been locked due to multiple failed login attempts. Verify identity at http://appleid-support-security.xyz now. [Case ID: 632cee],1
"Your PayPal account was accessed from an unknown device in Russia. If this wasn't you, login now at http://paypal-security-alert.tk/auth to secure funds. [Case ID: acab01]",1
"Hey, are we still meeting for lunch at 12:30 today? (Ref #2426)",0
"Bank of America Security Alert: Unauthorized transaction of $1,250.00 detected. Click http://bofa-fraud-cancel.top/cancel to reverse charge within 2 hours. [Case ID: eaae33]",1
"Hey, are we still meeting for lunch at 12:30 today? (Ref #1275)",0
Did you get a chance to look at the quarterly report draft? (Ref #2840),0
Customs Clearance Alert: Your international parcel #US89218 is held at customs due to unpaid duties of $45. Pay now at http://customs-parcel-release.click [Case ID: 654ad6],1
"CONGRATULATIONS! You have won $1,000,000 in the International Mobile Lottery. Reply with your full name, bank account, and SSN to claim prize. [Case ID: 08f90c]",1
Customs Clearance Alert: Your international parcel #US89218 is held at customs due to unpaid duties of $45. Pay now at http://customs-parcel-release.click [Case ID: 2dace7],1
"Your PayPal account was accessed from an unknown device in Russia. If this wasn't you, login now at http://paypal-security-alert.tk/auth to secure funds. [Case ID: d20be7]",1
IRS Notice: Final warning! A lawsuit is filed against you for unpaid taxes. Call immediately at +1-800-555-0199 or send $500 via Bitcoin to settle. [Case ID: 4abe17],1
IRS Notice: Final warning! A lawsuit is filed against you for unpaid taxes. Call immediately at +1-800-555-0199 or send $500 via Bitcoin to settle. [Case ID: db6ebd],1
"Hey, are we still meeting for lunch at 12:30 today? (Ref #1171)",0
Did you get a chance to look at the quarterly report draft? (Ref #3776),0
"Bank of America Security Alert: Unauthorized transaction of $1,250.00 detected. Click http://bofa-fraud-cancel.top/cancel to reverse charge within 2 hours. [Case ID: 168908]",1
"Job Offer: Work from home and earn $5,000/week! Send $50 registration fee via UPI / Apple Gift Card to hr@global-remote-jobs.xyz to get started. [Case ID: feecee]",1
Don't forget to push your code changes to the branch before the standup. (Ref #3215),0
"Dear Customer, your Netflix subscription expired. Update your credit card details immediately at http://netflix-billing-update.cf or your service terminates today. [Case ID: 19ca14]",1
Can you send me the lecture slides from yesterday's machine learning class? (Ref #1402),0
"Your PayPal account was accessed from an unknown device in Russia. If this wasn't you, login now at http://paypal-security-alert.tk/auth to secure funds. [Case ID: 7bc1ec]",1
Please review the attached invoice for the software subscription renewal. (Ref #1229),0
"Good morning team, let's join the sprint retrospective call at 10 AM. (Ref #2265)",0
"Job Offer: Work from home and earn $5,000/week! Send $50 registration fee via UPI / Apple Gift Card to hr@global-remote-jobs.xyz to get started. [Case ID: f4be00]",1
Customs Clearance Alert: Your international parcel #US89218 is held at customs due to unpaid duties of $45. Pay now at http://customs-parcel-release.click [Case ID: 8b16eb],1
Your package from Amazon has been delivered to your front porch. (Ref #1746),0
Security Alert: Your Apple ID has been locked due to multiple failed login attempts. Verify identity at http://appleid-support-security.xyz now. [Case ID: 73f490],1
Can you send me the lecture slides from yesterday's machine learning class? (Ref #1942),0
"I'll be home in about 15 minutes, please put the dinner in the oven. (Ref #3069)",0
Please review the attached invoice for the software subscription renewal. (Ref #1498),0
The server deployment finished successfully without any downtime. (Ref #1518),0
"Dear Customer, your Netflix subscription expired. Update your credit card details immediately at http://netflix-billing-update.cf or your service terminates today. [Case ID: 688396]",1
Don't forget to push your code changes to the branch before the standup. (Ref #2080),0
Your debit card has been blocked. Call support immediately at 9845012345 or visit http://bank-card-reactivate.ml to prevent permanent cancellation. [Case ID: 5fd0b3],1
"Thanks for the meeting notes, I'll review the architecture diagram tonight. (Ref #2374)",0
Please review the attached invoice for the software subscription renewal. (Ref #1151),0
Did you get a chance to look at the quarterly report draft? (Ref #3259),0
"I'll be home in about 15 minutes, please put the dinner in the oven. (Ref #2965)",0
"Dear Customer, your Netflix subscription expired. Update your credit card details immediately at http://netflix-billing-update.cf or your service terminates today. [Case ID: 008bd5]",1
"Job Offer: Work from home and earn $5,000/week! Send $50 registration fee via UPI / Apple Gift Card to hr@global-remote-jobs.xyz to get started. [Case ID: 8d7d8e]",1
IRS Notice: Final warning! A lawsuit is filed against you for unpaid taxes. Call immediately at +1-800-555-0199 or send $500 via Bitcoin to settle. [Case ID: 9f396f],1
Happy birthday! Wishing you a fantastic year ahead. (Ref #2241),0
IRS Notice: Final warning! A lawsuit is filed against you for unpaid taxes. Call immediately at +1-800-555-0199 or send $500 via Bitcoin to settle. [Case ID: 16a5cd],1
"Hey, are we still meeting for lunch at 12:30 today? (Ref #3212)",0
Your debit card has been blocked. Call support immediately at 9845012345 or visit http://bank-card-reactivate.ml to prevent permanent cancellation. [Case ID: d1f255],1
Your debit card has been blocked. Call support immediately at 9845012345 or visit http://bank-card-reactivate.ml to prevent permanent cancellation. [Case ID: 68b1fb],1
"Thanks for the meeting notes, I'll review the architecture diagram tonight. (Ref #3663)",0
Let's schedule a 1-on-1 sync tomorrow morning to discuss project milestones. (Ref #3015),0
Customs Clearance Alert: Your international parcel #US89218 is held at customs due to unpaid duties of $45. Pay now at http://customs-parcel-release.click [Case ID: 0e3a37],1
Can you send me the lecture slides from yesterday's machine learning class? (Ref #1219),0
Did you get a chance to look at the quarterly report draft? (Ref #2952),0
Let's schedule a 1-on-1 sync tomorrow morning to discuss project milestones. (Ref #2842),0
Your OTP for logging into the employee portal is 584920. Do not share with anyone. (Ref #3348),0
URGENT: Your Wells Fargo account has been suspended! Verify your credentials immediately at http://wellsfargo-verify-login.xyz to restore access. [Case ID: 0663a4],1
"Thanks for the meeting notes, I'll review the architecture diagram tonight. (Ref #2465)",0
Your OTP for logging into the employee portal is 584920. Do not share with anyone. (Ref #3144),0
"Hey, are we still meeting for lunch at 12:30 today? (Ref #1236)",0
Your debit card has been blocked. Call support immediately at 9845012345 or visit http://bank-card-reactivate.ml to prevent permanent cancellation. [Case ID: 2612aa],1
"Thanks for the meeting notes, I'll review the architecture diagram tonight. (Ref #3295)",0
Security Alert: Your Apple ID has been locked due to multiple failed login attempts. Verify identity at http://appleid-support-security.xyz now. [Case ID: 9824f9],1
"Job Offer: Work from home and earn $5,000/week! Send $50 registration fee via UPI / Apple Gift Card to hr@global-remote-jobs.xyz to get started. [Case ID: 58a2fc]",1
Happy birthday! Wishing you a fantastic year ahead. (Ref #2043),0
Happy birthday! Wishing you a fantastic year ahead. (Ref #1091),0
"Bank of America Security Alert: Unauthorized transaction of $1,250.00 detected. Click http://bofa-fraud-cancel.top/cancel to reverse charge within 2 hours. [Case ID: e449b9]",1
IRS Notice: Final warning! A lawsuit is filed against you for unpaid taxes. Call immediately at +1-800-555-0199 or send $500 via Bitcoin to settle. [Case ID: 28267a],1
"Your PayPal account was accessed from an unknown device in Russia. If this wasn't you, login now at http://paypal-security-alert.tk/auth to secure funds. [Case ID: 333222]",1
Happy birthday! Wishing you a fantastic year ahead. (Ref #3785),0
"Your PayPal account was accessed from an unknown device in Russia. If this wasn't you, login now at http://paypal-security-alert.tk/auth to secure funds. [Case ID: b618c3]",1
"Bank of America Security Alert: Unauthorized transaction of $1,250.00 detected. Click http://bofa-fraud-cancel.top/cancel to reverse charge within 2 hours. [Case ID: 7fa732]",1
Customs Clearance Alert: Your international parcel #US89218 is held at customs due to unpaid duties of $45. Pay now at http://customs-parcel-release.click [Case ID: dc513e],1
Did you get a chance to look at the quarterly report draft? (Ref #3703),0
Your appointment with Dr. Sharma is confirmed for Tuesday at 3 PM. (Ref #2251),0
"Good morning team, let's join the sprint retrospective call at 10 AM. (Ref #3630)",0
"I'll be home in about 15 minutes, please put the dinner in the oven. (Ref #3358)",0
Don't forget to push your code changes to the branch before the standup. (Ref #1158),0
URGENT: Your Wells Fargo account has been suspended! Verify your credentials immediately at http://wellsfargo-verify-login.xyz to restore access. [Case ID: 0234c5],1
Customs Clearance Alert: Your international parcel #US89218 is held at customs due to unpaid duties of $45. Pay now at http://customs-parcel-release.click [Case ID: d75917],1
Your debit card has been blocked. Call support immediately at 9845012345 or visit http://bank-card-reactivate.ml to prevent permanent cancellation. [Case ID: a59102],1
"Hey, are we still meeting for lunch at 12:30 today? (Ref #3730)",0
URGENT: Your Wells Fargo account has been suspended! Verify your credentials immediately at http://wellsfargo-verify-login.xyz to restore access. [Case ID: 98dce8],1
"Dear Customer, your Netflix subscription expired. Update your credit card details immediately at http://netflix-billing-update.cf or your service terminates today. [Case ID: 71f627]",1
Did you get a chance to look at the quarterly report draft? (Ref #2086),0
"Bank of America Security Alert: Unauthorized transaction of $1,250.00 detected. Click http://bofa-fraud-cancel.top/cancel to reverse charge within 2 hours. [Case ID: f60bb6]",1
Customs Clearance Alert: Your international parcel #US89218 is held at customs due to unpaid duties of $45. Pay now at http://customs-parcel-release.click [Case ID: 8f1d43],1
"I'll be home in about 15 minutes, please put the dinner in the oven. (Ref #3988)",0
Customs Clearance Alert: Your international parcel #US89218 is held at customs due to unpaid duties of $45. Pay now at http://customs-parcel-release.click [Case ID: c44e50],1
"Bank of America Security Alert: Unauthorized transaction of $1,250.00 detected. Click http://bofa-fraud-cancel.top/cancel to reverse charge within 2 hours. [Case ID: eefc9e]",1
Let's schedule a 1-on-1 sync tomorrow morning to discuss project milestones. (Ref #3781),0
"Dear Customer, your Netflix subscription expired. Update your credit card details immediately at http://netflix-billing-update.cf or your service terminates today. [Case ID: 537d9b]",1
Can you send me the lecture slides from yesterday's machine learning class? (Ref #3870),0
"CONGRATULATIONS! You have won $1,000,000 in the International Mobile Lottery. Reply with your full name, bank account, and SSN to claim prize. [Case ID: 52292e]",1
"CONGRATULATIONS! You have won $1,000,000 in the International Mobile Lottery. Reply with your full name, bank account, and SSN to claim prize. [Case ID: d46e1f]",1
Your debit card has been blocked. Call support immediately at 9845012345 or visit http://bank-card-reactivate.ml to prevent permanent cancellation. [Case ID: 0747b9],1
Your debit card has been blocked. Call support immediately at 9845012345 or visit http://bank-card-reactivate.ml to prevent permanent cancellation. [Case ID: 66808e],1
URGENT: Your Wells Fargo account has been suspended! Verify your credentials immediately at http://wellsfargo-verify-login.xyz to restore access. [Case ID: 71ad16],1
The server deployment finished successfully without any downtime. (Ref #2337),0
"Good morning team, let's join the sprint retrospective call at 10 AM. (Ref #1679)",0
"CONGRATULATIONS! You have won $1,000,000 in the International Mobile Lottery. Reply with your full name, bank account, and SSN to claim prize. [Case ID: 52c518]",1
Can you send me the lecture slides from yesterday's machine learning class? (Ref #2345),0
URGENT: Your Wells Fargo account has been suspended! Verify your credentials immediately at http://wellsfargo-verify-login.xyz to restore access. [Case ID: f106b7],1
Your package from Amazon has been delivered to your front porch. (Ref #1192),0
Customs Clearance Alert: Your international parcel #US89218 is held at customs due to unpaid duties of $45. Pay now at http://customs-parcel-release.click [Case ID: 329e65],1
Your debit card has been blocked. Call support immediately at 9845012345 or visit http://bank-card-reactivate.ml to prevent permanent cancellation. [Case ID: 01161a],1
Customs Clearance Alert: Your international parcel #US89218 is held at customs due to unpaid duties of $45. Pay now at http://customs-parcel-release.click [Case ID: a3f390],1
"Dear Customer, your Netflix subscription expired. Update your credit card details immediately at http://netflix-billing-update.cf or your service terminates today. [Case ID: a89cf5]",1
Your debit card has been blocked. Call support immediately at 9845012345 or visit http://bank-card-reactivate.ml to prevent permanent cancellation. [Case ID: 996a7f],1
Customs Clearance Alert: Your international parcel #US89218 is held at customs due to unpaid duties of $45. Pay now at http://customs-parcel-release.click [Case ID: 347665],1
URGENT: Your Wells Fargo account has been suspended! Verify your credentials immediately at http://wellsfargo-verify-login.xyz to restore access. [Case ID: a3c65c],1
"Thanks for the meeting notes, I'll review the architecture diagram tonight. (Ref #2413)",0
Did you get a chance to look at the quarterly report draft? (Ref #2347),0
"Job Offer: Work from home and earn $5,000/week! Send $50 registration fee via UPI / Apple Gift Card to hr@global-remote-jobs.xyz to get started. [Case ID: db2b41]",1
"Good morning team, let's join the sprint retrospective call at 10 AM. (Ref #1221)",0
"Dear Customer, your Netflix subscription expired. Update your credit card details immediately at http://netflix-billing-update.cf or your service terminates today. [Case ID: 12b1e4]",1
Security Alert: Your Apple ID has been locked due to multiple failed login attempts. Verify identity at http://appleid-support-security.xyz now. [Case ID: 84f7e6],1
Your appointment with Dr. Sharma is confirmed for Tuesday at 3 PM. (Ref #2599),0
Your debit card has been blocked. Call support immediately at 9845012345 or visit http://bank-card-reactivate.ml to prevent permanent cancellation. [Case ID: 4c144c],1
"Job Offer: Work from home and earn $5,000/week! Send $50 registration fee via UPI / Apple Gift Card to hr@global-remote-jobs.xyz to get started. [Case ID: 978d76]",1
Don't forget to push your code changes to the branch before the standup. (Ref #3951),0
URGENT: Your Wells Fargo account has been suspended! Verify your credentials immediately at http://wellsfargo-verify-login.xyz to restore access. [Case ID: ddb306],1
"I'll be home in about 15 minutes, please put the dinner in the oven. (Ref #1944)",0
"Thanks for the meeting notes, I'll review the architecture diagram tonight. (Ref #1328)",0
"Your PayPal account was accessed from an unknown device in Russia. If this wasn't you, login now at http://paypal-security-alert.tk/auth to secure funds. [Case ID: 1e913e]",1
The flight is delayed by 20 minutes due to weather conditions. (Ref #2815),0
"Your PayPal account was accessed from an unknown device in Russia. If this wasn't you, login now at http://paypal-security-alert.tk/auth to secure funds. [Case ID: 556f39]",1
Can you send me the lecture slides from yesterday's machine learning class? (Ref #1626),0
URGENT: Your Wells Fargo account has been suspended! Verify your credentials immediately at http://wellsfargo-verify-login.xyz to restore access. [Case ID: 060ad9],1
"Good morning team, let's join the sprint retrospective call at 10 AM. (Ref #3417)",0
"Bank of America Security Alert: Unauthorized transaction of $1,250.00 detected. Click http://bofa-fraud-cancel.top/cancel to reverse charge within 2 hours. [Case ID: a284df]",1
"Bank of America Security Alert: Unauthorized transaction of $1,250.00 detected. Click http://bofa-fraud-cancel.top/cancel to reverse charge within 2 hours. [Case ID: 158f30]",1
"Good morning team, let's join the sprint retrospective call at 10 AM. (Ref #3349)",0
Let's schedule a 1-on-1 sync tomorrow morning to discuss project milestones. (Ref #1269),0
"Thanks for the meeting notes, I'll review the architecture diagram tonight. (Ref #3708)",0
Your OTP for logging into the employee portal is 584920. Do not share with anyone. (Ref #1776),0
The server deployment finished successfully without any downtime. (Ref #3078),0
"Good morning team, let's join the sprint retrospective call at 10 AM. (Ref #2803)",0
"Dear Customer, your Netflix subscription expired. Update your credit card details immediately at http://netflix-billing-update.cf or your service terminates today. [Case ID: 084b6f]",1
"Dear Customer, your Netflix subscription expired. Update your credit card details immediately at http://netflix-billing-update.cf or your service terminates today. [Case ID: 663682]",1
The flight is delayed by 20 minutes due to weather conditions. (Ref #2260),0
IRS Notice: Final warning! A lawsuit is filed against you for unpaid taxes. Call immediately at +1-800-555-0199 or send $500 via Bitcoin to settle. [Case ID: ab233b],1
"Job Offer: Work from home and earn $5,000/week! Send $50 registration fee via UPI / Apple Gift Card to hr@global-remote-jobs.xyz to get started. [Case ID: ef1e49]",1
"Dear Customer, your Netflix subscription expired. Update your credit card details immediately at http://netflix-billing-update.cf or your service terminates today. [Case ID: 080408]",1
Can you send me the lecture slides from yesterday's machine learning class? (Ref #2916),0
Let's schedule a 1-on-1 sync tomorrow morning to discuss project milestones. (Ref #1997),0
"Good morning team, let's join the sprint retrospective call at 10 AM. (Ref #3654)",0
Please review the attached invoice for the software subscription renewal. (Ref #1188),0
Security Alert: Your Apple ID has been locked due to multiple failed login attempts. Verify identity at http://appleid-support-security.xyz now. [Case ID: 9f44e9],1
Did you get a chance to look at the quarterly report draft? (Ref #3982),0
Please review the attached invoice for the software subscription renewal. (Ref #1350),0
IRS Notice: Final warning! A lawsuit is filed against you for unpaid taxes. Call immediately at +1-800-555-0199 or send $500 via Bitcoin to settle. [Case ID: 1ef91c],1
"Hey, are we still meeting for lunch at 12:30 today? (Ref #2506)",0
URGENT: Your Wells Fargo account has been suspended! Verify your credentials immediately at http://wellsfargo-verify-login.xyz to restore access. [Case ID: 58c548],1
Your debit card has been blocked. Call support immediately at 9845012345 or visit http://bank-card-reactivate.ml to prevent permanent cancellation. [Case ID: 7fd804],1
Your package from Amazon has been delivered to your front porch. (Ref #3996),0
"Your PayPal account was accessed from an unknown device in Russia. If this wasn't you, login now at http://paypal-security-alert.tk/auth to secure funds. [Case ID: f0935e]",1
Let's schedule a 1-on-1 sync tomorrow morning to discuss project milestones. (Ref #1217),0
"Bank of America Security Alert: Unauthorized transaction of $1,250.00 detected. Click http://bofa-fraud-cancel.top/cancel to reverse charge within 2 hours. [Case ID: f90f2a]",1
Your OTP for logging into the employee portal is 584920. Do not share with anyone. (Ref #2844),0
URGENT: Your Wells Fargo account has been suspended! Verify your credentials immediately at http://wellsfargo-verify-login.xyz to restore access. [Case ID: 8b6a80],1
"I'll be home in about 15 minutes, please put the dinner in the oven. (Ref #1734)",0
Did you get a chance to look at the quarterly report draft? (Ref #3679),0
Your appointment with Dr. Sharma is confirmed for Tuesday at 3 PM. (Ref #3190),0
The server deployment finished successfully without any downtime. (Ref #2011),0
Please review the attached invoice for the software subscription renewal. (Ref #3275),0
"Bank of America Security Alert: Unauthorized transaction of $1,250.00 detected. Click http://bofa-fraud-cancel.top/cancel to reverse charge within 2 hours. [Case ID: 97e852]",1
URGENT: Your Wells Fargo account has been suspended! Verify your credentials immediately at http://wellsfargo-verify-login.xyz to restore access. [Case ID: fb2fcd],1
Please review the attached invoice for the software subscription renewal. (Ref #2222),0
"Dear Customer, your Netflix subscription expired. Update your credit card details immediately at http://netflix-billing-update.cf or your service terminates today. [Case ID: 109a0c]",1
"Dear Customer, your Netflix subscription expired. Update your credit card details immediately at http://netflix-billing-update.cf or your service terminates today. [Case ID: a50abb]",1
URGENT: Your Wells Fargo account has been suspended! Verify your credentials immediately at http://wellsfargo-verify-login.xyz to restore access. [Case ID: 11b984],1
Your debit card has been blocked. Call support immediately at 9845012345 or visit http://bank-card-reactivate.ml to prevent permanent cancellation. [Case ID: 712a3c],1
"Job Offer: Work from home and earn $5,000/week! Send $50 registration fee via UPI / Apple Gift Card to hr@global-remote-jobs.xyz to get started. [Case ID: 72e6d3]",1
"Job Offer: Work from home and earn $5,000/week! Send $50 registration fee via UPI / Apple Gift Card to hr@global-remote-jobs.xyz to get started. [Case ID: b137fd]",1
"I'll be home in about 15 minutes, please put the dinner in the oven. (Ref #1385)",0
Happy birthday! Wishing you a fantastic year ahead. (Ref #1308),0
Your OTP for logging into the employee portal is 584920. Do not share with anyone. (Ref #3788),0
"Job Offer: Work from home and earn $5,000/week! Send $50 registration fee via UPI / Apple Gift Card to hr@global-remote-jobs.xyz to get started. [Case ID: 2823f4]",1
The flight is delayed by 20 minutes due to weather conditions. (Ref #2891),0
Please review the attached invoice for the software subscription renewal. (Ref #1532),0
"I'll be home in about 15 minutes, please put the dinner in the oven. (Ref #3667)",0
URGENT: Your Wells Fargo account has been suspended! Verify your credentials immediately at http://wellsfargo-verify-login.xyz to restore access. [Case ID: cd4bb3],1
Let's schedule a 1-on-1 sync tomorrow morning to discuss project milestones. (Ref #1859),0
"CONGRATULATIONS! You have won $1,000,000 in the International Mobile Lottery. Reply with your full name, bank account, and SSN to claim prize. [Case ID: ddd9dd]",1
The flight is delayed by 20 minutes due to weather conditions. (Ref #3952),0
The flight is delayed by 20 minutes due to weather conditions. (Ref #3163),0
Let's schedule a 1-on-1 sync tomorrow morning to discuss project milestones. (Ref #1630),0
Don't forget to push your code changes to the branch before the standup. (Ref #3384),0
Your appointment with Dr. Sharma is confirmed for Tuesday at 3 PM. (Ref #1494),0
Let's schedule a 1-on-1 sync tomorrow morning to discuss project milestones. (Ref #1443),0
"Bank of America Security Alert: Unauthorized transaction of $1,250.00 detected. Click http://bofa-fraud-cancel.top/cancel to reverse charge within 2 hours. [Case ID: c5ff25]",1
"I'll be home in about 15 minutes, please put the dinner in the oven. (Ref #1593)",0
IRS Notice: Final warning! A lawsuit is filed against you for unpaid taxes. Call immediately at +1-800-555-0199 or send $500 via Bitcoin to settle. [Case ID: b166b5],1
The server deployment finished successfully without any downtime. (Ref #2090),0
The flight is delayed by 20 minutes due to weather conditions. (Ref #2475),0
"Thanks for the meeting notes, I'll review the architecture diagram tonight. (Ref #3471)",0
Your debit card has been blocked. Call support immediately at 9845012345 or visit http://bank-card-reactivate.ml to prevent permanent cancellation. [Case ID: c1fea2],1
"Your PayPal account was accessed from an unknown device in Russia. If this wasn't you, login now at http://paypal-security-alert.tk/auth to secure funds. [Case ID: 884d79]",1
URGENT: Your Wells Fargo account has been suspended! Verify your credentials immediately at http://wellsfargo-verify-login.xyz to restore access. [Case ID: 8c6744],1
Don't forget to push your code changes to the branch before the standup. (Ref #3825),0
Your package from Amazon has been delivered to your front porch. (Ref #1081),0
Let's schedule a 1-on-1 sync tomorrow morning to discuss project milestones. (Ref #3496),0
Customs Clearance Alert: Your international parcel #US89218 is held at customs due to unpaid duties of $45. Pay now at http://customs-parcel-release.click [Case ID: 6832a7],1
Happy birthday! Wishing you a fantastic year ahead. (Ref #1827),0
Did you get a chance to look at the quarterly report draft? (Ref #2518),0
Please review the attached invoice for the software subscription renewal. (Ref #1643),0
The flight is delayed by 20 minutes due to weather conditions. (Ref #1113),0
"Hey, are we still meeting for lunch at 12:30 today? (Ref #1429)",0
The flight is delayed by 20 minutes due to weather conditions. (Ref #3569),0
IRS Notice: Final warning! A lawsuit is filed against you for unpaid taxes. Call immediately at +1-800-555-0199 or send $500 via Bitcoin to settle. [Case ID: d63fbf],1
"Job Offer: Work from home and earn $5,000/week! Send $50 registration fee via UPI / Apple Gift Card to hr@global-remote-jobs.xyz to get started. [Case ID: dfce06]",1
"Job Offer: Work from home and earn $5,000/week! Send $50 registration fee via UPI / Apple Gift Card to hr@global-remote-jobs.xyz to get started. [Case ID: e6d854]",1
"Good morning team, let's join the sprint retrospective call at 10 AM. (Ref #3580)",0
"Bank of America Security Alert: Unauthorized transaction of $1,250.00 detected. Click http://bofa-fraud-cancel.top/cancel to reverse charge within 2 hours. [Case ID: 1bf0c5]",1
Customs Clearance Alert: Your international parcel #US89218 is held at customs due to unpaid duties of $45. Pay now at http://customs-parcel-release.click [Case ID: 63923f],1
Your package from Amazon has been delivered to your front porch. (Ref #2385),0
URGENT: Your Wells Fargo account has been suspended! Verify your credentials immediately at http://wellsfargo-verify-login.xyz to restore access. [Case ID: a38b16],1
Your package from Amazon has been delivered to your front porch. (Ref #3271),0
Security Alert: Your Apple ID has been locked due to multiple failed login attempts. Verify identity at http://appleid-support-security.xyz now. [Case ID: 519c84],1
Can you send me the lecture slides from yesterday's machine learning class? (Ref #3035),0
"CONGRATULATIONS! You have won $1,000,000 in the International Mobile Lottery. Reply with your full name, bank account, and SSN to claim prize. [Case ID: dbab2a]",1
URGENT: Your Wells Fargo account has been suspended! Verify your credentials immediately at http://wellsfargo-verify-login.xyz to restore access. [Case ID: d2ed45],1
IRS Notice: Final warning! A lawsuit is filed against you for unpaid taxes. Call immediately at +1-800-555-0199 or send $500 via Bitcoin to settle. [Case ID: d947bf],1
Security Alert: Your Apple ID has been locked due to multiple failed login attempts. Verify identity at http://appleid-support-security.xyz now. [Case ID: 1145a3],1
Your OTP for logging into the employee portal is 584920. Do not share with anyone. (Ref #1691),0
Customs Clearance Alert: Your international parcel #US89218 is held at customs due to unpaid duties of $45. Pay now at http://customs-parcel-release.click [Case ID: e94f63],1
Can you send me the lecture slides from yesterday's machine learning class? (Ref #2339),0
"Good morning team, let's join the sprint retrospective call at 10 AM. (Ref #1906)",0
"Job Offer: Work from home and earn $5,000/week! Send $50 registration fee via UPI / Apple Gift Card to hr@global-remote-jobs.xyz to get started. [Case ID: 253614]",1
Your appointment with Dr. Sharma is confirmed for Tuesday at 3 PM. (Ref #3973),0
The flight is delayed by 20 minutes due to weather conditions. (Ref #1014),0
Can you send me the lecture slides from yesterday's machine learning class? (Ref #3966),0
"I'll be home in about 15 minutes, please put the dinner in the oven. (Ref #3369)",0
"Hey, are we still meeting for lunch at 12:30 today? (Ref #2818)",0
Customs Clearance Alert: Your international parcel #US89218 is held at customs due to unpaid duties of $45. Pay now at http://customs-parcel-release.click [Case ID: 217c0e],1
"Dear Customer, your Netflix subscription expired. Update your credit card details immediately at http://netflix-billing-update.cf or your service terminates today. [Case ID: 92a0e7]",1
URGENT: Your Wells Fargo account has been suspended! Verify your credentials immediately at http://wellsfargo-verify-login.xyz to restore access. [Case ID: 502e4a],1
"Hey, are we still meeting for lunch at 12:30 today? (Ref #3892)",0
Can you send me the lecture slides from yesterday's machine learning class? (Ref #1668),0
Did you get a chance to look at the quarterly report draft? (Ref #2979),0
"Your PayPal account was accessed from an unknown device in Russia. If this wasn't you, login now at http://paypal-security-alert.tk/auth to secure funds. [Case ID: 1c5498]",1
"Dear Customer, your Netflix subscription expired. Update your credit card details immediately at http://netflix-billing-update.cf or your service terminates today. [Case ID: da4902]",1
Your appointment with Dr. Sharma is confirmed for Tuesday at 3 PM. (Ref #2940),0
"CONGRATULATIONS! You have won $1,000,000 in the International Mobile Lottery. Reply with your full name, bank account, and SSN to claim prize. [Case ID: a5771b]",1
Happy birthday! Wishing you a fantastic year ahead. (Ref #3320),0
Your debit card has been blocked. Call support immediately at 9845012345 or visit http://bank-card-reactivate.ml to prevent permanent cancellation. [Case ID: de7092],1
Did you get a chance to look at the quarterly report draft? (Ref #1321),0
The server deployment finished successfully without any downtime. (Ref #2054),0
Your package from Amazon has been delivered to your front porch. (Ref #2667),0
Did you get a chance to look at the quarterly report draft? (Ref #2563),0
Your OTP for logging into the employee portal is 584920. Do not share with anyone. (Ref #2992),0
"Hey, are we still meeting for lunch at 12:30 today? (Ref #2770)",0
Your OTP for logging into the employee portal is 584920. Do not share with anyone. (Ref #3392),0
Can you send me the lecture slides from yesterday's machine learning class? (Ref #3634),0
Your OTP for logging into the employee portal is 584920. Do not share with anyone. (Ref #2131),0
Your package from Amazon has been delivered to your front porch. (Ref #2620),0
Your package from Amazon has been delivered to your front porch. (Ref #2463),0
"CONGRATULATIONS! You have won $1,000,000 in the International Mobile Lottery. Reply with your full name, bank account, and SSN to claim prize. [Case ID: 93db85]",1
Security Alert: Your Apple ID has been locked due to multiple failed login attempts. Verify identity at http://appleid-support-security.xyz now. [Case ID: 211c1e],1
Please review the attached invoice for the software subscription renewal. (Ref #2474),0
The server deployment finished successfully without any downtime. (Ref #1964),0
"Good morning team, let's join the sprint retrospective call at 10 AM. (Ref #3328)",0
URGENT: Your Wells Fargo account has been suspended! Verify your credentials immediately at http://wellsfargo-verify-login.xyz to restore access. [Case ID: 1b36ea],1
"Hey, are we still meeting for lunch at 12:30 today? (Ref #2941)",0
"Job Offer: Work from home and earn $5,000/week! Send $50 registration fee via UPI / Apple Gift Card to hr@global-remote-jobs.xyz to get started. [Case ID: c92a10]",1
"Bank of America Security Alert: Unauthorized transaction of $1,250.00 detected. Click http://bofa-fraud-cancel.top/cancel to reverse charge within 2 hours. [Case ID: 86e784]",1
"Your PayPal account was accessed from an unknown device in Russia. If this wasn't you, login now at http://paypal-security-alert.tk/auth to secure funds. [Case ID: 0f840b]",1
"Bank of America Security Alert: Unauthorized transaction of $1,250.00 detected. Click http://bofa-fraud-cancel.top/cancel to reverse charge within 2 hours. [Case ID: d68a18]",1
"Dear Customer, your Netflix subscription expired. Update your credit card details immediately at http://netflix-billing-update.cf or your service terminates today. [Case ID: 271551]",1
"CONGRATULATIONS! You have won $1,000,000 in the International Mobile Lottery. Reply with your full name, bank account, and SSN to claim prize. [Case ID: 6786f3]",1
"Hey, are we still meeting for lunch at 12:30 today? (Ref #2854)",0
"Job Offer: Work from home and earn $5,000/week! Send $50 registration fee via UPI / Apple Gift Card to hr@global-remote-jobs.xyz to get started. [Case ID: 5878a7]",1
"Hey, are we still meeting for lunch at 12:30 today? (Ref #3421)",0
Happy birthday! Wishing you a fantastic year ahead. (Ref #3587),0
"Hey, are we still meeting for lunch at 12:30 today? (Ref #1585)",0
"Your PayPal account was accessed from an unknown device in Russia. If this wasn't you, login now at http://paypal-security-alert.tk/auth to secure funds. [Case ID: 415e1a]",1
The flight is delayed by 20 minutes due to weather conditions. (Ref #1086),0
Your package from Amazon has been delivered to your front porch. (Ref #3477),0
IRS Notice: Final warning! A lawsuit is filed against you for unpaid taxes. Call immediately at +1-800-555-0199 or send $500 via Bitcoin to settle. [Case ID: 1cd388],1
Your OTP for logging into the employee portal is 584920. Do not share with anyone. (Ref #3159),0
Your debit card has been blocked. Call support immediately at 9845012345 or visit http://bank-card-reactivate.ml to prevent permanent cancellation. [Case ID: 299210],1
Let's schedule a 1-on-1 sync tomorrow morning to discuss project milestones. (Ref #1048),0
Can you send me the lecture slides from yesterday's machine learning class? (Ref #3314),0
Your package from Amazon has been delivered to your front porch. (Ref #2807),0
Your package from Amazon has been delivered to your front porch. (Ref #1697),0
Your appointment with Dr. Sharma is confirmed for Tuesday at 3 PM. (Ref #1343),0
"Bank of America Security Alert: Unauthorized transaction of $1,250.00 detected. Click http://bofa-fraud-cancel.top/cancel to reverse charge within 2 hours. [Case ID: ae0eb3]",1
Your appointment with Dr. Sharma is confirmed for Tuesday at 3 PM. (Ref #2736),0
Your OTP for logging into the employee portal is 584920. Do not share with anyone. (Ref #2376),0
Happy birthday! Wishing you a fantastic year ahead. (Ref #3917),0
Security Alert: Your Apple ID has been locked due to multiple failed login attempts. Verify identity at http://appleid-support-security.xyz now. [Case ID: 7e7e69],1
URGENT: Your Wells Fargo account has been suspended! Verify your credentials immediately at http://wellsfargo-verify-login.xyz to restore access. [Case ID: 3d8e28],1
URGENT: Your Wells Fargo account has been suspended! Verify your credentials immediately at http://wellsfargo-verify-login.xyz to restore access. [Case ID: 854d9f],1
Your appointment with Dr. Sharma is confirmed for Tuesday at 3 PM. (Ref #1150),0
"CONGRATULATIONS! You have won $1,000,000 in the International Mobile Lottery. Reply with your full name, bank account, and SSN to claim prize. [Case ID: 3dd942]",1
Please review the attached invoice for the software subscription renewal. (Ref #3733),0
"Good morning team, let's join the sprint retrospective call at 10 AM. (Ref #2723)",0
"Hey, are we still meeting for lunch at 12:30 today? (Ref #1030)",0
The server deployment finished successfully without any downtime. (Ref #3702),0
Your appointment with Dr. Sharma is confirmed for Tuesday at 3 PM. (Ref #2655),0
"Job Offer: Work from home and earn $5,000/week! Send $50 registration fee via UPI / Apple Gift Card to hr@global-remote-jobs.xyz to get started. [Case ID: c70daf]",1
Customs Clearance Alert: Your international parcel #US89218 is held at customs due to unpaid duties of $45. Pay now at http://customs-parcel-release.click [Case ID: 596ded],1
Your debit card has been blocked. Call support immediately at 9845012345 or visit http://bank-card-reactivate.ml to prevent permanent cancellation. [Case ID: 58ae74],1
"Your PayPal account was accessed from an unknown device in Russia. If this wasn't you, login now at http://paypal-security-alert.tk/auth to secure funds. [Case ID: e17184]",1
Your appointment with Dr. Sharma is confirmed for Tuesday at 3 PM. (Ref #1295),0
"Dear Customer, your Netflix subscription expired. Update your credit card details immediately at http://netflix-billing-update.cf or your service terminates today. [Case ID: 14d9e8]",1
Please review the attached invoice for the software subscription renewal. (Ref #1215),0
"Your PayPal account was accessed from an unknown device in Russia. If this wasn't you, login now at http://paypal-security-alert.tk/auth to secure funds. [Case ID: 1651cf]",1
URGENT: Your Wells Fargo account has been suspended! Verify your credentials immediately at http://wellsfargo-verify-login.xyz to restore access. [Case ID: 11f524],1
"Good morning team, let's join the sprint retrospective call at 10 AM. (Ref #2022)",0
The server deployment finished successfully without any downtime. (Ref #2886),0
"Bank of America Security Alert: Unauthorized transaction of $1,250.00 detected. Click http://bofa-fraud-cancel.top/cancel to reverse charge within 2 hours. [Case ID: 25b282]",1
Your debit card has been blocked. Call support immediately at 9845012345 or visit http://bank-card-reactivate.ml to prevent permanent cancellation. [Case ID: a3545b],1
"Bank of America Security Alert: Unauthorized transaction of $1,250.00 detected. Click http://bofa-fraud-cancel.top/cancel to reverse charge within 2 hours. [Case ID: d1a696]",1
"Good morning team, let's join the sprint retrospective call at 10 AM. (Ref #3480)",0
IRS Notice: Final warning! A lawsuit is filed against you for unpaid taxes. Call immediately at +1-800-555-0199 or send $500 via Bitcoin to settle. [Case ID: b4a528],1
Customs Clearance Alert: Your international parcel #US89218 is held at customs due to unpaid duties of $45. Pay now at http://customs-parcel-release.click [Case ID: 8bf121],1
The server deployment finished successfully without any downtime. (Ref #2143),0
Security Alert: Your Apple ID has been locked due to multiple failed login attempts. Verify identity at http://appleid-support-security.xyz now. [Case ID: 363663],1
Customs Clearance Alert: Your international parcel #US89218 is held at customs due to unpaid duties of $45. Pay now at http://customs-parcel-release.click [Case ID: ac5dab],1
The server deployment finished successfully without any downtime. (Ref #2835),0
The flight is delayed by 20 minutes due to weather conditions. (Ref #1910),0
"Bank of America Security Alert: Unauthorized transaction of $1,250.00 detected. Click http://bofa-fraud-cancel.top/cancel to reverse charge within 2 hours. [Case ID: 15de21]",1
"I'll be home in about 15 minutes, please put the dinner in the oven. (Ref #3117)",0
"Good morning team, let's join the sprint retrospective call at 10 AM. (Ref #3809)",0
URGENT: Your Wells Fargo account has been suspended! Verify your credentials immediately at http://wellsfargo-verify-login.xyz to restore access. [Case ID: 6e62a9],1
URGENT: Your Wells Fargo account has been suspended! Verify your credentials immediately at http://wellsfargo-verify-login.xyz to restore access. [Case ID: 3ad7c2],1
Your OTP for logging into the employee portal is 584920. Do not share with anyone. (Ref #1649),0
Your package from Amazon has been delivered to your front porch. (Ref #2103),0
Security Alert: Your Apple ID has been locked due to multiple failed login attempts. Verify identity at http://appleid-support-security.xyz now. [Case ID: ffd52f],1
The server deployment finished successfully without any downtime. (Ref #1943),0
The flight is delayed by 20 minutes due to weather conditions. (Ref #3575),0
Customs Clearance Alert: Your international parcel #US89218 is held at customs due to unpaid duties of $45. Pay now at http://customs-parcel-release.click [Case ID: 2de5d1],1
Your package from Amazon has been delivered to your front porch. (Ref #2173),0
Your package from Amazon has been delivered to your front porch. (Ref #1325),0
Did you get a chance to look at the quarterly report draft? (Ref #1705),0
Can you send me the lecture slides from yesterday's machine learning class? (Ref #2791),0
Security Alert: Your Apple ID has been locked due to multiple failed login attempts. Verify identity at http://appleid-support-security.xyz now. [Case ID: 5fa9e4],1
"Bank of America Security Alert: Unauthorized transaction of $1,250.00 detected. Click http://bofa-fraud-cancel.top/cancel to reverse charge within 2 hours. [Case ID: a58149]",1
Your debit card has been blocked. Call support immediately at 9845012345 or visit http://bank-card-reactivate.ml to prevent permanent cancellation. [Case ID: 24896e],1
Security Alert: Your Apple ID has been locked due to multiple failed login attempts. Verify identity at http://appleid-support-security.xyz now. [Case ID: 28dc6b],1
URGENT: Your Wells Fargo account has been suspended! Verify your credentials immediately at http://wellsfargo-verify-login.xyz to restore access. [Case ID: 285f89],1
Your package from Amazon has been delivered to your front porch. (Ref #1211),0
"Job Offer: Work from home and earn $5,000/week! Send $50 registration fee via UPI / Apple Gift Card to hr@global-remote-jobs.xyz to get started. [Case ID: f19700]",1
Can you send me the lecture slides from yesterday's machine learning class? (Ref #2368),0
"Job Offer: Work from home and earn $5,000/week! Send $50 registration fee via UPI / Apple Gift Card to hr@global-remote-jobs.xyz to get started. [Case ID: 1abb1e]",1
Did you get a chance to look at the quarterly report draft? (Ref #3332),0
Security Alert: Your Apple ID has been locked due to multiple failed login attempts. Verify identity at http://appleid-support-security.xyz now. [Case ID: 326a8c],1
Your debit card has been blocked. Call support immediately at 9845012345 or visit http://bank-card-reactivate.ml to prevent permanent cancellation. [Case ID: 7750ca],1
URGENT: Your Wells Fargo account has been suspended! Verify your credentials immediately at http://wellsfargo-verify-login.xyz to restore access. [Case ID: 97416a],1
URGENT: Your Wells Fargo account has been suspended! Verify your credentials immediately at http://wellsfargo-verify-login.xyz to restore access. [Case ID: 70ece1],1
Your appointment with Dr. Sharma is confirmed for Tuesday at 3 PM. (Ref #3601),0
Customs Clearance Alert: Your international parcel #US89218 is held at customs due to unpaid duties of $45. Pay now at http://customs-parcel-release.click [Case ID: 9a3d45],1
Your appointment with Dr. Sharma is confirmed for Tuesday at 3 PM. (Ref #1786),0
Please review the attached invoice for the software subscription renewal. (Ref #3957),0
"Your PayPal account was accessed from an unknown device in Russia. If this wasn't you, login now at http://paypal-security-alert.tk/auth to secure funds. [Case ID: d860ed]",1
Don't forget to push your code changes to the branch before the standup. (Ref #3787),0
"Bank of America Security Alert: Unauthorized transaction of $1,250.00 detected. Click http://bofa-fraud-cancel.top/cancel to reverse charge within 2 hours. [Case ID: 158fc2]",1
IRS Notice: Final warning! A lawsuit is filed against you for unpaid taxes. Call immediately at +1-800-555-0199 or send $500 via Bitcoin to settle. [Case ID: 7b41bf],1
Your appointment with Dr. Sharma is confirmed for Tuesday at 3 PM. (Ref #2792),0
"Job Offer: Work from home and earn $5,000/week! Send $50 registration fee via UPI / Apple Gift Card to hr@global-remote-jobs.xyz to get started. [Case ID: 390597]",1
"Thanks for the meeting notes, I'll review the architecture diagram tonight. (Ref #1628)",0
URGENT: Your Wells Fargo account has been suspended! Verify your credentials immediately at http://wellsfargo-verify-login.xyz to restore access. [Case ID: 22ac3c],1
"Bank of America Security Alert: Unauthorized transaction of $1,250.00 detected. Click http://bofa-fraud-cancel.top/cancel to reverse charge within 2 hours. [Case ID: 7f53f8]",1
"Bank of America Security Alert: Unauthorized transaction of $1,250.00 detected. Click http://bofa-fraud-cancel.top/cancel to reverse charge within 2 hours. [Case ID: 7380ad]",1
Don't forget to push your code changes to the branch before the standup. (Ref #2047),0
URGENT: Your Wells Fargo account has been suspended! Verify your credentials immediately at http://wellsfargo-verify-login.xyz to restore access. [Case ID: 7f1de2],1
Security Alert: Your Apple ID has been locked due to multiple failed login attempts. Verify identity at http://appleid-support-security.xyz now. [Case ID: 86df7d],1
Security Alert: Your Apple ID has been locked due to multiple failed login attempts. Verify identity at http://appleid-support-security.xyz now. [Case ID: dc6a64],1
"Dear Customer, your Netflix subscription expired. Update your credit card details immediately at http://netflix-billing-update.cf or your service terminates today. [Case ID: b6cda1]",1
IRS Notice: Final warning! A lawsuit is filed against you for unpaid taxes. Call immediately at +1-800-555-0199 or send $500 via Bitcoin to settle. [Case ID: f33ba1],1
"CONGRATULATIONS! You have won $1,000,000 in the International Mobile Lottery. Reply with your full name, bank account, and SSN to claim prize. [Case ID: 1b5230]",1
Customs Clearance Alert: Your international parcel #US89218 is held at customs due to unpaid duties of $45. Pay now at http://customs-parcel-release.click [Case ID: 71a58e],1
Happy birthday! Wishing you a fantastic year ahead. (Ref #2269),0
"Your PayPal account was accessed from an unknown device in Russia. If this wasn't you, login now at http://paypal-security-alert.tk/auth to secure funds. [Case ID: c0c7c7]",1
"Job Offer: Work from home and earn $5,000/week! Send $50 registration fee via UPI / Apple Gift Card to hr@global-remote-jobs.xyz to get started. [Case ID: f4573f]",1
Your package from Amazon has been delivered to your front porch. (Ref #1661),0
"Good morning team, let's join the sprint retrospective call at 10 AM. (Ref #2199)",0
Your debit card has been blocked. Call support immediately at 9845012345 or visit http://bank-card-reactivate.ml to prevent permanent cancellation. [Case ID: 0ae3f7],1
"CONGRATULATIONS! You have won $1,000,000 in the International Mobile Lottery. Reply with your full name, bank account, and SSN to claim prize. [Case ID: e8b1cb]",1
The server deployment finished successfully without any downtime. (Ref #2910),0
URGENT: Your Wells Fargo account has been suspended! Verify your credentials immediately at http://wellsfargo-verify-login.xyz to restore access. [Case ID: 0188e8],1
Happy birthday! Wishing you a fantastic year ahead. (Ref #2762),0
URGENT: Your Wells Fargo account has been suspended! Verify your credentials immediately at http://wellsfargo-verify-login.xyz to restore access. [Case ID: 819e3d],1
Your appointment with Dr. Sharma is confirmed for Tuesday at 3 PM. (Ref #2956),0
"Good morning team, let's join the sprint retrospective call at 10 AM. (Ref #2318)",0
"Bank of America Security Alert: Unauthorized transaction of $1,250.00 detected. Click http://bofa-fraud-cancel.top/cancel to reverse charge within 2 hours. [Case ID: d736bb]",1
URGENT: Your Wells Fargo account has been suspended! Verify your credentials immediately at http://wellsfargo-verify-login.xyz to restore access. [Case ID: 877a9b],1
URGENT: Your Wells Fargo account has been suspended! Verify your credentials immediately at http://wellsfargo-verify-login.xyz to restore access. [Case ID: 045117],1
"Good morning team, let's join the sprint retrospective call at 10 AM. (Ref #1073)",0
IRS Notice: Final warning! A lawsuit is filed against you for unpaid taxes. Call immediately at +1-800-555-0199 or send $500 via Bitcoin to settle. [Case ID: b4568d],1
Don't forget to push your code changes to the branch before the standup. (Ref #1426),0
"Bank of America Security Alert: Unauthorized transaction of $1,250.00 detected. Click http://bofa-fraud-cancel.top/cancel to reverse charge within 2 hours. [Case ID: 158796]",1
"CONGRATULATIONS! You have won $1,000,000 in the International Mobile Lottery. Reply with your full name, bank account, and SSN to claim prize. [Case ID: 4dcf43]",1
URGENT: Your Wells Fargo account has been suspended! Verify your credentials immediately at http://wellsfargo-verify-login.xyz to restore access. [Case ID: 096628],1
Can you send me the lecture slides from yesterday's machine learning class? (Ref #2684),0
Let's schedule a 1-on-1 sync tomorrow morning to discuss project milestones. (Ref #2993),0
"Job Offer: Work from home and earn $5,000/week! Send $50 registration fee via UPI / Apple Gift Card to hr@global-remote-jobs.xyz to get started. [Case ID: ae5e3c]",1
Your OTP for logging into the employee portal is 584920. Do not share with anyone. (Ref #3871),0
"I'll be home in about 15 minutes, please put the dinner in the oven. (Ref #1611)",0
The flight is delayed by 20 minutes due to weather conditions. (Ref #1134),0
"Your PayPal account was accessed from an unknown device in Russia. If this wasn't you, login now at http://paypal-security-alert.tk/auth to secure funds. [Case ID: cf6735]",1
Happy birthday! Wishing you a fantastic year ahead. (Ref #1743),0
"Hey, are we still meeting for lunch at 12:30 today? (Ref #2795)",0
Your OTP for logging into the employee portal is 584920. Do not share with anyone. (Ref #3202),0
IRS Notice: Final warning! A lawsuit is filed against you for unpaid taxes. Call immediately at +1-800-555-0199 or send $500 via Bitcoin to settle. [Case ID: f9b902],1
IRS Notice: Final warning! A lawsuit is filed against you for unpaid taxes. Call immediately at +1-800-555-0199 or send $500 via Bitcoin to settle. [Case ID: d5cfea],1
URGENT: Your Wells Fargo account has been suspended! Verify your credentials immediately at http://wellsfargo-verify-login.xyz to restore access. [Case ID: 3a8241],1
"I'll be home in about 15 minutes, please put the dinner in the oven. (Ref #1331)",0
"Hey, are we still meeting for lunch at 12:30 today? (Ref #1820)",0
Can you send me the lecture slides from yesterday's machine learning class? (Ref #2326),0
"Thanks for the meeting notes, I'll review the architecture diagram tonight. (Ref #3865)",0
Did you get a chance to look at the quarterly report draft? (Ref #3266),0
"Bank of America Security Alert: Unauthorized transaction of $1,250.00 detected. Click http://bofa-fraud-cancel.top/cancel to reverse charge within 2 hours. [Case ID: b7892f]",1
Let's schedule a 1-on-1 sync tomorrow morning to discuss project milestones. (Ref #1727),0
Customs Clearance Alert: Your international parcel #US89218 is held at customs due to unpaid duties of $45. Pay now at http://customs-parcel-release.click [Case ID: 19f3cd],1
"CONGRATULATIONS! You have won $1,000,000 in the International Mobile Lottery. Reply with your full name, bank account, and SSN to claim prize. [Case ID: b2eeb7]",1
URGENT: Your Wells Fargo account has been suspended! Verify your credentials immediately at http://wellsfargo-verify-login.xyz to restore access. [Case ID: db2945],1
"Job Offer: Work from home and earn $5,000/week! Send $50 registration fee via UPI / Apple Gift Card to hr@global-remote-jobs.xyz to get started. [Case ID: a96b65]",1
Customs Clearance Alert: Your international parcel #US89218 is held at customs due to unpaid duties of $45. Pay now at http://customs-parcel-release.click [Case ID: e6c2dc],1
"CONGRATULATIONS! You have won $1,000,000 in the International Mobile Lottery. Reply with your full name, bank account, and SSN to claim prize. [Case ID: d0fb96]",1
"Dear Customer, your Netflix subscription expired. Update your credit card details immediately at http://netflix-billing-update.cf or your service terminates today. [Case ID: c36142]",1
"Hey, are we still meeting for lunch at 12:30 today? (Ref #2395)",0
Customs Clearance Alert: Your international parcel #US89218 is held at customs due to unpaid duties of $45. Pay now at http://customs-parcel-release.click [Case ID: 1e0a84],1
Don't forget to push your code changes to the branch before the standup. (Ref #3851),0
"Hey, are we still meeting for lunch at 12:30 today? (Ref #3418)",0
IRS Notice: Final warning! A lawsuit is filed against you for unpaid taxes. Call immediately at +1-800-555-0199 or send $500 via Bitcoin to settle. [Case ID: a01610],1
URGENT: Your Wells Fargo account has been suspended! Verify your credentials immediately at http://wellsfargo-verify-login.xyz to restore access. [Case ID: 52947e],1
Can you send me the lecture slides from yesterday's machine learning class? (Ref #1764),0
"Dear Customer, your Netflix subscription expired. Update your credit card details immediately at http://netflix-billing-update.cf or your service terminates today. [Case ID: f442d3]",1
Please review the attached invoice for the software subscription renewal. (Ref #1041),0
"Dear Customer, your Netflix subscription expired. Update your credit card details immediately at http://netflix-billing-update.cf or your service terminates today. [Case ID: 1b0114]",1
Please review the attached invoice for the software subscription renewal. (Ref #2116),0
Please review the attached invoice for the software subscription renewal. (Ref #2505),0
"CONGRATULATIONS! You have won $1,000,000 in the International Mobile Lottery. Reply with your full name, bank account, and SSN to claim prize. [Case ID: 4f4adc]",1
"Good morning team, let's join the sprint retrospective call at 10 AM. (Ref #1902)",0
Happy birthday! Wishing you a fantastic year ahead. (Ref #3522),0
Your appointment with Dr. Sharma is confirmed for Tuesday at 3 PM. (Ref #3798),0
Your debit card has been blocked. Call support immediately at 9845012345 or visit http://bank-card-reactivate.ml to prevent permanent cancellation. [Case ID: a94149],1
Customs Clearance Alert: Your international parcel #US89218 is held at customs due to unpaid duties of $45. Pay now at http://customs-parcel-release.click [Case ID: b42742],1
IRS Notice: Final warning! A lawsuit is filed against you for unpaid taxes. Call immediately at +1-800-555-0199 or send $500 via Bitcoin to settle. [Case ID: c45147],1
Your debit card has been blocked. Call support immediately at 9845012345 or visit http://bank-card-reactivate.ml to prevent permanent cancellation. [Case ID: d4b2ae],1
Your package from Amazon has been delivered to your front porch. (Ref #2697),0
Don't forget to push your code changes to the branch before the standup. (Ref #2744),0
Your debit card has been blocked. Call support immediately at 9845012345 or visit http://bank-card-reactivate.ml to prevent permanent cancellation. [Case ID: d9ff90],1
"Job Offer: Work from home and earn $5,000/week! Send $50 registration fee via UPI / Apple Gift Card to hr@global-remote-jobs.xyz to get started. [Case ID: 091d58]",1
"I'll be home in about 15 minutes, please put the dinner in the oven. (Ref #3187)",0
Let's schedule a 1-on-1 sync tomorrow morning to discuss project milestones. (Ref #1416),0
The server deployment finished successfully without any downtime. (Ref #3058),0
IRS Notice: Final warning! A lawsuit is filed against you for unpaid taxes. Call immediately at +1-800-555-0199 or send $500 via Bitcoin to settle. [Case ID: f5f859],1
IRS Notice: Final warning! A lawsuit is filed against you for unpaid taxes. Call immediately at +1-800-555-0199 or send $500 via Bitcoin to settle. [Case ID: 0fe473],1
Can you send me the lecture slides from yesterday's machine learning class? (Ref #1881),0
"I'll be home in about 15 minutes, please put the dinner in the oven. (Ref #3103)",0
"Dear Customer, your Netflix subscription expired. Update your credit card details immediately at http://netflix-billing-update.cf or your service terminates today. [Case ID: 577ef1]",1
Customs Clearance Alert: Your international parcel #US89218 is held at customs due to unpaid duties of $45. Pay now at http://customs-parcel-release.click [Case ID: f61d69],1
"Good morning team, let's join the sprint retrospective call at 10 AM. (Ref #1031)",0
The flight is delayed by 20 minutes due to weather conditions. (Ref #1904),0
IRS Notice: Final warning! A lawsuit is filed against you for unpaid taxes. Call immediately at +1-800-555-0199 or send $500 via Bitcoin to settle. [Case ID: 8698ff],1
Happy birthday! Wishing you a fantastic year ahead. (Ref #1220),0
"Bank of America Security Alert: Unauthorized transaction of $1,250.00 detected. Click http://bofa-fraud-cancel.top/cancel to reverse charge within 2 hours. [Case ID: 03c6b0]",1
URGENT: Your Wells Fargo account has been suspended! Verify your credentials immediately at http://wellsfargo-verify-login.xyz to restore access. [Case ID: cefab4],1
"Dear Customer, your Netflix subscription expired. Update your credit card details immediately at http://netflix-billing-update.cf or your service terminates today. [Case ID: 54b2b2]",1
"I'll be home in about 15 minutes, please put the dinner in the oven. (Ref #3422)",0
"Job Offer: Work from home and earn $5,000/week! Send $50 registration fee via UPI / Apple Gift Card to hr@global-remote-jobs.xyz to get started. [Case ID: e71e5c]",1
Your package from Amazon has been delivered to your front porch. (Ref #3492),0
The server deployment finished successfully without any downtime. (Ref #1096),0
"Good morning team, let's join the sprint retrospective call at 10 AM. (Ref #1655)",0
Happy birthday! Wishing you a fantastic year ahead. (Ref #3872),0
"Thanks for the meeting notes, I'll review the architecture diagram tonight. (Ref #1923)",0
Don't forget to push your code changes to the branch before the standup. (Ref #1281),0
The flight is delayed by 20 minutes due to weather conditions. (Ref #1545),0
Let's schedule a 1-on-1 sync tomorrow morning to discuss project milestones. (Ref #1737),0
Can you send me the lecture slides from yesterday's machine learning class? (Ref #2112),0
Security Alert: Your Apple ID has been locked due to multiple failed login attempts. Verify identity at http://appleid-support-security.xyz now. [Case ID: 349389],1
URGENT: Your Wells Fargo account has been suspended! Verify your credentials immediately at http://wellsfargo-verify-login.xyz to restore access. [Case ID: 5705e1],1
"Good morning team, let's join the sprint retrospective call at 10 AM. (Ref #1583)",0
"Job Offer: Work from home and earn $5,000/week! Send $50 registration fee via UPI / Apple Gift Card to hr@global-remote-jobs.xyz to get started. [Case ID: 4e8733]",1
"Hey, are we still meeting for lunch at 12:30 today? (Ref #2669)",0
Customs Clearance Alert: Your international parcel #US89218 is held at customs due to unpaid duties of $45. Pay now at http://customs-parcel-release.click [Case ID: f4dd76],1
"Thanks for the meeting notes, I'll review the architecture diagram tonight. (Ref #3365)",0
"I'll be home in about 15 minutes, please put the dinner in the oven. (Ref #3225)",0
"I'll be home in about 15 minutes, please put the dinner in the oven. (Ref #2187)",0
Your package from Amazon has been delivered to your front porch. (Ref #3546),0
Your appointment with Dr. Sharma is confirmed for Tuesday at 3 PM. (Ref #3699),0
"Hey, are we still meeting for lunch at 12:30 today? (Ref #2913)",0
URGENT: Your Wells Fargo account has been suspended! Verify your credentials immediately at http://wellsfargo-verify-login.xyz to restore access. [Case ID: 798ceb],1
IRS Notice: Final warning! A lawsuit is filed against you for unpaid taxes. Call immediately at +1-800-555-0199 or send $500 via Bitcoin to settle. [Case ID: 51ef18],1
"Your PayPal account was accessed from an unknown device in Russia. If this wasn't you, login now at http://paypal-security-alert.tk/auth to secure funds. [Case ID: 47d1e9]",1
Security Alert: Your Apple ID has been locked due to multiple failed login attempts. Verify identity at http://appleid-support-security.xyz now. [Case ID: dfa92d],1
"Bank of America Security Alert: Unauthorized transaction of $1,250.00 detected. Click http://bofa-fraud-cancel.top/cancel to reverse charge within 2 hours. [Case ID: 839ab4]",1
Did you get a chance to look at the quarterly report draft? (Ref #2565),0
Your package from Amazon has been delivered to your front porch. (Ref #1327),0
Can you send me the lecture slides from yesterday's machine learning class? (Ref #3350),0
Security Alert: Your Apple ID has been locked due to multiple failed login attempts. Verify identity at http://appleid-support-security.xyz now. [Case ID: 8b0dc6],1
"Job Offer: Work from home and earn $5,000/week! Send $50 registration fee via UPI / Apple Gift Card to hr@global-remote-jobs.xyz to get started. [Case ID: e56954]",1
URGENT: Your Wells Fargo account has been suspended! Verify your credentials immediately at http://wellsfargo-verify-login.xyz to restore access. [Case ID: 1d9410],1
The server deployment finished successfully without any downtime. (Ref #3330),0
"Dear Customer, your Netflix subscription expired. Update your credit card details immediately at http://netflix-billing-update.cf or your service terminates today. [Case ID: 2cad8f]",1
The flight is delayed by 20 minutes due to weather conditions. (Ref #2535),0
IRS Notice: Final warning! A lawsuit is filed against you for unpaid taxes. Call immediately at +1-800-555-0199 or send $500 via Bitcoin to settle. [Case ID: 1c383c],1
Customs Clearance Alert: Your international parcel #US89218 is held at customs due to unpaid duties of $45. Pay now at http://customs-parcel-release.click [Case ID: 878d56],1
Please review the attached invoice for the software subscription renewal. (Ref #3176),0
Your appointment with Dr. Sharma is confirmed for Tuesday at 3 PM. (Ref #1599),0
IRS Notice: Final warning! A lawsuit is filed against you for unpaid taxes. Call immediately at +1-800-555-0199 or send $500 via Bitcoin to settle. [Case ID: 85f007],1
"Good morning team, let's join the sprint retrospective call at 10 AM. (Ref #3656)",0
"Thanks for the meeting notes, I'll review the architecture diagram tonight. (Ref #1093)",0
"Dear Customer, your Netflix subscription expired. Update your credit card details immediately at http://netflix-billing-update.cf or your service terminates today. [Case ID: ba3e9b]",1
Please review the attached invoice for the software subscription renewal. (Ref #1634),0
Please review the attached invoice for the software subscription renewal. (Ref #2071),0
Your package from Amazon has been delivered to your front porch. (Ref #3011),0
"Hey, are we still meeting for lunch at 12:30 today? (Ref #2737)",0
Security Alert: Your Apple ID has been locked due to multiple failed login attempts. Verify identity at http://appleid-support-security.xyz now. [Case ID: 9d7311],1
Your package from Amazon has been delivered to your front porch. (Ref #3960),0
Let's schedule a 1-on-1 sync tomorrow morning to discuss project milestones. (Ref #1631),0
Can you send me the lecture slides from yesterday's machine learning class? (Ref #3375),0
"I'll be home in about 15 minutes, please put the dinner in the oven. (Ref #1742)",0
Happy birthday! Wishing you a fantastic year ahead. (Ref #1602),0
Let's schedule a 1-on-1 sync tomorrow morning to discuss project milestones. (Ref #1801),0
"Bank of America Security Alert: Unauthorized transaction of $1,250.00 detected. Click http://bofa-fraud-cancel.top/cancel to reverse charge within 2 hours. [Case ID: 96055f]",1
Customs Clearance Alert: Your international parcel #US89218 is held at customs due to unpaid duties of $45. Pay now at http://customs-parcel-release.click [Case ID: 26dd0d],1
"Hey, are we still meeting for lunch at 12:30 today? (Ref #3972)",0
Let's schedule a 1-on-1 sync tomorrow morning to discuss project milestones. (Ref #3464),0
Your OTP for logging into the employee portal is 584920. Do not share with anyone. (Ref #2357),0
Your appointment with Dr. Sharma is confirmed for Tuesday at 3 PM. (Ref #1481),0
Don't forget to push your code changes to the branch before the standup. (Ref #2165),0
"Good morning team, let's join the sprint retrospective call at 10 AM. (Ref #1912)",0
"Your PayPal account was accessed from an unknown device in Russia. If this wasn't you, login now at http://paypal-security-alert.tk/auth to secure funds. [Case ID: 069059]",1
Happy birthday! Wishing you a fantastic year ahead. (Ref #3727),0
Happy birthday! Wishing you a fantastic year ahead. (Ref #2424),0
"Job Offer: Work from home and earn $5,000/week! Send $50 registration fee via UPI / Apple Gift Card to hr@global-remote-jobs.xyz to get started. [Case ID: 814a9c]",1
"Bank of America Security Alert: Unauthorized transaction of $1,250.00 detected. Click http://bofa-fraud-cancel.top/cancel to reverse charge within 2 hours. [Case ID: 48c3ec]",1
Security Alert: Your Apple ID has been locked due to multiple failed login attempts. Verify identity at http://appleid-support-security.xyz now. [Case ID: 28f0b8],1
Please review the attached invoice for the software subscription renewal. (Ref #1783),0
Did you get a chance to look at the quarterly report draft? (Ref #1205),0
"Bank of America Security Alert: Unauthorized transaction of $1,250.00 detected. Click http://bofa-fraud-cancel.top/cancel to reverse charge within 2 hours. [Case ID: 596f71]",1
The flight is delayed by 20 minutes due to weather conditions. (Ref #2953),0
IRS Notice: Final warning! A lawsuit is filed against you for unpaid taxes. Call immediately at +1-800-555-0199 or send $500 via Bitcoin to settle. [Case ID: d56b9f],1
"I'll be home in about 15 minutes, please put the dinner in the oven. (Ref #1363)",0
"Hey, are we still meeting for lunch at 12:30 today? (Ref #3528)",0
"Hey, are we still meeting for lunch at 12:30 today? (Ref #2530)",0
The server deployment finished successfully without any downtime. (Ref #3728),0
"Dear Customer, your Netflix subscription expired. Update your credit card details immediately at http://netflix-billing-update.cf or your service terminates today. [Case ID: f033ab]",1
Can you send me the lecture slides from yesterday's machine learning class? (Ref #1456),0
"Dear Customer, your Netflix subscription expired. Update your credit card details immediately at http://netflix-billing-update.cf or your service terminates today. [Case ID: 3baa27]",1
"Dear Customer, your Netflix subscription expired. Update your credit card details immediately at http://netflix-billing-update.cf or your service terminates today. [Case ID: 36a169]",1
Can you send me the lecture slides from yesterday's machine learning class? (Ref #1070),0
Customs Clearance Alert: Your international parcel #US89218 is held at customs due to unpaid duties of $45. Pay now at http://customs-parcel-release.click [Case ID: 73278a],1
Your OTP for logging into the employee portal is 584920. Do not share with anyone. (Ref #1078),0
Please review the attached invoice for the software subscription renewal. (Ref #2954),0
"CONGRATULATIONS! You have won $1,000,000 in the International Mobile Lottery. Reply with your full name, bank account, and SSN to claim prize. [Case ID: 7993e1]",1
Your debit card has been blocked. Call support immediately at 9845012345 or visit http://bank-card-reactivate.ml to prevent permanent cancellation. [Case ID: 46515d],1
URGENT: Your Wells Fargo account has been suspended! Verify your credentials immediately at http://wellsfargo-verify-login.xyz to restore access. [Case ID: 40c48d],1
"Dear Customer, your Netflix subscription expired. Update your credit card details immediately at http://netflix-billing-update.cf or your service terminates today. [Case ID: 19bc91]",1
Happy birthday! Wishing you a fantastic year ahead. (Ref #3390),0
"Dear Customer, your Netflix subscription expired. Update your credit card details immediately at http://netflix-billing-update.cf or your service terminates today. [Case ID: 670e8a]",1
Happy birthday! Wishing you a fantastic year ahead. (Ref #2749),0
Your debit card has been blocked. Call support immediately at 9845012345 or visit http://bank-card-reactivate.ml to prevent permanent cancellation. [Case ID: 2ac240],1
"Hey, are we still meeting for lunch at 12:30 today? (Ref #2645)",0
URGENT: Your Wells Fargo account has been suspended! Verify your credentials immediately at http://wellsfargo-verify-login.xyz to restore access. [Case ID: b6e323],1
Security Alert: Your Apple ID has been locked due to multiple failed login attempts. Verify identity at http://appleid-support-security.xyz now. [Case ID: 335f53],1
Did you get a chance to look at the quarterly report draft? (Ref #2472),0
"CONGRATULATIONS! You have won $1,000,000 in the International Mobile Lottery. Reply with your full name, bank account, and SSN to claim prize. [Case ID: 0070d2]",1
Please review the attached invoice for the software subscription renewal. (Ref #3414),0
"Your PayPal account was accessed from an unknown device in Russia. If this wasn't you, login now at http://paypal-security-alert.tk/auth to secure funds. [Case ID: 25ddc0]",1
"Job Offer: Work from home and earn $5,000/week! Send $50 registration fee via UPI / Apple Gift Card to hr@global-remote-jobs.xyz to get started. [Case ID: 3ef815]",1
"Your PayPal account was accessed from an unknown device in Russia. If this wasn't you, login now at http://paypal-security-alert.tk/auth to secure funds. [Case ID: d3b1fb]",1
Can you send me the lecture slides from yesterday's machine learning class? (Ref #1962),0
Happy birthday! Wishing you a fantastic year ahead. (Ref #3373),0
IRS Notice: Final warning! A lawsuit is filed against you for unpaid taxes. Call immediately at +1-800-555-0199 or send $500 via Bitcoin to settle. [Case ID: dc40b7],1
URGENT: Your Wells Fargo account has been suspended! Verify your credentials immediately at http://wellsfargo-verify-login.xyz to restore access. [Case ID: f9be31],1
"Hey, are we still meeting for lunch at 12:30 today? (Ref #1617)",0
Your package from Amazon has been delivered to your front porch. (Ref #2111),0
Happy birthday! Wishing you a fantastic year ahead. (Ref #2046),0
Did you get a chance to look at the quarterly report draft? (Ref #1039),0
URGENT: Your Wells Fargo account has been suspended! Verify your credentials immediately at http://wellsfargo-verify-login.xyz to restore access. [Case ID: cd63a3],1
Can you send me the lecture slides from yesterday's machine learning class? (Ref #2850),0
Happy birthday! Wishing you a fantastic year ahead. (Ref #1309),0
Your package from Amazon has been delivered to your front porch. (Ref #2351),0
Happy birthday! Wishing you a fantastic year ahead. (Ref #1094),0
Happy birthday! Wishing you a fantastic year ahead. (Ref #1939),0
Your debit card has been blocked. Call support immediately at 9845012345 or visit http://bank-card-reactivate.ml to prevent permanent cancellation. [Case ID: a42a59],1
Please review the attached invoice for the software subscription renewal. (Ref #3938),0
"Dear Customer, your Netflix subscription expired. Update your credit card details immediately at http://netflix-billing-update.cf or your service terminates today. [Case ID: d2ddea]",1
Your OTP for logging into the employee portal is 584920. Do not share with anyone. (Ref #1509),0
Please review the attached invoice for the software subscription renewal. (Ref #1836),0
Let's schedule a 1-on-1 sync tomorrow morning to discuss project milestones. (Ref #3254),0
IRS Notice: Final warning! A lawsuit is filed against you for unpaid taxes. Call immediately at +1-800-555-0199 or send $500 via Bitcoin to settle. [Case ID: c7af09],1
"Your PayPal account was accessed from an unknown device in Russia. If this wasn't you, login now at http://paypal-security-alert.tk/auth to secure funds. [Case ID: 1019c8]",1
"Job Offer: Work from home and earn $5,000/week! Send $50 registration fee via UPI / Apple Gift Card to hr@global-remote-jobs.xyz to get started. [Case ID: 217eed]",1
Your appointment with Dr. Sharma is confirmed for Tuesday at 3 PM. (Ref #2188),0
"Bank of America Security Alert: Unauthorized transaction of $1,250.00 detected. Click http://bofa-fraud-cancel.top/cancel to reverse charge within 2 hours. [Case ID: 7b7a53]",1
"Your PayPal account was accessed from an unknown device in Russia. If this wasn't you, login now at http://paypal-security-alert.tk/auth to secure funds. [Case ID: 3988c7]",1
"Good morning team, let's join the sprint retrospective call at 10 AM. (Ref #3516)",0
The server deployment finished successfully without any downtime. (Ref #1926),0
Your debit card has been blocked. Call support immediately at 9845012345 or visit http://bank-card-reactivate.ml to prevent permanent cancellation. [Case ID: b5b41f],1
"Good morning team, let's join the sprint retrospective call at 10 AM. (Ref #3615)",0
"Good morning team, let's join the sprint retrospective call at 10 AM. (Ref #3542)",0
"Hey, are we still meeting for lunch at 12:30 today? (Ref #1312)",0
Security Alert: Your Apple ID has been locked due to multiple failed login attempts. Verify identity at http://appleid-support-security.xyz now. [Case ID: b3f611],1
The server deployment finished successfully without any downtime. (Ref #3806),0
"Dear Customer, your Netflix subscription expired. Update your credit card details immediately at http://netflix-billing-update.cf or your service terminates today. [Case ID: 704afe]",1
"CONGRATULATIONS! You have won $1,000,000 in the International Mobile Lottery. Reply with your full name, bank account, and SSN to claim prize. [Case ID: 43cca4]",1
IRS Notice: Final warning! A lawsuit is filed against you for unpaid taxes. Call immediately at +1-800-555-0199 or send $500 via Bitcoin to settle. [Case ID: a8ecba],1
Happy birthday! Wishing you a fantastic year ahead. (Ref #3602),0
IRS Notice: Final warning! A lawsuit is filed against you for unpaid taxes. Call immediately at +1-800-555-0199 or send $500 via Bitcoin to settle. [Case ID: 32e056],1
"Job Offer: Work from home and earn $5,000/week! Send $50 registration fee via UPI / Apple Gift Card to hr@global-remote-jobs.xyz to get started. [Case ID: e63847]",1
Don't forget to push your code changes to the branch before the standup. (Ref #2949),0
"Hey, are we still meeting for lunch at 12:30 today? (Ref #3909)",0
"CONGRATULATIONS! You have won $1,000,000 in the International Mobile Lottery. Reply with your full name, bank account, and SSN to claim prize. [Case ID: ba3866]",1
Your debit card has been blocked. Call support immediately at 9845012345 or visit http://bank-card-reactivate.ml to prevent permanent cancellation. [Case ID: c559da],1
Did you get a chance to look at the quarterly report draft? (Ref #1238),0
"Bank of America Security Alert: Unauthorized transaction of $1,250.00 detected. Click http://bofa-fraud-cancel.top/cancel to reverse charge within 2 hours. [Case ID: 283802]",1
Don't forget to push your code changes to the branch before the standup. (Ref #2559),0
Your debit card has been blocked. Call support immediately at 9845012345 or visit http://bank-card-reactivate.ml to prevent permanent cancellation. [Case ID: ebd6d2],1
Can you send me the lecture slides from yesterday's machine learning class? (Ref #3306),0
Don't forget to push your code changes to the branch before the standup. (Ref #3551),0
Don't forget to push your code changes to the branch before the standup. (Ref #3841),0
Your debit card has been blocked. Call support immediately at 9845012345 or visit http://bank-card-reactivate.ml to prevent permanent cancellation. [Case ID: 350510],1
"I'll be home in about 15 minutes, please put the dinner in the oven. (Ref #2924)",0
IRS Notice: Final warning! A lawsuit is filed against you for unpaid taxes. Call immediately at +1-800-555-0199 or send $500 via Bitcoin to settle. [Case ID: 758a06],1
"Your PayPal account was accessed from an unknown device in Russia. If this wasn't you, login now at http://paypal-security-alert.tk/auth to secure funds. [Case ID: 5c0492]",1
"Dear Customer, your Netflix subscription expired. Update your credit card details immediately at http://netflix-billing-update.cf or your service terminates today. [Case ID: fb2e20]",1
Your package from Amazon has been delivered to your front porch. (Ref #1436),0
Did you get a chance to look at the quarterly report draft? (Ref #2087),0
"Your PayPal account was accessed from an unknown device in Russia. If this wasn't you, login now at http://paypal-security-alert.tk/auth to secure funds. [Case ID: 3a835d]",1
Your debit card has been blocked. Call support immediately at 9845012345 or visit http://bank-card-reactivate.ml to prevent permanent cancellation. [Case ID: 192fc0],1
Can you send me the lecture slides from yesterday's machine learning class? (Ref #3650),0
"Dear Customer, your Netflix subscription expired. Update your credit card details immediately at http://netflix-billing-update.cf or your service terminates today. [Case ID: 109078]",1
"Your PayPal account was accessed from an unknown device in Russia. If this wasn't you, login now at http://paypal-security-alert.tk/auth to secure funds. [Case ID: 07a9d3]",1
URGENT: Your Wells Fargo account has been suspended! Verify your credentials immediately at http://wellsfargo-verify-login.xyz to restore access. [Case ID: 851300],1
Please review the attached invoice for the software subscription renewal. (Ref #3912),0
Your OTP for logging into the employee portal is 584920. Do not share with anyone. (Ref #2452),0
Happy birthday! Wishing you a fantastic year ahead. (Ref #3797),0
Customs Clearance Alert: Your international parcel #US89218 is held at customs due to unpaid duties of $45. Pay now at http://customs-parcel-release.click [Case ID: eaa52f],1
"Your PayPal account was accessed from an unknown device in Russia. If this wasn't you, login now at http://paypal-security-alert.tk/auth to secure funds. [Case ID: 7fe1f8]",1
Can you send me the lecture slides from yesterday's machine learning class? (Ref #3020),0
Let's schedule a 1-on-1 sync tomorrow morning to discuss project milestones. (Ref #2340),0
Please review the attached invoice for the software subscription renewal. (Ref #3671),0
The server deployment finished successfully without any downtime. (Ref #1570),0
Did you get a chance to look at the quarterly report draft? (Ref #2052),0
"Thanks for the meeting notes, I'll review the architecture diagram tonight. (Ref #2834)",0
"CONGRATULATIONS! You have won $1,000,000 in the International Mobile Lottery. Reply with your full name, bank account, and SSN to claim prize. [Case ID: e9fd7c]",1
Your appointment with Dr. Sharma is confirmed for Tuesday at 3 PM. (Ref #1329),0
URGENT: Your Wells Fargo account has been suspended! Verify your credentials immediately at http://wellsfargo-verify-login.xyz to restore access. [Case ID: 57bafb],1
IRS Notice: Final warning! A lawsuit is filed against you for unpaid taxes. Call immediately at +1-800-555-0199 or send $500 via Bitcoin to settle. [Case ID: f4b9ec],1
Customs Clearance Alert: Your international parcel #US89218 is held at customs due to unpaid duties of $45. Pay now at http://customs-parcel-release.click [Case ID: ebb710],1
The server deployment finished successfully without any downtime. (Ref #3293),0
"Dear Customer, your Netflix subscription expired. Update your credit card details immediately at http://netflix-billing-update.cf or your service terminates today. [Case ID: 54072f]",1
Your package from Amazon has been delivered to your front porch. (Ref #3791),0
Your debit card has been blocked. Call support immediately at 9845012345 or visit http://bank-card-reactivate.ml to prevent permanent cancellation. [Case ID: 1843e3],1
The flight is delayed by 20 minutes due to weather conditions. (Ref #3636),0
"Thanks for the meeting notes, I'll review the architecture diagram tonight. (Ref #2264)",0
URGENT: Your Wells Fargo account has been suspended! Verify your credentials immediately at http://wellsfargo-verify-login.xyz to restore access. [Case ID: e5b294],1
Happy birthday! Wishing you a fantastic year ahead. (Ref #1413),0
"Hey, are we still meeting for lunch at 12:30 today? (Ref #1252)",0
"Bank of America Security Alert: Unauthorized transaction of $1,250.00 detected. Click http://bofa-fraud-cancel.top/cancel to reverse charge within 2 hours. [Case ID: 36a16a]",1
"Hey, are we still meeting for lunch at 12:30 today? (Ref #1855)",0
Your OTP for logging into the employee portal is 584920. Do not share with anyone. (Ref #1932),0
IRS Notice: Final warning! A lawsuit is filed against you for unpaid taxes. Call immediately at +1-800-555-0199 or send $500 via Bitcoin to settle. [Case ID: 4a0814],1
The flight is delayed by 20 minutes due to weather conditions. (Ref #3743),0
Your package from Amazon has been delivered to your front porch. (Ref #1605),0
"Your PayPal account was accessed from an unknown device in Russia. If this wasn't you, login now at http://paypal-security-alert.tk/auth to secure funds. [Case ID: 076023]",1
"Thanks for the meeting notes, I'll review the architecture diagram tonight. (Ref #3355)",0
Happy birthday! Wishing you a fantastic year ahead. (Ref #1303),0
Can you send me the lecture slides from yesterday's machine learning class? (Ref #1274),0
Your package from Amazon has been delivered to your front porch. (Ref #2607),0
URGENT: Your Wells Fargo account has been suspended! Verify your credentials immediately at http://wellsfargo-verify-login.xyz to restore access. [Case ID: d8d31b],1
"I'll be home in about 15 minutes, please put the dinner in the oven. (Ref #3406)",0
"Your PayPal account was accessed from an unknown device in Russia. If this wasn't you, login now at http://paypal-security-alert.tk/auth to secure funds. [Case ID: 7501e5]",1
Security Alert: Your Apple ID has been locked due to multiple failed login attempts. Verify identity at http://appleid-support-security.xyz now. [Case ID: 6c2979],1
Security Alert: Your Apple ID has been locked due to multiple failed login attempts. Verify identity at http://appleid-support-security.xyz now. [Case ID: 2d405b],1
Let's schedule a 1-on-1 sync tomorrow morning to discuss project milestones. (Ref #3013),0
Please review the attached invoice for the software subscription renewal. (Ref #2288),0
"Thanks for the meeting notes, I'll review the architecture diagram tonight. (Ref #2839)",0
"Bank of America Security Alert: Unauthorized transaction of $1,250.00 detected. Click http://bofa-fraud-cancel.top/cancel to reverse charge within 2 hours. [Case ID: 85fc37]",1
Please review the attached invoice for the software subscription renewal. (Ref #2317),0
Please review the attached invoice for the software subscription renewal. (Ref #2206),0
Security Alert: Your Apple ID has been locked due to multiple failed login attempts. Verify identity at http://appleid-support-security.xyz now. [Case ID: a1d33d],1
IRS Notice: Final warning! A lawsuit is filed against you for unpaid taxes. Call immediately at +1-800-555-0199 or send $500 via Bitcoin to settle. [Case ID: 2056d8],1
URGENT: Your Wells Fargo account has been suspended! Verify your credentials immediately at http://wellsfargo-verify-login.xyz to restore access. [Case ID: a5a617],1
Your OTP for logging into the employee portal is 584920. Do not share with anyone. (Ref #3697),0
Your OTP for logging into the employee portal is 584920. Do not share with anyone. (Ref #1744),0
"Your PayPal account was accessed from an unknown device in Russia. If this wasn't you, login now at http://paypal-security-alert.tk/auth to secure funds. [Case ID: 647bba]",1
Did you get a chance to look at the quarterly report draft? (Ref #2461),0
"Hey, are we still meeting for lunch at 12:30 today? (Ref #2236)",0
"Dear Customer, your Netflix subscription expired. Update your credit card details immediately at http://netflix-billing-update.cf or your service terminates today. [Case ID: 56f9f8]",1
"Your PayPal account was accessed from an unknown device in Russia. If this wasn't you, login now at http://paypal-security-alert.tk/auth to secure funds. [Case ID: 758874]",1
"I'll be home in about 15 minutes, please put the dinner in the oven. (Ref #3768)",0
"CONGRATULATIONS! You have won $1,000,000 in the International Mobile Lottery. Reply with your full name, bank account, and SSN to claim prize. [Case ID: 4c8c76]",1
"I'll be home in about 15 minutes, please put the dinner in the oven. (Ref #2193)",0
URGENT: Your Wells Fargo account has been suspended! Verify your credentials immediately at http://wellsfargo-verify-login.xyz to restore access. [Case ID: 204da2],1
"Job Offer: Work from home and earn $5,000/week! Send $50 registration fee via UPI / Apple Gift Card to hr@global-remote-jobs.xyz to get started. [Case ID: e2230b]",1
Can you send me the lecture slides from yesterday's machine learning class? (Ref #2523),0
Customs Clearance Alert: Your international parcel #US89218 is held at customs due to unpaid duties of $45. Pay now at http://customs-parcel-release.click [Case ID: 90794e],1
Security Alert: Your Apple ID has been locked due to multiple failed login attempts. Verify identity at http://appleid-support-security.xyz now. [Case ID: 0abdc5],1
"Hey, are we still meeting for lunch at 12:30 today? (Ref #2067)",0
"Your PayPal account was accessed from an unknown device in Russia. If this wasn't you, login now at http://paypal-security-alert.tk/auth to secure funds. [Case ID: 54e36c]",1
Let's schedule a 1-on-1 sync tomorrow morning to discuss project milestones. (Ref #1289),0
"CONGRATULATIONS! You have won $1,000,000 in the International Mobile Lottery. Reply with your full name, bank account, and SSN to claim prize. [Case ID: 5dd9db]",1
Did you get a chance to look at the quarterly report draft? (Ref #3316),0
The server deployment finished successfully without any downtime. (Ref #3189),0
"Job Offer: Work from home and earn $5,000/week! Send $50 registration fee via UPI / Apple Gift Card to hr@global-remote-jobs.xyz to get started. [Case ID: 1ee3df]",1
Your debit card has been blocked. Call support immediately at 9845012345 or visit http://bank-card-reactivate.ml to prevent permanent cancellation. [Case ID: d860bd],1
"Good morning team, let's join the sprint retrospective call at 10 AM. (Ref #3643)",0
Don't forget to push your code changes to the branch before the standup. (Ref #2263),0
"Dear Customer, your Netflix subscription expired. Update your credit card details immediately at http://netflix-billing-update.cf or your service terminates today. [Case ID: b3b4d2]",1
Can you send me the lecture slides from yesterday's machine learning class? (Ref #1118),0
Your package from Amazon has been delivered to your front porch. (Ref #3164),0
"I'll be home in about 15 minutes, please put the dinner in the oven. (Ref #3029)",0
URGENT: Your Wells Fargo account has been suspended! Verify your credentials immediately at http://wellsfargo-verify-login.xyz to restore access. [Case ID: 74563b],1
"Hey, are we still meeting for lunch at 12:30 today? (Ref #2692)",0
"CONGRATULATIONS! You have won $1,000,000 in the International Mobile Lottery. Reply with your full name, bank account, and SSN to claim prize. [Case ID: 71560c]",1
IRS Notice: Final warning! A lawsuit is filed against you for unpaid taxes. Call immediately at +1-800-555-0199 or send $500 via Bitcoin to settle. [Case ID: 00a03e],1
Did you get a chance to look at the quarterly report draft? (Ref #3847),0
Customs Clearance Alert: Your international parcel #US89218 is held at customs due to unpaid duties of $45. Pay now at http://customs-parcel-release.click [Case ID: 999600],1
The server deployment finished successfully without any downtime. (Ref #3868),0
Did you get a chance to look at the quarterly report draft? (Ref #1310),0
"Bank of America Security Alert: Unauthorized transaction of $1,250.00 detected. Click http://bofa-fraud-cancel.top/cancel to reverse charge within 2 hours. [Case ID: 903ce9]",1
"Job Offer: Work from home and earn $5,000/week! Send $50 registration fee via UPI / Apple Gift Card to hr@global-remote-jobs.xyz to get started. [Case ID: cf1f78]",1
Your debit card has been blocked. Call support immediately at 9845012345 or visit http://bank-card-reactivate.ml to prevent permanent cancellation. [Case ID: 352fe2],1
Please review the attached invoice for the software subscription renewal. (Ref #2860),0
Your debit card has been blocked. Call support immediately at 9845012345 or visit http://bank-card-reactivate.ml to prevent permanent cancellation. [Case ID: 6c340f],1
"Dear Customer, your Netflix subscription expired. Update your credit card details immediately at http://netflix-billing-update.cf or your service terminates today. [Case ID: cd0f74]",1
"Thanks for the meeting notes, I'll review the architecture diagram tonight. (Ref #2290)",0
IRS Notice: Final warning! A lawsuit is filed against you for unpaid taxes. Call immediately at +1-800-555-0199 or send $500 via Bitcoin to settle. [Case ID: afda33],1
"CONGRATULATIONS! You have won $1,000,000 in the International Mobile Lottery. Reply with your full name, bank account, and SSN to claim prize. [Case ID: 8fecb2]",1
"Your PayPal account was accessed from an unknown device in Russia. If this wasn't you, login now at http://paypal-security-alert.tk/auth to secure funds. [Case ID: d198bd]",1
"CONGRATULATIONS! You have won $1,000,000 in the International Mobile Lottery. Reply with your full name, bank account, and SSN to claim prize. [Case ID: 8efb10]",1
Can you send me the lecture slides from yesterday's machine learning class? (Ref #1427),0
IRS Notice: Final warning! A lawsuit is filed against you for unpaid taxes. Call immediately at +1-800-555-0199 or send $500 via Bitcoin to settle. [Case ID: 6a2fee],1
"Bank of America Security Alert: Unauthorized transaction of $1,250.00 detected. Click http://bofa-fraud-cancel.top/cancel to reverse charge within 2 hours. [Case ID: be53d2]",1
Don't forget to push your code changes to the branch before the standup. (Ref #3431),0
Let's schedule a 1-on-1 sync tomorrow morning to discuss project milestones. (Ref #3063),0
IRS Notice: Final warning! A lawsuit is filed against you for unpaid taxes. Call immediately at +1-800-555-0199 or send $500 via Bitcoin to settle. [Case ID: 333ac5],1
Your package from Amazon has been delivered to your front porch. (Ref #3116),0
Your debit card has been blocked. Call support immediately at 9845012345 or visit http://bank-card-reactivate.ml to prevent permanent cancellation. [Case ID: 320722],1
"Dear Customer, your Netflix subscription expired. Update your credit card details immediately at http://netflix-billing-update.cf or your service terminates today. [Case ID: e8c065]",1
Your OTP for logging into the employee portal is 584920. Do not share with anyone. (Ref #1435),0
The flight is delayed by 20 minutes due to weather conditions. (Ref #1247),0
"Job Offer: Work from home and earn $5,000/week! Send $50 registration fee via UPI / Apple Gift Card to hr@global-remote-jobs.xyz to get started. [Case ID: 17326d]",1
Security Alert: Your Apple ID has been locked due to multiple failed login attempts. Verify identity at http://appleid-support-security.xyz now. [Case ID: c4ca42],1
"Thanks for the meeting notes, I'll review the architecture diagram tonight. (Ref #1508)",0
URGENT: Your Wells Fargo account has been suspended! Verify your credentials immediately at http://wellsfargo-verify-login.xyz to restore access. [Case ID: 291597],1
"Bank of America Security Alert: Unauthorized transaction of $1,250.00 detected. Click http://bofa-fraud-cancel.top/cancel to reverse charge within 2 hours. [Case ID: 8bb88f]",1
Your OTP for logging into the employee portal is 584920. Do not share with anyone. (Ref #1857),0
"Hey, are we still meeting for lunch at 12:30 today? (Ref #2194)",0
Your OTP for logging into the employee portal is 584920. Do not share with anyone. (Ref #3564),0
Please review the attached invoice for the software subscription renewal. (Ref #1993),0
Your debit card has been blocked. Call support immediately at 9845012345 or visit http://bank-card-reactivate.ml to prevent permanent cancellation. [Case ID: b132ec],1
Security Alert: Your Apple ID has been locked due to multiple failed login attempts. Verify identity at http://appleid-support-security.xyz now. [Case ID: 8e98d8],1
"Good morning team, let's join the sprint retrospective call at 10 AM. (Ref #1792)",0
"CONGRATULATIONS! You have won $1,000,000 in the International Mobile Lottery. Reply with your full name, bank account, and SSN to claim prize. [Case ID: 748ba6]",1
Security Alert: Your Apple ID has been locked due to multiple failed login attempts. Verify identity at http://appleid-support-security.xyz now. [Case ID: b53b3a],1
Your debit card has been blocked. Call support immediately at 9845012345 or visit http://bank-card-reactivate.ml to prevent permanent cancellation. [Case ID: 2ca65f],1
The flight is delayed by 20 minutes due to weather conditions. (Ref #3886),0
Don't forget to push your code changes to the branch before the standup. (Ref #1809),0
Your package from Amazon has been delivered to your front porch. (Ref #3260),0
Security Alert: Your Apple ID has been locked due to multiple failed login attempts. Verify identity at http://appleid-support-security.xyz now. [Case ID: 414e77],1
Happy birthday! Wishing you a fantastic year ahead. (Ref #3930),0
"Your PayPal account was accessed from an unknown device in Russia. If this wasn't you, login now at http://paypal-security-alert.tk/auth to secure funds. [Case ID: 4e8412]",1
Let's schedule a 1-on-1 sync tomorrow morning to discuss project milestones. (Ref #3626),0
"Dear Customer, your Netflix subscription expired. Update your credit card details immediately at http://netflix-billing-update.cf or your service terminates today. [Case ID: f47d0a]",1
"Dear Customer, your Netflix subscription expired. Update your credit card details immediately at http://netflix-billing-update.cf or your service terminates today. [Case ID: 8232e1]",1
"Good morning team, let's join the sprint retrospective call at 10 AM. (Ref #2714)",0
"Thanks for the meeting notes, I'll review the architecture diagram tonight. (Ref #2988)",0
IRS Notice: Final warning! A lawsuit is filed against you for unpaid taxes. Call immediately at +1-800-555-0199 or send $500 via Bitcoin to settle. [Case ID: af21d0],1
"Thanks for the meeting notes, I'll review the architecture diagram tonight. (Ref #2632)",0
Your appointment with Dr. Sharma is confirmed for Tuesday at 3 PM. (Ref #2691),0
"Hey, are we still meeting for lunch at 12:30 today? (Ref #2703)",0
"Dear Customer, your Netflix subscription expired. Update your credit card details immediately at http://netflix-billing-update.cf or your service terminates today. [Case ID: 2aaadd]",1
IRS Notice: Final warning! A lawsuit is filed against you for unpaid taxes. Call immediately at +1-800-555-0199 or send $500 via Bitcoin to settle. [Case ID: b24d51],1
The flight is delayed by 20 minutes due to weather conditions. (Ref #2402),0
Your appointment with Dr. Sharma is confirmed for Tuesday at 3 PM. (Ref #1726),0
IRS Notice: Final warning! A lawsuit is filed against you for unpaid taxes. Call immediately at +1-800-555-0199 or send $500 via Bitcoin to settle. [Case ID: 073146],1
"I'll be home in about 15 minutes, please put the dinner in the oven. (Ref #2393)",0
Customs Clearance Alert: Your international parcel #US89218 is held at customs due to unpaid duties of $45. Pay now at http://customs-parcel-release.click [Case ID: 1a5b1e],1
"Job Offer: Work from home and earn $5,000/week! Send $50 registration fee via UPI / Apple Gift Card to hr@global-remote-jobs.xyz to get started. [Case ID: efe937]",1
Your debit card has been blocked. Call support immediately at 9845012345 or visit http://bank-card-reactivate.ml to prevent permanent cancellation. [Case ID: d30528],1
Your OTP for logging into the employee portal is 584920. Do not share with anyone. (Ref #1842),0
The flight is delayed by 20 minutes due to weather conditions. (Ref #1304),0
Let's schedule a 1-on-1 sync tomorrow morning to discuss project milestones. (Ref #2642),0
"Bank of America Security Alert: Unauthorized transaction of $1,250.00 detected. Click http://bofa-fraud-cancel.top/cancel to reverse charge within 2 hours. [Case ID: 3d779c]",1
The server deployment finished successfully without any downtime. (Ref #3025),0
Your appointment with Dr. Sharma is confirmed for Tuesday at 3 PM. (Ref #3709),0
Customs Clearance Alert: Your international parcel #US89218 is held at customs due to unpaid duties of $45. Pay now at http://customs-parcel-release.click [Case ID: b83aac],1
"I'll be home in about 15 minutes, please put the dinner in the oven. (Ref #3789)",0
"I'll be home in about 15 minutes, please put the dinner in the oven. (Ref #3644)",0
"Bank of America Security Alert: Unauthorized transaction of $1,250.00 detected. Click http://bofa-fraud-cancel.top/cancel to reverse charge within 2 hours. [Case ID: fec87a]",1
Let's schedule a 1-on-1 sync tomorrow morning to discuss project milestones. (Ref #2972),0
"Dear Customer, your Netflix subscription expired. Update your credit card details immediately at http://netflix-billing-update.cf or your service terminates today. [Case ID: 0cb929]",1
IRS Notice: Final warning! A lawsuit is filed against you for unpaid taxes. Call immediately at +1-800-555-0199 or send $500 via Bitcoin to settle. [Case ID: c5866e],1
Your package from Amazon has been delivered to your front porch. (Ref #3560),0
Let's schedule a 1-on-1 sync tomorrow morning to discuss project milestones. (Ref #1948),0
"Good morning team, let's join the sprint retrospective call at 10 AM. (Ref #1358)",0
Please review the attached invoice for the software subscription renewal. (Ref #3034),0
"Hey, are we still meeting for lunch at 12:30 today? (Ref #3028)",0
"Thanks for the meeting notes, I'll review the architecture diagram tonight. (Ref #2588)",0
Let's schedule a 1-on-1 sync tomorrow morning to discuss project milestones. (Ref #2362),0
"CONGRATULATIONS! You have won $1,000,000 in the International Mobile Lottery. Reply with your full name, bank account, and SSN to claim prize. [Case ID: 702229]",1
Let's schedule a 1-on-1 sync tomorrow morning to discuss project milestones. (Ref #1591),0
Please review the attached invoice for the software subscription renewal. (Ref #2778),0
"Your PayPal account was accessed from an unknown device in Russia. If this wasn't you, login now at http://paypal-security-alert.tk/auth to secure funds. [Case ID: d04863]",1
The flight is delayed by 20 minutes due to weather conditions. (Ref #2786),0
"Your PayPal account was accessed from an unknown device in Russia. If this wasn't you, login now at http://paypal-security-alert.tk/auth to secure funds. [Case ID: ab817c]",1
Happy birthday! Wishing you a fantastic year ahead. (Ref #2274),0
"Hey, are we still meeting for lunch at 12:30 today? (Ref #1195)",0
"Your PayPal account was accessed from an unknown device in Russia. If this wasn't you, login now at http://paypal-security-alert.tk/auth to secure funds. [Case ID: ee8fe9]",1
"Good morning team, let's join the sprint retrospective call at 10 AM. (Ref #1858)",0
IRS Notice: Final warning! A lawsuit is filed against you for unpaid taxes. Call immediately at +1-800-555-0199 or send $500 via Bitcoin to settle. [Case ID: 2b45c6],1
URGENT: Your Wells Fargo account has been suspended! Verify your credentials immediately at http://wellsfargo-verify-login.xyz to restore access. [Case ID: b4baaf],1
"Your PayPal account was accessed from an unknown device in Russia. If this wasn't you, login now at http://paypal-security-alert.tk/auth to secure funds. [Case ID: 380673]",1
Your OTP for logging into the employee portal is 584920. Do not share with anyone. (Ref #2601),0
URGENT: Your Wells Fargo account has been suspended! Verify your credentials immediately at http://wellsfargo-verify-login.xyz to restore access. [Case ID: 3e7e02],1
Please review the attached invoice for the software subscription renewal. (Ref #2882),0
Please review the attached invoice for the software subscription renewal. (Ref #3562),0
Your debit card has been blocked. Call support immediately at 9845012345 or visit http://bank-card-reactivate.ml to prevent permanent cancellation. [Case ID: e2ef52],1
Can you send me the lecture slides from yesterday's machine learning class? (Ref #2366),0
Customs Clearance Alert: Your international parcel #US89218 is held at customs due to unpaid duties of $45. Pay now at http://customs-parcel-release.click [Case ID: a9078e],1
Did you get a chance to look at the quarterly report draft? (Ref #2177),0
"Thanks for the meeting notes, I'll review the architecture diagram tonight. (Ref #3083)",0
URGENT: Your Wells Fargo account has been suspended! Verify your credentials immediately at http://wellsfargo-verify-login.xyz to restore access. [Case ID: 41bfd2],1
Security Alert: Your Apple ID has been locked due to multiple failed login attempts. Verify identity at http://appleid-support-security.xyz now. [Case ID: 1ff8a7],1
Don't forget to push your code changes to the branch before the standup. (Ref #3419),0
The server deployment finished successfully without any downtime. (Ref #3131),0
"Dear Customer, your Netflix subscription expired. Update your credit card details immediately at http://netflix-billing-update.cf or your service terminates today. [Case ID: 7c590f]",1
Did you get a chance to look at the quarterly report draft? (Ref #3172),0
"Hey, are we still meeting for lunch at 12:30 today? (Ref #1511)",0
Can you send me the lecture slides from yesterday's machine learning class? (Ref #3719),0
Your debit card has been blocked. Call support immediately at 9845012345 or visit http://bank-card-reactivate.ml to prevent permanent cancellation. [Case ID: a70dc4],1
IRS Notice: Final warning! A lawsuit is filed against you for unpaid taxes. Call immediately at +1-800-555-0199 or send $500 via Bitcoin to settle. [Case ID: 4c56ff],1
Customs Clearance Alert: Your international parcel #US89218 is held at customs due to unpaid duties of $45. Pay now at http://customs-parcel-release.click [Case ID: 819c9f],1
"CONGRATULATIONS! You have won $1,000,000 in the International Mobile Lottery. Reply with your full name, bank account, and SSN to claim prize. [Case ID: da11e8]",1
"Dear Customer, your Netflix subscription expired. Update your credit card details immediately at http://netflix-billing-update.cf or your service terminates today. [Case ID: 60519c]",1
"Your PayPal account was accessed from an unknown device in Russia. If this wasn't you, login now at http://paypal-security-alert.tk/auth to secure funds. [Case ID: 53c041]",1
Let's schedule a 1-on-1 sync tomorrow morning to discuss project milestones. (Ref #1345),0
"Your PayPal account was accessed from an unknown device in Russia. If this wasn't you, login now at http://paypal-security-alert.tk/auth to secure funds. [Case ID: f0f6ba]",1
"CONGRATULATIONS! You have won $1,000,000 in the International Mobile Lottery. Reply with your full name, bank account, and SSN to claim prize. [Case ID: c85037]",1
Happy birthday! Wishing you a fantastic year ahead. (Ref #1294),0
Your appointment with Dr. Sharma is confirmed for Tuesday at 3 PM. (Ref #3196),0
URGENT: Your Wells Fargo account has been suspended! Verify your credentials immediately at http://wellsfargo-verify-login.xyz to restore access. [Case ID: 062ddb],1
Your package from Amazon has been delivered to your front porch. (Ref #2352),0
"Hey, are we still meeting for lunch at 12:30 today? (Ref #1439)",0
"Thanks for the meeting notes, I'll review the architecture diagram tonight. (Ref #3642)",0
URGENT: Your Wells Fargo account has been suspended! Verify your credentials immediately at http://wellsfargo-verify-login.xyz to restore access. [Case ID: 9683cc],1
IRS Notice: Final warning! A lawsuit is filed against you for unpaid taxes. Call immediately at +1-800-555-0199 or send $500 via Bitcoin to settle. [Case ID: e94550],1
The flight is delayed by 20 minutes due to weather conditions. (Ref #3908),0
Security Alert: Your Apple ID has been locked due to multiple failed login attempts. Verify identity at http://appleid-support-security.xyz now. [Case ID: b70683],1
Your package from Amazon has been delivered to your front porch. (Ref #1841),0
"Your PayPal account was accessed from an unknown device in Russia. If this wasn't you, login now at http://paypal-security-alert.tk/auth to secure funds. [Case ID: 38af86]",1
Please review the attached invoice for the software subscription renewal. (Ref #1120),0
Don't forget to push your code changes to the branch before the standup. (Ref #1945),0
Can you send me the lecture slides from yesterday's machine learning class? (Ref #1058),0
Security Alert: Your Apple ID has been locked due to multiple failed login attempts. Verify identity at http://appleid-support-security.xyz now. [Case ID: 9aa42b],1
"Job Offer: Work from home and earn $5,000/week! Send $50 registration fee via UPI / Apple Gift Card to hr@global-remote-jobs.xyz to get started. [Case ID: 26657d]",1
"Thanks for the meeting notes, I'll review the architecture diagram tonight. (Ref #1052)",0
Can you send me the lecture slides from yesterday's machine learning class? (Ref #1464),0
URGENT: Your Wells Fargo account has been suspended! Verify your credentials immediately at http://wellsfargo-verify-login.xyz to restore access. [Case ID: e5e63d],1
Your package from Amazon has been delivered to your front porch. (Ref #3561),0
URGENT: Your Wells Fargo account has been suspended! Verify your credentials immediately at http://wellsfargo-verify-login.xyz to restore access. [Case ID: b5a1fc],1
Can you send me the lecture slides from yesterday's machine learning class? (Ref #3611),0
Please review the attached invoice for the software subscription renewal. (Ref #2708),0
Did you get a chance to look at the quarterly report draft? (Ref #1210),0
"Job Offer: Work from home and earn $5,000/week! Send $50 registration fee via UPI / Apple Gift Card to hr@global-remote-jobs.xyz to get started. [Case ID: b432f3]",1
Can you send me the lecture slides from yesterday's machine learning class? (Ref #1173),0
Customs Clearance Alert: Your international parcel #US89218 is held at customs due to unpaid duties of $45. Pay now at http://customs-parcel-release.click [Case ID: 1595af],1
Your appointment with Dr. Sharma is confirmed for Tuesday at 3 PM. (Ref #1724),0
The flight is delayed by 20 minutes due to weather conditions. (Ref #1647),0
"Thanks for the meeting notes, I'll review the architecture diagram tonight. (Ref #1819)",0
The server deployment finished successfully without any downtime. (Ref #2621),0
"Bank of America Security Alert: Unauthorized transaction of $1,250.00 detected. Click http://bofa-fraud-cancel.top/cancel to reverse charge within 2 hours. [Case ID: f4a4da]",1
"Your PayPal account was accessed from an unknown device in Russia. If this wasn't you, login now at http://paypal-security-alert.tk/auth to secure funds. [Case ID: 01e00f]",1
"Bank of America Security Alert: Unauthorized transaction of $1,250.00 detected. Click http://bofa-fraud-cancel.top/cancel to reverse charge within 2 hours. [Case ID: 30c8e1]",1
The server deployment finished successfully without any downtime. (Ref #3270),0
"Thanks for the meeting notes, I'll review the architecture diagram tonight. (Ref #3345)",0
"Thanks for the meeting notes, I'll review the architecture diagram tonight. (Ref #3877)",0
Please review the attached invoice for the software subscription renewal. (Ref #1916),0
"Dear Customer, your Netflix subscription expired. Update your credit card details immediately at http://netflix-billing-update.cf or your service terminates today. [Case ID: ccb1d4]",1
"CONGRATULATIONS! You have won $1,000,000 in the International Mobile Lottery. Reply with your full name, bank account, and SSN to claim prize. [Case ID: 169779]",1
"I'll be home in about 15 minutes, please put the dinner in the oven. (Ref #1774)",0
The flight is delayed by 20 minutes due to weather conditions. (Ref #2672),0
"Good morning team, let's join the sprint retrospective call at 10 AM. (Ref #3334)",0
Your appointment with Dr. Sharma is confirmed for Tuesday at 3 PM. (Ref #1522),0
Your OTP for logging into the employee portal is 584920. Do not share with anyone. (Ref #1938),0
Security Alert: Your Apple ID has been locked due to multiple failed login attempts. Verify identity at http://appleid-support-security.xyz now. [Case ID: 53f0d7],1
Customs Clearance Alert: Your international parcel #US89218 is held at customs due to unpaid duties of $45. Pay now at http://customs-parcel-release.click [Case ID: fc8001],1
"Bank of America Security Alert: Unauthorized transaction of $1,250.00 detected. Click http://bofa-fraud-cancel.top/cancel to reverse charge within 2 hours. [Case ID: 0d7363]",1
Your OTP for logging into the employee portal is 584920. Do not share with anyone. (Ref #2455),0
"Bank of America Security Alert: Unauthorized transaction of $1,250.00 detected. Click http://bofa-fraud-cancel.top/cancel to reverse charge within 2 hours. [Case ID: 8d420f]",1
The flight is delayed by 20 minutes due to weather conditions. (Ref #3653),0
Customs Clearance Alert: Your international parcel #US89218 is held at customs due to unpaid duties of $45. Pay now at http://customs-parcel-release.click [Case ID: 1a68e5],1
Happy birthday! Wishing you a fantastic year ahead. (Ref #2120),0
Security Alert: Your Apple ID has been locked due to multiple failed login attempts. Verify identity at http://appleid-support-security.xyz now. [Case ID: 9657c1],1
Can you send me the lecture slides from yesterday's machine learning class? (Ref #3678),0
Your appointment with Dr. Sharma is confirmed for Tuesday at 3 PM. (Ref #1057),0
"CONGRATULATIONS! You have won $1,000,000 in the International Mobile Lottery. Reply with your full name, bank account, and SSN to claim prize. [Case ID: 6da900]",1
The flight is delayed by 20 minutes due to weather conditions. (Ref #1907),0
"CONGRATULATIONS! You have won $1,000,000 in the International Mobile Lottery. Reply with your full name, bank account, and SSN to claim prize. [Case ID: 1efa39]",1
Happy birthday! Wishing you a fantastic year ahead. (Ref #2750),0
Your package from Amazon has been delivered to your front porch. (Ref #2822),0
"Job Offer: Work from home and earn $5,000/week! Send $50 registration fee via UPI / Apple Gift Card to hr@global-remote-jobs.xyz to get started. [Case ID: 5a4b25]",1
"Dear Customer, your Netflix subscription expired. Update your credit card details immediately at http://netflix-billing-update.cf or your service terminates today. [Case ID: 40b5f2]",1
Your appointment with Dr. Sharma is confirmed for Tuesday at 3 PM. (Ref #2253),0
"Your PayPal account was accessed from an unknown device in Russia. If this wasn't you, login now at http://paypal-security-alert.tk/auth to secure funds. [Case ID: fa83a1]",1
IRS Notice: Final warning! A lawsuit is filed against you for unpaid taxes. Call immediately at +1-800-555-0199 or send $500 via Bitcoin to settle. [Case ID: 918317],1
Don't forget to push your code changes to the branch before the standup. (Ref #3971),0
"Your PayPal account was accessed from an unknown device in Russia. If this wasn't you, login now at http://paypal-security-alert.tk/auth to secure funds. [Case ID: a8f15e]",1
Security Alert: Your Apple ID has been locked due to multiple failed login attempts. Verify identity at http://appleid-support-security.xyz now. [Case ID: 07e1cd],1
"I'll be home in about 15 minutes, please put the dinner in the oven. (Ref #2772)",0
Your package from Amazon has been delivered to your front porch. (Ref #2837),0
Don't forget to push your code changes to the branch before the standup. (Ref #2107),0
"Hey, are we still meeting for lunch at 12:30 today? (Ref #1866)",0
Your OTP for logging into the employee portal is 584920. Do not share with anyone. (Ref #1802),0
URGENT: Your Wells Fargo account has been suspended! Verify your credentials immediately at http://wellsfargo-verify-login.xyz to restore access. [Case ID: 6d70cb],1
Your OTP for logging into the employee portal is 584920. Do not share with anyone. (Ref #1203),0
The server deployment finished successfully without any downtime. (Ref #2480),0
Your debit card has been blocked. Call support immediately at 9845012345 or visit http://bank-card-reactivate.ml to prevent permanent cancellation. [Case ID: aebf77],1
"Bank of America Security Alert: Unauthorized transaction of $1,250.00 detected. Click http://bofa-fraud-cancel.top/cancel to reverse charge within 2 hours. [Case ID: 934b53]",1
Let's schedule a 1-on-1 sync tomorrow morning to discuss project milestones. (Ref #2978),0
Did you get a chance to look at the quarterly report draft? (Ref #3134),0
"CONGRATULATIONS! You have won $1,000,000 in the International Mobile Lottery. Reply with your full name, bank account, and SSN to claim prize. [Case ID: ab7314]",1
URGENT: Your Wells Fargo account has been suspended! Verify your credentials immediately at http://wellsfargo-verify-login.xyz to restore access. [Case ID: ca9c26],1
Please review the attached invoice for the software subscription renewal. (Ref #3084),0
Security Alert: Your Apple ID has been locked due to multiple failed login attempts. Verify identity at http://appleid-support-security.xyz now. [Case ID: f0dd4a],1
Don't forget to push your code changes to the branch before the standup. (Ref #3890),0
IRS Notice: Final warning! A lawsuit is filed against you for unpaid taxes. Call immediately at +1-800-555-0199 or send $500 via Bitcoin to settle. [Case ID: df9028],1
"Hey, are we still meeting for lunch at 12:30 today? (Ref #1454)",0
The flight is delayed by 20 minutes due to weather conditions. (Ref #3722),0
Can you send me the lecture slides from yesterday's machine learning class? (Ref #3502),0
Don't forget to push your code changes to the branch before the standup. (Ref #3506),0
Security Alert: Your Apple ID has been locked due to multiple failed login attempts. Verify identity at http://appleid-support-security.xyz now. [Case ID: 7fb8ce],1
"Bank of America Security Alert: Unauthorized transaction of $1,250.00 detected. Click http://bofa-fraud-cancel.top/cancel to reverse charge within 2 hours. [Case ID: 6ba3af]",1
Your package from Amazon has been delivered to your front porch. (Ref #2207),0
URGENT: Your Wells Fargo account has been suspended! Verify your credentials immediately at http://wellsfargo-verify-login.xyz to restore access. [Case ID: 35f4a8],1
URGENT: Your Wells Fargo account has been suspended! Verify your credentials immediately at http://wellsfargo-verify-login.xyz to restore access. [Case ID: f3d9de],1
The flight is delayed by 20 minutes due to weather conditions. (Ref #3415),0
Can you send me the lecture slides from yesterday's machine learning class? (Ref #3949),0
Your package from Amazon has been delivered to your front porch. (Ref #1394),0
"Dear Customer, your Netflix subscription expired. Update your credit card details immediately at http://netflix-billing-update.cf or your service terminates today. [Case ID: 393723]",1
"CONGRATULATIONS! You have won $1,000,000 in the International Mobile Lottery. Reply with your full name, bank account, and SSN to claim prize. [Case ID: 95f687]",1
"Good morning team, let's join the sprint retrospective call at 10 AM. (Ref #1043)",0
Your debit card has been blocked. Call support immediately at 9845012345 or visit http://bank-card-reactivate.ml to prevent permanent cancellation. [Case ID: 1bc024],1
Your package from Amazon has been delivered to your front porch. (Ref #1883),0
Security Alert: Your Apple ID has been locked due to multiple failed login attempts. Verify identity at http://appleid-support-security.xyz now. [Case ID: cb70ab],1
Your package from Amazon has been delivered to your front porch. (Ref #3566),0
"Your PayPal account was accessed from an unknown device in Russia. If this wasn't you, login now at http://paypal-security-alert.tk/auth to secure funds. [Case ID: fed333]",1
"Your PayPal account was accessed from an unknown device in Russia. If this wasn't you, login now at http://paypal-security-alert.tk/auth to secure funds. [Case ID: 13111c]",1
"Thanks for the meeting notes, I'll review the architecture diagram tonight. (Ref #1826)",0
The server deployment finished successfully without any downtime. (Ref #2671),0
Can you send me the lecture slides from yesterday's machine learning class? (Ref #2234),0
The flight is delayed by 20 minutes due to weather conditions. (Ref #2273),0
"Job Offer: Work from home and earn $5,000/week! Send $50 registration fee via UPI / Apple Gift Card to hr@global-remote-jobs.xyz to get started. [Case ID: 52d080]",1
Your OTP for logging into the employee portal is 584920. Do not share with anyone. (Ref #3987),0
Security Alert: Your Apple ID has been locked due to multiple failed login attempts. Verify identity at http://appleid-support-security.xyz now. [Case ID: fe40fb],1
The flight is delayed by 20 minutes due to weather conditions. (Ref #3402),0
"CONGRATULATIONS! You have won $1,000,000 in the International Mobile Lottery. Reply with your full name, bank account, and SSN to claim prize. [Case ID: 43e4e6]",1
The flight is delayed by 20 minutes due to weather conditions. (Ref #2889),0
"Job Offer: Work from home and earn $5,000/week! Send $50 registration fee via UPI / Apple Gift Card to hr@global-remote-jobs.xyz to get started. [Case ID: 1f4477]",1
"Job Offer: Work from home and earn $5,000/week! Send $50 registration fee via UPI / Apple Gift Card to hr@global-remote-jobs.xyz to get started. [Case ID: cc1aa4]",1
"I'll be home in about 15 minutes, please put the dinner in the oven. (Ref #3102)",0
Security Alert: Your Apple ID has been locked due to multiple failed login attempts. Verify identity at http://appleid-support-security.xyz now. [Case ID: a381c2],1
"Job Offer: Work from home and earn $5,000/week! Send $50 registration fee via UPI / Apple Gift Card to hr@global-remote-jobs.xyz to get started. [Case ID: 9de6d1]",1
The server deployment finished successfully without any downtime. (Ref #3863),0
Happy birthday! Wishing you a fantastic year ahead. (Ref #2567),0
Your OTP for logging into the employee portal is 584920. Do not share with anyone. (Ref #3256),0
Your package from Amazon has been delivered to your front porch. (Ref #3282),0
"CONGRATULATIONS! You have won $1,000,000 in the International Mobile Lottery. Reply with your full name, bank account, and SSN to claim prize. [Case ID: 390e98]",1
Your debit card has been blocked. Call support immediately at 9845012345 or visit http://bank-card-reactivate.ml to prevent permanent cancellation. [Case ID: 7eabe3],1
Your OTP for logging into the employee portal is 584920. Do not share with anyone. (Ref #1970),0
Security Alert: Your Apple ID has been locked due to multiple failed login attempts. Verify identity at http://appleid-support-security.xyz now. [Case ID: ca0dae],1
Customs Clearance Alert: Your international parcel #US89218 is held at customs due to unpaid duties of $45. Pay now at http://customs-parcel-release.click [Case ID: f1981e],1
"Hey, are we still meeting for lunch at 12:30 today? (Ref #3651)",0
The flight is delayed by 20 minutes due to weather conditions. (Ref #3147),0
"CONGRATULATIONS! You have won $1,000,000 in the International Mobile Lottery. Reply with your full name, bank account, and SSN to claim prize. [Case ID: 9f3640]",1
Your appointment with Dr. Sharma is confirmed for Tuesday at 3 PM. (Ref #3848),0
"Hey, are we still meeting for lunch at 12:30 today? (Ref #2073)",0
"Hey, are we still meeting for lunch at 12:30 today? (Ref #3975)",0
Security Alert: Your Apple ID has been locked due to multiple failed login attempts. Verify identity at http://appleid-support-security.xyz now. [Case ID: 861dc9],1
URGENT: Your Wells Fargo account has been suspended! Verify your credentials immediately at http://wellsfargo-verify-login.xyz to restore access. [Case ID: 20aee3],1
Security Alert: Your Apple ID has been locked due to multiple failed login attempts. Verify identity at http://appleid-support-security.xyz now. [Case ID: 8dd48d],1
"Hey, are we still meeting for lunch at 12:30 today? (Ref #2740)",0
"Job Offer: Work from home and earn $5,000/week! Send $50 registration fee via UPI / Apple Gift Card to hr@global-remote-jobs.xyz to get started. [Case ID: 84438b]",1
"Hey, are we still meeting for lunch at 12:30 today? (Ref #3744)",0
Security Alert: Your Apple ID has been locked due to multiple failed login attempts. Verify identity at http://appleid-support-security.xyz now. [Case ID: 996009],1
"Hey, are we still meeting for lunch at 12:30 today? (Ref #1730)",0
"CONGRATULATIONS! You have won $1,000,000 in the International Mobile Lottery. Reply with your full name, bank account, and SSN to claim prize. [Case ID: e744f9]",1
Can you send me the lecture slides from yesterday's machine learning class? (Ref #1178),0
The server deployment finished successfully without any downtime. (Ref #2061),0
"Job Offer: Work from home and earn $5,000/week! Send $50 registration fee via UPI / Apple Gift Card to hr@global-remote-jobs.xyz to get started. [Case ID: 7876ac]",1
Your OTP for logging into the employee portal is 584920. Do not share with anyone. (Ref #1874),0
Customs Clearance Alert: Your international parcel #US89218 is held at customs due to unpaid duties of $45. Pay now at http://customs-parcel-release.click [Case ID: 59eb5d],1
"Bank of America Security Alert: Unauthorized transaction of $1,250.00 detected. Click http://bofa-fraud-cancel.top/cancel to reverse charge within 2 hours. [Case ID: e19347]",1
The server deployment finished successfully without any downtime. (Ref #2783),0
"Bank of America Security Alert: Unauthorized transaction of $1,250.00 detected. Click http://bofa-fraud-cancel.top/cancel to reverse charge within 2 hours. [Case ID: 764796]",1
Did you get a chance to look at the quarterly report draft? (Ref #1169),0
Happy birthday! Wishing you a fantastic year ahead. (Ref #1966),0
Your package from Amazon has been delivered to your front porch. (Ref #1571),0
Your package from Amazon has been delivered to your front porch. (Ref #2001),0
Security Alert: Your Apple ID has been locked due to multiple failed login attempts. Verify identity at http://appleid-support-security.xyz now. [Case ID: 8b5700],1
"CONGRATULATIONS! You have won $1,000,000 in the International Mobile Lottery. Reply with your full name, bank account, and SSN to claim prize. [Case ID: 269d83]",1
Security Alert: Your Apple ID has been locked due to multiple failed login attempts. Verify identity at http://appleid-support-security.xyz now. [Case ID: 42ffcf],1
"Your PayPal account was accessed from an unknown device in Russia. If this wasn't you, login now at http://paypal-security-alert.tk/auth to secure funds. [Case ID: 093f65]",1
Did you get a chance to look at the quarterly report draft? (Ref #3168),0
"Job Offer: Work from home and earn $5,000/week! Send $50 registration fee via UPI / Apple Gift Card to hr@global-remote-jobs.xyz to get started. [Case ID: 309a8e]",1
Happy birthday! Wishing you a fantastic year ahead. (Ref #3817),0
Happy birthday! Wishing you a fantastic year ahead. (Ref #3849),0
URGENT: Your Wells Fargo account has been suspended! Verify your credentials immediately at http://wellsfargo-verify-login.xyz to restore access. [Case ID: 9185f3],1
The flight is delayed by 20 minutes due to weather conditions. (Ref #1299),0
The flight is delayed by 20 minutes due to weather conditions. (Ref #3655),0
"Your PayPal account was accessed from an unknown device in Russia. If this wasn't you, login now at http://paypal-security-alert.tk/auth to secure funds. [Case ID: cbef46]",1
Can you send me the lecture slides from yesterday's machine learning class? (Ref #2286),0
"Your PayPal account was accessed from an unknown device in Russia. If this wasn't you, login now at http://paypal-security-alert.tk/auth to secure funds. [Case ID: f3144c]",1
Please review the attached invoice for the software subscription renewal. (Ref #1963),0
"I'll be home in about 15 minutes, please put the dinner in the oven. (Ref #2133)",0
Customs Clearance Alert: Your international parcel #US89218 is held at customs due to unpaid duties of $45. Pay now at http://customs-parcel-release.click [Case ID: 8169e0],1
"I'll be home in about 15 minutes, please put the dinner in the oven. (Ref #2135)",0
"Hey, are we still meeting for lunch at 12:30 today? (Ref #1654)",0
"Dear Customer, your Netflix subscription expired. Update your credit card details immediately at http://netflix-billing-update.cf or your service terminates today. [Case ID: 03e7ef]",1
Your debit card has been blocked. Call support immediately at 9845012345 or visit http://bank-card-reactivate.ml to prevent permanent cancellation. [Case ID: ac1dd2],1
Customs Clearance Alert: Your international parcel #US89218 is held at customs due to unpaid duties of $45. Pay now at http://customs-parcel-release.click [Case ID: 96b9bf],1
"Job Offer: Work from home and earn $5,000/week! Send $50 registration fee via UPI / Apple Gift Card to hr@global-remote-jobs.xyz to get started. [Case ID: 584b98]",1
URGENT: Your Wells Fargo account has been suspended! Verify your credentials immediately at http://wellsfargo-verify-login.xyz to restore access. [Case ID: 168082],1
Security Alert: Your Apple ID has been locked due to multiple failed login attempts. Verify identity at http://appleid-support-security.xyz now. [Case ID: 9cb67f],1
Your OTP for logging into the employee portal is 584920. Do not share with anyone. (Ref #3380),0
Your OTP for logging into the employee portal is 584920. Do not share with anyone. (Ref #2651),0
Customs Clearance Alert: Your international parcel #US89218 is held at customs due to unpaid duties of $45. Pay now at http://customs-parcel-release.click [Case ID: 79a49b],1
"Job Offer: Work from home and earn $5,000/week! Send $50 registration fee via UPI / Apple Gift Card to hr@global-remote-jobs.xyz to get started. [Case ID: bf201d]",1
Don't forget to push your code changes to the branch before the standup. (Ref #2710),0
The flight is delayed by 20 minutes due to weather conditions. (Ref #3499),0
Happy birthday! Wishing you a fantastic year ahead. (Ref #1033),0
"Your PayPal account was accessed from an unknown device in Russia. If this wasn't you, login now at http://paypal-security-alert.tk/auth to secure funds. [Case ID: 43baa6]",1
Customs Clearance Alert: Your international parcel #US89218 is held at customs due to unpaid duties of $45. Pay now at http://customs-parcel-release.click [Case ID: b9f94c],1
Your OTP for logging into the employee portal is 584920. Do not share with anyone. (Ref #1115),0
"Bank of America Security Alert: Unauthorized transaction of $1,250.00 detected. Click http://bofa-fraud-cancel.top/cancel to reverse charge within 2 hours. [Case ID: cbf871]",1
Let's schedule a 1-on-1 sync tomorrow morning to discuss project milestones. (Ref #3195),0
The flight is delayed by 20 minutes due to weather conditions. (Ref #3543),0
Your appointment with Dr. Sharma is confirmed for Tuesday at 3 PM. (Ref #2334),0
Your package from Amazon has been delivered to your front porch. (Ref #2255),0
URGENT: Your Wells Fargo account has been suspended! Verify your credentials immediately at http://wellsfargo-verify-login.xyz to restore access. [Case ID: 836917],1
Your appointment with Dr. Sharma is confirmed for Tuesday at 3 PM. (Ref #2556),0
"Bank of America Security Alert: Unauthorized transaction of $1,250.00 detected. Click http://bofa-fraud-cancel.top/cancel to reverse charge within 2 hours. [Case ID: 70feb6]",1
Security Alert: Your Apple ID has been locked due to multiple failed login attempts. Verify identity at http://appleid-support-security.xyz now. [Case ID: 255791],1
Customs Clearance Alert: Your international parcel #US89218 is held at customs due to unpaid duties of $45. Pay now at http://customs-parcel-release.click [Case ID: 286674],1
The flight is delayed by 20 minutes due to weather conditions. (Ref #1156),0
Can you send me the lecture slides from yesterday's machine learning class? (Ref #1632),0
Your package from Amazon has been delivered to your front porch. (Ref #1644),0
Your package from Amazon has been delivered to your front porch. (Ref #3753),0
Did you get a chance to look at the quarterly report draft? (Ref #3483),0
Don't forget to push your code changes to the branch before the standup. (Ref #1100),0
Did you get a chance to look at the quarterly report draft? (Ref #2421),0
IRS Notice: Final warning! A lawsuit is filed against you for unpaid taxes. Call immediately at +1-800-555-0199 or send $500 via Bitcoin to settle. [Case ID: 00ec53],1
Happy birthday! Wishing you a fantastic year ahead. (Ref #2593),0
"Dear Customer, your Netflix subscription expired. Update your credit card details immediately at http://netflix-billing-update.cf or your service terminates today. [Case ID: 25df35]",1
"Thanks for the meeting notes, I'll review the architecture diagram tonight. (Ref #1322)",0
"Bank of America Security Alert: Unauthorized transaction of $1,250.00 detected. Click http://bofa-fraud-cancel.top/cancel to reverse charge within 2 hours. [Case ID: a01a03]",1
Your OTP for logging into the employee portal is 584920. Do not share with anyone. (Ref #3723),0
Let's schedule a 1-on-1 sync tomorrow morning to discuss project milestones. (Ref #3529),0
Please review the attached invoice for the software subscription renewal. (Ref #3629),0
"Hey, are we still meeting for lunch at 12:30 today? (Ref #3633)",0
"Your PayPal account was accessed from an unknown device in Russia. If this wasn't you, login now at http://paypal-security-alert.tk/auth to secure funds. [Case ID: 6d9c54]",1
"Job Offer: Work from home and earn $5,000/week! Send $50 registration fee via UPI / Apple Gift Card to hr@global-remote-jobs.xyz to get started. [Case ID: 90e135]",1
"Dear Customer, your Netflix subscription expired. Update your credit card details immediately at http://netflix-billing-update.cf or your service terminates today. [Case ID: f12ee9]",1
Your OTP for logging into the employee portal is 584920. Do not share with anyone. (Ref #1934),0
"Hey, are we still meeting for lunch at 12:30 today? (Ref #2023)",0
Don't forget to push your code changes to the branch before the standup. (Ref #2398),0
URGENT: Your Wells Fargo account has been suspended! Verify your credentials immediately at http://wellsfargo-verify-login.xyz to restore access. [Case ID: 685545],1
Let's schedule a 1-on-1 sync tomorrow morning to discuss project milestones. (Ref #2050),0
Security Alert: Your Apple ID has been locked due to multiple failed login attempts. Verify identity at http://appleid-support-security.xyz now. [Case ID: 814481],1
Customs Clearance Alert: Your international parcel #US89218 is held at customs due to unpaid duties of $45. Pay now at http://customs-parcel-release.click [Case ID: 4f398c],1
"Dear Customer, your Netflix subscription expired. Update your credit card details immediately at http://netflix-billing-update.cf or your service terminates today. [Case ID: 854d6f]",1
Please review the attached invoice for the software subscription renewal. (Ref #3997),0
IRS Notice: Final warning! A lawsuit is filed against you for unpaid taxes. Call immediately at +1-800-555-0199 or send $500 via Bitcoin to settle. [Case ID: 5d44ee],1
Customs Clearance Alert: Your international parcel #US89218 is held at customs due to unpaid duties of $45. Pay now at http://customs-parcel-release.click [Case ID: 3a20f6],1
"Dear Customer, your Netflix subscription expired. Update your credit card details immediately at http://netflix-billing-update.cf or your service terminates today. [Case ID: df877f]",1
Did you get a chance to look at the quarterly report draft? (Ref #3948),0
Customs Clearance Alert: Your international parcel #US89218 is held at customs due to unpaid duties of $45. Pay now at http://customs-parcel-release.click [Case ID: 7d2b92],1
The server deployment finished successfully without any downtime. (Ref #1181),0
Security Alert: Your Apple ID has been locked due to multiple failed login attempts. Verify identity at http://appleid-support-security.xyz now. [Case ID: 3948ea],1
Your debit card has been blocked. Call support immediately at 9845012345 or visit http://bank-card-reactivate.ml to prevent permanent cancellation. [Case ID: eddea8],1
"Job Offer: Work from home and earn $5,000/week! Send $50 registration fee via UPI / Apple Gift Card to hr@global-remote-jobs.xyz to get started. [Case ID: d62884]",1
"Good morning team, let's join the sprint retrospective call at 10 AM. (Ref #2161)",0
Customs Clearance Alert: Your international parcel #US89218 is held at customs due to unpaid duties of $45. Pay now at http://customs-parcel-release.click [Case ID: 8f5329],1
IRS Notice: Final warning! A lawsuit is filed against you for unpaid taxes. Call immediately at +1-800-555-0199 or send $500 via Bitcoin to settle. [Case ID: 0aa188],1
"Your PayPal account was accessed from an unknown device in Russia. If this wasn't you, login now at http://paypal-security-alert.tk/auth to secure funds. [Case ID: b51a15]",1
Don't forget to push your code changes to the branch before the standup. (Ref #2435),0
Your package from Amazon has been delivered to your front porch. (Ref #2151),0
The server deployment finished successfully without any downtime. (Ref #2462),0
IRS Notice: Final warning! A lawsuit is filed against you for unpaid taxes. Call immediately at +1-800-555-0199 or send $500 via Bitcoin to settle. [Case ID: c9892a],1
Let's schedule a 1-on-1 sync tomorrow morning to discuss project milestones. (Ref #1695),0
URGENT: Your Wells Fargo account has been suspended! Verify your credentials immediately at http://wellsfargo-verify-login.xyz to restore access. [Case ID: 0f3d01],1
IRS Notice: Final warning! A lawsuit is filed against you for unpaid taxes. Call immediately at +1-800-555-0199 or send $500 via Bitcoin to settle. [Case ID: f7ac67],1
URGENT: Your Wells Fargo account has been suspended! Verify your credentials immediately at http://wellsfargo-verify-login.xyz to restore access. [Case ID: a01286],1
Your OTP for logging into the employee portal is 584920. Do not share with anyone. (Ref #3148),0
Your debit card has been blocked. Call support immediately at 9845012345 or visit http://bank-card-reactivate.ml to prevent permanent cancellation. [Case ID: e36985],1
Customs Clearance Alert: Your international parcel #US89218 is held at customs due to unpaid duties of $45. Pay now at http://customs-parcel-release.click [Case ID: 67e103],1
Please review the attached invoice for the software subscription renewal. (Ref #2726),0
Your package from Amazon has been delivered to your front porch. (Ref #3504),0
Let's schedule a 1-on-1 sync tomorrow morning to discuss project milestones. (Ref #3002),0
The server deployment finished successfully without any downtime. (Ref #3571),0
The server deployment finished successfully without any downtime. (Ref #3523),0
"Job Offer: Work from home and earn $5,000/week! Send $50 registration fee via UPI / Apple Gift Card to hr@global-remote-jobs.xyz to get started. [Case ID: 231141]",1
Customs Clearance Alert: Your international parcel #US89218 is held at customs due to unpaid duties of $45. Pay now at http://customs-parcel-release.click [Case ID: 02f039],1
Security Alert: Your Apple ID has been locked due to multiple failed login attempts. Verify identity at http://appleid-support-security.xyz now. [Case ID: 25db67],1
Can you send me the lecture slides from yesterday's machine learning class? (Ref #3757),0
Security Alert: Your Apple ID has been locked due to multiple failed login attempts. Verify identity at http://appleid-support-security.xyz now. [Case ID: a66658],1
Customs Clearance Alert: Your international parcel #US89218 is held at customs due to unpaid duties of $45. Pay now at http://customs-parcel-release.click [Case ID: e49b8b],1
Security Alert: Your Apple ID has been locked due to multiple failed login attempts. Verify identity at http://appleid-support-security.xyz now. [Case ID: 677e09],1
"I'll be home in about 15 minutes, please put the dinner in the oven. (Ref #1889)",0
Let's schedule a 1-on-1 sync tomorrow morning to discuss project milestones. (Ref #1445),0
IRS Notice: Final warning! A lawsuit is filed against you for unpaid taxes. Call immediately at +1-800-555-0199 or send $500 via Bitcoin to settle. [Case ID: 8df707],1
Let's schedule a 1-on-1 sync tomorrow morning to discuss project milestones. (Ref #3823),0
URGENT: Your Wells Fargo account has been suspended! Verify your credentials immediately at http://wellsfargo-verify-login.xyz to restore access. [Case ID: fde926],1
Let's schedule a 1-on-1 sync tomorrow morning to discuss project milestones. (Ref #2364),0
"Good morning team, let's join the sprint retrospective call at 10 AM. (Ref #1441)",0
IRS Notice: Final warning! A lawsuit is filed against you for unpaid taxes. Call immediately at +1-800-555-0199 or send $500 via Bitcoin to settle. [Case ID: 3bf55b],1
Happy birthday! Wishing you a fantastic year ahead. (Ref #2233),0
Did you get a chance to look at the quarterly report draft? (Ref #1950),0
IRS Notice: Final warning! A lawsuit is filed against you for unpaid taxes. Call immediately at +1-800-555-0199 or send $500 via Bitcoin to settle. [Case ID: 4daa3d],1
"Bank of America Security Alert: Unauthorized transaction of $1,250.00 detected. Click http://bofa-fraud-cancel.top/cancel to reverse charge within 2 hours. [Case ID: 4c22bd]",1
IRS Notice: Final warning! A lawsuit is filed against you for unpaid taxes. Call immediately at +1-800-555-0199 or send $500 via Bitcoin to settle. [Case ID: cbcb58],1
"Bank of America Security Alert: Unauthorized transaction of $1,250.00 detected. Click http://bofa-fraud-cancel.top/cancel to reverse charge within 2 hours. [Case ID: cd89fe]",1
"Your PayPal account was accessed from an unknown device in Russia. If this wasn't you, login now at http://paypal-security-alert.tk/auth to secure funds. [Case ID: 115f89]",1
The flight is delayed by 20 minutes due to weather conditions. (Ref #2450),0
"Job Offer: Work from home and earn $5,000/week! Send $50 registration fee via UPI / Apple Gift Card to hr@global-remote-jobs.xyz to get started. [Case ID: d64a34]",1
"Good morning team, let's join the sprint retrospective call at 10 AM. (Ref #2700)",0
"Bank of America Security Alert: Unauthorized transaction of $1,250.00 detected. Click http://bofa-fraud-cancel.top/cancel to reverse charge within 2 hours. [Case ID: 17b3c7]",1
Did you get a chance to look at the quarterly report draft? (Ref #1361),0
"Thanks for the meeting notes, I'll review the architecture diagram tonight. (Ref #3950)",0
Your package from Amazon has been delivered to your front porch. (Ref #2925),0
"CONGRATULATIONS! You have won $1,000,000 in the International Mobile Lottery. Reply with your full name, bank account, and SSN to claim prize. [Case ID: 0777d5]",1
Your package from Amazon has been delivered to your front porch. (Ref #1318),0
"Thanks for the meeting notes, I'll review the architecture diagram tonight. (Ref #3914)",0
"Dear Customer, your Netflix subscription expired. Update your credit card details immediately at http://netflix-billing-update.cf or your service terminates today. [Case ID: 2c8910]",1
"Job Offer: Work from home and earn $5,000/week! Send $50 registration fee via UPI / Apple Gift Card to hr@global-remote-jobs.xyz to get started. [Case ID: 032550]",1
"Hey, are we still meeting for lunch at 12:30 today? (Ref #1287)",0
"Good morning team, let's join the sprint retrospective call at 10 AM. (Ref #1099)",0
"Your PayPal account was accessed from an unknown device in Russia. If this wasn't you, login now at http://paypal-security-alert.tk/auth to secure funds. [Case ID: d554f7]",1
"Dear Customer, your Netflix subscription expired. Update your credit card details immediately at http://netflix-billing-update.cf or your service terminates today. [Case ID: be53ee]",1
"Good morning team, let's join the sprint retrospective call at 10 AM. (Ref #3263)",0
Security Alert: Your Apple ID has been locked due to multiple failed login attempts. Verify identity at http://appleid-support-security.xyz now. [Case ID: f22170],1
Your debit card has been blocked. Call support immediately at 9845012345 or visit http://bank-card-reactivate.ml to prevent permanent cancellation. [Case ID: 660229],1
"Thanks for the meeting notes, I'll review the architecture diagram tonight. (Ref #3599)",0
Happy birthday! Wishing you a fantastic year ahead. (Ref #2572),0
The server deployment finished successfully without any downtime. (Ref #3967),0
Let's schedule a 1-on-1 sync tomorrow morning to discuss project milestones. (Ref #2608),0
"Dear Customer, your Netflix subscription expired. Update your credit card details immediately at http://netflix-billing-update.cf or your service terminates today. [Case ID: 98f137]",1
"CONGRATULATIONS! You have won $1,000,000 in the International Mobile Lottery. Reply with your full name, bank account, and SSN to claim prize. [Case ID: 4a3e00]",1
Security Alert: Your Apple ID has been locked due to multiple failed login attempts. Verify identity at http://appleid-support-security.xyz now. [Case ID: d840cc],1
"Your PayPal account was accessed from an unknown device in Russia. If this wasn't you, login now at http://paypal-security-alert.tk/auth to secure funds. [Case ID: 94e445]",1
Customs Clearance Alert: Your international parcel #US89218 is held at customs due to unpaid duties of $45. Pay now at http://customs-parcel-release.click [Case ID: ad13a2],1
"CONGRATULATIONS! You have won $1,000,000 in the International Mobile Lottery. Reply with your full name, bank account, and SSN to claim prize. [Case ID: c7e124]",1
The server deployment finished successfully without any downtime. (Ref #1528),0
"CONGRATULATIONS! You have won $1,000,000 in the International Mobile Lottery. Reply with your full name, bank account, and SSN to claim prize. [Case ID: c52f1b]",1
Happy birthday! Wishing you a fantastic year ahead. (Ref #3138),0
Don't forget to push your code changes to the branch before the standup. (Ref #3959),0
IRS Notice: Final warning! A lawsuit is filed against you for unpaid taxes. Call immediately at +1-800-555-0199 or send $500 via Bitcoin to settle. [Case ID: 44f683],1
"Good morning team, let's join the sprint retrospective call at 10 AM. (Ref #1449)",0
The flight is delayed by 20 minutes due to weather conditions. (Ref #3377),0
Customs Clearance Alert: Your international parcel #US89218 is held at customs due to unpaid duties of $45. Pay now at http://customs-parcel-release.click [Case ID: 97275a],1
Don't forget to push your code changes to the branch before the standup. (Ref #2623),0
Your OTP for logging into the employee portal is 584920. Do not share with anyone. (Ref #3057),0
"I'll be home in about 15 minutes, please put the dinner in the oven. (Ref #1712)",0
Your OTP for logging into the employee portal is 584920. Do not share with anyone. (Ref #3086),0
IRS Notice: Final warning! A lawsuit is filed against you for unpaid taxes. Call immediately at +1-800-555-0199 or send $500 via Bitcoin to settle. [Case ID: 36660e],1
Did you get a chance to look at the quarterly report draft? (Ref #1278),0
Your OTP for logging into the employee portal is 584920. Do not share with anyone. (Ref #2812),0
IRS Notice: Final warning! A lawsuit is filed against you for unpaid taxes. Call immediately at +1-800-555-0199 or send $500 via Bitcoin to settle. [Case ID: 046ddf],1
Can you send me the lecture slides from yesterday's machine learning class? (Ref #2545),0
URGENT: Your Wells Fargo account has been suspended! Verify your credentials immediately at http://wellsfargo-verify-login.xyz to restore access. [Case ID: 14ea0d],1
"Your PayPal account was accessed from an unknown device in Russia. If this wasn't you, login now at http://paypal-security-alert.tk/auth to secure funds. [Case ID: 2bb232]",1
"Thanks for the meeting notes, I'll review the architecture diagram tonight. (Ref #3576)",0
Your package from Amazon has been delivered to your front porch. (Ref #2309),0
"Dear Customer, your Netflix subscription expired. Update your credit card details immediately at http://netflix-billing-update.cf or your service terminates today. [Case ID: 71a3cb]",1
"Bank of America Security Alert: Unauthorized transaction of $1,250.00 detected. Click http://bofa-fraud-cancel.top/cancel to reverse charge within 2 hours. [Case ID: 82f2b3]",1
Let's schedule a 1-on-1 sync tomorrow morning to discuss project milestones. (Ref #2432),0
"I'll be home in about 15 minutes, please put the dinner in the oven. (Ref #3211)",0
Let's schedule a 1-on-1 sync tomorrow morning to discuss project milestones. (Ref #1401),0
Your package from Amazon has been delivered to your front porch. (Ref #1937),0
"Dear Customer, your Netflix subscription expired. Update your credit card details immediately at http://netflix-billing-update.cf or your service terminates today. [Case ID: c8ed21]",1
"CONGRATULATIONS! You have won $1,000,000 in the International Mobile Lottery. Reply with your full name, bank account, and SSN to claim prize. [Case ID: b60c5a]",1
Your debit card has been blocked. Call support immediately at 9845012345 or visit http://bank-card-reactivate.ml to prevent permanent cancellation. [Case ID: 5cbdfd],1
Your debit card has been blocked. Call support immediately at 9845012345 or visit http://bank-card-reactivate.ml to prevent permanent cancellation. [Case ID: 411ae1],1
Your appointment with Dr. Sharma is confirmed for Tuesday at 3 PM. (Ref #1270),0
Your debit card has been blocked. Call support immediately at 9845012345 or visit http://bank-card-reactivate.ml to prevent permanent cancellation. [Case ID: 6a10bb],1
URGENT: Your Wells Fargo account has been suspended! Verify your credentials immediately at http://wellsfargo-verify-login.xyz to restore access. [Case ID: 28e209],1
"Dear Customer, your Netflix subscription expired. Update your credit card details immediately at http://netflix-billing-update.cf or your service terminates today. [Case ID: b06f50]",1
Security Alert: Your Apple ID has been locked due to multiple failed login attempts. Verify identity at http://appleid-support-security.xyz now. [Case ID: 8c1b6f],1
Your debit card has been blocked. Call support immediately at 9845012345 or visit http://bank-card-reactivate.ml to prevent permanent cancellation. [Case ID: d18f65],1
URGENT: Your Wells Fargo account has been suspended! Verify your credentials immediately at http://wellsfargo-verify-login.xyz to restore access. [Case ID: f340f1],1
"Job Offer: Work from home and earn $5,000/week! Send $50 registration fee via UPI / Apple Gift Card to hr@global-remote-jobs.xyz to get started. [Case ID: 1e4d36]",1
Your OTP for logging into the employee portal is 584920. Do not share with anyone. (Ref #3792),0
Security Alert: Your Apple ID has been locked due to multiple failed login attempts. Verify identity at http://appleid-support-security.xyz now. [Case ID: 490640],1
IRS Notice: Final warning! A lawsuit is filed against you for unpaid taxes. Call immediately at +1-800-555-0199 or send $500 via Bitcoin to settle. [Case ID: 08419b],1
"Hey, are we still meeting for lunch at 12:30 today? (Ref #2600)",0
Let's schedule a 1-on-1 sync tomorrow morning to discuss project milestones. (Ref #1227),0
Happy birthday! Wishing you a fantastic year ahead. (Ref #2018),0
"Dear Customer, your Netflix subscription expired. Update your credit card details immediately at http://netflix-billing-update.cf or your service terminates today. [Case ID: 522a9a]",1
Your debit card has been blocked. Call support immediately at 9845012345 or visit http://bank-card-reactivate.ml to prevent permanent cancellation. [Case ID: 42fe88],1
Let's schedule a 1-on-1 sync tomorrow morning to discuss project milestones. (Ref #2163),0
"I'll be home in about 15 minutes, please put the dinner in the oven. (Ref #2847)",0
"CONGRATULATIONS! You have won $1,000,000 in the International Mobile Lottery. Reply with your full name, bank account, and SSN to claim prize. [Case ID: f016e5]",1
"Dear Customer, your Netflix subscription expired. Update your credit card details immediately at http://netflix-billing-update.cf or your service terminates today. [Case ID: 38b3ef]",1
The flight is delayed by 20 minutes due to weather conditions. (Ref #1865),0
Happy birthday! Wishing you a fantastic year ahead. (Ref #1472),0
The server deployment finished successfully without any downtime. (Ref #1875),0
Your debit card has been blocked. Call support immediately at 9845012345 or visit http://bank-card-reactivate.ml to prevent permanent cancellation. [Case ID: c86a7e],1
Don't forget to push your code changes to the branch before the standup. (Ref #3786),0
Please review the attached invoice for the software subscription renewal. (Ref #3983),0
Don't forget to push your code changes to the branch before the standup. (Ref #1355),0
Security Alert: Your Apple ID has been locked due to multiple failed login attempts. Verify identity at http://appleid-support-security.xyz now. [Case ID: 97d981],1
Don't forget to push your code changes to the branch before the standup. (Ref #2083),0
URGENT: Your Wells Fargo account has been suspended! Verify your credentials immediately at http://wellsfargo-verify-login.xyz to restore access. [Case ID: caf1a3],1
Security Alert: Your Apple ID has been locked due to multiple failed login attempts. Verify identity at http://appleid-support-security.xyz now. [Case ID: 7ce328],1
"Good morning team, let's join the sprint retrospective call at 10 AM. (Ref #1862)",0
Don't forget to push your code changes to the branch before the standup. (Ref #3238),0
"Bank of America Security Alert: Unauthorized transaction of $1,250.00 detected. Click http://bofa-fraud-cancel.top/cancel to reverse charge within 2 hours. [Case ID: d88518]",1
IRS Notice: Final warning! A lawsuit is filed against you for unpaid taxes. Call immediately at +1-800-555-0199 or send $500 via Bitcoin to settle. [Case ID: 743394],1
IRS Notice: Final warning! A lawsuit is filed against you for unpaid taxes. Call immediately at +1-800-555-0199 or send $500 via Bitcoin to settle. [Case ID: 619205],1
"Your PayPal account was accessed from an unknown device in Russia. If this wasn't you, login now at http://paypal-security-alert.tk/auth to secure funds. [Case ID: 8c7bbb]",1
IRS Notice: Final warning! A lawsuit is filed against you for unpaid taxes. Call immediately at +1-800-555-0199 or send $500 via Bitcoin to settle. [Case ID: ed519d],1
"I'll be home in about 15 minutes, please put the dinner in the oven. (Ref #3284)",0
Please review the attached invoice for the software subscription renewal. (Ref #1067),0
Did you get a chance to look at the quarterly report draft? (Ref #2562),0
IRS Notice: Final warning! A lawsuit is filed against you for unpaid taxes. Call immediately at +1-800-555-0199 or send $500 via Bitcoin to settle. [Case ID: b20bb9],1
Don't forget to push your code changes to the branch before the standup. (Ref #3762),0
"Dear Customer, your Netflix subscription expired. Update your credit card details immediately at http://netflix-billing-update.cf or your service terminates today. [Case ID: 8c235f]",1
Your debit card has been blocked. Call support immediately at 9845012345 or visit http://bank-card-reactivate.ml to prevent permanent cancellation. [Case ID: 2a50e9],1
IRS Notice: Final warning! A lawsuit is filed against you for unpaid taxes. Call immediately at +1-800-555-0199 or send $500 via Bitcoin to settle. [Case ID: e4da3b],1
"Bank of America Security Alert: Unauthorized transaction of $1,250.00 detected. Click http://bofa-fraud-cancel.top/cancel to reverse charge within 2 hours. [Case ID: 565030]",1
Customs Clearance Alert: Your international parcel #US89218 is held at customs due to unpaid duties of $45. Pay now at http://customs-parcel-release.click [Case ID: 7a6844],1
Happy birthday! Wishing you a fantastic year ahead. (Ref #2333),0
Please review the attached invoice for the software subscription renewal. (Ref #3935),0
"Job Offer: Work from home and earn $5,000/week! Send $50 registration fee via UPI / Apple Gift Card to hr@global-remote-jobs.xyz to get started. [Case ID: dc58e3]",1
Your appointment with Dr. Sharma is confirmed for Tuesday at 3 PM. (Ref #1839),0
"Dear Customer, your Netflix subscription expired. Update your credit card details immediately at http://netflix-billing-update.cf or your service terminates today. [Case ID: fba9d8]",1
Please review the attached invoice for the software subscription renewal. (Ref #3120),0
Your package from Amazon has been delivered to your front porch. (Ref #1386),0
Your OTP for logging into the employee portal is 584920. Do not share with anyone. (Ref #1006),0
"Your PayPal account was accessed from an unknown device in Russia. If this wasn't you, login now at http://paypal-security-alert.tk/auth to secure funds. [Case ID: 28b60a]",1
Your OTP for logging into the employee portal is 584920. Do not share with anyone. (Ref #1503),0
IRS Notice: Final warning! A lawsuit is filed against you for unpaid taxes. Call immediately at +1-800-555-0199 or send $500 via Bitcoin to settle. [Case ID: 4f2848],1
"Good morning team, let's join the sprint retrospective call at 10 AM. (Ref #2494)",0
"CONGRATULATIONS! You have won $1,000,000 in the International Mobile Lottery. Reply with your full name, bank account, and SSN to claim prize. [Case ID: 94f6d7]",1
"I'll be home in about 15 minutes, please put the dinner in the oven. (Ref #2742)",0
Happy birthday! Wishing you a fantastic year ahead. (Ref #2897),0
Happy birthday! Wishing you a fantastic year ahead. (Ref #3563),0
Security Alert: Your Apple ID has been locked due to multiple failed login attempts. Verify identity at http://appleid-support-security.xyz now. [Case ID: 46922a],1
"Your PayPal account was accessed from an unknown device in Russia. If this wasn't you, login now at http://paypal-security-alert.tk/auth to secure funds. [Case ID: c1e39d]",1
"Dear Customer, your Netflix subscription expired. Update your credit card details immediately at http://netflix-billing-update.cf or your service terminates today. [Case ID: 9c838d]",1
"Bank of America Security Alert: Unauthorized transaction of $1,250.00 detected. Click http://bofa-fraud-cancel.top/cancel to reverse charge within 2 hours. [Case ID: 0c0a75]",1
IRS Notice: Final warning! A lawsuit is filed against you for unpaid taxes. Call immediately at +1-800-555-0199 or send $500 via Bitcoin to settle. [Case ID: 68d13c],1
Your OTP for logging into the employee portal is 584920. Do not share with anyone. (Ref #3218),0
Your debit card has been blocked. Call support immediately at 9845012345 or visit http://bank-card-reactivate.ml to prevent permanent cancellation. [Case ID: d34ab1],1
The server deployment finished successfully without any downtime. (Ref #3227),0
Customs Clearance Alert: Your international parcel #US89218 is held at customs due to unpaid duties of $45. Pay now at http://customs-parcel-release.click [Case ID: b6edc1],1
IRS Notice: Final warning! A lawsuit is filed against you for unpaid taxes. Call immediately at +1-800-555-0199 or send $500 via Bitcoin to settle. [Case ID: b71091],1
Customs Clearance Alert: Your international parcel #US89218 is held at customs due to unpaid duties of $45. Pay now at http://customs-parcel-release.click [Case ID: 654788],1
"Hey, are we still meeting for lunch at 12:30 today? (Ref #1277)",0
Security Alert: Your Apple ID has been locked due to multiple failed login attempts. Verify identity at http://appleid-support-security.xyz now. [Case ID: 6e7d2d],1
Your appointment with Dr. Sharma is confirmed for Tuesday at 3 PM. (Ref #3501),0
The server deployment finished successfully without any downtime. (Ref #2391),0
Your OTP for logging into the employee portal is 584920. Do not share with anyone. (Ref #1208),0
"Hey, are we still meeting for lunch at 12:30 today? (Ref #3420)",0
The server deployment finished successfully without any downtime. (Ref #3307),0
Let's schedule a 1-on-1 sync tomorrow morning to discuss project milestones. (Ref #1613),0
"Job Offer: Work from home and earn $5,000/week! Send $50 registration fee via UPI / Apple Gift Card to hr@global-remote-jobs.xyz to get started. [Case ID: f89913]",1
Your appointment with Dr. Sharma is confirmed for Tuesday at 3 PM. (Ref #2647),0
IRS Notice: Final warning! A lawsuit is filed against you for unpaid taxes. Call immediately at +1-800-555-0199 or send $500 via Bitcoin to settle. [Case ID: e4dd55],1
URGENT: Your Wells Fargo account has been suspended! Verify your credentials immediately at http://wellsfargo-verify-login.xyz to restore access. [Case ID: 6d9cb7],1
IRS Notice: Final warning! A lawsuit is filed against you for unpaid taxes. Call immediately at +1-800-555-0199 or send $500 via Bitcoin to settle. [Case ID: 8c01a7],1
Customs Clearance Alert: Your international parcel #US89218 is held at customs due to unpaid duties of $45. Pay now at http://customs-parcel-release.click [Case ID: efdf56],1
"Dear Customer, your Netflix subscription expired. Update your credit card details immediately at http://netflix-billing-update.cf or your service terminates today. [Case ID: c9f0f8]",1
The server deployment finished successfully without any downtime. (Ref #2904),0
Customs Clearance Alert: Your international parcel #US89218 is held at customs due to unpaid duties of $45. Pay now at http://customs-parcel-release.click [Case ID: b4288d],1
"Job Offer: Work from home and earn $5,000/week! Send $50 registration fee via UPI / Apple Gift Card to hr@global-remote-jobs.xyz to get started. [Case ID: cd1482]",1
The flight is delayed by 20 minutes due to weather conditions. (Ref #2281),0
Did you get a chance to look at the quarterly report draft? (Ref #3858),0
"Bank of America Security Alert: Unauthorized transaction of $1,250.00 detected. Click http://bofa-fraud-cancel.top/cancel to reverse charge within 2 hours. [Case ID: 4e2545]",1
URGENT: Your Wells Fargo account has been suspended! Verify your credentials immediately at http://wellsfargo-verify-login.xyz to restore access. [Case ID: 7e8372],1
Your appointment with Dr. Sharma is confirmed for Tuesday at 3 PM. (Ref #1780),0
The server deployment finished successfully without any downtime. (Ref #1431),0
IRS Notice: Final warning! A lawsuit is filed against you for unpaid taxes. Call immediately at +1-800-555-0199 or send $500 via Bitcoin to settle. [Case ID: 4d2e7b],1
Please review the attached invoice for the software subscription renewal. (Ref #2109),0
"Bank of America Security Alert: Unauthorized transaction of $1,250.00 detected. Click http://bofa-fraud-cancel.top/cancel to reverse charge within 2 hours. [Case ID: f9028f]",1
"Bank of America Security Alert: Unauthorized transaction of $1,250.00 detected. Click http://bofa-fraud-cancel.top/cancel to reverse charge within 2 hours. [Case ID: 1728ef]",1
Can you send me the lecture slides from yesterday's machine learning class? (Ref #1984),0
Happy birthday! Wishing you a fantastic year ahead. (Ref #1026),0
Happy birthday! Wishing you a fantastic year ahead. (Ref #1415),0
Customs Clearance Alert: Your international parcel #US89218 is held at customs due to unpaid duties of $45. Pay now at http://customs-parcel-release.click [Case ID: 99f59c],1
"Hey, are we still meeting for lunch at 12:30 today? (Ref #2075)",0
"I'll be home in about 15 minutes, please put the dinner in the oven. (Ref #2425)",0
Can you send me the lecture slides from yesterday's machine learning class? (Ref #2454),0
"Hey, are we still meeting for lunch at 12:30 today? (Ref #1332)",0
"Good morning team, let's join the sprint retrospective call at 10 AM. (Ref #1756)",0
Can you send me the lecture slides from yesterday's machine learning class? (Ref #1989),0
Security Alert: Your Apple ID has been locked due to multiple failed login attempts. Verify identity at http://appleid-support-security.xyz now. [Case ID: 81e5f8],1
Don't forget to push your code changes to the branch before the standup. (Ref #1022),0
"Your PayPal account was accessed from an unknown device in Russia. If this wasn't you, login now at http://paypal-security-alert.tk/auth to secure funds. [Case ID: a368b0]",1
Please review the attached invoice for the software subscription renewal. (Ref #1485),0
Can you send me the lecture slides from yesterday's machine learning class? (Ref #1812),0
"Your PayPal account was accessed from an unknown device in Russia. If this wasn't you, login now at http://paypal-security-alert.tk/auth to secure funds. [Case ID: 812b4b]",1
"Hey, are we still meeting for lunch at 12:30 today? (Ref #3404)",0
Security Alert: Your Apple ID has been locked due to multiple failed login attempts. Verify identity at http://appleid-support-security.xyz now. [Case ID: ef50c3],1
Let's schedule a 1-on-1 sync tomorrow morning to discuss project milestones. (Ref #1175),0
Please review the attached invoice for the software subscription renewal. (Ref #3434),0
Your OTP for logging into the employee portal is 584920. Do not share with anyone. (Ref #2003),0
IRS Notice: Final warning! A lawsuit is filed against you for unpaid taxes. Call immediately at +1-800-555-0199 or send $500 via Bitcoin to settle. [Case ID: b534ba],1
"Job Offer: Work from home and earn $5,000/week! Send $50 registration fee via UPI / Apple Gift Card to hr@global-remote-jobs.xyz to get started. [Case ID: e60e81]",1
Can you send me the lecture slides from yesterday's machine learning class? (Ref #2764),0
The flight is delayed by 20 minutes due to weather conditions. (Ref #3045),0
Don't forget to push your code changes to the branch before the standup. (Ref #2738),0
Your package from Amazon has been delivered to your front porch. (Ref #2089),0
"CONGRATULATIONS! You have won $1,000,000 in the International Mobile Lottery. Reply with your full name, bank account, and SSN to claim prize. [Case ID: 69d1fc]",1
"Thanks for the meeting notes, I'll review the architecture diagram tonight. (Ref #3310)",0
Please review the attached invoice for the software subscription renewal. (Ref #1254),0
Security Alert: Your Apple ID has been locked due to multiple failed login attempts. Verify identity at http://appleid-support-security.xyz now. [Case ID: e0ec45],1
"Dear Customer, your Netflix subscription expired. Update your credit card details immediately at http://netflix-billing-update.cf or your service terminates today. [Case ID: 245104]",1
"Bank of America Security Alert: Unauthorized transaction of $1,250.00 detected. Click http://bofa-fraud-cancel.top/cancel to reverse charge within 2 hours. [Case ID: 934815]",1
Did you get a chance to look at the quarterly report draft? (Ref #1147),0
Security Alert: Your Apple ID has been locked due to multiple failed login attempts. Verify identity at http://appleid-support-security.xyz now. [Case ID: d9fc5b],1
"Dear Customer, your Netflix subscription expired. Update your credit card details immediately at http://netflix-billing-update.cf or your service terminates today. [Case ID: 98d6f5]",1
Don't forget to push your code changes to the branch before the standup. (Ref #3090),0
"Hey, are we still meeting for lunch at 12:30 today? (Ref #2611)",0
"I'll be home in about 15 minutes, please put the dinner in the oven. (Ref #1155)",0
Customs Clearance Alert: Your international parcel #US89218 is held at customs due to unpaid duties of $45. Pay now at http://customs-parcel-release.click [Case ID: 0fcbc6],1
Security Alert: Your Apple ID has been locked due to multiple failed login attempts. Verify identity at http://appleid-support-security.xyz now. [Case ID: 68053a],1
"Good morning team, let's join the sprint retrospective call at 10 AM. (Ref #2507)",0
URGENT: Your Wells Fargo account has been suspended! Verify your credentials immediately at http://wellsfargo-verify-login.xyz to restore access. [Case ID: fd06b8],1
Please review the attached invoice for the software subscription renewal. (Ref #2377),0
"Bank of America Security Alert: Unauthorized transaction of $1,250.00 detected. Click http://bofa-fraud-cancel.top/cancel to reverse charge within 2 hours. [Case ID: 856fc8]",1
The flight is delayed by 20 minutes due to weather conditions. (Ref #3717),0
IRS Notice: Final warning! A lawsuit is filed against you for unpaid taxes. Call immediately at +1-800-555-0199 or send $500 via Bitcoin to settle. [Case ID: 37f0e8],1
Your appointment with Dr. Sharma is confirmed for Tuesday at 3 PM. (Ref #1506),0
"Bank of America Security Alert: Unauthorized transaction of $1,250.00 detected. Click http://bofa-fraud-cancel.top/cancel to reverse charge within 2 hours. [Case ID: 6d0f84]",1
Security Alert: Your Apple ID has been locked due to multiple failed login attempts. Verify identity at http://appleid-support-security.xyz now. [Case ID: e16542],1
"CONGRATULATIONS! You have won $1,000,000 in the International Mobile Lottery. Reply with your full name, bank account, and SSN to claim prize. [Case ID: 021bbc]",1
Can you send me the lecture slides from yesterday's machine learning class? (Ref #2771),0
Your package from Amazon has been delivered to your front porch. (Ref #3820),0
Let's schedule a 1-on-1 sync tomorrow morning to discuss project milestones. (Ref #1045),0
Happy birthday! Wishing you a fantastic year ahead. (Ref #2624),0
"Your PayPal account was accessed from an unknown device in Russia. If this wasn't you, login now at http://paypal-security-alert.tk/auth to secure funds. [Case ID: f4f6dc]",1
URGENT: Your Wells Fargo account has been suspended! Verify your credentials immediately at http://wellsfargo-verify-login.xyz to restore access. [Case ID: 301ad0],1
"Good morning team, let's join the sprint retrospective call at 10 AM. (Ref #3319)",0
Your package from Amazon has been delivered to your front porch. (Ref #1898),0
Let's schedule a 1-on-1 sync tomorrow morning to discuss project milestones. (Ref #1102),0
Security Alert: Your Apple ID has been locked due to multiple failed login attempts. Verify identity at http://appleid-support-security.xyz now. [Case ID: 6e7b33],1
"Hey, are we still meeting for lunch at 12:30 today? (Ref #1672)",0
"Thanks for the meeting notes, I'll review the architecture diagram tonight. (Ref #1306)",0
IRS Notice: Final warning! A lawsuit is filed against you for unpaid taxes. Call immediately at +1-800-555-0199 or send $500 via Bitcoin to settle. [Case ID: ec8ce6],1
IRS Notice: Final warning! A lawsuit is filed against you for unpaid taxes. Call immediately at +1-800-555-0199 or send $500 via Bitcoin to settle. [Case ID: 8d317b],1
Don't forget to push your code changes to the branch before the standup. (Ref #1214),0
IRS Notice: Final warning! A lawsuit is filed against you for unpaid taxes. Call immediately at +1-800-555-0199 or send $500 via Bitcoin to settle. [Case ID: f8b932],1
"I'll be home in about 15 minutes, please put the dinner in the oven. (Ref #2102)",0
"Your PayPal account was accessed from an unknown device in Russia. If this wasn't you, login now at http://paypal-security-alert.tk/auth to secure funds. [Case ID: 795c7a]",1
Your appointment with Dr. Sharma is confirmed for Tuesday at 3 PM. (Ref #3005),0
"Thanks for the meeting notes, I'll review the architecture diagram tonight. (Ref #3712)",0
The server deployment finished successfully without any downtime. (Ref #2178),0
"Job Offer: Work from home and earn $5,000/week! Send $50 registration fee via UPI / Apple Gift Card to hr@global-remote-jobs.xyz to get started. [Case ID: dcf607]",1
"Job Offer: Work from home and earn $5,000/week! Send $50 registration fee via UPI / Apple Gift Card to hr@global-remote-jobs.xyz to get started. [Case ID: 8d6dc3]",1
"Hey, are we still meeting for lunch at 12:30 today? (Ref #1460)",0
Happy birthday! Wishing you a fantastic year ahead. (Ref #3641),0
Happy birthday! Wishing you a fantastic year ahead. (Ref #2718),0
Can you send me the lecture slides from yesterday's machine learning class? (Ref #3194),0
"Hey, are we still meeting for lunch at 12:30 today? (Ref #1408)",0
"Thanks for the meeting notes, I'll review the architecture diagram tonight. (Ref #2725)",0
Let's schedule a 1-on-1 sync tomorrow morning to discuss project milestones. (Ref #1999),0
"Thanks for the meeting notes, I'll review the architecture diagram tonight. (Ref #1913)",0
"Thanks for the meeting notes, I'll review the architecture diagram tonight. (Ref #3366)",0
Security Alert: Your Apple ID has been locked due to multiple failed login attempts. Verify identity at http://appleid-support-security.xyz now. [Case ID: daa96d],1
Customs Clearance Alert: Your international parcel #US89218 is held at customs due to unpaid duties of $45. Pay now at http://customs-parcel-release.click [Case ID: 92af93],1
The server deployment finished successfully without any downtime. (Ref #2456),0
"CONGRATULATIONS! You have won $1,000,000 in the International Mobile Lottery. Reply with your full name, bank account, and SSN to claim prize. [Case ID: c164bb]",1
The server deployment finished successfully without any downtime. (Ref #2665),0
Security Alert: Your Apple ID has been locked due to multiple failed login attempts. Verify identity at http://appleid-support-security.xyz now. [Case ID: 07cb5f],1
The flight is delayed by 20 minutes due to weather conditions. (Ref #3340),0
URGENT: Your Wells Fargo account has been suspended! Verify your credentials immediately at http://wellsfargo-verify-login.xyz to restore access. [Case ID: b5f1e8],1
Can you send me the lecture slides from yesterday's machine learning class? (Ref #2951),0
Happy birthday! Wishing you a fantastic year ahead. (Ref #2554),0
The server deployment finished successfully without any downtime. (Ref #1479),0
Your package from Amazon has been delivered to your front porch. (Ref #2864),0
Happy birthday! Wishing you a fantastic year ahead. (Ref #3234),0
Did you get a chance to look at the quarterly report draft? (Ref #3342),0
"Bank of America Security Alert: Unauthorized transaction of $1,250.00 detected. Click http://bofa-fraud-cancel.top/cancel to reverse charge within 2 hours. [Case ID: a9a665]",1
Your OTP for logging into the employee portal is 584920. Do not share with anyone. (Ref #2596),0
"Dear Customer, your Netflix subscription expired. Update your credit card details immediately at http://netflix-billing-update.cf or your service terminates today. [Case ID: d79aac]",1
"CONGRATULATIONS! You have won $1,000,000 in the International Mobile Lottery. Reply with your full name, bank account, and SSN to claim prize. [Case ID: b9d487]",1
"Your PayPal account was accessed from an unknown device in Russia. If this wasn't you, login now at http://paypal-security-alert.tk/auth to secure funds. [Case ID: 820897]",1
"Thanks for the meeting notes, I'll review the architecture diagram tonight. (Ref #1748)",0
"Bank of America Security Alert: Unauthorized transaction of $1,250.00 detected. Click http://bofa-fraud-cancel.top/cancel to reverse charge within 2 hours. [Case ID: b53477]",1
"Dear Customer, your Netflix subscription expired. Update your credit card details immediately at http://netflix-billing-update.cf or your service terminates today. [Case ID: ea5d2f]",1
Your OTP for logging into the employee portal is 584920. Do not share with anyone. (Ref #1816),0
"Your PayPal account was accessed from an unknown device in Russia. If this wasn't you, login now at http://paypal-security-alert.tk/auth to secure funds. [Case ID: 297fa7]",1
"Hey, are we still meeting for lunch at 12:30 today? (Ref #3812)",0
"Bank of America Security Alert: Unauthorized transaction of $1,250.00 detected. Click http://bofa-fraud-cancel.top/cancel to reverse charge within 2 hours. [Case ID: 15d4e8]",1
"Hey, are we still meeting for lunch at 12:30 today? (Ref #1719)",0
Your debit card has been blocked. Call support immediately at 9845012345 or visit http://bank-card-reactivate.ml to prevent permanent cancellation. [Case ID: 53c3bc],1
Happy birthday! Wishing you a fantastic year ahead. (Ref #1905),0
"Your PayPal account was accessed from an unknown device in Russia. If this wasn't you, login now at http://paypal-security-alert.tk/auth to secure funds. [Case ID: 2c3ddf]",1
Customs Clearance Alert: Your international parcel #US89218 is held at customs due to unpaid duties of $45. Pay now at http://customs-parcel-release.click [Case ID: 1cecc7],1
"Bank of America Security Alert: Unauthorized transaction of $1,250.00 detected. Click http://bofa-fraud-cancel.top/cancel to reverse charge within 2 hours. [Case ID: d91d1b]",1
Don't forget to push your code changes to the branch before the standup. (Ref #1660),0
Your package from Amazon has been delivered to your front porch. (Ref #2171),0
Your appointment with Dr. Sharma is confirmed for Tuesday at 3 PM. (Ref #1800),0
Can you send me the lecture slides from yesterday's machine learning class? (Ref #1909),0
"Hey, are we still meeting for lunch at 12:30 today? (Ref #3247)",0
Let's schedule a 1-on-1 sync tomorrow morning to discuss project milestones. (Ref #3582),0
IRS Notice: Final warning! A lawsuit is filed against you for unpaid taxes. Call immediately at +1-800-555-0199 or send $500 via Bitcoin to settle. [Case ID: d6ef5f],1
"Thanks for the meeting notes, I'll review the architecture diagram tonight. (Ref #1700)",0
"CONGRATULATIONS! You have won $1,000,000 in the International Mobile Lottery. Reply with your full name, bank account, and SSN to claim prize. [Case ID: e00406]",1
Let's schedule a 1-on-1 sync tomorrow morning to discuss project milestones. (Ref #2609),0
Did you get a chance to look at the quarterly report draft? (Ref #1298),0
"Dear Customer, your Netflix subscription expired. Update your credit card details immediately at http://netflix-billing-update.cf or your service terminates today. [Case ID: 9872ed]",1
Did you get a chance to look at the quarterly report draft? (Ref #3469),0
"Good morning team, let's join the sprint retrospective call at 10 AM. (Ref #3242)",0
"Bank of America Security Alert: Unauthorized transaction of $1,250.00 detected. Click http://bofa-fraud-cancel.top/cancel to reverse charge within 2 hours. [Case ID: 7b13b2]",1
Customs Clearance Alert: Your international parcel #US89218 is held at customs due to unpaid duties of $45. Pay now at http://customs-parcel-release.click [Case ID: a8e864],1
Please review the attached invoice for the software subscription renewal. (Ref #3245),0
"Dear Customer, your Netflix subscription expired. Update your credit card details immediately at http://netflix-billing-update.cf or your service terminates today. [Case ID: 8e82ab]",1
Your debit card has been blocked. Call support immediately at 9845012345 or visit http://bank-card-reactivate.ml to prevent permanent cancellation. [Case ID: 2a084e],1
Can you send me the lecture slides from yesterday's machine learning class? (Ref #3530),0
Customs Clearance Alert: Your international parcel #US89218 is held at customs due to unpaid duties of $45. Pay now at http://customs-parcel-release.click [Case ID: f4a331],1
Don't forget to push your code changes to the branch before the standup. (Ref #3737),0
IRS Notice: Final warning! A lawsuit is filed against you for unpaid taxes. Call immediately at +1-800-555-0199 or send $500 via Bitcoin to settle. [Case ID: 49ae49],1
Security Alert: Your Apple ID has been locked due to multiple failed login attempts. Verify identity at http://appleid-support-security.xyz now. [Case ID: 92cc22],1
"Thanks for the meeting notes, I'll review the architecture diagram tonight. (Ref #1768)",0
IRS Notice: Final warning! A lawsuit is filed against you for unpaid taxes. Call immediately at +1-800-555-0199 or send $500 via Bitcoin to settle. [Case ID: 4ba3c1],1
Let's schedule a 1-on-1 sync tomorrow morning to discuss project milestones. (Ref #2419),0
"I'll be home in about 15 minutes, please put the dinner in the oven. (Ref #3397)",0
Happy birthday! Wishing you a fantastic year ahead. (Ref #1212),0
Don't forget to push your code changes to the branch before the standup. (Ref #1696),0
"Dear Customer, your Netflix subscription expired. Update your credit card details immediately at http://netflix-billing-update.cf or your service terminates today. [Case ID: c08268]",1
Your OTP for logging into the employee portal is 584920. Do not share with anyone. (Ref #3426),0
Did you get a chance to look at the quarterly report draft? (Ref #2370),0
Don't forget to push your code changes to the branch before the standup. (Ref #3456),0
"Bank of America Security Alert: Unauthorized transaction of $1,250.00 detected. Click http://bofa-fraud-cancel.top/cancel to reverse charge within 2 hours. [Case ID: b23975]",1
"CONGRATULATIONS! You have won $1,000,000 in the International Mobile Lottery. Reply with your full name, bank account, and SSN to claim prize. [Case ID: 9cf81d]",1
Customs Clearance Alert: Your international parcel #US89218 is held at customs due to unpaid duties of $45. Pay now at http://customs-parcel-release.click [Case ID: c5dc3e],1
Security Alert: Your Apple ID has been locked due to multiple failed login attempts. Verify identity at http://appleid-support-security.xyz now. [Case ID: 8edd72],1
Customs Clearance Alert: Your international parcel #US89218 is held at customs due to unpaid duties of $45. Pay now at http://customs-parcel-release.click [Case ID: c2aee8],1
Customs Clearance Alert: Your international parcel #US89218 is held at customs due to unpaid duties of $45. Pay now at http://customs-parcel-release.click [Case ID: 2b24d4],1
Security Alert: Your Apple ID has been locked due to multiple failed login attempts. Verify identity at http://appleid-support-security.xyz now. [Case ID: 13168e],1
URGENT: Your Wells Fargo account has been suspended! Verify your credentials immediately at http://wellsfargo-verify-login.xyz to restore access. [Case ID: 7a6a74],1
Your package from Amazon has been delivered to your front porch. (Ref #2936),0
Security Alert: Your Apple ID has been locked due to multiple failed login attempts. Verify identity at http://appleid-support-security.xyz now. [Case ID: 1e056d],1
"Dear Customer, your Netflix subscription expired. Update your credit card details immediately at http://netflix-billing-update.cf or your service terminates today. [Case ID: ea6b2e]",1
Your debit card has been blocked. Call support immediately at 9845012345 or visit http://bank-card-reactivate.ml to prevent permanent cancellation. [Case ID: 359f38],1
URGENT: Your Wells Fargo account has been suspended! Verify your credentials immediately at http://wellsfargo-verify-login.xyz to restore access. [Case ID: c4b31c],1
The server deployment finished successfully without any downtime. (Ref #3905),0
Happy birthday! Wishing you a fantastic year ahead. (Ref #2138),0
"Dear Customer, your Netflix subscription expired. Update your credit card details immediately at http://netflix-billing-update.cf or your service terminates today. [Case ID: f80ff3]",1
The server deployment finished successfully without any downtime. (Ref #2211),0
"Thanks for the meeting notes, I'll review the architecture diagram tonight. (Ref #2706)",0
Let's schedule a 1-on-1 sync tomorrow morning to discuss project milestones. (Ref #1476),0
URGENT: Your Wells Fargo account has been suspended! Verify your credentials immediately at http://wellsfargo-verify-login.xyz to restore access. [Case ID: 74bba2],1
The flight is delayed by 20 minutes due to weather conditions. (Ref #2411),0
"CONGRATULATIONS! You have won $1,000,000 in the International Mobile Lottery. Reply with your full name, bank account, and SSN to claim prize. [Case ID: 9fb7b0]",1
"CONGRATULATIONS! You have won $1,000,000 in the International Mobile Lottery. Reply with your full name, bank account, and SSN to claim prize. [Case ID: 74db12]",1
"Your PayPal account was accessed from an unknown device in Russia. If this wasn't you, login now at http://paypal-security-alert.tk/auth to secure funds. [Case ID: e1314f]",1
IRS Notice: Final warning! A lawsuit is filed against you for unpaid taxes. Call immediately at +1-800-555-0199 or send $500 via Bitcoin to settle. [Case ID: cbb6a3],1
"Hey, are we still meeting for lunch at 12:30 today? (Ref #1142)",0
"Thanks for the meeting notes, I'll review the architecture diagram tonight. (Ref #3052)",0
"CONGRATULATIONS! You have won $1,000,000 in the International Mobile Lottery. Reply with your full name, bank account, and SSN to claim prize. [Case ID: 3fe94a]",1
"Bank of America Security Alert: Unauthorized transaction of $1,250.00 detected. Click http://bofa-fraud-cancel.top/cancel to reverse charge within 2 hours. [Case ID: 8a20a8]",1
Your debit card has been blocked. Call support immediately at 9845012345 or visit http://bank-card-reactivate.ml to prevent permanent cancellation. [Case ID: a733fa],1
IRS Notice: Final warning! A lawsuit is filed against you for unpaid taxes. Call immediately at +1-800-555-0199 or send $500 via Bitcoin to settle. [Case ID: 3f53d7],1
Your OTP for logging into the employee portal is 584920. Do not share with anyone. (Ref #3338),0
Your debit card has been blocked. Call support immediately at 9845012345 or visit http://bank-card-reactivate.ml to prevent permanent cancellation. [Case ID: 90db9d],1
Please review the attached invoice for the software subscription renewal. (Ref #2509),0
"Good morning team, let's join the sprint retrospective call at 10 AM. (Ref #1572)",0
"I'll be home in about 15 minutes, please put the dinner in the oven. (Ref #2900)",0
Did you get a chance to look at the quarterly report draft? (Ref #2558),0
Your OTP for logging into the employee portal is 584920. Do not share with anyone. (Ref #2612),0
Your OTP for logging into the employee portal is 584920. Do not share with anyone. (Ref #1495),0
URGENT: Your Wells Fargo account has been suspended! Verify your credentials immediately at http://wellsfargo-verify-login.xyz to restore access. [Case ID: fe2d01],1
The flight is delayed by 20 minutes due to weather conditions. (Ref #2453),0
The flight is delayed by 20 minutes due to weather conditions. (Ref #1167),0
Your debit card has been blocked. Call support immediately at 9845012345 or visit http://bank-card-reactivate.ml to prevent permanent cancellation. [Case ID: 831c2f],1
Customs Clearance Alert: Your international parcel #US89218 is held at customs due to unpaid duties of $45. Pay now at http://customs-parcel-release.click [Case ID: 95f8d9],1
"CONGRATULATIONS! You have won $1,000,000 in the International Mobile Lottery. Reply with your full name, bank account, and SSN to claim prize. [Case ID: 9dcb88]",1
Let's schedule a 1-on-1 sync tomorrow morning to discuss project milestones. (Ref #1182),0
Your OTP for logging into the employee portal is 584920. Do not share with anyone. (Ref #1951),0
"Job Offer: Work from home and earn $5,000/week! Send $50 registration fee via UPI / Apple Gift Card to hr@global-remote-jobs.xyz to get started. [Case ID: 6a508a]",1
Don't forget to push your code changes to the branch before the standup. (Ref #2228),0
Your package from Amazon has been delivered to your front porch. (Ref #1244),0
"Dear Customer, your Netflix subscription expired. Update your credit card details immediately at http://netflix-billing-update.cf or your service terminates today. [Case ID: 04048a]",1
Let's schedule a 1-on-1 sync tomorrow morning to discuss project milestones. (Ref #1579),0
"I'll be home in about 15 minutes, please put the dinner in the oven. (Ref #3050)",0
Your appointment with Dr. Sharma is confirmed for Tuesday at 3 PM. (Ref #2862),0
Can you send me the lecture slides from yesterday's machine learning class? (Ref #1029),0
Don't forget to push your code changes to the branch before the standup. (Ref #1940),0
"Bank of America Security Alert: Unauthorized transaction of $1,250.00 detected. Click http://bofa-fraud-cancel.top/cancel to reverse charge within 2 hours. [Case ID: 8c19f5]",1
Customs Clearance Alert: Your international parcel #US89218 is held at customs due to unpaid duties of $45. Pay now at http://customs-parcel-release.click [Case ID: 4cb811],1
Security Alert: Your Apple ID has been locked due to multiple failed login attempts. Verify identity at http://appleid-support-security.xyz now. [Case ID: 0b8aff],1
"I'll be home in about 15 minutes, please put the dinner in the oven. (Ref #1121)",0
Can you send me the lecture slides from yesterday's machine learning class? (Ref #1715),0
Please review the attached invoice for the software subscription renewal. (Ref #3943),0
IRS Notice: Final warning! A lawsuit is filed against you for unpaid taxes. Call immediately at +1-800-555-0199 or send $500 via Bitcoin to settle. [Case ID: c05607],1
IRS Notice: Final warning! A lawsuit is filed against you for unpaid taxes. Call immediately at +1-800-555-0199 or send $500 via Bitcoin to settle. [Case ID: 577bcc],1
URGENT: Your Wells Fargo account has been suspended! Verify your credentials immediately at http://wellsfargo-verify-login.xyz to restore access. [Case ID: ea2043],1
Your package from Amazon has been delivered to your front porch. (Ref #3683),0
Let's schedule a 1-on-1 sync tomorrow morning to discuss project milestones. (Ref #2735),0
Don't forget to push your code changes to the branch before the standup. (Ref #2278),0
"CONGRATULATIONS! You have won $1,000,000 in the International Mobile Lottery. Reply with your full name, bank account, and SSN to claim prize. [Case ID: cfa530]",1
"Good morning team, let's join the sprint retrospective call at 10 AM. (Ref #1549)",0
Happy birthday! Wishing you a fantastic year ahead. (Ref #2476),0
Your package from Amazon has been delivered to your front porch. (Ref #1670),0
Did you get a chance to look at the quarterly report draft? (Ref #2985),0
Customs Clearance Alert: Your international parcel #US89218 is held at customs due to unpaid duties of $45. Pay now at http://customs-parcel-release.click [Case ID: dd055f],1
Your debit card has been blocked. Call support immediately at 9845012345 or visit http://bank-card-reactivate.ml to prevent permanent cancellation. [Case ID: 8b4066],1
"Hey, are we still meeting for lunch at 12:30 today? (Ref #1286)",0
IRS Notice: Final warning! A lawsuit is filed against you for unpaid taxes. Call immediately at +1-800-555-0199 or send $500 via Bitcoin to settle. [Case ID: 17e621],1
Your appointment with Dr. Sharma is confirmed for Tuesday at 3 PM. (Ref #2397),0
Your appointment with Dr. Sharma is confirmed for Tuesday at 3 PM. (Ref #3716),0
"Dear Customer, your Netflix subscription expired. Update your credit card details immediately at http://netflix-billing-update.cf or your service terminates today. [Case ID: f5deae]",1
URGENT: Your Wells Fargo account has been suspended! Verify your credentials immediately at http://wellsfargo-verify-login.xyz to restore access. [Case ID: 9bb6de],1
Let's schedule a 1-on-1 sync tomorrow morning to discuss project milestones. (Ref #2514),0
"Bank of America Security Alert: Unauthorized transaction of $1,250.00 detected. Click http://bofa-fraud-cancel.top/cancel to reverse charge within 2 hours. [Case ID: a4a042]",1
URGENT: Your Wells Fargo account has been suspended! Verify your credentials immediately at http://wellsfargo-verify-login.xyz to restore access. [Case ID: a1d0c6],1
Your debit card has been blocked. Call support immediately at 9845012345 or visit http://bank-card-reactivate.ml to prevent permanent cancellation. [Case ID: 2723d0],1
"Your PayPal account was accessed from an unknown device in Russia. If this wasn't you, login now at http://paypal-security-alert.tk/auth to secure funds. [Case ID: cedebb]",1
Happy birthday! Wishing you a fantastic year ahead. (Ref #2287),0
Don't forget to push your code changes to the branch before the standup. (Ref #3696),0
IRS Notice: Final warning! A lawsuit is filed against you for unpaid taxes. Call immediately at +1-800-555-0199 or send $500 via Bitcoin to settle. [Case ID: 7827d1],1
"Dear Customer, your Netflix subscription expired. Update your credit card details immediately at http://netflix-billing-update.cf or your service terminates today. [Case ID: b6f047]",1
Your OTP for logging into the employee portal is 584920. Do not share with anyone. (Ref #2117),0
IRS Notice: Final warning! A lawsuit is filed against you for unpaid taxes. Call immediately at +1-800-555-0199 or send $500 via Bitcoin to settle. [Case ID: bcc0d4],1
The flight is delayed by 20 minutes due to weather conditions. (Ref #3110),0
The server deployment finished successfully without any downtime. (Ref #1462),0
Don't forget to push your code changes to the branch before the standup. (Ref #1520),0
Can you send me the lecture slides from yesterday's machine learning class? (Ref #3586),0
"Hey, are we still meeting for lunch at 12:30 today? (Ref #3963)",0
"Dear Customer, your Netflix subscription expired. Update your credit card details immediately at http://netflix-billing-update.cf or your service terminates today. [Case ID: ef2a4b]",1
"Your PayPal account was accessed from an unknown device in Russia. If this wasn't you, login now at http://paypal-security-alert.tk/auth to secure funds. [Case ID: 7e2305]",1
"Job Offer: Work from home and earn $5,000/week! Send $50 registration fee via UPI / Apple Gift Card to hr@global-remote-jobs.xyz to get started. [Case ID: d1ee59]",1
"Your PayPal account was accessed from an unknown device in Russia. If this wasn't you, login now at http://paypal-security-alert.tk/auth to secure funds. [Case ID: a49e94]",1
Please review the attached invoice for the software subscription renewal. (Ref #2467),0
Your package from Amazon has been delivered to your front porch. (Ref #2053),0
The flight is delayed by 20 minutes due to weather conditions. (Ref #2652),0
IRS Notice: Final warning! A lawsuit is filed against you for unpaid taxes. Call immediately at +1-800-555-0199 or send $500 via Bitcoin to settle. [Case ID: 362e80],1
Your appointment with Dr. Sharma is confirmed for Tuesday at 3 PM. (Ref #1076),0
Don't forget to push your code changes to the branch before the standup. (Ref #2009),0
"CONGRATULATIONS! You have won $1,000,000 in the International Mobile Lottery. Reply with your full name, bank account, and SSN to claim prize. [Case ID: 26751b]",1
Let's schedule a 1-on-1 sync tomorrow morning to discuss project milestones. (Ref #3149),0
Let's schedule a 1-on-1 sync tomorrow morning to discuss project milestones. (Ref #2628),0
The server deployment finished successfully without any downtime. (Ref #2249),0
"Dear Customer, your Netflix subscription expired. Update your credit card details immediately at http://netflix-billing-update.cf or your service terminates today. [Case ID: 656997]",1
"Good morning team, let's join the sprint retrospective call at 10 AM. (Ref #1157)",0
"Job Offer: Work from home and earn $5,000/week! Send $50 registration fee via UPI / Apple Gift Card to hr@global-remote-jobs.xyz to get started. [Case ID: d3d944]",1
"Your PayPal account was accessed from an unknown device in Russia. If this wasn't you, login now at http://paypal-security-alert.tk/auth to secure funds. [Case ID: 3de233]",1
URGENT: Your Wells Fargo account has been suspended! Verify your credentials immediately at http://wellsfargo-verify-login.xyz to restore access. [Case ID: d69116],1
Customs Clearance Alert: Your international parcel #US89218 is held at customs due to unpaid duties of $45. Pay now at http://customs-parcel-release.click [Case ID: 69adc1],1
"Your PayPal account was accessed from an unknown device in Russia. If this wasn't you, login now at http://paypal-security-alert.tk/auth to secure funds. [Case ID: d9d4f4]",1
"Job Offer: Work from home and earn $5,000/week! Send $50 registration fee via UPI / Apple Gift Card to hr@global-remote-jobs.xyz to get started. [Case ID: 6dd4e1]",1
"Job Offer: Work from home and earn $5,000/week! Send $50 registration fee via UPI / Apple Gift Card to hr@global-remote-jobs.xyz to get started. [Case ID: f7e905]",1
Don't forget to push your code changes to the branch before the standup. (Ref #3555),0
Your package from Amazon has been delivered to your front porch. (Ref #3188),0
Your appointment with Dr. Sharma is confirmed for Tuesday at 3 PM. (Ref #2242),0
"Thanks for the meeting notes, I'll review the architecture diagram tonight. (Ref #2681)",0
Your appointment with Dr. Sharma is confirmed for Tuesday at 3 PM. (Ref #2914),0
"Hey, are we still meeting for lunch at 12:30 today? (Ref #2653)",0
"Your PayPal account was accessed from an unknown device in Russia. If this wasn't you, login now at http://paypal-security-alert.tk/auth to secure funds. [Case ID: 07cdfd]",1
Let's schedule a 1-on-1 sync tomorrow morning to discuss project milestones. (Ref #2614),0
Happy birthday! Wishing you a fantastic year ahead. (Ref #1869),0
"I'll be home in about 15 minutes, please put the dinner in the oven. (Ref #1387)",0
"I'll be home in about 15 minutes, please put the dinner in the oven. (Ref #1313)",0
Your appointment with Dr. Sharma is confirmed for Tuesday at 3 PM. (Ref #2093),0
URGENT: Your Wells Fargo account has been suspended! Verify your credentials immediately at http://wellsfargo-verify-login.xyz to restore access. [Case ID: 68d30a],1
Happy birthday! Wishing you a fantastic year ahead. (Ref #2871),0
"I'll be home in about 15 minutes, please put the dinner in the oven. (Ref #2137)",0
"Thanks for the meeting notes, I'll review the architecture diagram tonight. (Ref #1352)",0
"Bank of America Security Alert: Unauthorized transaction of $1,250.00 detected. Click http://bofa-fraud-cancel.top/cancel to reverse charge within 2 hours. [Case ID: 84d200]",1
"Thanks for the meeting notes, I'll review the architecture diagram tonight. (Ref #1885)",0
URGENT: Your Wells Fargo account has been suspended! Verify your credentials immediately at http://wellsfargo-verify-login.xyz to restore access. [Case ID: 39e497],1
"Thanks for the meeting notes, I'll review the architecture diagram tonight. (Ref #3541)",0
"Dear Customer, your Netflix subscription expired. Update your credit card details immediately at http://netflix-billing-update.cf or your service terminates today. [Case ID: 3e9e39]",1
The flight is delayed by 20 minutes due to weather conditions. (Ref #3945),0
Can you send me the lecture slides from yesterday's machine learning class? (Ref #2922),0
Did you get a chance to look at the quarterly report draft? (Ref #2142),0
Your appointment with Dr. Sharma is confirmed for Tuesday at 3 PM. (Ref #1132),0
"CONGRATULATIONS! You have won $1,000,000 in the International Mobile Lottery. Reply with your full name, bank account, and SSN to claim prize. [Case ID: ced556]",1
Did you get a chance to look at the quarterly report draft? (Ref #3309),0
The flight is delayed by 20 minutes due to weather conditions. (Ref #1377),0
"Good morning team, let's join the sprint retrospective call at 10 AM. (Ref #2010)",0
"Your PayPal account was accessed from an unknown device in Russia. If this wasn't you, login now at http://paypal-security-alert.tk/auth to secure funds. [Case ID: 02522a]",1
URGENT: Your Wells Fargo account has been suspended! Verify your credentials immediately at http://wellsfargo-verify-login.xyz to restore access. [Case ID: 7b4773],1
Let's schedule a 1-on-1 sync tomorrow morning to discuss project milestones. (Ref #2005),0
Don't forget to push your code changes to the branch before the standup. (Ref #2937),0
Please review the attached invoice for the software subscription renewal. (Ref #2833),0
The flight is delayed by 20 minutes due to weather conditions. (Ref #2078),0
Customs Clearance Alert: Your international parcel #US89218 is held at customs due to unpaid duties of $45. Pay now at http://customs-parcel-release.click [Case ID: dc6a70],1
Don't forget to push your code changes to the branch before the standup. (Ref #1486),0
IRS Notice: Final warning! A lawsuit is filed against you for unpaid taxes. Call immediately at +1-800-555-0199 or send $500 via Bitcoin to settle. [Case ID: dd4504],1
"Good morning team, let's join the sprint retrospective call at 10 AM. (Ref #3130)",0
Security Alert: Your Apple ID has been locked due to multiple failed login attempts. Verify identity at http://appleid-support-security.xyz now. [Case ID: 453fad],1
"Hey, are we still meeting for lunch at 12:30 today? (Ref #1432)",0
The flight is delayed by 20 minutes due to weather conditions. (Ref #1256),0
"Thanks for the meeting notes, I'll review the architecture diagram tonight. (Ref #2292)",0
Your appointment with Dr. Sharma is confirmed for Tuesday at 3 PM. (Ref #3441),0
The flight is delayed by 20 minutes due to weather conditions. (Ref #2383),0
Let's schedule a 1-on-1 sync tomorrow morning to discuss project milestones. (Ref #1382),0
Please review the attached invoice for the software subscription renewal. (Ref #2640),0
"CONGRATULATIONS! You have won $1,000,000 in the International Mobile Lottery. Reply with your full name, bank account, and SSN to claim prize. [Case ID: f1e2b2]",1
The server deployment finished successfully without any downtime. (Ref #1829),0
Your appointment with Dr. Sharma is confirmed for Tuesday at 3 PM. (Ref #1183),0
The server deployment finished successfully without any downtime. (Ref #3371),0
Please review the attached invoice for the software subscription renewal. (Ref #1694),0
Let's schedule a 1-on-1 sync tomorrow morning to discuss project milestones. (Ref #1840),0
Can you send me the lecture slides from yesterday's machine learning class? (Ref #1148),0
Customs Clearance Alert: Your international parcel #US89218 is held at customs due to unpaid duties of $45. Pay now at http://customs-parcel-release.click [Case ID: 357a6f],1
"Your PayPal account was accessed from an unknown device in Russia. If this wasn't you, login now at http://paypal-security-alert.tk/auth to secure funds. [Case ID: 96da2f]",1
Security Alert: Your Apple ID has been locked due to multiple failed login attempts. Verify identity at http://appleid-support-security.xyz now. [Case ID: f64eac],1
"Bank of America Security Alert: Unauthorized transaction of $1,250.00 detected. Click http://bofa-fraud-cancel.top/cancel to reverse charge within 2 hours. [Case ID: 0e095e]",1
Your OTP for logging into the employee portal is 584920. Do not share with anyone. (Ref #3012),0
Customs Clearance Alert: Your international parcel #US89218 is held at customs due to unpaid duties of $45. Pay now at http://customs-parcel-release.click [Case ID: 976652],1
Your debit card has been blocked. Call support immediately at 9845012345 or visit http://bank-card-reactivate.ml to prevent permanent cancellation. [Case ID: c5a4e7],1
Your package from Amazon has been delivered to your front porch. (Ref #3153),0
"I'll be home in about 15 minutes, please put the dinner in the oven. (Ref #3941)",0
URGENT: Your Wells Fargo account has been suspended! Verify your credentials immediately at http://wellsfargo-verify-login.xyz to restore access. [Case ID: 89ae0f],1
Your appointment with Dr. Sharma is confirmed for Tuesday at 3 PM. (Ref #1834),0
"Hey, are we still meeting for lunch at 12:30 today? (Ref #3425)",0
Your appointment with Dr. Sharma is confirmed for Tuesday at 3 PM. (Ref #3906),0
Security Alert: Your Apple ID has been locked due to multiple failed login attempts. Verify identity at http://appleid-support-security.xyz now. [Case ID: 708f3c],1
URGENT: Your Wells Fargo account has been suspended! Verify your credentials immediately at http://wellsfargo-verify-login.xyz to restore access. [Case ID: 5ef698],1
Did you get a chance to look at the quarterly report draft? (Ref #3033),0
Don't forget to push your code changes to the branch before the standup. (Ref #1500),0
Can you send me the lecture slides from yesterday's machine learning class? (Ref #3383),0
Can you send me the lecture slides from yesterday's machine learning class? (Ref #1451),0
Your debit card has been blocked. Call support immediately at 9845012345 or visit http://bank-card-reactivate.ml to prevent permanent cancellation. [Case ID: 76cf99],1
URGENT: Your Wells Fargo account has been suspended! Verify your credentials immediately at http://wellsfargo-verify-login.xyz to restore access. [Case ID: 85353d],1
Please review the attached invoice for the software subscription renewal. (Ref #3740),0
Your OTP for logging into the employee portal is 584920. Do not share with anyone. (Ref #2002),0
URGENT: Your Wells Fargo account has been suspended! Verify your credentials immediately at http://wellsfargo-verify-login.xyz to restore access. [Case ID: ff7d0f],1
"Good morning team, let's join the sprint retrospective call at 10 AM. (Ref #2044)",0
IRS Notice: Final warning! A lawsuit is filed against you for unpaid taxes. Call immediately at +1-800-555-0199 or send $500 via Bitcoin to settle. [Case ID: 4aecfb],1
Let's schedule a 1-on-1 sync tomorrow morning to discuss project milestones. (Ref #3889),0
The server deployment finished successfully without any downtime. (Ref #2660),0
"Bank of America Security Alert: Unauthorized transaction of $1,250.00 detected. Click http://bofa-fraud-cancel.top/cancel to reverse charge within 2 hours. [Case ID: cd3afe]",1
URGENT: Your Wells Fargo account has been suspended! Verify your credentials immediately at http://wellsfargo-verify-login.xyz to restore access. [Case ID: cfa086],1
Your appointment with Dr. Sharma is confirmed for Tuesday at 3 PM. (Ref #1414),0
Let's schedule a 1-on-1 sync tomorrow morning to discuss project milestones. (Ref #3356),0
"Dear Customer, your Netflix subscription expired. Update your credit card details immediately at http://netflix-billing-update.cf or your service terminates today. [Case ID: 6150cc]",1
Did you get a chance to look at the quarterly report draft? (Ref #2308),0
"CONGRATULATIONS! You have won $1,000,000 in the International Mobile Lottery. Reply with your full name, bank account, and SSN to claim prize. [Case ID: 087408]",1
"CONGRATULATIONS! You have won $1,000,000 in the International Mobile Lottery. Reply with your full name, bank account, and SSN to claim prize. [Case ID: c65d7b]",1
"Dear Customer, your Netflix subscription expired. Update your credit card details immediately at http://netflix-billing-update.cf or your service terminates today. [Case ID: 6aca97]",1
Please review the attached invoice for the software subscription renewal. (Ref #3249),0
Let's schedule a 1-on-1 sync tomorrow morning to discuss project milestones. (Ref #2085),0
Security Alert: Your Apple ID has been locked due to multiple failed login attempts. Verify identity at http://appleid-support-security.xyz now. [Case ID: cdf103],1
Security Alert: Your Apple ID has been locked due to multiple failed login attempts. Verify identity at http://appleid-support-security.xyz now. [Case ID: 846c26],1
"Dear Customer, your Netflix subscription expired. Update your credit card details immediately at http://netflix-billing-update.cf or your service terminates today. [Case ID: 8fb21e]",1
Your package from Amazon has been delivered to your front porch. (Ref #3515),0
"Your PayPal account was accessed from an unknown device in Russia. If this wasn't you, login now at http://paypal-security-alert.tk/auth to secure funds. [Case ID: 81ca02]",1
IRS Notice: Final warning! A lawsuit is filed against you for unpaid taxes. Call immediately at +1-800-555-0199 or send $500 via Bitcoin to settle. [Case ID: e22312],1
Please review the attached invoice for the software subscription renewal. (Ref #3579),0
Did you get a chance to look at the quarterly report draft? (Ref #2468),0
"Bank of America Security Alert: Unauthorized transaction of $1,250.00 detected. Click http://bofa-fraud-cancel.top/cancel to reverse charge within 2 hours. [Case ID: bca82e]",1
Don't forget to push your code changes to the branch before the standup. (Ref #1088),0
"Job Offer: Work from home and earn $5,000/week! Send $50 registration fee via UPI / Apple Gift Card to hr@global-remote-jobs.xyz to get started. [Case ID: eccbc8]",1
Your debit card has been blocked. Call support immediately at 9845012345 or visit http://bank-card-reactivate.ml to prevent permanent cancellation. [Case ID: c39986],1
"Good morning team, let's join the sprint retrospective call at 10 AM. (Ref #2124)",0
Happy birthday! Wishing you a fantastic year ahead. (Ref #1283),0
URGENT: Your Wells Fargo account has been suspended! Verify your credentials immediately at http://wellsfargo-verify-login.xyz to restore access. [Case ID: fc6709],1
"CONGRATULATIONS! You have won $1,000,000 in the International Mobile Lottery. Reply with your full name, bank account, and SSN to claim prize. [Case ID: 4e0928]",1
"Bank of America Security Alert: Unauthorized transaction of $1,250.00 detected. Click http://bofa-fraud-cancel.top/cancel to reverse charge within 2 hours. [Case ID: 0eec27]",1
"Bank of America Security Alert: Unauthorized transaction of $1,250.00 detected. Click http://bofa-fraud-cancel.top/cancel to reverse charge within 2 hours. [Case ID: 4f8765]",1
"I'll be home in about 15 minutes, please put the dinner in the oven. (Ref #3174)",0
Don't forget to push your code changes to the branch before the standup. (Ref #3206),0
URGENT: Your Wells Fargo account has been suspended! Verify your credentials immediately at http://wellsfargo-verify-login.xyz to restore access. [Case ID: 872488],1
"CONGRATULATIONS! You have won $1,000,000 in the International Mobile Lottery. Reply with your full name, bank account, and SSN to claim prize. [Case ID: f3bd5a]",1
IRS Notice: Final warning! A lawsuit is filed against you for unpaid taxes. Call immediately at +1-800-555-0199 or send $500 via Bitcoin to settle. [Case ID: 89fcd0],1
Please review the attached invoice for the software subscription renewal. (Ref #3273),0
"Bank of America Security Alert: Unauthorized transaction of $1,250.00 detected. Click http://bofa-fraud-cancel.top/cancel to reverse charge within 2 hours. [Case ID: 7503cf]",1
"I'll be home in about 15 minutes, please put the dinner in the oven. (Ref #2551)",0
Customs Clearance Alert: Your international parcel #US89218 is held at customs due to unpaid duties of $45. Pay now at http://customs-parcel-release.click [Case ID: c6bff6],1
"Hey, are we still meeting for lunch at 12:30 today? (Ref #2271)",0
"Bank of America Security Alert: Unauthorized transaction of $1,250.00 detected. Click http://bofa-fraud-cancel.top/cancel to reverse charge within 2 hours. [Case ID: dea9dd]",1
Can you send me the lecture slides from yesterday's machine learning class? (Ref #3308),0
"Good morning team, let's join the sprint retrospective call at 10 AM. (Ref #3181)",0
"Your PayPal account was accessed from an unknown device in Russia. If this wasn't you, login now at http://paypal-security-alert.tk/auth to secure funds. [Case ID: 215a71]",1
"I'll be home in about 15 minutes, please put the dinner in the oven. (Ref #1243)",0
"Good morning team, let's join the sprint retrospective call at 10 AM. (Ref #2728)",0
"Bank of America Security Alert: Unauthorized transaction of $1,250.00 detected. Click http://bofa-fraud-cancel.top/cancel to reverse charge within 2 hours. [Case ID: 54ff9e]",1
Can you send me the lecture slides from yesterday's machine learning class? (Ref #2361),0
"I'll be home in about 15 minutes, please put the dinner in the oven. (Ref #2767)",0
Customs Clearance Alert: Your international parcel #US89218 is held at customs due to unpaid duties of $45. Pay now at http://customs-parcel-release.click [Case ID: 4d8556],1
Let's schedule a 1-on-1 sync tomorrow morning to discuss project milestones. (Ref #1226),0
Let's schedule a 1-on-1 sync tomorrow morning to discuss project milestones. (Ref #3850),0
Security Alert: Your Apple ID has been locked due to multiple failed login attempts. Verify identity at http://appleid-support-security.xyz now. [Case ID: 37d097],1
The server deployment finished successfully without any downtime. (Ref #2033),0
"Bank of America Security Alert: Unauthorized transaction of $1,250.00 detected. Click http://bofa-fraud-cancel.top/cancel to reverse charge within 2 hours. [Case ID: 02e74f]",1
Please review the attached invoice for the software subscription renewal. (Ref #1346),0
The server deployment finished successfully without any downtime. (Ref #1044),0
"Dear Customer, your Netflix subscription expired. Update your credit card details immediately at http://netflix-billing-update.cf or your service terminates today. [Case ID: 88a839]",1
"CONGRATULATIONS! You have won $1,000,000 in the International Mobile Lottery. Reply with your full name, bank account, and SSN to claim prize. [Case ID: dd8eb9]",1
The flight is delayed by 20 minutes due to weather conditions. (Ref #3831),0
Security Alert: Your Apple ID has been locked due to multiple failed login attempts. Verify identity at http://appleid-support-security.xyz now. [Case ID: cfee39],1
Let's schedule a 1-on-1 sync tomorrow morning to discuss project milestones. (Ref #3631),0
Can you send me the lecture slides from yesterday's machine learning class? (Ref #1576),0
Customs Clearance Alert: Your international parcel #US89218 is held at customs due to unpaid duties of $45. Pay now at http://customs-parcel-release.click [Case ID: 018825],1
"Bank of America Security Alert: Unauthorized transaction of $1,250.00 detected. Click http://bofa-fraud-cancel.top/cancel to reverse charge within 2 hours. [Case ID: 02a32a]",1
IRS Notice: Final warning! A lawsuit is filed against you for unpaid taxes. Call immediately at +1-800-555-0199 or send $500 via Bitcoin to settle. [Case ID: 9f53d8],1
"CONGRATULATIONS! You have won $1,000,000 in the International Mobile Lottery. Reply with your full name, bank account, and SSN to claim prize. [Case ID: b147a6]",1
Your package from Amazon has been delivered to your front porch. (Ref #1941),0
"Your PayPal account was accessed from an unknown device in Russia. If this wasn't you, login now at http://paypal-security-alert.tk/auth to secure funds. [Case ID: 07a4e2]",1
"Dear Customer, your Netflix subscription expired. Update your credit card details immediately at http://netflix-billing-update.cf or your service terminates today. [Case ID: f3f27a]",1
The server deployment finished successfully without any downtime. (Ref #1344),0
IRS Notice: Final warning! A lawsuit is filed against you for unpaid taxes. Call immediately at +1-800-555-0199 or send $500 via Bitcoin to settle. [Case ID: 7ffd85],1
Please review the attached invoice for the software subscription renewal. (Ref #2690),0
Security Alert: Your Apple ID has been locked due to multiple failed login attempts. Verify identity at http://appleid-support-security.xyz now. [Case ID: c26820],1
"Job Offer: Work from home and earn $5,000/week! Send $50 registration fee via UPI / Apple Gift Card to hr@global-remote-jobs.xyz to get started. [Case ID: b56a18]",1
Don't forget to push your code changes to the branch before the standup. (Ref #2557),0
The flight is delayed by 20 minutes due to weather conditions. (Ref #2675),0
"Bank of America Security Alert: Unauthorized transaction of $1,250.00 detected. Click http://bofa-fraud-cancel.top/cancel to reverse charge within 2 hours. [Case ID: 0336dc]",1
Don't forget to push your code changes to the branch before the standup. (Ref #2055),0
The server deployment finished successfully without any downtime. (Ref #1581),0
Your debit card has been blocked. Call support immediately at 9845012345 or visit http://bank-card-reactivate.ml to prevent permanent cancellation. [Case ID: 6c14da],1
"CONGRATULATIONS! You have won $1,000,000 in the International Mobile Lottery. Reply with your full name, bank account, and SSN to claim prize. [Case ID: 83f255]",1
"I'll be home in about 15 minutes, please put the dinner in the oven. (Ref #2539)",0
"Job Offer: Work from home and earn $5,000/week! Send $50 registration fee via UPI / Apple Gift Card to hr@global-remote-jobs.xyz to get started. [Case ID: c8dfec]",1
Please review the attached invoice for the software subscription renewal. (Ref #1714),0
Please review the attached invoice for the software subscription renewal. (Ref #1693),0
Customs Clearance Alert: Your international parcel #US89218 is held at customs due to unpaid duties of $45. Pay now at http://customs-parcel-release.click [Case ID: 4671ae],1
Security Alert: Your Apple ID has been locked due to multiple failed login attempts. Verify identity at http://appleid-support-security.xyz now. [Case ID: 59b90e],1
Your OTP for logging into the employee portal is 584920. Do not share with anyone. (Ref #1873),0
Your package from Amazon has been delivered to your front porch. (Ref #1407),0
URGENT: Your Wells Fargo account has been suspended! Verify your credentials immediately at http://wellsfargo-verify-login.xyz to restore access. [Case ID: df1f1d],1
Customs Clearance Alert: Your international parcel #US89218 is held at customs due to unpaid duties of $45. Pay now at http://customs-parcel-release.click [Case ID: 4ebd44],1
"CONGRATULATIONS! You have won $1,000,000 in the International Mobile Lottery. Reply with your full name, bank account, and SSN to claim prize. [Case ID: ac627a]",1
Did you get a chance to look at the quarterly report draft? (Ref #1879),0
Please review the attached invoice for the software subscription renewal. (Ref #3818),0
"Dear Customer, your Netflix subscription expired. Update your credit card details immediately at http://netflix-billing-update.cf or your service terminates today. [Case ID: 4a8423]",1
The flight is delayed by 20 minutes due to weather conditions. (Ref #3534),0
Happy birthday! Wishing you a fantastic year ahead. (Ref #1799),0
IRS Notice: Final warning! A lawsuit is filed against you for unpaid taxes. Call immediately at +1-800-555-0199 or send $500 via Bitcoin to settle. [Case ID: 2ba596],1
"Bank of America Security Alert: Unauthorized transaction of $1,250.00 detected. Click http://bofa-fraud-cancel.top/cancel to reverse charge within 2 hours. [Case ID: 731c83]",1
"Bank of America Security Alert: Unauthorized transaction of $1,250.00 detected. Click http://bofa-fraud-cancel.top/cancel to reverse charge within 2 hours. [Case ID: 24146d]",1
"I'll be home in about 15 minutes, please put the dinner in the oven. (Ref #3990)",0
Please review the attached invoice for the software subscription renewal. (Ref #3837),0
"I'll be home in about 15 minutes, please put the dinner in the oven. (Ref #1261)",0
Your OTP for logging into the employee portal is 584920. Do not share with anyone. (Ref #1463),0
Please review the attached invoice for the software subscription renewal. (Ref #1575),0
"Thanks for the meeting notes, I'll review the architecture diagram tonight. (Ref #3258)",0
IRS Notice: Final warning! A lawsuit is filed against you for unpaid taxes. Call immediately at +1-800-555-0199 or send $500 via Bitcoin to settle. [Case ID: e56b06],1
IRS Notice: Final warning! A lawsuit is filed against you for unpaid taxes. Call immediately at +1-800-555-0199 or send $500 via Bitcoin to settle. [Case ID: 6c4b76],1
Customs Clearance Alert: Your international parcel #US89218 is held at customs due to unpaid duties of $45. Pay now at http://customs-parcel-release.click [Case ID: 063e26],1
URGENT: Your Wells Fargo account has been suspended! Verify your credentials immediately at http://wellsfargo-verify-login.xyz to restore access. [Case ID: d490d7],1
Did you get a chance to look at the quarterly report draft? (Ref #1411),0
The flight is delayed by 20 minutes due to weather conditions. (Ref #2960),0
Your package from Amazon has been delivered to your front porch. (Ref #3885),0
"Dear Customer, your Netflix subscription expired. Update your credit card details immediately at http://netflix-billing-update.cf or your service terminates today. [Case ID: 86e8f7]",1
Happy birthday! Wishing you a fantastic year ahead. (Ref #1246),0
"Good morning team, let's join the sprint retrospective call at 10 AM. (Ref #1077)",0
"Thanks for the meeting notes, I'll review the architecture diagram tonight. (Ref #1561)",0
"I'll be home in about 15 minutes, please put the dinner in the oven. (Ref #1900)",0
Please review the attached invoice for the software subscription renewal. (Ref #2412),0
"Hey, are we still meeting for lunch at 12:30 today? (Ref #3525)",0
Can you send me the lecture slides from yesterday's machine learning class? (Ref #2830),0
Did you get a chance to look at the quarterly report draft? (Ref #2938),0
"I'll be home in about 15 minutes, please put the dinner in the oven. (Ref #1793)",0
Security Alert: Your Apple ID has been locked due to multiple failed login attempts. Verify identity at http://appleid-support-security.xyz now. [Case ID: 147702],1
"CONGRATULATIONS! You have won $1,000,000 in the International Mobile Lottery. Reply with your full name, bank account, and SSN to claim prize. [Case ID: 505259]",1
The flight is delayed by 20 minutes due to weather conditions. (Ref #1371),0
"Your PayPal account was accessed from an unknown device in Russia. If this wasn't you, login now at http://paypal-security-alert.tk/auth to secure funds. [Case ID: 892c91]",1
Can you send me the lecture slides from yesterday's machine learning class? (Ref #2037),0
URGENT: Your Wells Fargo account has been suspended! Verify your credentials immediately at http://wellsfargo-verify-login.xyz to restore access. [Case ID: c0e190],1
"Job Offer: Work from home and earn $5,000/week! Send $50 registration fee via UPI / Apple Gift Card to hr@global-remote-jobs.xyz to get started. [Case ID: bc5738]",1
Did you get a chance to look at the quarterly report draft? (Ref #1258),0
Please review the attached invoice for the software subscription renewal. (Ref #1914),0
Security Alert: Your Apple ID has been locked due to multiple failed login attempts. Verify identity at http://appleid-support-security.xyz now. [Case ID: 90599c],1
Your package from Amazon has been delivered to your front porch. (Ref #2616),0
"Good morning team, let's join the sprint retrospective call at 10 AM. (Ref #1024)",0
Your package from Amazon has been delivered to your front porch. (Ref #1838),0
Customs Clearance Alert: Your international parcel #US89218 is held at customs due to unpaid duties of $45. Pay now at http://customs-parcel-release.click [Case ID: 92fb0c],1
Did you get a chance to look at the quarterly report draft? (Ref #2814),0
Happy birthday! Wishing you a fantastic year ahead. (Ref #3396),0
The server deployment finished successfully without any downtime. (Ref #2508),0
Your debit card has been blocked. Call support immediately at 9845012345 or visit http://bank-card-reactivate.ml to prevent permanent cancellation. [Case ID: 865dfb],1
"Bank of America Security Alert: Unauthorized transaction of $1,250.00 detected. Click http://bofa-fraud-cancel.top/cancel to reverse charge within 2 hours. [Case ID: 98986c]",1
"I'll be home in about 15 minutes, please put the dinner in the oven. (Ref #2277)",0
Your debit card has been blocked. Call support immediately at 9845012345 or visit http://bank-card-reactivate.ml to prevent permanent cancellation. [Case ID: 39dcaf],1
"I'll be home in about 15 minutes, please put the dinner in the oven. (Ref #3452)",0
Your debit card has been blocked. Call support immediately at 9845012345 or visit http://bank-card-reactivate.ml to prevent permanent cancellation. [Case ID: ea159d],1
Can you send me the lecture slides from yesterday's machine learning class? (Ref #1777),0
"Good morning team, let's join the sprint retrospective call at 10 AM. (Ref #2868)",0
Your OTP for logging into the employee portal is 584920. Do not share with anyone. (Ref #2232),0
"Dear Customer, your Netflix subscription expired. Update your credit card details immediately at http://netflix-billing-update.cf or your service terminates today. [Case ID: ad61ab]",1
URGENT: Your Wells Fargo account has been suspended! Verify your credentials immediately at http://wellsfargo-verify-login.xyz to restore access. [Case ID: 944bdd],1
The server deployment finished successfully without any downtime. (Ref #2414),0
"Your PayPal account was accessed from an unknown device in Russia. If this wasn't you, login now at http://paypal-security-alert.tk/auth to secure funds. [Case ID: 201d72]",1
"Dear Customer, your Netflix subscription expired. Update your credit card details immediately at http://netflix-billing-update.cf or your service terminates today. [Case ID: 6ea9ab]",1
"Your PayPal account was accessed from an unknown device in Russia. If this wasn't you, login now at http://paypal-security-alert.tk/auth to secure funds. [Case ID: f31b20]",1
The server deployment finished successfully without any downtime. (Ref #2826),0
Please review the attached invoice for the software subscription renewal. (Ref #1179),0
Please review the attached invoice for the software subscription renewal. (Ref #3436),0
"CONGRATULATIONS! You have won $1,000,000 in the International Mobile Lottery. Reply with your full name, bank account, and SSN to claim prize. [Case ID: b0b79d]",1
"Job Offer: Work from home and earn $5,000/week! Send $50 registration fee via UPI / Apple Gift Card to hr@global-remote-jobs.xyz to get started. [Case ID: 1896a3]",1
Your OTP for logging into the employee portal is 584920. Do not share with anyone. (Ref #2202),0
Your package from Amazon has been delivered to your front porch. (Ref #3095),0
The server deployment finished successfully without any downtime. (Ref #3907),0
"Your PayPal account was accessed from an unknown device in Russia. If this wasn't you, login now at http://paypal-security-alert.tk/auth to secure funds. [Case ID: e6cb2a]",1
Did you get a chance to look at the quarterly report draft? (Ref #2928),0
Happy birthday! Wishing you a fantastic year ahead. (Ref #2964),0
URGENT: Your Wells Fargo account has been suspended! Verify your credentials immediately at http://wellsfargo-verify-login.xyz to restore access. [Case ID: 96c5c2],1
Your debit card has been blocked. Call support immediately at 9845012345 or visit http://bank-card-reactivate.ml to prevent permanent cancellation. [Case ID: db1915],1
"Your PayPal account was accessed from an unknown device in Russia. If this wasn't you, login now at http://paypal-security-alert.tk/auth to secure funds. [Case ID: fc4930]",1
"CONGRATULATIONS! You have won $1,000,000 in the International Mobile Lottery. Reply with your full name, bank account, and SSN to claim prize. [Case ID: 80537a]",1
"Bank of America Security Alert: Unauthorized transaction of $1,250.00 detected. Click http://bofa-fraud-cancel.top/cancel to reverse charge within 2 hours. [Case ID: 65b9ee]",1
"Hey, are we still meeting for lunch at 12:30 today? (Ref #1135)",0
"Thanks for the meeting notes, I'll review the architecture diagram tonight. (Ref #2100)",0
URGENT: Your Wells Fargo account has been suspended! Verify your credentials immediately at http://wellsfargo-verify-login.xyz to restore access. [Case ID: 0e4e94],1
"Your PayPal account was accessed from an unknown device in Russia. If this wasn't you, login now at http://paypal-security-alert.tk/auth to secure funds. [Case ID: 32bb90]",1
The server deployment finished successfully without any downtime. (Ref #3321),0
The flight is delayed by 20 minutes due to weather conditions. (Ref #1690),0
Customs Clearance Alert: Your international parcel #US89218 is held at customs due to unpaid duties of $45. Pay now at http://customs-parcel-release.click [Case ID: 82ca5d],1
Happy birthday! Wishing you a fantastic year ahead. (Ref #1370),0
"Job Offer: Work from home and earn $5,000/week! Send $50 registration fee via UPI / Apple Gift Card to hr@global-remote-jobs.xyz to get started. [Case ID: 6492d3]",1
"Thanks for the meeting notes, I'll review the architecture diagram tonight. (Ref #2466)",0
Your package from Amazon has been delivered to your front porch. (Ref #1367),0
"Bank of America Security Alert: Unauthorized transaction of $1,250.00 detected. Click http://bofa-fraud-cancel.top/cancel to reverse charge within 2 hours. [Case ID: 432aca]",1
"Thanks for the meeting notes, I'll review the architecture diagram tonight. (Ref #3177)",0
"I'll be home in about 15 minutes, please put the dinner in the oven. (Ref #2861)",0
The flight is delayed by 20 minutes due to weather conditions. (Ref #3459),0
Can you send me the lecture slides from yesterday's machine learning class? (Ref #1987),0
Your package from Amazon has been delivered to your front porch. (Ref #2724),0
"Good morning team, let's join the sprint retrospective call at 10 AM. (Ref #3862)",0
"Job Offer: Work from home and earn $5,000/week! Send $50 registration fee via UPI / Apple Gift Card to hr@global-remote-jobs.xyz to get started. [Case ID: 70efba]",1
"CONGRATULATIONS! You have won $1,000,000 in the International Mobile Lottery. Reply with your full name, bank account, and SSN to claim prize. [Case ID: ae1eaa]",1
URGENT: Your Wells Fargo account has been suspended! Verify your credentials immediately at http://wellsfargo-verify-login.xyz to restore access. [Case ID: 01931a],1
Your package from Amazon has been delivered to your front porch. (Ref #2739),0
IRS Notice: Final warning! A lawsuit is filed against you for unpaid taxes. Call immediately at +1-800-555-0199 or send $500 via Bitcoin to settle. [Case ID: a19acd],1
Don't forget to push your code changes to the branch before the standup. (Ref #1958),0
Let's schedule a 1-on-1 sync tomorrow morning to discuss project milestones. (Ref #1428),0
"Bank of America Security Alert: Unauthorized transaction of $1,250.00 detected. Click http://bofa-fraud-cancel.top/cancel to reverse charge within 2 hours. [Case ID: ddeebd]",1
Let's schedule a 1-on-1 sync tomorrow morning to discuss project milestones. (Ref #1250),0
Can you send me the lecture slides from yesterday's machine learning class? (Ref #2502),0
The flight is delayed by 20 minutes due to weather conditions. (Ref #2097),0
"Your PayPal account was accessed from an unknown device in Russia. If this wasn't you, login now at http://paypal-security-alert.tk/auth to secure funds. [Case ID: 171472]",1
Can you send me the lecture slides from yesterday's machine learning class? (Ref #1285),0
"Hey, are we still meeting for lunch at 12:30 today? (Ref #2298)",0
"Job Offer: Work from home and earn $5,000/week! Send $50 registration fee via UPI / Apple Gift Card to hr@global-remote-jobs.xyz to get started. [Case ID: cda721]",1
Let's schedule a 1-on-1 sync tomorrow morning to discuss project milestones. (Ref #1108),0
Your package from Amazon has been delivered to your front porch. (Ref #2110),0
"Thanks for the meeting notes, I'll review the architecture diagram tonight. (Ref #2004)",0
"Good morning team, let's join the sprint retrospective call at 10 AM. (Ref #1339)",0
"I'll be home in about 15 minutes, please put the dinner in the oven. (Ref #1526)",0
"Your PayPal account was accessed from an unknown device in Russia. If this wasn't you, login now at http://paypal-security-alert.tk/auth to secure funds. [Case ID: 059fdc]",1
"Bank of America Security Alert: Unauthorized transaction of $1,250.00 detected. Click http://bofa-fraud-cancel.top/cancel to reverse charge within 2 hours. [Case ID: cb2c20]",1
"Bank of America Security Alert: Unauthorized transaction of $1,250.00 detected. Click http://bofa-fraud-cancel.top/cancel to reverse charge within 2 hours. [Case ID: 4a2ddf]",1
Your OTP for logging into the employee portal is 584920. Do not share with anyone. (Ref #2108),0
Your appointment with Dr. Sharma is confirmed for Tuesday at 3 PM. (Ref #1604),0
"Bank of America Security Alert: Unauthorized transaction of $1,250.00 detected. Click http://bofa-fraud-cancel.top/cancel to reverse charge within 2 hours. [Case ID: 074177]",1
"Dear Customer, your Netflix subscription expired. Update your credit card details immediately at http://netflix-billing-update.cf or your service terminates today. [Case ID: 431135]",1
Your appointment with Dr. Sharma is confirmed for Tuesday at 3 PM. (Ref #2820),0
Your appointment with Dr. Sharma is confirmed for Tuesday at 3 PM. (Ref #2175),0
Customs Clearance Alert: Your international parcel #US89218 is held at customs due to unpaid duties of $45. Pay now at http://customs-parcel-release.click [Case ID: 9b04d1],1
Your OTP for logging into the employee portal is 584920. Do not share with anyone. (Ref #2577),0
"Job Offer: Work from home and earn $5,000/week! Send $50 registration fee via UPI / Apple Gift Card to hr@global-remote-jobs.xyz to get started. [Case ID: fccb60]",1
"Dear Customer, your Netflix subscription expired. Update your credit card details immediately at http://netflix-billing-update.cf or your service terminates today. [Case ID: 4588e6]",1
The server deployment finished successfully without any downtime. (Ref #1139),0
The flight is delayed by 20 minutes due to weather conditions. (Ref #1707),0
"CONGRATULATIONS! You have won $1,000,000 in the International Mobile Lottery. Reply with your full name, bank account, and SSN to claim prize. [Case ID: c2626d]",1
Please review the attached invoice for the software subscription renewal. (Ref #2811),0
Your debit card has been blocked. Call support immediately at 9845012345 or visit http://bank-card-reactivate.ml to prevent permanent cancellation. [Case ID: a03fa3],1
Let's schedule a 1-on-1 sync tomorrow morning to discuss project milestones. (Ref #3875),0
The server deployment finished successfully without any downtime. (Ref #1257),0
"Your PayPal account was accessed from an unknown device in Russia. If this wasn't you, login now at http://paypal-security-alert.tk/auth to secure funds. [Case ID: ad71c8]",1
Your appointment with Dr. Sharma is confirmed for Tuesday at 3 PM. (Ref #2747),0
Security Alert: Your Apple ID has been locked due to multiple failed login attempts. Verify identity at http://appleid-support-security.xyz now. [Case ID: faafda],1
Your appointment with Dr. Sharma is confirmed for Tuesday at 3 PM. (Ref #2195),0
URGENT: Your Wells Fargo account has been suspended! Verify your credentials immediately at http://wellsfargo-verify-login.xyz to restore access. [Case ID: f3e52c],1
"Your PayPal account was accessed from an unknown device in Russia. If this wasn't you, login now at http://paypal-security-alert.tk/auth to secure funds. [Case ID: 37bc2f]",1
"Job Offer: Work from home and earn $5,000/week! Send $50 registration fee via UPI / Apple Gift Card to hr@global-remote-jobs.xyz to get started. [Case ID: fb60d4]",1
"Your PayPal account was accessed from an unknown device in Russia. If this wasn't you, login now at http://paypal-security-alert.tk/auth to secure funds. [Case ID: e96ed4]",1
"Bank of America Security Alert: Unauthorized transaction of $1,250.00 detected. Click http://bofa-fraud-cancel.top/cancel to reverse charge within 2 hours. [Case ID: 7810cc]",1
Your debit card has been blocked. Call support immediately at 9845012345 or visit http://bank-card-reactivate.ml to prevent permanent cancellation. [Case ID: b0df22],1
"Good morning team, let's join the sprint retrospective call at 10 AM. (Ref #3706)",0
Your debit card has been blocked. Call support immediately at 9845012345 or visit http://bank-card-reactivate.ml to prevent permanent cancellation. [Case ID: 0a8725],1
"Your PayPal account was accessed from an unknown device in Russia. If this wasn't you, login now at http://paypal-security-alert.tk/auth to secure funds. [Case ID: 42e7aa]",1
Customs Clearance Alert: Your international parcel #US89218 is held at customs due to unpaid duties of $45. Pay now at http://customs-parcel-release.click [Case ID: 621461],1
Your debit card has been blocked. Call support immediately at 9845012345 or visit http://bank-card-reactivate.ml to prevent permanent cancellation. [Case ID: 6766aa],1
Security Alert: Your Apple ID has been locked due to multiple failed login attempts. Verify identity at http://appleid-support-security.xyz now. [Case ID: 8fb5f8],1
"CONGRATULATIONS! You have won $1,000,000 in the International Mobile Lottery. Reply with your full name, bank account, and SSN to claim prize. [Case ID: e836d8]",1
Your debit card has been blocked. Call support immediately at 9845012345 or visit http://bank-card-reactivate.ml to prevent permanent cancellation. [Case ID: 99c5e0],1
Let's schedule a 1-on-1 sync tomorrow morning to discuss project milestones. (Ref #1620),0
Customs Clearance Alert: Your international parcel #US89218 is held at customs due to unpaid duties of $45. Pay now at http://customs-parcel-release.click [Case ID: fe131d],1
Don't forget to push your code changes to the branch before the standup. (Ref #3066),0
Let's schedule a 1-on-1 sync tomorrow morning to discuss project milestones. (Ref #2888),0
Please review the attached invoice for the software subscription renewal. (Ref #1324),0
The flight is delayed by 20 minutes due to weather conditions. (Ref #1477),0
"Job Offer: Work from home and earn $5,000/week! Send $50 registration fee via UPI / Apple Gift Card to hr@global-remote-jobs.xyz to get started. [Case ID: 74071a]",1
Let's schedule a 1-on-1 sync tomorrow morning to discuss project milestones. (Ref #3985),0
Happy birthday! Wishing you a fantastic year ahead. (Ref #3097),0
"Your PayPal account was accessed from an unknown device in Russia. If this wasn't you, login now at http://paypal-security-alert.tk/auth to secure funds. [Case ID: 277281]",1
"Good morning team, let's join the sprint retrospective call at 10 AM. (Ref #2220)",0
Security Alert: Your Apple ID has been locked due to multiple failed login attempts. Verify identity at http://appleid-support-security.xyz now. [Case ID: 06a15e],1
"Your PayPal account was accessed from an unknown device in Russia. If this wasn't you, login now at http://paypal-security-alert.tk/auth to secure funds. [Case ID: 1aa48f]",1
The flight is delayed by 20 minutes due to weather conditions. (Ref #3333),0
URGENT: Your Wells Fargo account has been suspended! Verify your credentials immediately at http://wellsfargo-verify-login.xyz to restore access. [Case ID: 65fc52],1
"Good morning team, let's join the sprint retrospective call at 10 AM. (Ref #1123)",0
URGENT: Your Wells Fargo account has been suspended! Verify your credentials immediately at http://wellsfargo-verify-login.xyz to restore access. [Case ID: c6036a],1
"Good morning team, let's join the sprint retrospective call at 10 AM. (Ref #2873)",0
"Your PayPal account was accessed from an unknown device in Russia. If this wasn't you, login now at http://paypal-security-alert.tk/auth to secure funds. [Case ID: 32b30a]",1
The flight is delayed by 20 minutes due to weather conditions. (Ref #3821),0
"Job Offer: Work from home and earn $5,000/week! Send $50 registration fee via UPI / Apple Gift Card to hr@global-remote-jobs.xyz to get started. [Case ID: e5a4d6]",1
Your debit card has been blocked. Call support immediately at 9845012345 or visit http://bank-card-reactivate.ml to prevent permanent cancellation. [Case ID: 98e6f1],1
Did you get a chance to look at the quarterly report draft? (Ref #2029),0
Customs Clearance Alert: Your international parcel #US89218 is held at customs due to unpaid duties of $45. Pay now at http://customs-parcel-release.click [Case ID: 3e89eb],1
Did you get a chance to look at the quarterly report draft? (Ref #3645),0
Let's schedule a 1-on-1 sync tomorrow morning to discuss project milestones. (Ref #1619),0
The server deployment finished successfully without any downtime. (Ref #2921),0
"Your PayPal account was accessed from an unknown device in Russia. If this wasn't you, login now at http://paypal-security-alert.tk/auth to secure funds. [Case ID: 0353ab]",1
"I'll be home in about 15 minutes, please put the dinner in the oven. (Ref #2907)",0
"Job Offer: Work from home and earn $5,000/week! Send $50 registration fee via UPI / Apple Gift Card to hr@global-remote-jobs.xyz to get started. [Case ID: 7cac11]",1
"Good morning team, let's join the sprint retrospective call at 10 AM. (Ref #2995)",0
"I'll be home in about 15 minutes, please put the dinner in the oven. (Ref #1111)",0
"Thanks for the meeting notes, I'll review the architecture diagram tonight. (Ref #3236)",0
URGENT: Your Wells Fargo account has been suspended! Verify your credentials immediately at http://wellsfargo-verify-login.xyz to restore access. [Case ID: f29b38],1
Customs Clearance Alert: Your international parcel #US89218 is held at customs due to unpaid duties of $45. Pay now at http://customs-parcel-release.click [Case ID: 01386b],1
Let's schedule a 1-on-1 sync tomorrow morning to discuss project milestones. (Ref #2272),0
Don't forget to push your code changes to the branch before the standup. (Ref #3091),0
Don't forget to push your code changes to the branch before the standup. (Ref #1949),0
"Dear Customer, your Netflix subscription expired. Update your credit card details immediately at http://netflix-billing-update.cf or your service terminates today. [Case ID: 52dbb0]",1
"Good morning team, let's join the sprint retrospective call at 10 AM. (Ref #3204)",0
URGENT: Your Wells Fargo account has been suspended! Verify your credentials immediately at http://wellsfargo-verify-login.xyz to restore access. [Case ID: 06b133],1
"I'll be home in about 15 minutes, please put the dinner in the oven. (Ref #3958)",0
Happy birthday! Wishing you a fantastic year ahead. (Ref #2225),0
Your OTP for logging into the employee portal is 584920. Do not share with anyone. (Ref #2857),0
"Bank of America Security Alert: Unauthorized transaction of $1,250.00 detected. Click http://bofa-fraud-cancel.top/cancel to reverse charge within 2 hours. [Case ID: 6ea2ef]",1
"Job Offer: Work from home and earn $5,000/week! Send $50 registration fee via UPI / Apple Gift Card to hr@global-remote-jobs.xyz to get started. [Case ID: 2a79ea]",1
"Your PayPal account was accessed from an unknown device in Russia. If this wasn't you, login now at http://paypal-security-alert.tk/auth to secure funds. [Case ID: 806fec]",1
Happy birthday! Wishing you a fantastic year ahead. (Ref #2017),0
"CONGRATULATIONS! You have won $1,000,000 in the International Mobile Lottery. Reply with your full name, bank account, and SSN to claim prize. [Case ID: d81f9c]",1
Please review the attached invoice for the software subscription renewal. (Ref #2793),0
Your appointment with Dr. Sharma is confirmed for Tuesday at 3 PM. (Ref #1465),0
The server deployment finished successfully without any downtime. (Ref #1483),0
"Hey, are we still meeting for lunch at 12:30 today? (Ref #3010)",0
"Job Offer: Work from home and earn $5,000/week! Send $50 registration fee via UPI / Apple Gift Card to hr@global-remote-jobs.xyz to get started. [Case ID: fccb3c]",1
"Dear Customer, your Netflix subscription expired. Update your credit card details immediately at http://netflix-billing-update.cf or your service terminates today. [Case ID: 0c74b7]",1
Did you get a chance to look at the quarterly report draft? (Ref #2330),0
"CONGRATULATIONS! You have won $1,000,000 in the International Mobile Lottery. Reply with your full name, bank account, and SSN to claim prize. [Case ID: 55743c]",1
Did you get a chance to look at the quarterly report draft? (Ref #2088),0
The server deployment finished successfully without any downtime. (Ref #3668),0
Your debit card has been blocked. Call support immediately at 9845012345 or visit http://bank-card-reactivate.ml to prevent permanent cancellation. [Case ID: f47330],1
"Your PayPal account was accessed from an unknown device in Russia. If this wasn't you, login now at http://paypal-security-alert.tk/auth to secure funds. [Case ID: 2d6cc4]",1
IRS Notice: Final warning! A lawsuit is filed against you for unpaid taxes. Call immediately at +1-800-555-0199 or send $500 via Bitcoin to settle. [Case ID: a76088],1
Did you get a chance to look at the quarterly report draft? (Ref #1961),0
The server deployment finished successfully without any downtime. (Ref #3658),0
"Your PayPal account was accessed from an unknown device in Russia. If this wasn't you, login now at http://paypal-security-alert.tk/auth to secure funds. [Case ID: e0cf1f]",1
Can you send me the lecture slides from yesterday's machine learning class? (Ref #2239),0
"Hey, are we still meeting for lunch at 12:30 today? (Ref #3080)",0
The server deployment finished successfully without any downtime. (Ref #3465),0
Let's schedule a 1-on-1 sync tomorrow morning to discuss project milestones. (Ref #1936),0
"Good morning team, let's join the sprint retrospective call at 10 AM. (Ref #2564)",0
"CONGRATULATIONS! You have won $1,000,000 in the International Mobile Lottery. Reply with your full name, bank account, and SSN to claim prize. [Case ID: a3d68b]",1
"Thanks for the meeting notes, I'll review the architecture diagram tonight. (Ref #2457)",0
Your OTP for logging into the employee portal is 584920. Do not share with anyone. (Ref #1444),0
Your package from Amazon has been delivered to your front porch. (Ref #1720),0
Please review the attached invoice for the software subscription renewal. (Ref #1505),0
"Good morning team, let's join the sprint retrospective call at 10 AM. (Ref #3715)",0
"Your PayPal account was accessed from an unknown device in Russia. If this wasn't you, login now at http://paypal-security-alert.tk/auth to secure funds. [Case ID: a40511]",1
"Bank of America Security Alert: Unauthorized transaction of $1,250.00 detected. Click http://bofa-fraud-cancel.top/cancel to reverse charge within 2 hours. [Case ID: 539fd5]",1
Can you send me the lecture slides from yesterday's machine learning class? (Ref #3037),0
Please review the attached invoice for the software subscription renewal. (Ref #3064),0
"Job Offer: Work from home and earn $5,000/week! Send $50 registration fee via UPI / Apple Gift Card to hr@global-remote-jobs.xyz to get started. [Case ID: 8d09e4]",1
The server deployment finished successfully without any downtime. (Ref #1589),0
Please review the attached invoice for the software subscription renewal. (Ref #1607),0
Don't forget to push your code changes to the branch before the standup. (Ref #1685),0
"I'll be home in about 15 minutes, please put the dinner in the oven. (Ref #3547)",0
"Dear Customer, your Netflix subscription expired. Update your credit card details immediately at http://netflix-billing-update.cf or your service terminates today. [Case ID: 0a65e1]",1
"Job Offer: Work from home and earn $5,000/week! Send $50 registration fee via UPI / Apple Gift Card to hr@global-remote-jobs.xyz to get started. [Case ID: 99bcfc]",1
Don't forget to push your code changes to the branch before the standup. (Ref #1085),0
"Job Offer: Work from home and earn $5,000/week! Send $50 registration fee via UPI / Apple Gift Card to hr@global-remote-jobs.xyz to get started. [Case ID: 3d863b]",1
Happy birthday! Wishing you a fantastic year ahead. (Ref #2058),0
"Job Offer: Work from home and earn $5,000/week! Send $50 registration fee via UPI / Apple Gift Card to hr@global-remote-jobs.xyz to get started. [Case ID: d095a9]",1
"Bank of America Security Alert: Unauthorized transaction of $1,250.00 detected. Click http://bofa-fraud-cancel.top/cancel to reverse charge within 2 hours. [Case ID: 9be40c]",1
IRS Notice: Final warning! A lawsuit is filed against you for unpaid taxes. Call immediately at +1-800-555-0199 or send $500 via Bitcoin to settle. [Case ID: 5e9f92],1
Don't forget to push your code changes to the branch before the standup. (Ref #3664),0
IRS Notice: Final warning! A lawsuit is filed against you for unpaid taxes. Call immediately at +1-800-555-0199 or send $500 via Bitcoin to settle. [Case ID: d1e946],1
IRS Notice: Final warning! A lawsuit is filed against you for unpaid taxes. Call immediately at +1-800-555-0199 or send $500 via Bitcoin to settle. [Case ID: 806bea],1
The server deployment finished successfully without any downtime. (Ref #3341),0
Let's schedule a 1-on-1 sync tomorrow morning to discuss project milestones. (Ref #3019),0
"Bank of America Security Alert: Unauthorized transaction of $1,250.00 detected. Click http://bofa-fraud-cancel.top/cancel to reverse charge within 2 hours. [Case ID: e069ea]",1
"Job Offer: Work from home and earn $5,000/week! Send $50 registration fee via UPI / Apple Gift Card to hr@global-remote-jobs.xyz to get started. [Case ID: dc5c76]",1
URGENT: Your Wells Fargo account has been suspended! Verify your credentials immediately at http://wellsfargo-verify-login.xyz to restore access. [Case ID: 44968a],1
Your debit card has been blocked. Call support immediately at 9845012345 or visit http://bank-card-reactivate.ml to prevent permanent cancellation. [Case ID: fc5285],1
"Bank of America Security Alert: Unauthorized transaction of $1,250.00 detected. Click http://bofa-fraud-cancel.top/cancel to reverse charge within 2 hours. [Case ID: f542ea]",1
Your appointment with Dr. Sharma is confirmed for Tuesday at 3 PM. (Ref #2912),0
Happy birthday! Wishing you a fantastic year ahead. (Ref #1316),0
"Your PayPal account was accessed from an unknown device in Russia. If this wasn't you, login now at http://paypal-security-alert.tk/auth to secure funds. [Case ID: beed13]",1
"Job Offer: Work from home and earn $5,000/week! Send $50 registration fee via UPI / Apple Gift Card to hr@global-remote-jobs.xyz to get started. [Case ID: 013a00]",1
Security Alert: Your Apple ID has been locked due to multiple failed login attempts. Verify identity at http://appleid-support-security.xyz now. [Case ID: 49ad23],1
URGENT: Your Wells Fargo account has been suspended! Verify your credentials immediately at http://wellsfargo-verify-login.xyz to restore access. [Case ID: 7504ad],1
Please review the attached invoice for the software subscription renewal. (Ref #2074),0
Don't forget to push your code changes to the branch before the standup. (Ref #2763),0
"Thanks for the meeting notes, I'll review the architecture diagram tonight. (Ref #1072)",0
"Dear Customer, your Netflix subscription expired. Update your credit card details immediately at http://netflix-billing-update.cf or your service terminates today. [Case ID: 31b3b3]",1
Let's schedule a 1-on-1 sync tomorrow morning to discuss project milestones. (Ref #1566),0
Don't forget to push your code changes to the branch before the standup. (Ref #3689),0
"I'll be home in about 15 minutes, please put the dinner in the oven. (Ref #1126)",0
"CONGRATULATIONS! You have won $1,000,000 in the International Mobile Lottery. Reply with your full name, bank account, and SSN to claim prize. [Case ID: 3cef96]",1
Customs Clearance Alert: Your international parcel #US89218 is held at customs due to unpaid duties of $45. Pay now at http://customs-parcel-release.click [Case ID: 851ddf],1
Customs Clearance Alert: Your international parcel #US89218 is held at customs due to unpaid duties of $45. Pay now at http://customs-parcel-release.click [Case ID: 96a93b],1
Happy birthday! Wishing you a fantastic year ahead. (Ref #1480),0
"Good morning team, let's join the sprint retrospective call at 10 AM. (Ref #3229)",0
Security Alert: Your Apple ID has been locked due to multiple failed login attempts. Verify identity at http://appleid-support-security.xyz now. [Case ID: 6faa80],1
Your OTP for logging into the employee portal is 584920. Do not share with anyone. (Ref #2307),0
Customs Clearance Alert: Your international parcel #US89218 is held at customs due to unpaid duties of $45. Pay now at http://customs-parcel-release.click [Case ID: 7f24d2],1
Don't forget to push your code changes to the branch before the standup. (Ref #3437),0
Your debit card has been blocked. Call support immediately at 9845012345 or visit http://bank-card-reactivate.ml to prevent permanent cancellation. [Case ID: 9f6992],1
Your OTP for logging into the employee portal is 584920. Do not share with anyone. (Ref #3233),0
"Hey, are we still meeting for lunch at 12:30 today? (Ref #3681)",0
The server deployment finished successfully without any downtime. (Ref #1471),0
"Hey, are we still meeting for lunch at 12:30 today? (Ref #3337)",0
Your appointment with Dr. Sharma is confirmed for Tuesday at 3 PM. (Ref #2533),0
Can you send me the lecture slides from yesterday's machine learning class? (Ref #1615),0
"I'll be home in about 15 minutes, please put the dinner in the oven. (Ref #1237)",0
"I'll be home in about 15 minutes, please put the dinner in the oven. (Ref #3811)",0
"Thanks for the meeting notes, I'll review the architecture diagram tonight. (Ref #2056)",0
"I'll be home in about 15 minutes, please put the dinner in the oven. (Ref #3067)",0
Happy birthday! Wishing you a fantastic year ahead. (Ref #2532),0
"I'll be home in about 15 minutes, please put the dinner in the oven. (Ref #2748)",0
Happy birthday! Wishing you a fantastic year ahead. (Ref #1447),0
IRS Notice: Final warning! A lawsuit is filed against you for unpaid taxes. Call immediately at +1-800-555-0199 or send $500 via Bitcoin to settle. [Case ID: a6d259],1
Your appointment with Dr. Sharma is confirmed for Tuesday at 3 PM. (Ref #2430),0
"Bank of America Security Alert: Unauthorized transaction of $1,250.00 detected. Click http://bofa-fraud-cancel.top/cancel to reverse charge within 2 hours. [Case ID: c51ce4]",1
"Bank of America Security Alert: Unauthorized transaction of $1,250.00 detected. Click http://bofa-fraud-cancel.top/cancel to reverse charge within 2 hours. [Case ID: 9afefc]",1
"Your PayPal account was accessed from an unknown device in Russia. If this wasn't you, login now at http://paypal-security-alert.tk/auth to secure funds. [Case ID: a0872c]",1
"Bank of America Security Alert: Unauthorized transaction of $1,250.00 detected. Click http://bofa-fraud-cancel.top/cancel to reverse charge within 2 hours. [Case ID: 53e3a7]",1
Don't forget to push your code changes to the branch before the standup. (Ref #3118),0
Your debit card has been blocked. Call support immediately at 9845012345 or visit http://bank-card-reactivate.ml to prevent permanent cancellation. [Case ID: 405e28],1
The flight is delayed by 20 minutes due to weather conditions. (Ref #2157),0
"Hey, are we still meeting for lunch at 12:30 today? (Ref #1568)",0
IRS Notice: Final warning! A lawsuit is filed against you for unpaid taxes. Call immediately at +1-800-555-0199 or send $500 via Bitcoin to settle. [Case ID: 55b192],1
"Hey, are we still meeting for lunch at 12:30 today? (Ref #2598)",0
"Good morning team, let's join the sprint retrospective call at 10 AM. (Ref #3370)",0
"Good morning team, let's join the sprint retrospective call at 10 AM. (Ref #3834)",0
Your OTP for logging into the employee portal is 584920. Do not share with anyone. (Ref #3927),0
URGENT: Your Wells Fargo account has been suspended! Verify your credentials immediately at http://wellsfargo-verify-login.xyz to restore access. [Case ID: 69cb3e],1
Customs Clearance Alert: Your international parcel #US89218 is held at customs due to unpaid duties of $45. Pay now at http://customs-parcel-release.click [Case ID: 876828],1
"Bank of America Security Alert: Unauthorized transaction of $1,250.00 detected. Click http://bofa-fraud-cancel.top/cancel to reverse charge within 2 hours. [Case ID: a2557a]",1
IRS Notice: Final warning! A lawsuit is filed against you for unpaid taxes. Call immediately at +1-800-555-0199 or send $500 via Bitcoin to settle. [Case ID: acf4b8],1
Let's schedule a 1-on-1 sync tomorrow morning to discuss project milestones. (Ref #1390),0
Your package from Amazon has been delivered to your front porch. (Ref #1383),0
Can you send me the lecture slides from yesterday's machine learning class? (Ref #3610),0
"Bank of America Security Alert: Unauthorized transaction of $1,250.00 detected. Click http://bofa-fraud-cancel.top/cancel to reverse charge within 2 hours. [Case ID: 285e19]",1
IRS Notice: Final warning! A lawsuit is filed against you for unpaid taxes. Call immediately at +1-800-555-0199 or send $500 via Bitcoin to settle. [Case ID: 535ab7],1
Let's schedule a 1-on-1 sync tomorrow morning to discuss project milestones. (Ref #3387),0
"Good morning team, let's join the sprint retrospective call at 10 AM. (Ref #2876)",0
URGENT: Your Wells Fargo account has been suspended! Verify your credentials immediately at http://wellsfargo-verify-login.xyz to restore access. [Case ID: a554f8],1
Let's schedule a 1-on-1 sync tomorrow morning to discuss project milestones. (Ref #2525),0
"Hey, are we still meeting for lunch at 12:30 today? (Ref #2338)",0
Happy birthday! Wishing you a fantastic year ahead. (Ref #3040),0
IRS Notice: Final warning! A lawsuit is filed against you for unpaid taxes. Call immediately at +1-800-555-0199 or send $500 via Bitcoin to settle. [Case ID: fddd79],1
Let's schedule a 1-on-1 sync tomorrow morning to discuss project milestones. (Ref #3482),0
"CONGRATULATIONS! You have won $1,000,000 in the International Mobile Lottery. Reply with your full name, bank account, and SSN to claim prize. [Case ID: b21f9f]",1
Customs Clearance Alert: Your international parcel #US89218 is held at customs due to unpaid duties of $45. Pay now at http://customs-parcel-release.click [Case ID: 33e75f],1
Don't forget to push your code changes to the branch before the standup. (Ref #1271),0
"Job Offer: Work from home and earn $5,000/week! Send $50 registration fee via UPI / Apple Gift Card to hr@global-remote-jobs.xyz to get started. [Case ID: 3e313b]",1
Security Alert: Your Apple ID has been locked due to multiple failed login attempts. Verify identity at http://appleid-support-security.xyz now. [Case ID: 5a7f96],1
The server deployment finished successfully without any downtime. (Ref #3004),0
"Good morning team, let's join the sprint retrospective call at 10 AM. (Ref #2670)",0
"Bank of America Security Alert: Unauthorized transaction of $1,250.00 detected. Click http://bofa-fraud-cancel.top/cancel to reverse charge within 2 hours. [Case ID: 743c41]",1
Can you send me the lecture slides from yesterday's machine learning class? (Ref #2716),0
Your package from Amazon has been delivered to your front porch. (Ref #1366),0
Your package from Amazon has been delivered to your front porch. (Ref #2656),0
"Dear Customer, your Netflix subscription expired. Update your credit card details immediately at http://netflix-billing-update.cf or your service terminates today. [Case ID: c3e0c6]",1
Security Alert: Your Apple ID has been locked due to multiple failed login attempts. Verify identity at http://appleid-support-security.xyz now. [Case ID: 181993],1
"CONGRATULATIONS! You have won $1,000,000 in the International Mobile Lottery. Reply with your full name, bank account, and SSN to claim prize. [Case ID: 0a09c8]",1
Happy birthday! Wishing you a fantastic year ahead. (Ref #3429),0
"Good morning team, let's join the sprint retrospective call at 10 AM. (Ref #2582)",0
The server deployment finished successfully without any downtime. (Ref #2999),0
Your OTP for logging into the employee portal is 584920. Do not share with anyone. (Ref #3567),0
Your OTP for logging into the employee portal is 584920. Do not share with anyone. (Ref #2427),0
Security Alert: Your Apple ID has been locked due to multiple failed login attempts. Verify identity at http://appleid-support-security.xyz now. [Case ID: 90aef9],1
"Job Offer: Work from home and earn $5,000/week! Send $50 registration fee via UPI / Apple Gift Card to hr@global-remote-jobs.xyz to get started. [Case ID: a869cc]",1
Happy birthday! Wishing you a fantastic year ahead. (Ref #3833),0
Your debit card has been blocked. Call support immediately at 9845012345 or visit http://bank-card-reactivate.ml to prevent permanent cancellation. [Case ID: 8f14e4],1
Your OTP for logging into the employee portal is 584920. Do not share with anyone. (Ref #2284),0
Your package from Amazon has been delivered to your front porch. (Ref #2869),0
IRS Notice: Final warning! A lawsuit is filed against you for unpaid taxes. Call immediately at +1-800-555-0199 or send $500 via Bitcoin to settle. [Case ID: ec8956],1
Please review the attached invoice for the software subscription renewal. (Ref #3887),0
Happy birthday! Wishing you a fantastic year ahead. (Ref #2442),0
Happy birthday! Wishing you a fantastic year ahead. (Ref #1020),0
"I'll be home in about 15 minutes, please put the dinner in the oven. (Ref #1063)",0
Security Alert: Your Apple ID has been locked due to multiple failed login attempts. Verify identity at http://appleid-support-security.xyz now. [Case ID: 82c255],1
"I'll be home in about 15 minutes, please put the dinner in the oven. (Ref #1152)",0
Your OTP for logging into the employee portal is 584920. Do not share with anyone. (Ref #2386),0
URGENT: Your Wells Fargo account has been suspended! Verify your credentials immediately at http://wellsfargo-verify-login.xyz to restore access. [Case ID: 407901],1
"Dear Customer, your Netflix subscription expired. Update your credit card details immediately at http://netflix-billing-update.cf or your service terminates today. [Case ID: 4ba29b]",1
"CONGRATULATIONS! You have won $1,000,000 in the International Mobile Lottery. Reply with your full name, bank account, and SSN to claim prize. [Case ID: c366c2]",1
"Good morning team, let's join the sprint retrospective call at 10 AM. (Ref #1729)",0
Security Alert: Your Apple ID has been locked due to multiple failed login attempts. Verify identity at http://appleid-support-security.xyz now. [Case ID: f80bf0],1
Don't forget to push your code changes to the branch before the standup. (Ref #1061),0
Please review the attached invoice for the software subscription renewal. (Ref #3136),0
Your OTP for logging into the employee portal is 584920. Do not share with anyone. (Ref #1612),0
"CONGRATULATIONS! You have won $1,000,000 in the International Mobile Lottery. Reply with your full name, bank account, and SSN to claim prize. [Case ID: 788d98]",1
Security Alert: Your Apple ID has been locked due to multiple failed login attempts. Verify identity at http://appleid-support-security.xyz now. [Case ID: 83adc9],1
Your appointment with Dr. Sharma is confirmed for Tuesday at 3 PM. (Ref #1233),0
"I'll be home in about 15 minutes, please put the dinner in the oven. (Ref #2569)",0
"Hey, are we still meeting for lunch at 12:30 today? (Ref #2885)",0
Let's schedule a 1-on-1 sync tomorrow morning to discuss project milestones. (Ref #2248),0
Your OTP for logging into the employee portal is 584920. Do not share with anyone. (Ref #3672),0
Let's schedule a 1-on-1 sync tomorrow morning to discuss project milestones. (Ref #2752),0
"Job Offer: Work from home and earn $5,000/week! Send $50 registration fee via UPI / Apple Gift Card to hr@global-remote-jobs.xyz to get started. [Case ID: eeb69a]",1
Your package from Amazon has been delivered to your front porch. (Ref #3151),0
"Hey, are we still meeting for lunch at 12:30 today? (Ref #1490)",0
"Good morning team, let's join the sprint retrospective call at 10 AM. (Ref #1849)",0
"Thanks for the meeting notes, I'll review the architecture diagram tonight. (Ref #2591)",0
"Job Offer: Work from home and earn $5,000/week! Send $50 registration fee via UPI / Apple Gift Card to hr@global-remote-jobs.xyz to get started. [Case ID: b73dfe]",1
Did you get a chance to look at the quarterly report draft? (Ref #3240),0
"Thanks for the meeting notes, I'll review the architecture diagram tonight. (Ref #2543)",0
IRS Notice: Final warning! A lawsuit is filed against you for unpaid taxes. Call immediately at +1-800-555-0199 or send $500 via Bitcoin to settle. [Case ID: 1ce927],1
The flight is delayed by 20 minutes due to weather conditions. (Ref #1163),0
"CONGRATULATIONS! You have won $1,000,000 in the International Mobile Lottery. Reply with your full name, bank account, and SSN to claim prize. [Case ID: 139f08]",1
Can you send me the lecture slides from yesterday's machine learning class? (Ref #3835),0
The server deployment finished successfully without any downtime. (Ref #1892),0
Please review the attached invoice for the software subscription renewal. (Ref #2765),0
"CONGRATULATIONS! You have won $1,000,000 in the International Mobile Lottery. Reply with your full name, bank account, and SSN to claim prize. [Case ID: e034fb]",1
"Dear Customer, your Netflix subscription expired. Update your credit card details immediately at http://netflix-billing-update.cf or your service terminates today. [Case ID: ff1418]",1
"Job Offer: Work from home and earn $5,000/week! Send $50 registration fee via UPI / Apple Gift Card to hr@global-remote-jobs.xyz to get started. [Case ID: fca078]",1
"I'll be home in about 15 minutes, please put the dinner in the oven. (Ref #2235)",0
"Good morning team, let's join the sprint retrospective call at 10 AM. (Ref #3761)",0
The server deployment finished successfully without any downtime. (Ref #2174),0
"CONGRATULATIONS! You have won $1,000,000 in the International Mobile Lottery. Reply with your full name, bank account, and SSN to claim prize. [Case ID: 84d9ee]",1
Don't forget to push your code changes to the branch before the standup. (Ref #2983),0
Security Alert: Your Apple ID has been locked due to multiple failed login attempts. Verify identity at http://appleid-support-security.xyz now. [Case ID: 242c10],1
Customs Clearance Alert: Your international parcel #US89218 is held at customs due to unpaid duties of $45. Pay now at http://customs-parcel-release.click [Case ID: 54a367],1
Did you get a chance to look at the quarterly report draft? (Ref #1424),0
Please review the attached invoice for the software subscription renewal. (Ref #2125),0
IRS Notice: Final warning! A lawsuit is filed against you for unpaid taxes. Call immediately at +1-800-555-0199 or send $500 via Bitcoin to settle. [Case ID: 7f5d04],1
Security Alert: Your Apple ID has been locked due to multiple failed login attempts. Verify identity at http://appleid-support-security.xyz now. [Case ID: f670ef],1
Customs Clearance Alert: Your international parcel #US89218 is held at customs due to unpaid duties of $45. Pay now at http://customs-parcel-release.click [Case ID: 0d73a2],1
Security Alert: Your Apple ID has been locked due to multiple failed login attempts. Verify identity at http://appleid-support-security.xyz now. [Case ID: b13011],1
Security Alert: Your Apple ID has been locked due to multiple failed login attempts. Verify identity at http://appleid-support-security.xyz now. [Case ID: ce78d1],1
Your OTP for logging into the employee portal is 584920. Do not share with anyone. (Ref #3855),0
Your package from Amazon has been delivered to your front porch. (Ref #2945),0
"Hey, are we still meeting for lunch at 12:30 today? (Ref #1279)",0
Your OTP for logging into the employee portal is 584920. Do not share with anyone. (Ref #2084),0
"Your PayPal account was accessed from an unknown device in Russia. If this wasn't you, login now at http://paypal-security-alert.tk/auth to secure funds. [Case ID: 186fb2]",1
"Bank of America Security Alert: Unauthorized transaction of $1,250.00 detected. Click http://bofa-fraud-cancel.top/cancel to reverse charge within 2 hours. [Case ID: 43dd49]",1
Your appointment with Dr. Sharma is confirmed for Tuesday at 3 PM. (Ref #2192),0
"CONGRATULATIONS! You have won $1,000,000 in the International Mobile Lottery. Reply with your full name, bank account, and SSN to claim prize. [Case ID: 7eb7ea]",1
Don't forget to push your code changes to the branch before the standup. (Ref #1790),0
Can you send me the lecture slides from yesterday's machine learning class? (Ref #1982),0
Did you get a chance to look at the quarterly report draft? (Ref #2231),0
URGENT: Your Wells Fargo account has been suspended! Verify your credentials immediately at http://wellsfargo-verify-login.xyz to restore access. [Case ID: e816c6],1
Did you get a chance to look at the quarterly report draft? (Ref #3514),0
The flight is delayed by 20 minutes due to weather conditions. (Ref #2662),0
The server deployment finished successfully without any downtime. (Ref #3408),0
"CONGRATULATIONS! You have won $1,000,000 in the International Mobile Lottery. Reply with your full name, bank account, and SSN to claim prize. [Case ID: 9dfcd5]",1
Your package from Amazon has been delivered to your front porch. (Ref #3867),0
IRS Notice: Final warning! A lawsuit is filed against you for unpaid taxes. Call immediately at +1-800-555-0199 or send $500 via Bitcoin to settle. [Case ID: b495ce],1
"Job Offer: Work from home and earn $5,000/week! Send $50 registration fee via UPI / Apple Gift Card to hr@global-remote-jobs.xyz to get started. [Case ID: dbe272]",1
Your OTP for logging into the employee portal is 584920. Do not share with anyone. (Ref #1798),0
"Hey, are we still meeting for lunch at 12:30 today? (Ref #1263)",0
"Job Offer: Work from home and earn $5,000/week! Send $50 registration fee via UPI / Apple Gift Card to hr@global-remote-jobs.xyz to get started. [Case ID: aeb313]",1
Don't forget to push your code changes to the branch before the standup. (Ref #3416),0
IRS Notice: Final warning! A lawsuit is filed against you for unpaid taxes. Call immediately at +1-800-555-0199 or send $500 via Bitcoin to settle. [Case ID: 9e3cfc],1
"Job Offer: Work from home and earn $5,000/week! Send $50 registration fee via UPI / Apple Gift Card to hr@global-remote-jobs.xyz to get started. [Case ID: 07a96b]",1
Can you send me the lecture slides from yesterday's machine learning class? (Ref #2437),0
Can you send me the lecture slides from yesterday's machine learning class? (Ref #3677),0
URGENT: Your Wells Fargo account has been suspended! Verify your credentials immediately at http://wellsfargo-verify-login.xyz to restore access. [Case ID: c44799],1
Your OTP for logging into the employee portal is 584920. Do not share with anyone. (Ref #3203),0
"Your PayPal account was accessed from an unknown device in Russia. If this wasn't you, login now at http://paypal-security-alert.tk/auth to secure funds. [Case ID: 48ab2f]",1
Customs Clearance Alert: Your international parcel #US89218 is held at customs due to unpaid duties of $45. Pay now at http://customs-parcel-release.click [Case ID: aff162],1
Did you get a chance to look at the quarterly report draft? (Ref #3637),0
URGENT: Your Wells Fargo account has been suspended! Verify your credentials immediately at http://wellsfargo-verify-login.xyz to restore access. [Case ID: 7af626],1
Can you send me the lecture slides from yesterday's machine learning class? (Ref #2694),0
Happy birthday! Wishing you a fantastic year ahead. (Ref #1867),0
Your OTP for logging into the employee portal is 584920. Do not share with anyone. (Ref #2880),0
"Dear Customer, your Netflix subscription expired. Update your credit card details immediately at http://netflix-billing-update.cf or your service terminates today. [Case ID: 7143d7]",1
Your debit card has been blocked. Call support immediately at 9845012345 or visit http://bank-card-reactivate.ml to prevent permanent cancellation. [Case ID: db60b9],1
Let's schedule a 1-on-1 sync tomorrow morning to discuss project milestones. (Ref #3407),0
Your appointment with Dr. Sharma is confirmed for Tuesday at 3 PM. (Ref #3993),0
"Good morning team, let's join the sprint retrospective call at 10 AM. (Ref #1442)",0
Let's schedule a 1-on-1 sync tomorrow morning to discuss project milestones. (Ref #3208),0
"Thanks for the meeting notes, I'll review the architecture diagram tonight. (Ref #1368)",0
The server deployment finished successfully without any downtime. (Ref #1174),0
"Your PayPal account was accessed from an unknown device in Russia. If this wasn't you, login now at http://paypal-security-alert.tk/auth to secure funds. [Case ID: 550a14]",1
IRS Notice: Final warning! A lawsuit is filed against you for unpaid taxes. Call immediately at +1-800-555-0199 or send $500 via Bitcoin to settle. [Case ID: e6b4b2],1
The server deployment finished successfully without any downtime. (Ref #1782),0
The server deployment finished successfully without any downtime. (Ref #3846),0
Don't forget to push your code changes to the branch before the standup. (Ref #3718),0
Happy birthday! Wishing you a fantastic year ahead. (Ref #3764),0
"Bank of America Security Alert: Unauthorized transaction of $1,250.00 detected. Click http://bofa-fraud-cancel.top/cancel to reverse charge within 2 hours. [Case ID: 18d10d]",1
"CONGRATULATIONS! You have won $1,000,000 in the International Mobile Lottery. Reply with your full name, bank account, and SSN to claim prize. [Case ID: ef4e3b]",1
"Dear Customer, your Netflix subscription expired. Update your credit card details immediately at http://netflix-billing-update.cf or your service terminates today. [Case ID: df0aab]",1
Your debit card has been blocked. Call support immediately at 9845012345 or visit http://bank-card-reactivate.ml to prevent permanent cancellation. [Case ID: 495dab],1
"Job Offer: Work from home and earn $5,000/week! Send $50 registration fee via UPI / Apple Gift Card to hr@global-remote-jobs.xyz to get started. [Case ID: a424ed]",1
"Your PayPal account was accessed from an unknown device in Russia. If this wasn't you, login now at http://paypal-security-alert.tk/auth to secure funds. [Case ID: 353092]",1
"Job Offer: Work from home and earn $5,000/week! Send $50 registration fee via UPI / Apple Gift Card to hr@global-remote-jobs.xyz to get started. [Case ID: 0f46c6]",1
"Dear Customer, your Netflix subscription expired. Update your credit card details immediately at http://netflix-billing-update.cf or your service terminates today. [Case ID: 03e070]",1
URGENT: Your Wells Fargo account has been suspended! Verify your credentials immediately at http://wellsfargo-verify-login.xyz to restore access. [Case ID: 0266e3],1
"Bank of America Security Alert: Unauthorized transaction of $1,250.00 detected. Click http://bofa-fraud-cancel.top/cancel to reverse charge within 2 hours. [Case ID: b0b183]",1
Happy birthday! Wishing you a fantastic year ahead. (Ref #2804),0
"I'll be home in about 15 minutes, please put the dinner in the oven. (Ref #3367)",0
IRS Notice: Final warning! A lawsuit is filed against you for unpaid taxes. Call immediately at +1-800-555-0199 or send $500 via Bitcoin to settle. [Case ID: 49c0b9],1
Please review the attached invoice for the software subscription renewal. (Ref #2754),0
Customs Clearance Alert: Your international parcel #US89218 is held at customs due to unpaid duties of $45. Pay now at http://customs-parcel-release.click [Case ID: 9a9687],1
Don't forget to push your code changes to the branch before the standup. (Ref #3600),0
"Bank of America Security Alert: Unauthorized transaction of $1,250.00 detected. Click http://bofa-fraud-cancel.top/cancel to reverse charge within 2 hours. [Case ID: dd4585]",1
Please review the attached invoice for the software subscription renewal. (Ref #3895),0
Happy birthday! Wishing you a fantastic year ahead. (Ref #3409),0
"I'll be home in about 15 minutes, please put the dinner in the oven. (Ref #1059)",0
"Hey, are we still meeting for lunch at 12:30 today? (Ref #2201)",0
The flight is delayed by 20 minutes due to weather conditions. (Ref #3382),0
IRS Notice: Final warning! A lawsuit is filed against you for unpaid taxes. Call immediately at +1-800-555-0199 or send $500 via Bitcoin to settle. [Case ID: 6449f4],1
Let's schedule a 1-on-1 sync tomorrow morning to discuss project milestones. (Ref #2336),0
Your package from Amazon has been delivered to your front porch. (Ref #1986),0
Customs Clearance Alert: Your international parcel #US89218 is held at customs due to unpaid duties of $45. Pay now at http://customs-parcel-release.click [Case ID: 8c5f6e],1
"Good morning team, let's join the sprint retrospective call at 10 AM. (Ref #1871)",0
"Hey, are we still meeting for lunch at 12:30 today? (Ref #3946)",0
The server deployment finished successfully without any downtime. (Ref #3742),0
Your package from Amazon has been delivered to your front porch. (Ref #3815),0
"Your PayPal account was accessed from an unknown device in Russia. If this wasn't you, login now at http://paypal-security-alert.tk/auth to secure funds. [Case ID: 7c4ede]",1
IRS Notice: Final warning! A lawsuit is filed against you for unpaid taxes. Call immediately at +1-800-555-0199 or send $500 via Bitcoin to settle. [Case ID: 053116],1
Your package from Amazon has been delivered to your front porch. (Ref #1145),0
URGENT: Your Wells Fargo account has been suspended! Verify your credentials immediately at http://wellsfargo-verify-login.xyz to restore access. [Case ID: 155fa0],1
Your appointment with Dr. Sharma is confirmed for Tuesday at 3 PM. (Ref #3619),0
"Dear Customer, your Netflix subscription expired. Update your credit card details immediately at http://netflix-billing-update.cf or your service terminates today. [Case ID: b5488a]",1
The server deployment finished successfully without any downtime. (Ref #2094),0
"Job Offer: Work from home and earn $5,000/week! Send $50 registration fee via UPI / Apple Gift Card to hr@global-remote-jobs.xyz to get started. [Case ID: e9412e]",1
Your package from Amazon has been delivered to your front porch. (Ref #1516),0
"Thanks for the meeting notes, I'll review the architecture diagram tonight. (Ref #1552)",0
"I'll be home in about 15 minutes, please put the dinner in the oven. (Ref #1965)",0
"Job Offer: Work from home and earn $5,000/week! Send $50 registration fee via UPI / Apple Gift Card to hr@global-remote-jobs.xyz to get started. [Case ID: b2531e]",1
"Dear Customer, your Netflix subscription expired. Update your credit card details immediately at http://netflix-billing-update.cf or your service terminates today. [Case ID: f9a40a]",1
The flight is delayed by 20 minutes due to weather conditions. (Ref #3014),0
"Thanks for the meeting notes, I'll review the architecture diagram tonight. (Ref #1381)",0
Let's schedule a 1-on-1 sync tomorrow morning to discuss project milestones. (Ref #1065),0
Don't forget to push your code changes to the branch before the standup. (Ref #1071),0
Security Alert: Your Apple ID has been locked due to multiple failed login attempts. Verify identity at http://appleid-support-security.xyz now. [Case ID: d43ab1],1
Your appointment with Dr. Sharma is confirmed for Tuesday at 3 PM. (Ref #3223),0
"Your PayPal account was accessed from an unknown device in Russia. If this wasn't you, login now at http://paypal-security-alert.tk/auth to secure funds. [Case ID: f83630]",1
URGENT: Your Wells Fargo account has been suspended! Verify your credentials immediately at http://wellsfargo-verify-login.xyz to restore access. [Case ID: 821612],1
Don't forget to push your code changes to the branch before the standup. (Ref #2702),0
"Good morning team, let's join the sprint retrospective call at 10 AM. (Ref #3505)",0
"Dear Customer, your Netflix subscription expired. Update your credit card details immediately at http://netflix-billing-update.cf or your service terminates today. [Case ID: 459a4d]",1
Did you get a chance to look at the quarterly report draft? (Ref #2359),0
"Job Offer: Work from home and earn $5,000/week! Send $50 registration fee via UPI / Apple Gift Card to hr@global-remote-jobs.xyz to get started. [Case ID: 8d3420]",1
The flight is delayed by 20 minutes due to weather conditions. (Ref #1560),0
"Dear Customer, your Netflix subscription expired. Update your credit card details immediately at http://netflix-billing-update.cf or your service terminates today. [Case ID: 1e8c39]",1
Can you send me the lecture slides from yesterday's machine learning class? (Ref #1164),0
Customs Clearance Alert: Your international parcel #US89218 is held at customs due to unpaid duties of $45. Pay now at http://customs-parcel-release.click [Case ID: fa1e9c],1
"Hey, are we still meeting for lunch at 12:30 today? (Ref #1976)",0
"Bank of America Security Alert: Unauthorized transaction of $1,250.00 detected. Click http://bofa-fraud-cancel.top/cancel to reverse charge within 2 hours. [Case ID: a2cc63]",1
Your OTP for logging into the employee portal is 584920. Do not share with anyone. (Ref #3185),0
Your OTP for logging into the employee portal is 584920. Do not share with anyone. (Ref #2789),0
Security Alert: Your Apple ID has been locked due to multiple failed login attempts. Verify identity at http://appleid-support-security.xyz now. [Case ID: e70611],1
"Your PayPal account was accessed from an unknown device in Russia. If this wasn't you, login now at http://paypal-security-alert.tk/auth to secure funds. [Case ID: 0f49c8]",1
"Bank of America Security Alert: Unauthorized transaction of $1,250.00 detected. Click http://bofa-fraud-cancel.top/cancel to reverse charge within 2 hours. [Case ID: 8db926]",1
"I'll be home in about 15 minutes, please put the dinner in the oven. (Ref #1767)",0
IRS Notice: Final warning! A lawsuit is filed against you for unpaid taxes. Call immediately at +1-800-555-0199 or send $500 via Bitcoin to settle. [Case ID: eed5af],1
"Good morning team, let's join the sprint retrospective call at 10 AM. (Ref #1136)",0
Can you send me the lecture slides from yesterday's machine learning class? (Ref #1952),0
The flight is delayed by 20 minutes due to weather conditions. (Ref #2313),0
"Job Offer: Work from home and earn $5,000/week! Send $50 registration fee via UPI / Apple Gift Card to hr@global-remote-jobs.xyz to get started. [Case ID: a9a1d5]",1
Don't forget to push your code changes to the branch before the standup. (Ref #1478),0
Your appointment with Dr. Sharma is confirmed for Tuesday at 3 PM. (Ref #2064),0
URGENT: Your Wells Fargo account has been suspended! Verify your credentials immediately at http://wellsfargo-verify-login.xyz to restore access. [Case ID: 8e6b42],1
Don't forget to push your code changes to the branch before the standup. (Ref #2210),0
Your debit card has been blocked. Call support immediately at 9845012345 or visit http://bank-card-reactivate.ml to prevent permanent cancellation. [Case ID: f85454],1
Your package from Amazon has been delivered to your front porch. (Ref #2566),0
Security Alert: Your Apple ID has been locked due to multiple failed login attempts. Verify identity at http://appleid-support-security.xyz now. [Case ID: 38913e],1
"Job Offer: Work from home and earn $5,000/week! Send $50 registration fee via UPI / Apple Gift Card to hr@global-remote-jobs.xyz to get started. [Case ID: a26398]",1
Can you send me the lecture slides from yesterday's machine learning class? (Ref #3994),0
Your debit card has been blocked. Call support immediately at 9845012345 or visit http://bank-card-reactivate.ml to prevent permanent cancellation. [Case ID: 4fa7c6],1
The server deployment finished successfully without any downtime. (Ref #2538),0
Customs Clearance Alert: Your international parcel #US89218 is held at customs due to unpaid duties of $45. Pay now at http://customs-parcel-release.click [Case ID: 23ad3e],1
Let's schedule a 1-on-1 sync tomorrow morning to discuss project milestones. (Ref #1104),0
"Dear Customer, your Netflix subscription expired. Update your credit card details immediately at http://netflix-billing-update.cf or your service terminates today. [Case ID: 3416a7]",1
Your OTP for logging into the employee portal is 584920. Do not share with anyone. (Ref #3593),0
"Your PayPal account was accessed from an unknown device in Russia. If this wasn't you, login now at http://paypal-security-alert.tk/auth to secure funds. [Case ID: 9bf31c]",1
The server deployment finished successfully without any downtime. (Ref #1105),0
The flight is delayed by 20 minutes due to weather conditions. (Ref #1423),0
IRS Notice: Final warning! A lawsuit is filed against you for unpaid taxes. Call immediately at +1-800-555-0199 or send $500 via Bitcoin to settle. [Case ID: 3de568],1
Let's schedule a 1-on-1 sync tomorrow morning to discuss project milestones. (Ref #2488),0
Did you get a chance to look at the quarterly report draft? (Ref #3046),0
"Good morning team, let's join the sprint retrospective call at 10 AM. (Ref #3442)",0
Did you get a chance to look at the quarterly report draft? (Ref #2105),0
Don't forget to push your code changes to the branch before the standup. (Ref #1722),0
"CONGRATULATIONS! You have won $1,000,000 in the International Mobile Lottery. Reply with your full name, bank account, and SSN to claim prize. [Case ID: 861398]",1
"Bank of America Security Alert: Unauthorized transaction of $1,250.00 detected. Click http://bofa-fraud-cancel.top/cancel to reverse charge within 2 hours. [Case ID: 674bfc]",1
"CONGRATULATIONS! You have won $1,000,000 in the International Mobile Lottery. Reply with your full name, bank account, and SSN to claim prize. [Case ID: 17e23e]",1
Did you get a chance to look at the quarterly report draft? (Ref #1315),0
Customs Clearance Alert: Your international parcel #US89218 is held at customs due to unpaid duties of $45. Pay now at http://customs-parcel-release.click [Case ID: 67c6a1],1
"I'll be home in about 15 minutes, please put the dinner in the oven. (Ref #2360)",0
Your OTP for logging into the employee portal is 584920. Do not share with anyone. (Ref #3289),0
Your appointment with Dr. Sharma is confirmed for Tuesday at 3 PM. (Ref #3899),0
Security Alert: Your Apple ID has been locked due to multiple failed login attempts. Verify identity at http://appleid-support-security.xyz now. [Case ID: 26e359],1
Your package from Amazon has been delivered to your front porch. (Ref #2641),0
Your OTP for logging into the employee portal is 584920. Do not share with anyone. (Ref #2513),0
"Your PayPal account was accessed from an unknown device in Russia. If this wasn't you, login now at http://paypal-security-alert.tk/auth to secure funds. [Case ID: ecd62d]",1
URGENT: Your Wells Fargo account has been suspended! Verify your credentials immediately at http://wellsfargo-verify-login.xyz to restore access. [Case ID: 6f3ef7],1
Your appointment with Dr. Sharma is confirmed for Tuesday at 3 PM. (Ref #1822),0
Happy birthday! Wishing you a fantastic year ahead. (Ref #2024),0
"Dear Customer, your Netflix subscription expired. Update your credit card details immediately at http://netflix-billing-update.cf or your service terminates today. [Case ID: 5d7909]",1
URGENT: Your Wells Fargo account has been suspended! Verify your credentials immediately at http://wellsfargo-verify-login.xyz to restore access. [Case ID: 076a0c],1
"CONGRATULATIONS! You have won $1,000,000 in the International Mobile Lottery. Reply with your full name, bank account, and SSN to claim prize. [Case ID: 1d7f7a]",1
Customs Clearance Alert: Your international parcel #US89218 is held at customs due to unpaid duties of $45. Pay now at http://customs-parcel-release.click [Case ID: 004114],1
"Good morning team, let's join the sprint retrospective call at 10 AM. (Ref #1547)",0
Customs Clearance Alert: Your international parcel #US89218 is held at customs due to unpaid duties of $45. Pay now at http://customs-parcel-release.click [Case ID: 34173c],1
"Good morning team, let's join the sprint retrospective call at 10 AM. (Ref #3649)",0
"Hey, are we still meeting for lunch at 12:30 today? (Ref #1588)",0
Customs Clearance Alert: Your international parcel #US89218 is held at customs due to unpaid duties of $45. Pay now at http://customs-parcel-release.click [Case ID: fa2431],1
Don't forget to push your code changes to the branch before the standup. (Ref #1521),0
Your OTP for logging into the employee portal is 584920. Do not share with anyone. (Ref #3711),0
Your debit card has been blocked. Call support immediately at 9845012345 or visit http://bank-card-reactivate.ml to prevent permanent cancellation. [Case ID: bf424c],1
"Hey, are we still meeting for lunch at 12:30 today? (Ref #1981)",0
"Your PayPal account was accessed from an unknown device in Russia. If this wasn't you, login now at http://paypal-security-alert.tk/auth to secure funds. [Case ID: 4c5bcf]",1
"Hey, are we still meeting for lunch at 12:30 today? (Ref #1817)",0
The server deployment finished successfully without any downtime. (Ref #1128),0
"Job Offer: Work from home and earn $5,000/week! Send $50 registration fee via UPI / Apple Gift Card to hr@global-remote-jobs.xyz to get started. [Case ID: 696b35]",1
Security Alert: Your Apple ID has been locked due to multiple failed login attempts. Verify identity at http://appleid-support-security.xyz now. [Case ID: 92977a],1
URGENT: Your Wells Fargo account has been suspended! Verify your credentials immediately at http://wellsfargo-verify-login.xyz to restore access. [Case ID: 1e1d18],1
"Good morning team, let's join the sprint retrospective call at 10 AM. (Ref #3302)",0
Your package from Amazon has been delivered to your front porch. (Ref #1144),0
Your debit card has been blocked. Call support immediately at 9845012345 or visit http://bank-card-reactivate.ml to prevent permanent cancellation. [Case ID: 76dc61],1
Your debit card has been blocked. Call support immediately at 9845012345 or visit http://bank-card-reactivate.ml to prevent permanent cancellation. [Case ID: f6e794],1
"Job Offer: Work from home and earn $5,000/week! Send $50 registration fee via UPI / Apple Gift Card to hr@global-remote-jobs.xyz to get started. [Case ID: 55b37c]",1
Customs Clearance Alert: Your international parcel #US89218 is held at customs due to unpaid duties of $45. Pay now at http://customs-parcel-release.click [Case ID: fc7925],1
Please review the attached invoice for the software subscription renewal. (Ref #3186),0
"CONGRATULATIONS! You have won $1,000,000 in the International Mobile Lottery. Reply with your full name, bank account, and SSN to claim prize. [Case ID: d94e18]",1
"Hey, are we still meeting for lunch at 12:30 today? (Ref #1929)",0
"Job Offer: Work from home and earn $5,000/week! Send $50 registration fee via UPI / Apple Gift Card to hr@global-remote-jobs.xyz to get started. [Case ID: e58aea]",1
The server deployment finished successfully without any downtime. (Ref #3883),0
"Thanks for the meeting notes, I'll review the architecture diagram tonight. (Ref #2098)",0
"Job Offer: Work from home and earn $5,000/week! Send $50 registration fee via UPI / Apple Gift Card to hr@global-remote-jobs.xyz to get started. [Case ID: 470e7a]",1
Let's schedule a 1-on-1 sync tomorrow morning to discuss project milestones. (Ref #3044),0
Happy birthday! Wishing you a fantastic year ahead. (Ref #1493),0
"Bank of America Security Alert: Unauthorized transaction of $1,250.00 detected. Click http://bofa-fraud-cancel.top/cancel to reverse charge within 2 hours. [Case ID: 944626]",1
"I'll be home in about 15 minutes, please put the dinner in the oven. (Ref #1340)",0
"Good morning team, let's join the sprint retrospective call at 10 AM. (Ref #3539)",0
"Bank of America Security Alert: Unauthorized transaction of $1,250.00 detected. Click http://bofa-fraud-cancel.top/cancel to reverse charge within 2 hours. [Case ID: 051e4e]",1
Your package from Amazon has been delivered to your front porch. (Ref #1170),0
Please review the attached invoice for the software subscription renewal. (Ref #3481),0
Customs Clearance Alert: Your international parcel #US89218 is held at customs due to unpaid duties of $45. Pay now at http://customs-parcel-release.click [Case ID: 3dc487],1
Customs Clearance Alert: Your international parcel #US89218 is held at customs due to unpaid duties of $45. Pay now at http://customs-parcel-release.click [Case ID: 3eb71f],1
"Dear Customer, your Netflix subscription expired. Update your credit card details immediately at http://netflix-billing-update.cf or your service terminates today. [Case ID: 59e0b2]",1
"Good morning team, let's join the sprint retrospective call at 10 AM. (Ref #1282)",0
Your OTP for logging into the employee portal is 584920. Do not share with anyone. (Ref #1002),0
Did you get a chance to look at the quarterly report draft? (Ref #3746),0
Let's schedule a 1-on-1 sync tomorrow morning to discuss project milestones. (Ref #2521),0
"Thanks for the meeting notes, I'll review the architecture diagram tonight. (Ref #1084)",0
URGENT: Your Wells Fargo account has been suspended! Verify your credentials immediately at http://wellsfargo-verify-login.xyz to restore access. [Case ID: c63357],1
Did you get a chance to look at the quarterly report draft? (Ref #3793),0
URGENT: Your Wells Fargo account has been suspended! Verify your credentials immediately at http://wellsfargo-verify-login.xyz to restore access. [Case ID: fe5151],1
"Thanks for the meeting notes, I'll review the architecture diagram tonight. (Ref #2446)",0
URGENT: Your Wells Fargo account has been suspended! Verify your credentials immediately at http://wellsfargo-verify-login.xyz to restore access. [Case ID: 0e087e],1
Customs Clearance Alert: Your international parcel #US89218 is held at customs due to unpaid duties of $45. Pay now at http://customs-parcel-release.click [Case ID: bea595],1
"Dear Customer, your Netflix subscription expired. Update your credit card details immediately at http://netflix-billing-update.cf or your service terminates today. [Case ID: 489d03]",1
The flight is delayed by 20 minutes due to weather conditions. (Ref #2448),0
"Bank of America Security Alert: Unauthorized transaction of $1,250.00 detected. Click http://bofa-fraud-cancel.top/cancel to reverse charge within 2 hours. [Case ID: 63dc7e]",1
"CONGRATULATIONS! You have won $1,000,000 in the International Mobile Lottery. Reply with your full name, bank account, and SSN to claim prize. [Case ID: b73ce3]",1
The flight is delayed by 20 minutes due to weather conditions. (Ref #3123),0
"Good morning team, let's join the sprint retrospective call at 10 AM. (Ref #2179)",0
"Your PayPal account was accessed from an unknown device in Russia. If this wasn't you, login now at http://paypal-security-alert.tk/auth to secure funds. [Case ID: 6f2268]",1
"Dear Customer, your Netflix subscription expired. Update your credit card details immediately at http://netflix-billing-update.cf or your service terminates today. [Case ID: 794288]",1
Your package from Amazon has been delivered to your front porch. (Ref #1421),0
Your debit card has been blocked. Call support immediately at 9845012345 or visit http://bank-card-reactivate.ml to prevent permanent cancellation. [Case ID: 18d804],1
"Hey, are we still meeting for lunch at 12:30 today? (Ref #1440)",0
Your OTP for logging into the employee portal is 584920. Do not share with anyone. (Ref #2423),0
"Thanks for the meeting notes, I'll review the architecture diagram tonight. (Ref #1657)",0
"Thanks for the meeting notes, I'll review the architecture diagram tonight. (Ref #2962)",0
"Thanks for the meeting notes, I'll review the architecture diagram tonight. (Ref #3412)",0
"Good morning team, let's join the sprint retrospective call at 10 AM. (Ref #3364)",0
"Dear Customer, your Netflix subscription expired. Update your credit card details immediately at http://netflix-billing-update.cf or your service terminates today. [Case ID: e702e5]",1
"Your PayPal account was accessed from an unknown device in Russia. If this wasn't you, login now at http://paypal-security-alert.tk/auth to secure funds. [Case ID: 37693c]",1
The server deployment finished successfully without any downtime. (Ref #1680),0
Your appointment with Dr. Sharma is confirmed for Tuesday at 3 PM. (Ref #2404),0
"Your PayPal account was accessed from an unknown device in Russia. If this wasn't you, login now at http://paypal-security-alert.tk/auth to secure funds. [Case ID: ff49cc]",1
"Hey, are we still meeting for lunch at 12:30 today? (Ref #1597)",0
"I'll be home in about 15 minutes, please put the dinner in the oven. (Ref #1351)",0
Security Alert: Your Apple ID has been locked due to multiple failed login attempts. Verify identity at http://appleid-support-security.xyz now. [Case ID: c0a271],1
Security Alert: Your Apple ID has been locked due to multiple failed login attempts. Verify identity at http://appleid-support-security.xyz now. [Case ID: c182f9],1
"Your PayPal account was accessed from an unknown device in Russia. If this wasn't you, login now at http://paypal-security-alert.tk/auth to secure funds. [Case ID: 978fce]",1
"Dear Customer, your Netflix subscription expired. Update your credit card details immediately at http://netflix-billing-update.cf or your service terminates today. [Case ID: e53a0a]",1
Your package from Amazon has been delivered to your front porch. (Ref #2283),0
"Dear Customer, your Netflix subscription expired. Update your credit card details immediately at http://netflix-billing-update.cf or your service terminates today. [Case ID: f1c159]",1
"Dear Customer, your Netflix subscription expired. Update your credit card details immediately at http://netflix-billing-update.cf or your service terminates today. [Case ID: 42998c]",1
"Thanks for the meeting notes, I'll review the architecture diagram tonight. (Ref #2934)",0
URGENT: Your Wells Fargo account has been suspended! Verify your credentials immediately at http://wellsfargo-verify-login.xyz to restore access. [Case ID: 4d6b3e],1
"Job Offer: Work from home and earn $5,000/week! Send $50 registration fee via UPI / Apple Gift Card to hr@global-remote-jobs.xyz to get started. [Case ID: cec6f6]",1
Let's schedule a 1-on-1 sync tomorrow morning to discuss project milestones. (Ref #2373),0
"Your PayPal account was accessed from an unknown device in Russia. If this wasn't you, login now at http://paypal-security-alert.tk/auth to secure funds. [Case ID: ef0917]",1
Security Alert: Your Apple ID has been locked due to multiple failed login attempts. Verify identity at http://appleid-support-security.xyz now. [Case ID: b3967a],1
Your package from Amazon has been delivered to your front porch. (Ref #2512),0
"Job Offer: Work from home and earn $5,000/week! Send $50 registration fee via UPI / Apple Gift Card to hr@global-remote-jobs.xyz to get started. [Case ID: bc7f62]",1
Your appointment with Dr. Sharma is confirmed for Tuesday at 3 PM. (Ref #2034),0
Security Alert: Your Apple ID has been locked due to multiple failed login attempts. Verify identity at http://appleid-support-security.xyz now. [Case ID: 84f0f2],1
"Hey, are we still meeting for lunch at 12:30 today? (Ref #3167)",0
Let's schedule a 1-on-1 sync tomorrow morning to discuss project milestones. (Ref #3880),0
URGENT: Your Wells Fargo account has been suspended! Verify your credentials immediately at http://wellsfargo-verify-login.xyz to restore access. [Case ID: 11c484],1
"Dear Customer, your Netflix subscription expired. Update your credit card details immediately at http://netflix-billing-update.cf or your service terminates today. [Case ID: 3e15cc]",1
Happy birthday! Wishing you a fantastic year ahead. (Ref #1592),0
Your debit card has been blocked. Call support immediately at 9845012345 or visit http://bank-card-reactivate.ml to prevent permanent cancellation. [Case ID: a9813e],1
Your appointment with Dr. Sharma is confirmed for Tuesday at 3 PM. (Ref #3051),0
Let's schedule a 1-on-1 sync tomorrow morning to discuss project milestones. (Ref #2176),0
"Bank of America Security Alert: Unauthorized transaction of $1,250.00 detected. Click http://bofa-fraud-cancel.top/cancel to reverse charge within 2 hours. [Case ID: a48564]",1
"Bank of America Security Alert: Unauthorized transaction of $1,250.00 detected. Click http://bofa-fraud-cancel.top/cancel to reverse charge within 2 hours. [Case ID: f8bf09]",1
"I'll be home in about 15 minutes, please put the dinner in the oven. (Ref #2746)",0
Please review the attached invoice for the software subscription renewal. (Ref #1847),0
"I'll be home in about 15 minutes, please put the dinner in the oven. (Ref #2123)",0
"Dear Customer, your Netflix subscription expired. Update your credit card details immediately at http://netflix-billing-update.cf or your service terminates today. [Case ID: 729c68]",1
Your OTP for logging into the employee portal is 584920. Do not share with anyone. (Ref #1824),0
Let's schedule a 1-on-1 sync tomorrow morning to discuss project milestones. (Ref #3009),0
Let's schedule a 1-on-1 sync tomorrow morning to discuss project milestones. (Ref #2732),0
Please review the attached invoice for the software subscription renewal. (Ref #3902),0
Happy birthday! Wishing you a fantastic year ahead. (Ref #3724),0
Can you send me the lecture slides from yesterday's machine learning class? (Ref #1584),0
Happy birthday! Wishing you a fantastic year ahead. (Ref #2406),0
Your debit card has been blocked. Call support immediately at 9845012345 or visit http://bank-card-reactivate.ml to prevent permanent cancellation. [Case ID: 45c48c],1
"Your PayPal account was accessed from an unknown device in Russia. If this wasn't you, login now at http://paypal-security-alert.tk/auth to secure funds. [Case ID: cfecdb]",1
"Thanks for the meeting notes, I'll review the architecture diagram tonight. (Ref #1198)",0
"Dear Customer, your Netflix subscription expired. Update your credit card details immediately at http://netflix-billing-update.cf or your service terminates today. [Case ID: 0ff39b]",1
Let's schedule a 1-on-1 sync tomorrow morning to discuss project milestones. (Ref #2247),0
Customs Clearance Alert: Your international parcel #US89218 is held at customs due to unpaid duties of $45. Pay now at http://customs-parcel-release.click [Case ID: 9fd818],1
URGENT: Your Wells Fargo account has been suspended! Verify your credentials immediately at http://wellsfargo-verify-login.xyz to restore access. [Case ID: a63fc8],1
URGENT: Your Wells Fargo account has been suspended! Verify your credentials immediately at http://wellsfargo-verify-login.xyz to restore access. [Case ID: 2f4fe0],1
The flight is delayed by 20 minutes due to weather conditions. (Ref #2380),0
The server deployment finished successfully without any downtime. (Ref #1187),0
Your package from Amazon has been delivered to your front porch. (Ref #3299),0
Let's schedule a 1-on-1 sync tomorrow morning to discuss project milestones. (Ref #1618),0
Customs Clearance Alert: Your international parcel #US89218 is held at customs due to unpaid duties of $45. Pay now at http://customs-parcel-release.click [Case ID: 875715],1
"Job Offer: Work from home and earn $5,000/week! Send $50 registration fee via UPI / Apple Gift Card to hr@global-remote-jobs.xyz to get started. [Case ID: db85e2]",1
Please review the attached invoice for the software subscription renewal. (Ref #2524),0
"CONGRATULATIONS! You have won $1,000,000 in the International Mobile Lottery. Reply with your full name, bank account, and SSN to claim prize. [Case ID: 2d00f4]",1
IRS Notice: Final warning! A lawsuit is filed against you for unpaid taxes. Call immediately at +1-800-555-0199 or send $500 via Bitcoin to settle. [Case ID: 941e1a],1
"Thanks for the meeting notes, I'll review the architecture diagram tonight. (Ref #1931)",0
Your appointment with Dr. Sharma is confirmed for Tuesday at 3 PM. (Ref #2420),0
Did you get a chance to look at the quarterly report draft? (Ref #1012),0
Security Alert: Your Apple ID has been locked due to multiple failed login attempts. Verify identity at http://appleid-support-security.xyz now. [Case ID: 2a38a4],1
Your OTP for logging into the employee portal is 584920. Do not share with anyone. (Ref #1704),0
URGENT: Your Wells Fargo account has been suspended! Verify your credentials immediately at http://wellsfargo-verify-login.xyz to restore access. [Case ID: e9b73b],1
"Hey, are we still meeting for lunch at 12:30 today? (Ref #2491)",0
Can you send me the lecture slides from yesterday's machine learning class? (Ref #2866),0
Don't forget to push your code changes to the branch before the standup. (Ref #2769),0
"Thanks for the meeting notes, I'll review the architecture diagram tonight. (Ref #1461)",0
Can you send me the lecture slides from yesterday's machine learning class? (Ref #1433),0
Security Alert: Your Apple ID has been locked due to multiple failed login attempts. Verify identity at http://appleid-support-security.xyz now. [Case ID: 8cb22b],1
Security Alert: Your Apple ID has been locked due to multiple failed login attempts. Verify identity at http://appleid-support-security.xyz now. [Case ID: ccc0aa],1
Security Alert: Your Apple ID has been locked due to multiple failed login attempts. Verify identity at http://appleid-support-security.xyz now. [Case ID: 464d82],1
Did you get a chance to look at the quarterly report draft? (Ref #3881),0
Your debit card has been blocked. Call support immediately at 9845012345 or visit http://bank-card-reactivate.ml to prevent permanent cancellation. [Case ID: 243fac],1
Can you send me the lecture slides from yesterday's machine learning class? (Ref #1305),0
Customs Clearance Alert: Your international parcel #US89218 is held at customs due to unpaid duties of $45. Pay now at http://customs-parcel-release.click [Case ID: 3c1e4b],1
Security Alert: Your Apple ID has been locked due to multiple failed login attempts. Verify identity at http://appleid-support-security.xyz now. [Case ID: 537de3],1
"I'll be home in about 15 minutes, please put the dinner in the oven. (Ref #3838)",0
Did you get a chance to look at the quarterly report draft? (Ref #3112),0
"Your PayPal account was accessed from an unknown device in Russia. If this wasn't you, login now at http://paypal-security-alert.tk/auth to secure funds. [Case ID: 56468d]",1
Your debit card has been blocked. Call support immediately at 9845012345 or visit http://bank-card-reactivate.ml to prevent permanent cancellation. [Case ID: dc4c44],1
URGENT: Your Wells Fargo account has been suspended! Verify your credentials immediately at http://wellsfargo-verify-login.xyz to restore access. [Case ID: 9da187],1
Security Alert: Your Apple ID has been locked due to multiple failed login attempts. Verify identity at http://appleid-support-security.xyz now. [Case ID: d7322e],1
"Your PayPal account was accessed from an unknown device in Russia. If this wasn't you, login now at http://paypal-security-alert.tk/auth to secure funds. [Case ID: 117796]",1
"I'll be home in about 15 minutes, please put the dinner in the oven. (Ref #1751)",0
Did you get a chance to look at the quarterly report draft? (Ref #3854),0
"Dear Customer, your Netflix subscription expired. Update your credit card details immediately at http://netflix-billing-update.cf or your service terminates today. [Case ID: 070dbb]",1
Happy birthday! Wishing you a fantastic year ahead. (Ref #3659),0
Security Alert: Your Apple ID has been locked due to multiple failed login attempts. Verify identity at http://appleid-support-security.xyz now. [Case ID: e32510],1
"Hey, are we still meeting for lunch at 12:30 today? (Ref #2575)",0
Let's schedule a 1-on-1 sync tomorrow morning to discuss project milestones. (Ref #2303),0
Don't forget to push your code changes to the branch before the standup. (Ref #3276),0
Don't forget to push your code changes to the branch before the standup. (Ref #3344),0
URGENT: Your Wells Fargo account has been suspended! Verify your credentials immediately at http://wellsfargo-verify-login.xyz to restore access. [Case ID: 5dec70],1
"I'll be home in about 15 minutes, please put the dinner in the oven. (Ref #1501)",0
Can you send me the lecture slides from yesterday's machine learning class? (Ref #2584),0
Happy birthday! Wishing you a fantastic year ahead. (Ref #3243),0
"Hey, are we still meeting for lunch at 12:30 today? (Ref #2007)",0
"Bank of America Security Alert: Unauthorized transaction of $1,250.00 detected. Click http://bofa-fraud-cancel.top/cancel to reverse charge within 2 hours. [Case ID: e97ee2]",1
Your package from Amazon has been delivered to your front porch. (Ref #3624),0
The flight is delayed by 20 minutes due to weather conditions. (Ref #2401),0
IRS Notice: Final warning! A lawsuit is filed against you for unpaid taxes. Call immediately at +1-800-555-0199 or send $500 via Bitcoin to settle. [Case ID: f55cad],1
Can you send me the lecture slides from yesterday's machine learning class? (Ref #2896),0
"Dear Customer, your Netflix subscription expired. Update your credit card details immediately at http://netflix-billing-update.cf or your service terminates today. [Case ID: 23ce18]",1
"Your PayPal account was accessed from an unknown device in Russia. If this wasn't you, login now at http://paypal-security-alert.tk/auth to secure funds. [Case ID: 58e4d4]",1
The server deployment finished successfully without any downtime. (Ref #2261),0
"Good morning team, let's join the sprint retrospective call at 10 AM. (Ref #3166)",0
Can you send me the lecture slides from yesterday's machine learning class? (Ref #3840),0
Let's schedule a 1-on-1 sync tomorrow morning to discuss project milestones. (Ref #3359),0
"Bank of America Security Alert: Unauthorized transaction of $1,250.00 detected. Click http://bofa-fraud-cancel.top/cancel to reverse charge within 2 hours. [Case ID: f0e52b]",1
Happy birthday! Wishing you a fantastic year ahead. (Ref #2829),0
"Thanks for the meeting notes, I'll review the architecture diagram tonight. (Ref #3031)",0
URGENT: Your Wells Fargo account has been suspended! Verify your credentials immediately at http://wellsfargo-verify-login.xyz to restore access. [Case ID: 460726],1
Your appointment with Dr. Sharma is confirmed for Tuesday at 3 PM. (Ref #1406),0
"Dear Customer, your Netflix subscription expired. Update your credit card details immediately at http://netflix-billing-update.cf or your service terminates today. [Case ID: 3c7781]",1
Customs Clearance Alert: Your international parcel #US89218 is held at customs due to unpaid duties of $45. Pay now at http://customs-parcel-release.click [Case ID: 6709e8],1
"CONGRATULATIONS! You have won $1,000,000 in the International Mobile Lottery. Reply with your full name, bank account, and SSN to claim prize. [Case ID: 2596a5]",1
Customs Clearance Alert: Your international parcel #US89218 is held at customs due to unpaid duties of $45. Pay now at http://customs-parcel-release.click [Case ID: 6048ff],1
Your OTP for logging into the employee portal is 584920. Do not share with anyone. (Ref #2486),0
IRS Notice: Final warning! A lawsuit is filed against you for unpaid taxes. Call immediately at +1-800-555-0199 or send $500 via Bitcoin to settle. [Case ID: 5f6371],1
Customs Clearance Alert: Your international parcel #US89218 is held at customs due to unpaid duties of $45. Pay now at http://customs-parcel-release.click [Case ID: 95e683],1
"Job Offer: Work from home and earn $5,000/week! Send $50 registration fee via UPI / Apple Gift Card to hr@global-remote-jobs.xyz to get started. [Case ID: d516b1]",1
"Your PayPal account was accessed from an unknown device in Russia. If this wasn't you, login now at http://paypal-security-alert.tk/auth to secure funds. [Case ID: 5acdc9]",1
Security Alert: Your Apple ID has been locked due to multiple failed login attempts. Verify identity at http://appleid-support-security.xyz now. [Case ID: b86e8d],1
"CONGRATULATIONS! You have won $1,000,000 in the International Mobile Lottery. Reply with your full name, bank account, and SSN to claim prize. [Case ID: 955a15]",1
"Your PayPal account was accessed from an unknown device in Russia. If this wasn't you, login now at http://paypal-security-alert.tk/auth to secure funds. [Case ID: f337d9]",1
"CONGRATULATIONS! You have won $1,000,000 in the International Mobile Lottery. Reply with your full name, bank account, and SSN to claim prize. [Case ID: ffeed8]",1
"I'll be home in about 15 minutes, please put the dinner in the oven. (Ref #1864)",0
"Dear Customer, your Netflix subscription expired. Update your credit card details immediately at http://netflix-billing-update.cf or your service terminates today. [Case ID: 649079]",1
"Job Offer: Work from home and earn $5,000/week! Send $50 registration fee via UPI / Apple Gift Card to hr@global-remote-jobs.xyz to get started. [Case ID: 82489c]",1
"Dear Customer, your Netflix subscription expired. Update your credit card details immediately at http://netflix-billing-update.cf or your service terminates today. [Case ID: 024d7f]",1
Security Alert: Your Apple ID has been locked due to multiple failed login attempts. Verify identity at http://appleid-support-security.xyz now. [Case ID: 70efdf],1
"I'll be home in about 15 minutes, please put the dinner in the oven. (Ref #3934)",0
"Bank of America Security Alert: Unauthorized transaction of $1,250.00 detected. Click http://bofa-fraud-cancel.top/cancel to reverse charge within 2 hours. [Case ID: e721a5]",1
"Thanks for the meeting notes, I'll review the architecture diagram tonight. (Ref #3894)",0
Can you send me the lecture slides from yesterday's machine learning class? (Ref #2537),0
Can you send me the lecture slides from yesterday's machine learning class? (Ref #1921),0
Your OTP for logging into the employee portal is 584920. Do not share with anyone. (Ref #3618),0
"Thanks for the meeting notes, I'll review the architecture diagram tonight. (Ref #3845)",0
IRS Notice: Final warning! A lawsuit is filed against you for unpaid taxes. Call immediately at +1-800-555-0199 or send $500 via Bitcoin to settle. [Case ID: 093b60],1
Your appointment with Dr. Sharma is confirmed for Tuesday at 3 PM. (Ref #1000),0
Security Alert: Your Apple ID has been locked due to multiple failed login attempts. Verify identity at http://appleid-support-security.xyz now. [Case ID: 6cd931],1
Your package from Amazon has been delivered to your front porch. (Ref #1458),0
Your appointment with Dr. Sharma is confirmed for Tuesday at 3 PM. (Ref #1362),0
Security Alert: Your Apple ID has been locked due to multiple failed login attempts. Verify identity at http://appleid-support-security.xyz now. [Case ID: 4dcae3],1
IRS Notice: Final warning! A lawsuit is filed against you for unpaid taxes. Call immediately at +1-800-555-0199 or send $500 via Bitcoin to settle. [Case ID: 5938b4],1
Your package from Amazon has been delivered to your front porch. (Ref #3509),0
Customs Clearance Alert: Your international parcel #US89218 is held at customs due to unpaid duties of $45. Pay now at http://customs-parcel-release.click [Case ID: 728f20],1
Please review the attached invoice for the software subscription renewal. (Ref #2911),0
Let's schedule a 1-on-1 sync tomorrow morning to discuss project milestones. (Ref #3826),0
"Job Offer: Work from home and earn $5,000/week! Send $50 registration fee via UPI / Apple Gift Card to hr@global-remote-jobs.xyz to get started. [Case ID: 958adb]",1
"Good morning team, let's join the sprint retrospective call at 10 AM. (Ref #3592)",0
Your debit card has been blocked. Call support immediately at 9845012345 or visit http://bank-card-reactivate.ml to prevent permanent cancellation. [Case ID: 443dec],1
Your appointment with Dr. Sharma is confirmed for Tuesday at 3 PM. (Ref #1194),0
"Job Offer: Work from home and earn $5,000/week! Send $50 registration fee via UPI / Apple Gift Card to hr@global-remote-jobs.xyz to get started. [Case ID: 995665]",1
"Bank of America Security Alert: Unauthorized transaction of $1,250.00 detected. Click http://bofa-fraud-cancel.top/cancel to reverse charge within 2 hours. [Case ID: 13f989]",1
Can you send me the lecture slides from yesterday's machine learning class? (Ref #3175),0
"Bank of America Security Alert: Unauthorized transaction of $1,250.00 detected. Click http://bofa-fraud-cancel.top/cancel to reverse charge within 2 hours. [Case ID: fc490c]",1
Customs Clearance Alert: Your international parcel #US89218 is held at customs due to unpaid duties of $45. Pay now at http://customs-parcel-release.click [Case ID: e6acf4],1
Can you send me the lecture slides from yesterday's machine learning class? (Ref #2808),0
Your appointment with Dr. Sharma is confirmed for Tuesday at 3 PM. (Ref #3468),0
IRS Notice: Final warning! A lawsuit is filed against you for unpaid taxes. Call immediately at +1-800-555-0199 or send $500 via Bitcoin to settle. [Case ID: f22e47],1
Security Alert: Your Apple ID has been locked due to multiple failed login attempts. Verify identity at http://appleid-support-security.xyz now. [Case ID: 647c72],1
"CONGRATULATIONS! You have won $1,000,000 in the International Mobile Lottery. Reply with your full name, bank account, and SSN to claim prize. [Case ID: 0c048b]",1
Security Alert: Your Apple ID has been locked due to multiple failed login attempts. Verify identity at http://appleid-support-security.xyz now. [Case ID: 70c639],1
Can you send me the lecture slides from yesterday's machine learning class? (Ref #3725),0
"Dear Customer, your Netflix subscription expired. Update your credit card details immediately at http://netflix-billing-update.cf or your service terminates today. [Case ID: 0950ca]",1
"Hey, are we still meeting for lunch at 12:30 today? (Ref #2961)",0
Your package from Amazon has been delivered to your front porch. (Ref #3219),0
"Dear Customer, your Netflix subscription expired. Update your credit card details immediately at http://netflix-billing-update.cf or your service terminates today. [Case ID: 4e0223]",1
"Good morning team, let's join the sprint retrospective call at 10 AM. (Ref #3304)",0
Don't forget to push your code changes to the branch before the standup. (Ref #1844),0
Can you send me the lecture slides from yesterday's machine learning class? (Ref #3688),0
Your debit card has been blocked. Call support immediately at 9845012345 or visit http://bank-card-reactivate.ml to prevent permanent cancellation. [Case ID: fb89fd],1
"Bank of America Security Alert: Unauthorized transaction of $1,250.00 detected. Click http://bofa-fraud-cancel.top/cancel to reverse charge within 2 hours. [Case ID: 535269]",1
"CONGRATULATIONS! You have won $1,000,000 in the International Mobile Lottery. Reply with your full name, bank account, and SSN to claim prize. [Case ID: a7d8ae]",1
Customs Clearance Alert: Your international parcel #US89218 is held at customs due to unpaid duties of $45. Pay now at http://customs-parcel-release.click [Case ID: e077e1],1
"Good morning team, let's join the sprint retrospective call at 10 AM. (Ref #3901)",0
URGENT: Your Wells Fargo account has been suspended! Verify your credentials immediately at http://wellsfargo-verify-login.xyz to restore access. [Case ID: 5b8e4f],1
Don't forget to push your code changes to the branch before the standup. (Ref #1468),0
The flight is delayed by 20 minutes due to weather conditions. (Ref #1405),0
"Hey, are we still meeting for lunch at 12:30 today? (Ref #3413)",0
"Your PayPal account was accessed from an unknown device in Russia. If this wasn't you, login now at http://paypal-security-alert.tk/auth to secure funds. [Case ID: 3295c7]",1
"Dear Customer, your Netflix subscription expired. Update your credit card details immediately at http://netflix-billing-update.cf or your service terminates today. [Case ID: 157977]",1
Did you get a chance to look at the quarterly report draft? (Ref #3127),0
Don't forget to push your code changes to the branch before the standup. (Ref #2379),0
"Hey, are we still meeting for lunch at 12:30 today? (Ref #2832)",0
IRS Notice: Final warning! A lawsuit is filed against you for unpaid taxes. Call immediately at +1-800-555-0199 or send $500 via Bitcoin to settle. [Case ID: 072b03],1
Your debit card has been blocked. Call support immediately at 9845012345 or visit http://bank-card-reactivate.ml to prevent permanent cancellation. [Case ID: 512c5c],1
"Job Offer: Work from home and earn $5,000/week! Send $50 registration fee via UPI / Apple Gift Card to hr@global-remote-jobs.xyz to get started. [Case ID: 51d92b]",1
Did you get a chance to look at the quarterly report draft? (Ref #2040),0
"Good morning team, let's join the sprint retrospective call at 10 AM. (Ref #1908)",0
"Dear Customer, your Netflix subscription expired. Update your credit card details immediately at http://netflix-billing-update.cf or your service terminates today. [Case ID: 44a2e0]",1
Customs Clearance Alert: Your international parcel #US89218 is held at customs due to unpaid duties of $45. Pay now at http://customs-parcel-release.click [Case ID: 2b0f65],1
The server deployment finished successfully without any downtime. (Ref #1326),0
"Your PayPal account was accessed from an unknown device in Russia. If this wasn't you, login now at http://paypal-security-alert.tk/auth to secure funds. [Case ID: 705f21]",1
"Dear Customer, your Netflix subscription expired. Update your credit card details immediately at http://netflix-billing-update.cf or your service terminates today. [Case ID: 17c276]",1
The server deployment finished successfully without any downtime. (Ref #3774),0
"Dear Customer, your Netflix subscription expired. Update your credit card details immediately at http://netflix-billing-update.cf or your service terminates today. [Case ID: 170c94]",1
"Your PayPal account was accessed from an unknown device in Russia. If this wasn't you, login now at http://paypal-security-alert.tk/auth to secure funds. [Case ID: effc29]",1
Your debit card has been blocked. Call support immediately at 9845012345 or visit http://bank-card-reactivate.ml to prevent permanent cancellation. [Case ID: 8ce679],1
"CONGRATULATIONS! You have won $1,000,000 in the International Mobile Lottery. Reply with your full name, bank account, and SSN to claim prize. [Case ID: 51174a]",1
Customs Clearance Alert: Your international parcel #US89218 is held at customs due to unpaid duties of $45. Pay now at http://customs-parcel-release.click [Case ID: b265ce],1
"Your PayPal account was accessed from an unknown device in Russia. If this wasn't you, login now at http://paypal-security-alert.tk/auth to secure funds. [Case ID: f45526]",1
"CONGRATULATIONS! You have won $1,000,000 in the International Mobile Lottery. Reply with your full name, bank account, and SSN to claim prize. [Case ID: c0e905]",1
"Bank of America Security Alert: Unauthorized transaction of $1,250.00 detected. Click http://bofa-fraud-cancel.top/cancel to reverse charge within 2 hours. [Case ID: a5e001]",1
IRS Notice: Final warning! A lawsuit is filed against you for unpaid taxes. Call immediately at +1-800-555-0199 or send $500 via Bitcoin to settle. [Case ID: 4ffce0],1
"Your PayPal account was accessed from an unknown device in Russia. If this wasn't you, login now at http://paypal-security-alert.tk/auth to secure funds. [Case ID: 6395eb]",1
"Thanks for the meeting notes, I'll review the architecture diagram tonight. (Ref #3670)",0
Please review the attached invoice for the software subscription renewal. (Ref #3353),0
Your OTP for logging into the employee portal is 584920. Do not share with anyone. (Ref #2756),0
Customs Clearance Alert: Your international parcel #US89218 is held at customs due to unpaid duties of $45. Pay now at http://customs-parcel-release.click [Case ID: 5f2c22],1
Your OTP for logging into the employee portal is 584920. Do not share with anyone. (Ref #2948),0
Customs Clearance Alert: Your international parcel #US89218 is held at customs due to unpaid duties of $45. Pay now at http://customs-parcel-release.click [Case ID: 277a78],1
"Good morning team, let's join the sprint retrospective call at 10 AM. (Ref #1124)",0
Can you send me the lecture slides from yesterday's machine learning class? (Ref #2189),0
Your package from Amazon has been delivered to your front porch. (Ref #3347),0
Your OTP for logging into the employee portal is 584920. Do not share with anyone. (Ref #2613),0
"Bank of America Security Alert: Unauthorized transaction of $1,250.00 detected. Click http://bofa-fraud-cancel.top/cancel to reverse charge within 2 hours. [Case ID: 69a5b5]",1
"Hey, are we still meeting for lunch at 12:30 today? (Ref #3394)",0
"Hey, are we still meeting for lunch at 12:30 today? (Ref #3603)",0
Can you send me the lecture slides from yesterday's machine learning class? (Ref #3646),0
Your debit card has been blocked. Call support immediately at 9845012345 or visit http://bank-card-reactivate.ml to prevent permanent cancellation. [Case ID: 860320],1
Security Alert: Your Apple ID has been locked due to multiple failed login attempts. Verify identity at http://appleid-support-security.xyz now. [Case ID: 061412],1
Your OTP for logging into the employee portal is 584920. Do not share with anyone. (Ref #3533),0
Customs Clearance Alert: Your international parcel #US89218 is held at customs due to unpaid duties of $45. Pay now at http://customs-parcel-release.click [Case ID: 3d2d8c],1
"Good morning team, let's join the sprint retrospective call at 10 AM. (Ref #1519)",0
Don't forget to push your code changes to the branch before the standup. (Ref #3460),0
URGENT: Your Wells Fargo account has been suspended! Verify your credentials immediately at http://wellsfargo-verify-login.xyz to restore access. [Case ID: 9c19a2],1
"Job Offer: Work from home and earn $5,000/week! Send $50 registration fee via UPI / Apple Gift Card to hr@global-remote-jobs.xyz to get started. [Case ID: c24cd7]",1
Your OTP for logging into the employee portal is 584920. Do not share with anyone. (Ref #2610),0
Your debit card has been blocked. Call support immediately at 9845012345 or visit http://bank-card-reactivate.ml to prevent permanent cancellation. [Case ID: ce6c92],1
The flight is delayed by 20 minutes due to weather conditions. (Ref #3922),0
Please review the attached invoice for the software subscription renewal. (Ref #2939),0
"CONGRATULATIONS! You have won $1,000,000 in the International Mobile Lottery. Reply with your full name, bank account, and SSN to claim prize. [Case ID: 0ed942]",1
IRS Notice: Final warning! A lawsuit is filed against you for unpaid taxes. Call immediately at +1-800-555-0199 or send $500 via Bitcoin to settle. [Case ID: 1be3bc],1
Can you send me the lecture slides from yesterday's machine learning class? (Ref #1578),0
"CONGRATULATIONS! You have won $1,000,000 in the International Mobile Lottery. Reply with your full name, bank account, and SSN to claim prize. [Case ID: c16a53]",1
URGENT: Your Wells Fargo account has been suspended! Verify your credentials immediately at http://wellsfargo-verify-login.xyz to restore access. [Case ID: 66e8ba],1
Can you send me the lecture slides from yesterday's machine learning class? (Ref #3807),0
"I'll be home in about 15 minutes, please put the dinner in the oven. (Ref #2200)",0
Your debit card has been blocked. Call support immediately at 9845012345 or visit http://bank-card-reactivate.ml to prevent permanent cancellation. [Case ID: 0efbe9],1
IRS Notice: Final warning! A lawsuit is filed against you for unpaid taxes. Call immediately at +1-800-555-0199 or send $500 via Bitcoin to settle. [Case ID: d10ec7],1
"Good morning team, let's join the sprint retrospective call at 10 AM. (Ref #2190)",0
Security Alert: Your Apple ID has been locked due to multiple failed login attempts. Verify identity at http://appleid-support-security.xyz now. [Case ID: a8baa5],1
Your debit card has been blocked. Call support immediately at 9845012345 or visit http://bank-card-reactivate.ml to prevent permanent cancellation. [Case ID: e3796a],1
Let's schedule a 1-on-1 sync tomorrow morning to discuss project milestones. (Ref #1239),0
"I'll be home in about 15 minutes, please put the dinner in the oven. (Ref #3632)",0
"Your PayPal account was accessed from an unknown device in Russia. If this wasn't you, login now at http://paypal-security-alert.tk/auth to secure funds. [Case ID: eecca5]",1
Happy birthday! Wishing you a fantastic year ahead. (Ref #2096),0
Customs Clearance Alert: Your international parcel #US89218 is held at customs due to unpaid duties of $45. Pay now at http://customs-parcel-release.click [Case ID: b7087c],1
Don't forget to push your code changes to the branch before the standup. (Ref #1342),0
"I'll be home in about 15 minutes, please put the dinner in the oven. (Ref #3170)",0
"CONGRATULATIONS! You have won $1,000,000 in the International Mobile Lottery. Reply with your full name, bank account, and SSN to claim prize. [Case ID: 83e8ef]",1
Your debit card has been blocked. Call support immediately at 9845012345 or visit http://bank-card-reactivate.ml to prevent permanent cancellation. [Case ID: 7949e4],1
Happy birthday! Wishing you a fantastic year ahead. (Ref #1168),0
"Dear Customer, your Netflix subscription expired. Update your credit card details immediately at http://netflix-billing-update.cf or your service terminates today. [Case ID: 792c7b]",1
Happy birthday! Wishing you a fantastic year ahead. (Ref #1818),0
"Hey, are we still meeting for lunch at 12:30 today? (Ref #2587)",0
Your appointment with Dr. Sharma is confirmed for Tuesday at 3 PM. (Ref #1051),0
"CONGRATULATIONS! You have won $1,000,000 in the International Mobile Lottery. Reply with your full name, bank account, and SSN to claim prize. [Case ID: 5f0f5e]",1
"Good morning team, let's join the sprint retrospective call at 10 AM. (Ref #3216)",0
Security Alert: Your Apple ID has been locked due to multiple failed login attempts. Verify identity at http://appleid-support-security.xyz now. [Case ID: 7e7757],1
Your package from Amazon has been delivered to your front porch. (Ref #1718),0
Please review the attached invoice for the software subscription renewal. (Ref #2800),0
"Your PayPal account was accessed from an unknown device in Russia. If this wasn't you, login now at http://paypal-security-alert.tk/auth to secure funds. [Case ID: 069d3b]",1
"CONGRATULATIONS! You have won $1,000,000 in the International Mobile Lottery. Reply with your full name, bank account, and SSN to claim prize. [Case ID: 67d16d]",1
"Dear Customer, your Netflix subscription expired. Update your credit card details immediately at http://netflix-billing-update.cf or your service terminates today. [Case ID: 4b0a59]",1
Your package from Amazon has been delivered to your front porch. (Ref #1856),0
"Bank of America Security Alert: Unauthorized transaction of $1,250.00 detected. Click http://bofa-fraud-cancel.top/cancel to reverse charge within 2 hours. [Case ID: e2c0be]",1
"CONGRATULATIONS! You have won $1,000,000 in the International Mobile Lottery. Reply with your full name, bank account, and SSN to claim prize. [Case ID: 3435c3]",1
Your OTP for logging into the employee portal is 584920. Do not share with anyone. (Ref #3810),0
"Job Offer: Work from home and earn $5,000/week! Send $50 registration fee via UPI / Apple Gift Card to hr@global-remote-jobs.xyz to get started. [Case ID: 5eac43]",1
"Dear Customer, your Netflix subscription expired. Update your credit card details immediately at http://netflix-billing-update.cf or your service terminates today. [Case ID: 8d3369]",1
"Good morning team, let's join the sprint retrospective call at 10 AM. (Ref #2341)",0
"Your PayPal account was accessed from an unknown device in Russia. If this wasn't you, login now at http://paypal-security-alert.tk/auth to secure funds. [Case ID: 1fb2a1]",1
URGENT: Your Wells Fargo account has been suspended! Verify your credentials immediately at http://wellsfargo-verify-login.xyz to restore access. [Case ID: 9e984c],1
"Good morning team, let's join the sprint retrospective call at 10 AM. (Ref #3638)",0
Your debit card has been blocked. Call support immediately at 9845012345 or visit http://bank-card-reactivate.ml to prevent permanent cancellation. [Case ID: 33ebd5],1
URGENT: Your Wells Fargo account has been suspended! Verify your credentials immediately at http://wellsfargo-verify-login.xyz to restore access. [Case ID: 437d7d],1
"Job Offer: Work from home and earn $5,000/week! Send $50 registration fee via UPI / Apple Gift Card to hr@global-remote-jobs.xyz to get started. [Case ID: 3dd48a]",1
Can you send me the lecture slides from yesterday's machine learning class? (Ref #3183),0
IRS Notice: Final warning! A lawsuit is filed against you for unpaid taxes. Call immediately at +1-800-555-0199 or send $500 via Bitcoin to settle. [Case ID: 160c88],1
Your OTP for logging into the employee portal is 584920. Do not share with anyone. (Ref #1554),0
"Hey, are we still meeting for lunch at 12:30 today? (Ref #1083)",0
"Job Offer: Work from home and earn $5,000/week! Send $50 registration fee via UPI / Apple Gift Card to hr@global-remote-jobs.xyz to get started. [Case ID: 6a4cbd]",1
Your appointment with Dr. Sharma is confirmed for Tuesday at 3 PM. (Ref #2316),0
"Dear Customer, your Netflix subscription expired. Update your credit card details immediately at http://netflix-billing-update.cf or your service terminates today. [Case ID: 29530d]",1
"Bank of America Security Alert: Unauthorized transaction of $1,250.00 detected. Click http://bofa-fraud-cancel.top/cancel to reverse charge within 2 hours. [Case ID: 3473de]",1
Happy birthday! Wishing you a fantastic year ahead. (Ref #3783),0
Don't forget to push your code changes to the branch before the standup. (Ref #3107),0
"Your PayPal account was accessed from an unknown device in Russia. If this wasn't you, login now at http://paypal-security-alert.tk/auth to secure funds. [Case ID: 496e05]",1
Your debit card has been blocked. Call support immediately at 9845012345 or visit http://bank-card-reactivate.ml to prevent permanent cancellation. [Case ID: 84b20b],1
"Job Offer: Work from home and earn $5,000/week! Send $50 registration fee via UPI / Apple Gift Card to hr@global-remote-jobs.xyz to get started. [Case ID: eaa32c]",1
"Bank of America Security Alert: Unauthorized transaction of $1,250.00 detected. Click http://bofa-fraud-cancel.top/cancel to reverse charge within 2 hours. [Case ID: 2f2b26]",1
URGENT: Your Wells Fargo account has been suspended! Verify your credentials immediately at http://wellsfargo-verify-login.xyz to restore access. [Case ID: c15da1],1
Your OTP for logging into the employee portal is 584920. Do not share with anyone. (Ref #1420),0
The flight is delayed by 20 minutes due to weather conditions. (Ref #1803),0
"Dear Customer, your Netflix subscription expired. Update your credit card details immediately at http://netflix-billing-update.cf or your service terminates today. [Case ID: 232199]",1
"I'll be home in about 15 minutes, please put the dinner in the oven. (Ref #2204)",0
"Your PayPal account was accessed from an unknown device in Russia. If this wasn't you, login now at http://paypal-security-alert.tk/auth to secure funds. [Case ID: 7ef605]",1
The flight is delayed by 20 minutes due to weather conditions. (Ref #2729),0
Don't forget to push your code changes to the branch before the standup. (Ref #3694),0
"CONGRATULATIONS! You have won $1,000,000 in the International Mobile Lottery. Reply with your full name, bank account, and SSN to claim prize. [Case ID: bc6dc4]",1
"Thanks for the meeting notes, I'll review the architecture diagram tonight. (Ref #2422)",0
Don't forget to push your code changes to the branch before the standup. (Ref #3376),0
Happy birthday! Wishing you a fantastic year ahead. (Ref #3472),0
"Good morning team, let's join the sprint retrospective call at 10 AM. (Ref #3839)",0
The flight is delayed by 20 minutes due to weather conditions. (Ref #2170),0
"CONGRATULATIONS! You have won $1,000,000 in the International Mobile Lottery. Reply with your full name, bank account, and SSN to claim prize. [Case ID: 2a8a81]",1
Your debit card has been blocked. Call support immediately at 9845012345 or visit http://bank-card-reactivate.ml to prevent permanent cancellation. [Case ID: 100d9f],1
"Your PayPal account was accessed from an unknown device in Russia. If this wasn't you, login now at http://paypal-security-alert.tk/auth to secure funds. [Case ID: 233509]",1
"I'll be home in about 15 minutes, please put the dinner in the oven. (Ref #2790)",0
"I'll be home in about 15 minutes, please put the dinner in the oven. (Ref #3490)",0
"Job Offer: Work from home and earn $5,000/week! Send $50 registration fee via UPI / Apple Gift Card to hr@global-remote-jobs.xyz to get started. [Case ID: 1368ba]",1
Customs Clearance Alert: Your international parcel #US89218 is held at customs due to unpaid duties of $45. Pay now at http://customs-parcel-release.click [Case ID: 07563a],1
URGENT: Your Wells Fargo account has been suspended! Verify your credentials immediately at http://wellsfargo-verify-login.xyz to restore access. [Case ID: f7cade],1
URGENT: Your Wells Fargo account has been suspended! Verify your credentials immediately at http://wellsfargo-verify-login.xyz to restore access. [Case ID: 555d67],1
Please review the attached invoice for the software subscription renewal. (Ref #2546),0
Customs Clearance Alert: Your international parcel #US89218 is held at customs due to unpaid duties of $45. Pay now at http://customs-parcel-release.click [Case ID: 69421f],1
Your package from Amazon has been delivered to your front porch. (Ref #3111),0
"Job Offer: Work from home and earn $5,000/week! Send $50 registration fee via UPI / Apple Gift Card to hr@global-remote-jobs.xyz to get started. [Case ID: 1cc363]",1
The flight is delayed by 20 minutes due to weather conditions. (Ref #1489),0
Your OTP for logging into the employee portal is 584920. Do not share with anyone. (Ref #2966),0
The flight is delayed by 20 minutes due to weather conditions. (Ref #3458),0
"Bank of America Security Alert: Unauthorized transaction of $1,250.00 detected. Click http://bofa-fraud-cancel.top/cancel to reverse charge within 2 hours. [Case ID: 559cb9]",1
Don't forget to push your code changes to the branch before the standup. (Ref #3226),0
"Thanks for the meeting notes, I'll review the architecture diagram tonight. (Ref #3750)",0
IRS Notice: Final warning! A lawsuit is filed against you for unpaid taxes. Call immediately at +1-800-555-0199 or send $500 via Bitcoin to settle. [Case ID: a64c94],1
"Bank of America Security Alert: Unauthorized transaction of $1,250.00 detected. Click http://bofa-fraud-cancel.top/cancel to reverse charge within 2 hours. [Case ID: 2b8eba]",1
"Your PayPal account was accessed from an unknown device in Russia. If this wasn't you, login now at http://paypal-security-alert.tk/auth to secure funds. [Case ID: f7e0b9]",1
Don't forget to push your code changes to the branch before the standup. (Ref #2627),0
Don't forget to push your code changes to the branch before the standup. (Ref #2721),0
Happy birthday! Wishing you a fantastic year ahead. (Ref #3451),0
"Dear Customer, your Netflix subscription expired. Update your credit card details immediately at http://netflix-billing-update.cf or your service terminates today. [Case ID: e0a209]",1
The server deployment finished successfully without any downtime. (Ref #3357),0
"Good morning team, let's join the sprint retrospective call at 10 AM. (Ref #1430)",0
"CONGRATULATIONS! You have won $1,000,000 in the International Mobile Lottery. Reply with your full name, bank account, and SSN to claim prize. [Case ID: 81dc9b]",1
"Your PayPal account was accessed from an unknown device in Russia. If this wasn't you, login now at http://paypal-security-alert.tk/auth to secure funds. [Case ID: 288cc0]",1
Your appointment with Dr. Sharma is confirmed for Tuesday at 3 PM. (Ref #3285),0
Did you get a chance to look at the quarterly report draft? (Ref #3209),0
Please review the attached invoice for the software subscription renewal. (Ref #1911),0
Did you get a chance to look at the quarterly report draft? (Ref #2429),0
Your appointment with Dr. Sharma is confirmed for Tuesday at 3 PM. (Ref #2929),0
Security Alert: Your Apple ID has been locked due to multiple failed login attempts. Verify identity at http://appleid-support-security.xyz now. [Case ID: 33e807],1
"Good morning team, let's join the sprint retrospective call at 10 AM. (Ref #2025)",0
"CONGRATULATIONS! You have won $1,000,000 in the International Mobile Lottery. Reply with your full name, bank account, and SSN to claim prize. [Case ID: 6b8eba]",1
IRS Notice: Final warning! A lawsuit is filed against you for unpaid taxes. Call immediately at +1-800-555-0199 or send $500 via Bitcoin to settle. [Case ID: 1ecfb4],1
Your OTP for logging into the employee portal is 584920. Do not share with anyone. (Ref #3098),0
Can you send me the lecture slides from yesterday's machine learning class? (Ref #3669),0
Customs Clearance Alert: Your international parcel #US89218 is held at customs due to unpaid duties of $45. Pay now at http://customs-parcel-release.click [Case ID: ad3019],1
IRS Notice: Final warning! A lawsuit is filed against you for unpaid taxes. Call immediately at +1-800-555-0199 or send $500 via Bitcoin to settle. [Case ID: 96de25],1
Your package from Amazon has been delivered to your front porch. (Ref #3089),0
The flight is delayed by 20 minutes due to weather conditions. (Ref #1017),0
Your appointment with Dr. Sharma is confirmed for Tuesday at 3 PM. (Ref #1687),0
"Hey, are we still meeting for lunch at 12:30 today? (Ref #3210)",0
"Hey, are we still meeting for lunch at 12:30 today? (Ref #1159)",0
URGENT: Your Wells Fargo account has been suspended! Verify your credentials immediately at http://wellsfargo-verify-login.xyz to restore access. [Case ID: 5e1b18],1
The server deployment finished successfully without any downtime. (Ref #3230),0
Did you get a chance to look at the quarterly report draft? (Ref #1300),0
"Job Offer: Work from home and earn $5,000/week! Send $50 registration fee via UPI / Apple Gift Card to hr@global-remote-jobs.xyz to get started. [Case ID: e3ca04]",1
IRS Notice: Final warning! A lawsuit is filed against you for unpaid taxes. Call immediately at +1-800-555-0199 or send $500 via Bitcoin to settle. [Case ID: d54259],1
Security Alert: Your Apple ID has been locked due to multiple failed login attempts. Verify identity at http://appleid-support-security.xyz now. [Case ID: db957c],1
URGENT: Your Wells Fargo account has been suspended! Verify your credentials immediately at http://wellsfargo-verify-login.xyz to restore access. [Case ID: 428fca],1
"Dear Customer, your Netflix subscription expired. Update your credit card details immediately at http://netflix-billing-update.cf or your service terminates today. [Case ID: 816b11]",1
"Job Offer: Work from home and earn $5,000/week! Send $50 registration fee via UPI / Apple Gift Card to hr@global-remote-jobs.xyz to get started. [Case ID: fe709c]",1
"Your PayPal account was accessed from an unknown device in Russia. If this wasn't you, login now at http://paypal-security-alert.tk/auth to secure funds. [Case ID: f770b6]",1
The server deployment finished successfully without any downtime. (Ref #1080),0
Please review the attached invoice for the software subscription renewal. (Ref #1565),0
"CONGRATULATIONS! You have won $1,000,000 in the International Mobile Lottery. Reply with your full name, bank account, and SSN to claim prize. [Case ID: 3f998e]",1
Can you send me the lecture slides from yesterday's machine learning class? (Ref #2717),0
"Bank of America Security Alert: Unauthorized transaction of $1,250.00 detected. Click http://bofa-fraud-cancel.top/cancel to reverse charge within 2 hours. [Case ID: f63f65]",1
Security Alert: Your Apple ID has been locked due to multiple failed login attempts. Verify identity at http://appleid-support-security.xyz now. [Case ID: 64223c],1
"I'll be home in about 15 minutes, please put the dinner in the oven. (Ref #3698)",0
Security Alert: Your Apple ID has been locked due to multiple failed login attempts. Verify identity at http://appleid-support-security.xyz now. [Case ID: 970af3],1
Your appointment with Dr. Sharma is confirmed for Tuesday at 3 PM. (Ref #3346),0
Did you get a chance to look at the quarterly report draft? (Ref #1184),0
"Job Offer: Work from home and earn $5,000/week! Send $50 registration fee via UPI / Apple Gift Card to hr@global-remote-jobs.xyz to get started. [Case ID: 2cb6b1]",1
URGENT: Your Wells Fargo account has been suspended! Verify your credentials immediately at http://wellsfargo-verify-login.xyz to restore access. [Case ID: ef575e],1
Your debit card has been blocked. Call support immediately at 9845012345 or visit http://bank-card-reactivate.ml to prevent permanent cancellation. [Case ID: ac796a],1
Security Alert: Your Apple ID has been locked due to multiple failed login attempts. Verify identity at http://appleid-support-security.xyz now. [Case ID: 9a4400],1
Your debit card has been blocked. Call support immediately at 9845012345 or visit http://bank-card-reactivate.ml to prevent permanent cancellation. [Case ID: e45823],1
"Hey, are we still meeting for lunch at 12:30 today? (Ref #2006)",0
Security Alert: Your Apple ID has been locked due to multiple failed login attempts. Verify identity at http://appleid-support-security.xyz now. [Case ID: a96d3a],1
"Bank of America Security Alert: Unauthorized transaction of $1,250.00 detected. Click http://bofa-fraud-cancel.top/cancel to reverse charge within 2 hours. [Case ID: 3837a4]",1
Did you get a chance to look at the quarterly report draft? (Ref #2878),0
Customs Clearance Alert: Your international parcel #US89218 is held at customs due to unpaid duties of $45. Pay now at http://customs-parcel-release.click [Case ID: 03afdb],1
"Good morning team, let's join the sprint retrospective call at 10 AM. (Ref #2594)",0
Security Alert: Your Apple ID has been locked due to multiple failed login attempts. Verify identity at http://appleid-support-security.xyz now. [Case ID: 136f95],1
Happy birthday! Wishing you a fantastic year ahead. (Ref #1925),0
Customs Clearance Alert: Your international parcel #US89218 is held at customs due to unpaid duties of $45. Pay now at http://customs-parcel-release.click [Case ID: 0584ce],1
"Bank of America Security Alert: Unauthorized transaction of $1,250.00 detected. Click http://bofa-fraud-cancel.top/cancel to reverse charge within 2 hours. [Case ID: 5b69b9]",1
URGENT: Your Wells Fargo account has been suspended! Verify your credentials immediately at http://wellsfargo-verify-login.xyz to restore access. [Case ID: f976b5],1
"Bank of America Security Alert: Unauthorized transaction of $1,250.00 detected. Click http://bofa-fraud-cancel.top/cancel to reverse charge within 2 hours. [Case ID: be3159]",1
"Job Offer: Work from home and earn $5,000/week! Send $50 registration fee via UPI / Apple Gift Card to hr@global-remote-jobs.xyz to get started. [Case ID: 54f5f4]",1
Please review the attached invoice for the software subscription renewal. (Ref #3947),0
"Your PayPal account was accessed from an unknown device in Russia. If this wasn't you, login now at http://paypal-security-alert.tk/auth to secure funds. [Case ID: d16509]",1
Security Alert: Your Apple ID has been locked due to multiple failed login attempts. Verify identity at http://appleid-support-security.xyz now. [Case ID: b06b55],1
"Hey, are we still meeting for lunch at 12:30 today? (Ref #1927)",0
"Dear Customer, your Netflix subscription expired. Update your credit card details immediately at http://netflix-billing-update.cf or your service terminates today. [Case ID: 83f97f]",1
"Your PayPal account was accessed from an unknown device in Russia. If this wasn't you, login now at http://paypal-security-alert.tk/auth to secure funds. [Case ID: fa14d4]",1
Happy birthday! Wishing you a fantastic year ahead. (Ref #2196),0
Don't forget to push your code changes to the branch before the standup. (Ref #2846),0
IRS Notice: Final warning! A lawsuit is filed against you for unpaid taxes. Call immediately at +1-800-555-0199 or send $500 via Bitcoin to settle. [Case ID: 10c272],1
"Dear Customer, your Netflix subscription expired. Update your credit card details immediately at http://netflix-billing-update.cf or your service terminates today. [Case ID: 3fe78a]",1
URGENT: Your Wells Fargo account has been suspended! Verify your credentials immediately at http://wellsfargo-verify-login.xyz to restore access. [Case ID: 68ce19],1
IRS Notice: Final warning! A lawsuit is filed against you for unpaid taxes. Call immediately at +1-800-555-0199 or send $500 via Bitcoin to settle. [Case ID: bd7db7],1
"Hey, are we still meeting for lunch at 12:30 today? (Ref #2000)",0
"Good morning team, let's join the sprint retrospective call at 10 AM. (Ref #1662)",0
"Bank of America Security Alert: Unauthorized transaction of $1,250.00 detected. Click http://bofa-fraud-cancel.top/cancel to reverse charge within 2 hours. [Case ID: d6723e]",1
Your debit card has been blocked. Call support immediately at 9845012345 or visit http://bank-card-reactivate.ml to prevent permanent cancellation. [Case ID: d01039],1
Don't forget to push your code changes to the branch before the standup. (Ref #2048),0
"Dear Customer, your Netflix subscription expired. Update your credit card details immediately at http://netflix-billing-update.cf or your service terminates today. [Case ID: b86536]",1
"Job Offer: Work from home and earn $5,000/week! Send $50 registration fee via UPI / Apple Gift Card to hr@global-remote-jobs.xyz to get started. [Case ID: f26dab]",1
URGENT: Your Wells Fargo account has been suspended! Verify your credentials immediately at http://wellsfargo-verify-login.xyz to restore access. [Case ID: e0f7a4],1
Your OTP for logging into the employee portal is 584920. Do not share with anyone. (Ref #2745),0
Don't forget to push your code changes to the branch before the standup. (Ref #2865),0
Happy birthday! Wishing you a fantastic year ahead. (Ref #1979),0
IRS Notice: Final warning! A lawsuit is filed against you for unpaid taxes. Call immediately at +1-800-555-0199 or send $500 via Bitcoin to settle. [Case ID: 9f62b8],1
"CONGRATULATIONS! You have won $1,000,000 in the International Mobile Lottery. Reply with your full name, bank account, and SSN to claim prize. [Case ID: a088ea]",1
"I'll be home in about 15 minutes, please put the dinner in the oven. (Ref #1053)",0
Your OTP for logging into the employee portal is 584920. Do not share with anyone. (Ref #1935),0
Customs Clearance Alert: Your international parcel #US89218 is held at customs due to unpaid duties of $45. Pay now at http://customs-parcel-release.click [Case ID: de03be],1
Let's schedule a 1-on-1 sync tomorrow morning to discuss project milestones. (Ref #3335),0
Don't forget to push your code changes to the branch before the standup. (Ref #1482),0
Your debit card has been blocked. Call support immediately at 9845012345 or visit http://bank-card-reactivate.ml to prevent permanent cancellation. [Case ID: 6bc24f],1
The server deployment finished successfully without any downtime. (Ref #1888),0
Did you get a chance to look at the quarterly report draft? (Ref #3272),0
Customs Clearance Alert: Your international parcel #US89218 is held at customs due to unpaid duties of $45. Pay now at http://customs-parcel-release.click [Case ID: daca41],1
Can you send me the lecture slides from yesterday's machine learning class? (Ref #2302),0
The flight is delayed by 20 minutes due to weather conditions. (Ref #3616),0
"Dear Customer, your Netflix subscription expired. Update your credit card details immediately at http://netflix-billing-update.cf or your service terminates today. [Case ID: 0c9ebb]",1
The flight is delayed by 20 minutes due to weather conditions. (Ref #2099),0
Your debit card has been blocked. Call support immediately at 9845012345 or visit http://bank-card-reactivate.ml to prevent permanent cancellation. [Case ID: 4b4edc],1
Your appointment with Dr. Sharma is confirmed for Tuesday at 3 PM. (Ref #2980),0
"Hey, are we still meeting for lunch at 12:30 today? (Ref #2879)",0
"I'll be home in about 15 minutes, please put the dinner in the oven. (Ref #2902)",0
Please review the attached invoice for the software subscription renewal. (Ref #3473),0
Did you get a chance to look at the quarterly report draft? (Ref #2266),0
Did you get a chance to look at the quarterly report draft? (Ref #1788),0
The flight is delayed by 20 minutes due to weather conditions. (Ref #3795),0
"CONGRATULATIONS! You have won $1,000,000 in the International Mobile Lottery. Reply with your full name, bank account, and SSN to claim prize. [Case ID: 8929c7]",1
Customs Clearance Alert: Your international parcel #US89218 is held at customs due to unpaid duties of $45. Pay now at http://customs-parcel-release.click [Case ID: 4ae67a],1
Happy birthday! Wishing you a fantastic year ahead. (Ref #2727),0
"Dear Customer, your Netflix subscription expired. Update your credit card details immediately at http://netflix-billing-update.cf or your service terminates today. [Case ID: ffedf5]",1
Your debit card has been blocked. Call support immediately at 9845012345 or visit http://bank-card-reactivate.ml to prevent permanent cancellation. [Case ID: b2dd14],1
"CONGRATULATIONS! You have won $1,000,000 in the International Mobile Lottery. Reply with your full name, bank account, and SSN to claim prize. [Case ID: ab88b1]",1
The server deployment finished successfully without any downtime. (Ref #3178),0
"Bank of America Security Alert: Unauthorized transaction of $1,250.00 detected. Click http://bofa-fraud-cancel.top/cancel to reverse charge within 2 hours. [Case ID: 246819]",1
URGENT: Your Wells Fargo account has been suspended! Verify your credentials immediately at http://wellsfargo-verify-login.xyz to restore access. [Case ID: 8d8818],1
"Hey, are we still meeting for lunch at 12:30 today? (Ref #2293)",0
Can you send me the lecture slides from yesterday's machine learning class? (Ref #1990),0
URGENT: Your Wells Fargo account has been suspended! Verify your credentials immediately at http://wellsfargo-verify-login.xyz to restore access. [Case ID: faacbc],1
"Your PayPal account was accessed from an unknown device in Russia. If this wasn't you, login now at http://paypal-security-alert.tk/auth to secure funds. [Case ID: 36e729]",1
Customs Clearance Alert: Your international parcel #US89218 is held at customs due to unpaid duties of $45. Pay now at http://customs-parcel-release.click [Case ID: 2b6d65],1
The flight is delayed by 20 minutes due to weather conditions. (Ref #1018),0
"Job Offer: Work from home and earn $5,000/week! Send $50 registration fee via UPI / Apple Gift Card to hr@global-remote-jobs.xyz to get started. [Case ID: dc5689]",1
The server deployment finished successfully without any downtime. (Ref #2279),0
"I'll be home in about 15 minutes, please put the dinner in the oven. (Ref #1507)",0
Can you send me the lecture slides from yesterday's machine learning class? (Ref #3648),0
URGENT: Your Wells Fargo account has been suspended! Verify your credentials immediately at http://wellsfargo-verify-login.xyz to restore access. [Case ID: c06d06],1
Let's schedule a 1-on-1 sync tomorrow morning to discuss project milestones. (Ref #3024),0
Happy birthday! Wishing you a fantastic year ahead. (Ref #3132),0
"Hey, are we still meeting for lunch at 12:30 today? (Ref #3794)",0
Let's schedule a 1-on-1 sync tomorrow morning to discuss project milestones. (Ref #3540),0
Don't forget to push your code changes to the branch before the standup. (Ref #1097),0
Security Alert: Your Apple ID has been locked due to multiple failed login attempts. Verify identity at http://appleid-support-security.xyz now. [Case ID: 9fe97f],1
Your package from Amazon has been delivered to your front porch. (Ref #1010),0
"Bank of America Security Alert: Unauthorized transaction of $1,250.00 detected. Click http://bofa-fraud-cancel.top/cancel to reverse charge within 2 hours. [Case ID: a37603]",1
"Thanks for the meeting notes, I'll review the architecture diagram tonight. (Ref #1721)",0
Happy birthday! Wishing you a fantastic year ahead. (Ref #1534),0
Customs Clearance Alert: Your international parcel #US89218 is held at customs due to unpaid duties of $45. Pay now at http://customs-parcel-release.click [Case ID: 7b1ce3],1
Customs Clearance Alert: Your international parcel #US89218 is held at customs due to unpaid duties of $45. Pay now at http://customs-parcel-release.click [Case ID: d96409],1
The server deployment finished successfully without any downtime. (Ref #3554),0
Your debit card has been blocked. Call support immediately at 9845012345 or visit http://bank-card-reactivate.ml to prevent permanent cancellation. [Case ID: 4b0250],1
"Dear Customer, your Netflix subscription expired. Update your credit card details immediately at http://netflix-billing-update.cf or your service terminates today. [Case ID: 65ded5]",1
Happy birthday! Wishing you a fantastic year ahead. (Ref #2517),0
Customs Clearance Alert: Your international parcel #US89218 is held at customs due to unpaid duties of $45. Pay now at http://customs-parcel-release.click [Case ID: 973a5f],1
Happy birthday! Wishing you a fantastic year ahead. (Ref #2289),0
"Thanks for the meeting notes, I'll review the architecture diagram tonight. (Ref #3463)",0
"I'll be home in about 15 minutes, please put the dinner in the oven. (Ref #2378)",0
Let's schedule a 1-on-1 sync tomorrow morning to discuss project milestones. (Ref #3581),0
"Thanks for the meeting notes, I'll review the architecture diagram tonight. (Ref #1374)",0
URGENT: Your Wells Fargo account has been suspended! Verify your credentials immediately at http://wellsfargo-verify-login.xyz to restore access. [Case ID: 1f0e3d],1
The server deployment finished successfully without any downtime. (Ref #3467),0
"Thanks for the meeting notes, I'll review the architecture diagram tonight. (Ref #1087)",0
Please review the attached invoice for the software subscription renewal. (Ref #1587),0
IRS Notice: Final warning! A lawsuit is filed against you for unpaid taxes. Call immediately at +1-800-555-0199 or send $500 via Bitcoin to settle. [Case ID: d9fc0c],1
IRS Notice: Final warning! A lawsuit is filed against you for unpaid taxes. Call immediately at +1-800-555-0199 or send $500 via Bitcoin to settle. [Case ID: 006f52],1
Did you get a chance to look at the quarterly report draft? (Ref #3108),0
Your debit card has been blocked. Call support immediately at 9845012345 or visit http://bank-card-reactivate.ml to prevent permanent cancellation. [Case ID: a3eb04],1
"Dear Customer, your Netflix subscription expired. Update your credit card details immediately at http://netflix-billing-update.cf or your service terminates today. [Case ID: d254c8]",1
Let's schedule a 1-on-1 sync tomorrow morning to discuss project milestones. (Ref #2741),0
Your package from Amazon has been delivered to your front porch. (Ref #1056),0
Your package from Amazon has been delivered to your front porch. (Ref #1288),0
The server deployment finished successfully without any downtime. (Ref #3478),0
Can you send me the lecture slides from yesterday's machine learning class? (Ref #3106),0
IRS Notice: Final warning! A lawsuit is filed against you for unpaid taxes. Call immediately at +1-800-555-0199 or send $500 via Bitcoin to settle. [Case ID: d709f3],1
"Job Offer: Work from home and earn $5,000/week! Send $50 registration fee via UPI / Apple Gift Card to hr@global-remote-jobs.xyz to get started. [Case ID: 86109d]",1
"CONGRATULATIONS! You have won $1,000,000 in the International Mobile Lottery. Reply with your full name, bank account, and SSN to claim prize. [Case ID: 9c82c7]",1
URGENT: Your Wells Fargo account has been suspended! Verify your credentials immediately at http://wellsfargo-verify-login.xyz to restore access. [Case ID: aa169b],1
The flight is delayed by 20 minutes due to weather conditions. (Ref #1380),0
Don't forget to push your code changes to the branch before the standup. (Ref #2127),0
Did you get a chance to look at the quarterly report draft? (Ref #3126),0
"CONGRATULATIONS! You have won $1,000,000 in the International Mobile Lottery. Reply with your full name, bank account, and SSN to claim prize. [Case ID: d5c186]",1
The flight is delayed by 20 minutes due to weather conditions. (Ref #1947),0
Did you get a chance to look at the quarterly report draft? (Ref #3179),0
Did you get a chance to look at the quarterly report draft? (Ref #2245),0
Your package from Amazon has been delivered to your front porch. (Ref #3494),0
"Bank of America Security Alert: Unauthorized transaction of $1,250.00 detected. Click http://bofa-fraud-cancel.top/cancel to reverse charge within 2 hours. [Case ID: afd483]",1
IRS Notice: Final warning! A lawsuit is filed against you for unpaid taxes. Call immediately at +1-800-555-0199 or send $500 via Bitcoin to settle. [Case ID: fc3cf4],1
"Thanks for the meeting notes, I'll review the architecture diagram tonight. (Ref #2766)",0
"Job Offer: Work from home and earn $5,000/week! Send $50 registration fee via UPI / Apple Gift Card to hr@global-remote-jobs.xyz to get started. [Case ID: 3b92d1]",1
IRS Notice: Final warning! A lawsuit is filed against you for unpaid taxes. Call immediately at +1-800-555-0199 or send $500 via Bitcoin to settle. [Case ID: 8cbd00],1
Your appointment with Dr. Sharma is confirmed for Tuesday at 3 PM. (Ref #3578),0
"Good morning team, let's join the sprint retrospective call at 10 AM. (Ref #3970)",0
URGENT: Your Wells Fargo account has been suspended! Verify your credentials immediately at http://wellsfargo-verify-login.xyz to restore access. [Case ID: 229754],1
"Good morning team, let's join the sprint retrospective call at 10 AM. (Ref #1166)",0
"I'll be home in about 15 minutes, please put the dinner in the oven. (Ref #1491)",0
Customs Clearance Alert: Your international parcel #US89218 is held at customs due to unpaid duties of $45. Pay now at http://customs-parcel-release.click [Case ID: c20ad4],1
URGENT: Your Wells Fargo account has been suspended! Verify your credentials immediately at http://wellsfargo-verify-login.xyz to restore access. [Case ID: edfbe1],1
IRS Notice: Final warning! A lawsuit is filed against you for unpaid taxes. Call immediately at +1-800-555-0199 or send $500 via Bitcoin to settle. [Case ID: 7a614f],1
"CONGRATULATIONS! You have won $1,000,000 in the International Mobile Lottery. Reply with your full name, bank account, and SSN to claim prize. [Case ID: e77dba]",1
"Your PayPal account was accessed from an unknown device in Russia. If this wasn't you, login now at http://paypal-security-alert.tk/auth to secure funds. [Case ID: 621108]",1
"Bank of America Security Alert: Unauthorized transaction of $1,250.00 detected. Click http://bofa-fraud-cancel.top/cancel to reverse charge within 2 hours. [Case ID: 05f971]",1
Customs Clearance Alert: Your international parcel #US89218 is held at customs due to unpaid duties of $45. Pay now at http://customs-parcel-release.click [Case ID: f38762],1
IRS Notice: Final warning! A lawsuit is filed against you for unpaid taxes. Call immediately at +1-800-555-0199 or send $500 via Bitcoin to settle. [Case ID: f7696a],1
URGENT: Your Wells Fargo account has been suspended! Verify your credentials immediately at http://wellsfargo-verify-login.xyz to restore access. [Case ID: 1f36c1],1
Let's schedule a 1-on-1 sync tomorrow morning to discuss project milestones. (Ref #2159),0
Please review the attached invoice for the software subscription renewal. (Ref #1527),0
"Bank of America Security Alert: Unauthorized transaction of $1,250.00 detected. Click http://bofa-fraud-cancel.top/cancel to reverse charge within 2 hours. [Case ID: d52377]",1
"Your PayPal account was accessed from an unknown device in Russia. If this wasn't you, login now at http://paypal-security-alert.tk/auth to secure funds. [Case ID: 72da7f]",1
The flight is delayed by 20 minutes due to weather conditions. (Ref #3378),0
Happy birthday! Wishing you a fantastic year ahead. (Ref #1538),0
IRS Notice: Final warning! A lawsuit is filed against you for unpaid taxes. Call immediately at +1-800-555-0199 or send $500 via Bitcoin to settle. [Case ID: 46ba9f],1
"Hey, are we still meeting for lunch at 12:30 today? (Ref #3682)",0
Customs Clearance Alert: Your international parcel #US89218 is held at customs due to unpaid duties of $45. Pay now at http://customs-parcel-release.click [Case ID: f52854],1
"Your PayPal account was accessed from an unknown device in Russia. If this wasn't you, login now at http://paypal-security-alert.tk/auth to secure funds. [Case ID: 25e2a3]",1
Don't forget to push your code changes to the branch before the standup. (Ref #3016),0
IRS Notice: Final warning! A lawsuit is filed against you for unpaid taxes. Call immediately at +1-800-555-0199 or send $500 via Bitcoin to settle. [Case ID: 393c55],1
The flight is delayed by 20 minutes due to weather conditions. (Ref #2831),0
Can you send me the lecture slides from yesterday's machine learning class? (Ref #2237),0
"Dear Customer, your Netflix subscription expired. Update your credit card details immediately at http://netflix-billing-update.cf or your service terminates today. [Case ID: a516a8]",1
Your package from Amazon has been delivered to your front porch. (Ref #3401),0
Customs Clearance Alert: Your international parcel #US89218 is held at customs due to unpaid duties of $45. Pay now at http://customs-parcel-release.click [Case ID: 46031b],1
Your debit card has been blocked. Call support immediately at 9845012345 or visit http://bank-card-reactivate.ml to prevent permanent cancellation. [Case ID: a97da6],1
Please review the attached invoice for the software subscription renewal. (Ref #3714),0
URGENT: Your Wells Fargo account has been suspended! Verify your credentials immediately at http://wellsfargo-verify-login.xyz to restore access. [Case ID: 27ed0f],1
URGENT: Your Wells Fargo account has been suspended! Verify your credentials immediately at http://wellsfargo-verify-login.xyz to restore access. [Case ID: 5c572e],1
"Bank of America Security Alert: Unauthorized transaction of $1,250.00 detected. Click http://bofa-fraud-cancel.top/cancel to reverse charge within 2 hours. [Case ID: 757f84]",1
"Bank of America Security Alert: Unauthorized transaction of $1,250.00 detected. Click http://bofa-fraud-cancel.top/cancel to reverse charge within 2 hours. [Case ID: 491442]",1
"Bank of America Security Alert: Unauthorized transaction of $1,250.00 detected. Click http://bofa-fraud-cancel.top/cancel to reverse charge within 2 hours. [Case ID: 81e74d]",1
Security Alert: Your Apple ID has been locked due to multiple failed login attempts. Verify identity at http://appleid-support-security.xyz now. [Case ID: 46771d],1
"Hey, are we still meeting for lunch at 12:30 today? (Ref #3802)",0
Please review the attached invoice for the software subscription renewal. (Ref #1032),0
"Bank of America Security Alert: Unauthorized transaction of $1,250.00 detected. Click http://bofa-fraud-cancel.top/cancel to reverse charge within 2 hours. [Case ID: fc2213]",1
"Your PayPal account was accessed from an unknown device in Russia. If this wasn't you, login now at http://paypal-security-alert.tk/auth to secure funds. [Case ID: 207f88]",1
Your debit card has been blocked. Call support immediately at 9845012345 or visit http://bank-card-reactivate.ml to prevent permanent cancellation. [Case ID: 500e75],1
Your package from Amazon has been delivered to your front porch. (Ref #1785),0
IRS Notice: Final warning! A lawsuit is filed against you for unpaid taxes. Call immediately at +1-800-555-0199 or send $500 via Bitcoin to settle. [Case ID: 92426b],1
The server deployment finished successfully without any downtime. (Ref #3900),0
Your package from Amazon has been delivered to your front porch. (Ref #1438),0
Your debit card has been blocked. Call support immediately at 9845012345 or visit http://bank-card-reactivate.ml to prevent permanent cancellation. [Case ID: 950a41],1
URGENT: Your Wells Fargo account has been suspended! Verify your credentials immediately at http://wellsfargo-verify-login.xyz to restore access. [Case ID: 7989ed],1
Happy birthday! Wishing you a fantastic year ahead. (Ref #2311),0
"Hey, are we still meeting for lunch at 12:30 today? (Ref #2310)",0
Happy birthday! Wishing you a fantastic year ahead. (Ref #3162),0
Did you get a chance to look at the quarterly report draft? (Ref #2659),0
"Hey, are we still meeting for lunch at 12:30 today? (Ref #1409)",0
Security Alert: Your Apple ID has been locked due to multiple failed login attempts. Verify identity at http://appleid-support-security.xyz now. [Case ID: 44c4c1],1
URGENT: Your Wells Fargo account has been suspended! Verify your credentials immediately at http://wellsfargo-verify-login.xyz to restore access. [Case ID: 605ff7],1
Let's schedule a 1-on-1 sync tomorrow morning to discuss project milestones. (Ref #2399),0
URGENT: Your Wells Fargo account has been suspended! Verify your credentials immediately at http://wellsfargo-verify-login.xyz to restore access. [Case ID: 7d04bb],1
Please review the attached invoice for the software subscription renewal. (Ref #2182),0
"I'll be home in about 15 minutes, please put the dinner in the oven. (Ref #2510)",0
Don't forget to push your code changes to the branch before the standup. (Ref #2872),0
"CONGRATULATIONS! You have won $1,000,000 in the International Mobile Lottery. Reply with your full name, bank account, and SSN to claim prize. [Case ID: f71771]",1
"Dear Customer, your Netflix subscription expired. Update your credit card details immediately at http://netflix-billing-update.cf or your service terminates today. [Case ID: f2d887]",1
"Bank of America Security Alert: Unauthorized transaction of $1,250.00 detected. Click http://bofa-fraud-cancel.top/cancel to reverse charge within 2 hours. [Case ID: f2201f]",1
Your debit card has been blocked. Call support immediately at 9845012345 or visit http://bank-card-reactivate.ml to prevent permanent cancellation. [Case ID: de7399],1
Happy birthday! Wishing you a fantastic year ahead. (Ref #3929),0
Your package from Amazon has been delivered to your front porch. (Ref #1567),0
"Bank of America Security Alert: Unauthorized transaction of $1,250.00 detected. Click http://bofa-fraud-cancel.top/cancel to reverse charge within 2 hours. [Case ID: 850af9]",1
"Job Offer: Work from home and earn $5,000/week! Send $50 registration fee via UPI / Apple Gift Card to hr@global-remote-jobs.xyz to get started. [Case ID: 28dd2c]",1
Don't forget to push your code changes to the branch before the standup. (Ref #3995),0
IRS Notice: Final warning! A lawsuit is filed against you for unpaid taxes. Call immediately at +1-800-555-0199 or send $500 via Bitcoin to settle. [Case ID: 0a0a0c],1
"I'll be home in about 15 minutes, please put the dinner in the oven. (Ref #2091)",0
Customs Clearance Alert: Your international parcel #US89218 is held at customs due to unpaid duties of $45. Pay now at http://customs-parcel-release.click [Case ID: e515df],1
"Job Offer: Work from home and earn $5,000/week! Send $50 registration fee via UPI / Apple Gift Card to hr@global-remote-jobs.xyz to get started. [Case ID: 55a988]",1
Your appointment with Dr. Sharma is confirmed for Tuesday at 3 PM. (Ref #1731),0
"Bank of America Security Alert: Unauthorized transaction of $1,250.00 detected. Click http://bofa-fraud-cancel.top/cancel to reverse charge within 2 hours. [Case ID: 07811d]",1
Happy birthday! Wishing you a fantastic year ahead. (Ref #2441),0
Let's schedule a 1-on-1 sync tomorrow morning to discuss project milestones. (Ref #3760),0
"Hey, are we still meeting for lunch at 12:30 today? (Ref #2561)",0
IRS Notice: Final warning! A lawsuit is filed against you for unpaid taxes. Call immediately at +1-800-555-0199 or send $500 via Bitcoin to settle. [Case ID: 325995],1
Can you send me the lecture slides from yesterday's machine learning class? (Ref #1007),0
Your appointment with Dr. Sharma is confirmed for Tuesday at 3 PM. (Ref #2382),0
"Good morning team, let's join the sprint retrospective call at 10 AM. (Ref #1845)",0
Security Alert: Your Apple ID has been locked due to multiple failed login attempts. Verify identity at http://appleid-support-security.xyz now. [Case ID: a7aeed],1
"I'll be home in about 15 minutes, please put the dinner in the oven. (Ref #3748)",0
"Hey, are we still meeting for lunch at 12:30 today? (Ref #3673)",0
Your appointment with Dr. Sharma is confirmed for Tuesday at 3 PM. (Ref #3503),0
"Job Offer: Work from home and earn $5,000/week! Send $50 registration fee via UPI / Apple Gift Card to hr@global-remote-jobs.xyz to get started. [Case ID: 883e88]",1
Customs Clearance Alert: Your international parcel #US89218 is held at customs due to unpaid duties of $45. Pay now at http://customs-parcel-release.click [Case ID: 936a40],1
"I'll be home in about 15 minutes, please put the dinner in the oven. (Ref #1754)",0
"CONGRATULATIONS! You have won $1,000,000 in the International Mobile Lottery. Reply with your full name, bank account, and SSN to claim prize. [Case ID: 30bb38]",1
"Job Offer: Work from home and earn $5,000/week! Send $50 registration fee via UPI / Apple Gift Card to hr@global-remote-jobs.xyz to get started. [Case ID: 86d7c8]",1
Your debit card has been blocked. Call support immediately at 9845012345 or visit http://bank-card-reactivate.ml to prevent permanent cancellation. [Case ID: 23af4b],1
"Good morning team, let's join the sprint retrospective call at 10 AM. (Ref #2350)",0
"Hey, are we still meeting for lunch at 12:30 today? (Ref #3008)",0
Your package from Amazon has been delivered to your front porch. (Ref #1272),0
IRS Notice: Final warning! A lawsuit is filed against you for unpaid taxes. Call immediately at +1-800-555-0199 or send $500 via Bitcoin to settle. [Case ID: 4e0d67],1
"CONGRATULATIONS! You have won $1,000,000 in the International Mobile Lottery. Reply with your full name, bank account, and SSN to claim prize. [Case ID: 4a06d8]",1
Happy birthday! Wishing you a fantastic year ahead. (Ref #2270),0
Your appointment with Dr. Sharma is confirmed for Tuesday at 3 PM. (Ref #3430),0
Happy birthday! Wishing you a fantastic year ahead. (Ref #2580),0
Please review the attached invoice for the software subscription renewal. (Ref #3623),0
Don't forget to push your code changes to the branch before the standup. (Ref #2114),0
"Bank of America Security Alert: Unauthorized transaction of $1,250.00 detected. Click http://bofa-fraud-cancel.top/cancel to reverse charge within 2 hours. [Case ID: d1c38a]",1
"Job Offer: Work from home and earn $5,000/week! Send $50 registration fee via UPI / Apple Gift Card to hr@global-remote-jobs.xyz to get started. [Case ID: 41f1f1]",1
Don't forget to push your code changes to the branch before the standup. (Ref #2688),0
The flight is delayed by 20 minutes due to weather conditions. (Ref #3250),0
"Dear Customer, your Netflix subscription expired. Update your credit card details immediately at http://netflix-billing-update.cf or your service terminates today. [Case ID: 12ffb0]",1
Your OTP for logging into the employee portal is 584920. Do not share with anyone. (Ref #3588),0
URGENT: Your Wells Fargo account has been suspended! Verify your credentials immediately at http://wellsfargo-verify-login.xyz to restore access. [Case ID: ca4603],1
"Good morning team, let's join the sprint retrospective call at 10 AM. (Ref #2957)",0
"Bank of America Security Alert: Unauthorized transaction of $1,250.00 detected. Click http://bofa-fraud-cancel.top/cancel to reverse charge within 2 hours. [Case ID: 0c8ce5]",1
Your OTP for logging into the employee portal is 584920. Do not share with anyone. (Ref #3323),0
"I'll be home in about 15 minutes, please put the dinner in the oven. (Ref #2057)",0
Did you get a chance to look at the quarterly report draft? (Ref #1425),0
Security Alert: Your Apple ID has been locked due to multiple failed login attempts. Verify identity at http://appleid-support-security.xyz now. [Case ID: e57c6b],1
"I'll be home in about 15 minutes, please put the dinner in the oven. (Ref #1185)",0
Your debit card has been blocked. Call support immediately at 9845012345 or visit http://bank-card-reactivate.ml to prevent permanent cancellation. [Case ID: ad4cc1],1
"Dear Customer, your Netflix subscription expired. Update your credit card details immediately at http://netflix-billing-update.cf or your service terminates today. [Case ID: 06997f]",1
"Thanks for the meeting notes, I'll review the architecture diagram tonight. (Ref #1741)",0
"Thanks for the meeting notes, I'll review the architecture diagram tonight. (Ref #3687)",0
Your debit card has been blocked. Call support immediately at 9845012345 or visit http://bank-card-reactivate.ml to prevent permanent cancellation. [Case ID: d07267],1
The server deployment finished successfully without any downtime. (Ref #2216),0
Your appointment with Dr. Sharma is confirmed for Tuesday at 3 PM. (Ref #2712),0
"Bank of America Security Alert: Unauthorized transaction of $1,250.00 detected. Click http://bofa-fraud-cancel.top/cancel to reverse charge within 2 hours. [Case ID: 819f46]",1
Happy birthday! Wishing you a fantastic year ahead. (Ref #2301),0
IRS Notice: Final warning! A lawsuit is filed against you for unpaid taxes. Call immediately at +1-800-555-0199 or send $500 via Bitcoin to settle. [Case ID: 2ab564],1
"Good morning team, let's join the sprint retrospective call at 10 AM. (Ref #1349)",0
Customs Clearance Alert: Your international parcel #US89218 is held at customs due to unpaid duties of $45. Pay now at http://customs-parcel-release.click [Case ID: c3e403],1
IRS Notice: Final warning! A lawsuit is filed against you for unpaid taxes. Call immediately at +1-800-555-0199 or send $500 via Bitcoin to settle. [Case ID: e4873a],1
Did you get a chance to look at the quarterly report draft? (Ref #1140),0
Your debit card has been blocked. Call support immediately at 9845012345 or visit http://bank-card-reactivate.ml to prevent permanent cancellation. [Case ID: 4ca827],1
Don't forget to push your code changes to the branch before the standup. (Ref #1290),0
Your appointment with Dr. Sharma is confirmed for Tuesday at 3 PM. (Ref #1497),0
"Dear Customer, your Netflix subscription expired. Update your credit card details immediately at http://netflix-billing-update.cf or your service terminates today. [Case ID: 371bce]",1
"Your PayPal account was accessed from an unknown device in Russia. If this wasn't you, login now at http://paypal-security-alert.tk/auth to secure funds. [Case ID: e22dd5]",1
IRS Notice: Final warning! A lawsuit is filed against you for unpaid taxes. Call immediately at +1-800-555-0199 or send $500 via Bitcoin to settle. [Case ID: e00da0],1
"I'll be home in about 15 minutes, please put the dinner in the oven. (Ref #1131)",0
"CONGRATULATIONS! You have won $1,000,000 in the International Mobile Lottery. Reply with your full name, bank account, and SSN to claim prize. [Case ID: 185e65]",1
Your package from Amazon has been delivered to your front porch. (Ref #1054),0
"Job Offer: Work from home and earn $5,000/week! Send $50 registration fee via UPI / Apple Gift Card to hr@global-remote-jobs.xyz to get started. [Case ID: 7f39f8]",1
Customs Clearance Alert: Your international parcel #US89218 is held at customs due to unpaid duties of $45. Pay now at http://customs-parcel-release.click [Case ID: c8ba76],1
Happy birthday! Wishing you a fantastic year ahead. (Ref #1419),0
Don't forget to push your code changes to the branch before the standup. (Ref #2583),0
Your debit card has been blocked. Call support immediately at 9845012345 or visit http://bank-card-reactivate.ml to prevent permanent cancellation. [Case ID: 0e9fa1],1
Let's schedule a 1-on-1 sync tomorrow morning to discuss project milestones. (Ref #1556),0
Your debit card has been blocked. Call support immediately at 9845012345 or visit http://bank-card-reactivate.ml to prevent permanent cancellation. [Case ID: 024595],1
"Bank of America Security Alert: Unauthorized transaction of $1,250.00 detected. Click http://bofa-fraud-cancel.top/cancel to reverse charge within 2 hours. [Case ID: 777669]",1
Don't forget to push your code changes to the branch before the standup. (Ref #3832),0
"CONGRATULATIONS! You have won $1,000,000 in the International Mobile Lottery. Reply with your full name, bank account, and SSN to claim prize. [Case ID: fe7ee8]",1
Your appointment with Dr. Sharma is confirmed for Tuesday at 3 PM. (Ref #3453),0
"Dear Customer, your Netflix subscription expired. Update your credit card details immediately at http://netflix-billing-update.cf or your service terminates today. [Case ID: 375c71]",1
"I'll be home in about 15 minutes, please put the dinner in the oven. (Ref #3003)",0
Customs Clearance Alert: Your international parcel #US89218 is held at customs due to unpaid duties of $45. Pay now at http://customs-parcel-release.click [Case ID: 0bb4ae],1
"Good morning team, let's join the sprint retrospective call at 10 AM. (Ref #3119)",0
Your package from Amazon has been delivered to your front porch. (Ref #3315),0
IRS Notice: Final warning! A lawsuit is filed against you for unpaid taxes. Call immediately at +1-800-555-0199 or send $500 via Bitcoin to settle. [Case ID: 1fc214],1
Happy birthday! Wishing you a fantastic year ahead. (Ref #3400),0
Did you get a chance to look at the quarterly report draft? (Ref #2905),0
"Thanks for the meeting notes, I'll review the architecture diagram tonight. (Ref #1848)",0
The flight is delayed by 20 minutes due to weather conditions. (Ref #2321),0
"Thanks for the meeting notes, I'll review the architecture diagram tonight. (Ref #2809)",0
Can you send me the lecture slides from yesterday's machine learning class? (Ref #3339),0
The server deployment finished successfully without any downtime. (Ref #1557),0
"Your PayPal account was accessed from an unknown device in Russia. If this wasn't you, login now at http://paypal-security-alert.tk/auth to secure funds. [Case ID: 3a1dd9]",1
"Job Offer: Work from home and earn $5,000/week! Send $50 registration fee via UPI / Apple Gift Card to hr@global-remote-jobs.xyz to get started. [Case ID: a4f236]",1
URGENT: Your Wells Fargo account has been suspended! Verify your credentials immediately at http://wellsfargo-verify-login.xyz to restore access. [Case ID: 09c6c3],1
URGENT: Your Wells Fargo account has been suspended! Verify your credentials immediately at http://wellsfargo-verify-login.xyz to restore access. [Case ID: 02f657],1
Your appointment with Dr. Sharma is confirmed for Tuesday at 3 PM. (Ref #1978),0
Please review the attached invoice for the software subscription renewal. (Ref #3493),0
Your debit card has been blocked. Call support immediately at 9845012345 or visit http://bank-card-reactivate.ml to prevent permanent cancellation. [Case ID: 5e76be],1
IRS Notice: Final warning! A lawsuit is filed against you for unpaid taxes. Call immediately at +1-800-555-0199 or send $500 via Bitcoin to settle. [Case ID: dfd746],1
Can you send me the lecture slides from yesterday's machine learning class? (Ref #1360),0
Did you get a chance to look at the quarterly report draft? (Ref #2132),0
"Your PayPal account was accessed from an unknown device in Russia. If this wasn't you, login now at http://paypal-security-alert.tk/auth to secure funds. [Case ID: e48e13]",1
Security Alert: Your Apple ID has been locked due to multiple failed login attempts. Verify identity at http://appleid-support-security.xyz now. [Case ID: 372d3f],1
"Bank of America Security Alert: Unauthorized transaction of $1,250.00 detected. Click http://bofa-fraud-cancel.top/cancel to reverse charge within 2 hours. [Case ID: 7895fc]",1
Can you send me the lecture slides from yesterday's machine learning class? (Ref #3007),0
The server deployment finished successfully without any downtime. (Ref #3925),0
"I'll be home in about 15 minutes, please put the dinner in the oven. (Ref #1450)",0
"Hey, are we still meeting for lunch at 12:30 today? (Ref #3022)",0
Happy birthday! Wishing you a fantastic year ahead. (Ref #2511),0
"Bank of America Security Alert: Unauthorized transaction of $1,250.00 detected. Click http://bofa-fraud-cancel.top/cancel to reverse charge within 2 hours. [Case ID: e555eb]",1
Your OTP for logging into the employee portal is 584920. Do not share with anyone. (Ref #3423),0
Please review the attached invoice for the software subscription renewal. (Ref #2909),0
IRS Notice: Final warning! A lawsuit is filed against you for unpaid taxes. Call immediately at +1-800-555-0199 or send $500 via Bitcoin to settle. [Case ID: cf004f],1
IRS Notice: Final warning! A lawsuit is filed against you for unpaid taxes. Call immediately at +1-800-555-0199 or send $500 via Bitcoin to settle. [Case ID: 655ea4],1
Did you get a chance to look at the quarterly report draft? (Ref #3054),0
"CONGRATULATIONS! You have won $1,000,000 in the International Mobile Lottery. Reply with your full name, bank account, and SSN to claim prize. [Case ID: 37a749]",1
"Job Offer: Work from home and earn $5,000/week! Send $50 registration fee via UPI / Apple Gift Card to hr@global-remote-jobs.xyz to get started. [Case ID: 298923]",1
Your OTP for logging into the employee portal is 584920. Do not share with anyone. (Ref #1530),0
Security Alert: Your Apple ID has been locked due to multiple failed login attempts. Verify identity at http://appleid-support-security.xyz now. [Case ID: 6cfe0e],1
URGENT: Your Wells Fargo account has been suspended! Verify your credentials immediately at http://wellsfargo-verify-login.xyz to restore access. [Case ID: e21e4e],1
Customs Clearance Alert: Your international parcel #US89218 is held at customs due to unpaid duties of $45. Pay now at http://customs-parcel-release.click [Case ID: e4a622],1
IRS Notice: Final warning! A lawsuit is filed against you for unpaid taxes. Call immediately at +1-800-555-0199 or send $500 via Bitcoin to settle. [Case ID: b9228e],1
Your OTP for logging into the employee portal is 584920. Do not share with anyone. (Ref #1787),0
The server deployment finished successfully without any downtime. (Ref #2325),0
Can you send me the lecture slides from yesterday's machine learning class? (Ref #1772),0
"Hey, are we still meeting for lunch at 12:30 today? (Ref #3813)",0
URGENT: Your Wells Fargo account has been suspended! Verify your credentials immediately at http://wellsfargo-verify-login.xyz to restore access. [Case ID: 194310],1
"Your PayPal account was accessed from an unknown device in Russia. If this wasn't you, login now at http://paypal-security-alert.tk/auth to secure funds. [Case ID: 2aedcb]",1
"Thanks for the meeting notes, I'll review the architecture diagram tonight. (Ref #2226)",0
Your appointment with Dr. Sharma is confirmed for Tuesday at 3 PM. (Ref #1334),0
IRS Notice: Final warning! A lawsuit is filed against you for unpaid taxes. Call immediately at +1-800-555-0199 or send $500 via Bitcoin to settle. [Case ID: e995f9],1
Your debit card has been blocked. Call support immediately at 9845012345 or visit http://bank-card-reactivate.ml to prevent permanent cancellation. [Case ID: 7f1171],1
URGENT: Your Wells Fargo account has been suspended! Verify your credentials immediately at http://wellsfargo-verify-login.xyz to restore access. [Case ID: ac1ad9],1
"Your PayPal account was accessed from an unknown device in Russia. If this wasn't you, login now at http://paypal-security-alert.tk/auth to secure funds. [Case ID: 88ef51]",1
"Your PayPal account was accessed from an unknown device in Russia. If this wasn't you, login now at http://paypal-security-alert.tk/auth to secure funds. [Case ID: e8d92f]",1
Security Alert: Your Apple ID has been locked due to multiple failed login attempts. Verify identity at http://appleid-support-security.xyz now. [Case ID: fd5c90],1
"Thanks for the meeting notes, I'll review the architecture diagram tonight. (Ref #3497)",0
"Bank of America Security Alert: Unauthorized transaction of $1,250.00 detected. Click http://bofa-fraud-cancel.top/cancel to reverse charge within 2 hours. [Case ID: 0771fc]",1
"Bank of America Security Alert: Unauthorized transaction of $1,250.00 detected. Click http://bofa-fraud-cancel.top/cancel to reverse charge within 2 hours. [Case ID: cf0596]",1
"CONGRATULATIONS! You have won $1,000,000 in the International Mobile Lottery. Reply with your full name, bank account, and SSN to claim prize. [Case ID: 1f1baa]",1
Your package from Amazon has been delivered to your front porch. (Ref #1141),0
"I'll be home in about 15 minutes, please put the dinner in the oven. (Ref #1736)",0
Your OTP for logging into the employee portal is 584920. Do not share with anyone. (Ref #1191),0
"Bank of America Security Alert: Unauthorized transaction of $1,250.00 detected. Click http://bofa-fraud-cancel.top/cancel to reverse charge within 2 hours. [Case ID: 69dafe]",1
URGENT: Your Wells Fargo account has been suspended! Verify your credentials immediately at http://wellsfargo-verify-login.xyz to restore access. [Case ID: deb54f],1
"Dear Customer, your Netflix subscription expired. Update your credit card details immediately at http://netflix-billing-update.cf or your service terminates today. [Case ID: 45645a]",1
Your OTP for logging into the employee portal is 584920. Do not share with anyone. (Ref #1453),0
Please review the attached invoice for the software subscription renewal. (Ref #2014),0
"CONGRATULATIONS! You have won $1,000,000 in the International Mobile Lottery. Reply with your full name, bank account, and SSN to claim prize. [Case ID: 8d5e95]",1
Your appointment with Dr. Sharma is confirmed for Tuesday at 3 PM. (Ref #3287),0
The flight is delayed by 20 minutes due to weather conditions. (Ref #2230),0
Your package from Amazon has been delivered to your front porch. (Ref #2410),0
"I'll be home in about 15 minutes, please put the dinner in the oven. (Ref #1973)",0
"Dear Customer, your Netflix subscription expired. Update your credit card details immediately at http://netflix-billing-update.cf or your service terminates today. [Case ID: 13f320]",1
Let's schedule a 1-on-1 sync tomorrow morning to discuss project milestones. (Ref #2933),0
"Your PayPal account was accessed from an unknown device in Russia. If this wasn't you, login now at http://paypal-security-alert.tk/auth to secure funds. [Case ID: ed3d2c]",1
The flight is delayed by 20 minutes due to weather conditions. (Ref #3099),0
Did you get a chance to look at the quarterly report draft? (Ref #3926),0
IRS Notice: Final warning! A lawsuit is filed against you for unpaid taxes. Call immediately at +1-800-555-0199 or send $500 via Bitcoin to settle. [Case ID: bdb106],1
URGENT: Your Wells Fargo account has been suspended! Verify your credentials immediately at http://wellsfargo-verify-login.xyz to restore access. [Case ID: 430c36],1
"Your PayPal account was accessed from an unknown device in Russia. If this wasn't you, login now at http://paypal-security-alert.tk/auth to secure funds. [Case ID: e74c0d]",1
The flight is delayed by 20 minutes due to weather conditions. (Ref #2072),0
"Dear Customer, your Netflix subscription expired. Update your credit card details immediately at http://netflix-billing-update.cf or your service terminates today. [Case ID: f76a89]",1
Your OTP for logging into the employee portal is 584920. Do not share with anyone. (Ref #1831),0
Your package from Amazon has been delivered to your front porch. (Ref #1994),0
The server deployment finished successfully without any downtime. (Ref #1861),0
The flight is delayed by 20 minutes due to weather conditions. (Ref #1915),0
Please review the attached invoice for the software subscription renewal. (Ref #2436),0
"Bank of America Security Alert: Unauthorized transaction of $1,250.00 detected. Click http://bofa-fraud-cancel.top/cancel to reverse charge within 2 hours. [Case ID: da4fb5]",1
Please review the attached invoice for the software subscription renewal. (Ref #1266),0
Can you send me the lecture slides from yesterday's machine learning class? (Ref #1637),0
Your debit card has been blocked. Call support immediately at 9845012345 or visit http://bank-card-reactivate.ml to prevent permanent cancellation. [Case ID: 0e4a2c],1
The flight is delayed by 20 minutes due to weather conditions. (Ref #2501),0
"Dear Customer, your Netflix subscription expired. Update your credit card details immediately at http://netflix-billing-update.cf or your service terminates today. [Case ID: 3b3dba]",1
Security Alert: Your Apple ID has been locked due to multiple failed login attempts. Verify identity at http://appleid-support-security.xyz now. [Case ID: 2647c1],1
"CONGRATULATIONS! You have won $1,000,000 in the International Mobile Lottery. Reply with your full name, bank account, and SSN to claim prize. [Case ID: a53240]",1
"I'll be home in about 15 minutes, please put the dinner in the oven. (Ref #3606)",0
"Job Offer: Work from home and earn $5,000/week! Send $50 registration fee via UPI / Apple Gift Card to hr@global-remote-jobs.xyz to get started. [Case ID: 0189ca]",1
Please review the attached invoice for the software subscription renewal. (Ref #3001),0
"Job Offer: Work from home and earn $5,000/week! Send $50 registration fee via UPI / Apple Gift Card to hr@global-remote-jobs.xyz to get started. [Case ID: f2fc99]",1
Your OTP for logging into the employee portal is 584920. Do not share with anyone. (Ref #3770),0
"Your PayPal account was accessed from an unknown device in Russia. If this wasn't you, login now at http://paypal-security-alert.tk/auth to secure funds. [Case ID: 65cc2c]",1
Customs Clearance Alert: Your international parcel #US89218 is held at customs due to unpaid duties of $45. Pay now at http://customs-parcel-release.click [Case ID: c8067a],1
IRS Notice: Final warning! A lawsuit is filed against you for unpaid taxes. Call immediately at +1-800-555-0199 or send $500 via Bitcoin to settle. [Case ID: a01607],1
"Good morning team, let's join the sprint retrospective call at 10 AM. (Ref #2497)",0
The server deployment finished successfully without any downtime. (Ref #2578),0
URGENT: Your Wells Fargo account has been suspended! Verify your credentials immediately at http://wellsfargo-verify-login.xyz to restore access. [Case ID: 2288f6],1
"Job Offer: Work from home and earn $5,000/week! Send $50 registration fee via UPI / Apple Gift Card to hr@global-remote-jobs.xyz to get started. [Case ID: 6f4920]",1
"Dear Customer, your Netflix subscription expired. Update your credit card details immediately at http://netflix-billing-update.cf or your service terminates today. [Case ID: c361bc]",1
Security Alert: Your Apple ID has been locked due to multiple failed login attempts. Verify identity at http://appleid-support-security.xyz now. [Case ID: 6e5025],1
"Hey, are we still meeting for lunch at 12:30 today? (Ref #2626)",0
The flight is delayed by 20 minutes due to weather conditions. (Ref #2859),0
Your appointment with Dr. Sharma is confirmed for Tuesday at 3 PM. (Ref #2586),0
"Your PayPal account was accessed from an unknown device in Russia. If this wasn't you, login now at http://paypal-security-alert.tk/auth to secure funds. [Case ID: 3621f1]",1
The server deployment finished successfully without any downtime. (Ref #1311),0
Happy birthday! Wishing you a fantastic year ahead. (Ref #3410),0
"Hey, are we still meeting for lunch at 12:30 today? (Ref #2991)",0
Can you send me the lecture slides from yesterday's machine learning class? (Ref #1710),0
Don't forget to push your code changes to the branch before the standup. (Ref #2039),0
"Your PayPal account was accessed from an unknown device in Russia. If this wasn't you, login now at http://paypal-security-alert.tk/auth to secure funds. [Case ID: a3fb4f]",1
Customs Clearance Alert: Your international parcel #US89218 is held at customs due to unpaid duties of $45. Pay now at http://customs-parcel-release.click [Case ID: fa3a3c],1
"Good morning team, let's join the sprint retrospective call at 10 AM. (Ref #1749)",0
"Your PayPal account was accessed from an unknown device in Russia. If this wasn't you, login now at http://paypal-security-alert.tk/auth to secure funds. [Case ID: cf2226]",1
Security Alert: Your Apple ID has been locked due to multiple failed login attempts. Verify identity at http://appleid-support-security.xyz now. [Case ID: 359365],1
"Good morning team, let's join the sprint retrospective call at 10 AM. (Ref #3527)",0
Customs Clearance Alert: Your international parcel #US89218 is held at customs due to unpaid duties of $45. Pay now at http://customs-parcel-release.click [Case ID: dc87c1],1
The server deployment finished successfully without any downtime. (Ref #3843),0
"Bank of America Security Alert: Unauthorized transaction of $1,250.00 detected. Click http://bofa-fraud-cancel.top/cancel to reverse charge within 2 hours. [Case ID: 75fc09]",1
The server deployment finished successfully without any downtime. (Ref #2186),0
The flight is delayed by 20 minutes due to weather conditions. (Ref #2677),0
Your appointment with Dr. Sharma is confirmed for Tuesday at 3 PM. (Ref #2689),0
Please review the attached invoice for the software subscription renewal. (Ref #2481),0
The flight is delayed by 20 minutes due to weather conditions. (Ref #3303),0
URGENT: Your Wells Fargo account has been suspended! Verify your credentials immediately at http://wellsfargo-verify-login.xyz to restore access. [Case ID: fecf2c],1
Can you send me the lecture slides from yesterday's machine learning class? (Ref #3374),0
"Your PayPal account was accessed from an unknown device in Russia. If this wasn't you, login now at http://paypal-security-alert.tk/auth to secure funds. [Case ID: ccbd8c]",1
Security Alert: Your Apple ID has been locked due to multiple failed login attempts. Verify identity at http://appleid-support-security.xyz now. [Case ID: 5ea164],1
URGENT: Your Wells Fargo account has been suspended! Verify your credentials immediately at http://wellsfargo-verify-login.xyz to restore access. [Case ID: 95d309],1
Don't forget to push your code changes to the branch before the standup. (Ref #3018),0
Your appointment with Dr. Sharma is confirmed for Tuesday at 3 PM. (Ref #1109),0
URGENT: Your Wells Fargo account has been suspended! Verify your credentials immediately at http://wellsfargo-verify-login.xyz to restore access. [Case ID: 184260],1
Customs Clearance Alert: Your international parcel #US89218 is held at customs due to unpaid duties of $45. Pay now at http://customs-parcel-release.click [Case ID: 00e26a],1
Your debit card has been blocked. Call support immediately at 9845012345 or visit http://bank-card-reactivate.ml to prevent permanent cancellation. [Case ID: 8a146f],1
Your debit card has been blocked. Call support immediately at 9845012345 or visit http://bank-card-reactivate.ml to prevent permanent cancellation. [Case ID: 7dcd34],1
Your appointment with Dr. Sharma is confirmed for Tuesday at 3 PM. (Ref #2776),0
"Good morning team, let's join the sprint retrospective call at 10 AM. (Ref #3032)",0
"Job Offer: Work from home and earn $5,000/week! Send $50 registration fee via UPI / Apple Gift Card to hr@global-remote-jobs.xyz to get started. [Case ID: 13f3cf]",1
"Dear Customer, your Netflix subscription expired. Update your credit card details immediately at http://netflix-billing-update.cf or your service terminates today. [Case ID: 186a15]",1
"I'll be home in about 15 minutes, please put the dinner in the oven. (Ref #1886)",0
Can you send me the lecture slides from yesterday's machine learning class? (Ref #2068),0
"Job Offer: Work from home and earn $5,000/week! Send $50 registration fee via UPI / Apple Gift Card to hr@global-remote-jobs.xyz to get started. [Case ID: d82c8d]",1
"I'll be home in about 15 minutes, please put the dinner in the oven. (Ref #3896)",0
Your appointment with Dr. Sharma is confirmed for Tuesday at 3 PM. (Ref #1551),0
"Your PayPal account was accessed from an unknown device in Russia. If this wasn't you, login now at http://paypal-security-alert.tk/auth to secure funds. [Case ID: fe9fc2]",1
Your appointment with Dr. Sharma is confirmed for Tuesday at 3 PM. (Ref #1230),0
"Your PayPal account was accessed from an unknown device in Russia. If this wasn't you, login now at http://paypal-security-alert.tk/auth to secure funds. [Case ID: a501be]",1
Happy birthday! Wishing you a fantastic year ahead. (Ref #2898),0
The flight is delayed by 20 minutes due to weather conditions. (Ref #2606),0
Don't forget to push your code changes to the branch before the standup. (Ref #2977),0
Your debit card has been blocked. Call support immediately at 9845012345 or visit http://bank-card-reactivate.ml to prevent permanent cancellation. [Case ID: 142949],1
Security Alert: Your Apple ID has been locked due to multiple failed login attempts. Verify identity at http://appleid-support-security.xyz now. [Case ID: 761c79],1
Don't forget to push your code changes to the branch before the standup. (Ref #3553),0
URGENT: Your Wells Fargo account has been suspended! Verify your credentials immediately at http://wellsfargo-verify-login.xyz to restore access. [Case ID: fea9c1],1
"Dear Customer, your Netflix subscription expired. Update your credit card details immediately at http://netflix-billing-update.cf or your service terminates today. [Case ID: a9b7ba]",1
Can you send me the lecture slides from yesterday's machine learning class? (Ref #2813),0
The server deployment finished successfully without any downtime. (Ref #2032),0
The server deployment finished successfully without any downtime. (Ref #2444),0
"Your PayPal account was accessed from an unknown device in Russia. If this wasn't you, login now at http://paypal-security-alert.tk/auth to secure funds. [Case ID: 7bd28f]",1
"Job Offer: Work from home and earn $5,000/week! Send $50 registration fee via UPI / Apple Gift Card to hr@global-remote-jobs.xyz to get started. [Case ID: d58072]",1
"CONGRATULATIONS! You have won $1,000,000 in the International Mobile Lottery. Reply with your full name, bank account, and SSN to claim prize. [Case ID: 6a61d4]",1
Customs Clearance Alert: Your international parcel #US89218 is held at customs due to unpaid duties of $45. Pay now at http://customs-parcel-release.click [Case ID: ca4310],1
"Hey, are we still meeting for lunch at 12:30 today? (Ref #3381)",0
Your appointment with Dr. Sharma is confirmed for Tuesday at 3 PM. (Ref #3956),0
Your package from Amazon has been delivered to your front porch. (Ref #1323),0
URGENT: Your Wells Fargo account has been suspended! Verify your credentials immediately at http://wellsfargo-verify-login.xyz to restore access. [Case ID: 7634ea],1
"CONGRATULATIONS! You have won $1,000,000 in the International Mobile Lottery. Reply with your full name, bank account, and SSN to claim prize. [Case ID: 4e0cb6]",1
Your package from Amazon has been delivered to your front porch. (Ref #3096),0
Don't forget to push your code changes to the branch before the standup. (Ref #1682),0
The server deployment finished successfully without any downtime. (Ref #3286),0
"Hey, are we still meeting for lunch at 12:30 today? (Ref #1273)",0
"Thanks for the meeting notes, I'll review the architecture diagram tonight. (Ref #2498)",0
URGENT: Your Wells Fargo account has been suspended! Verify your credentials immediately at http://wellsfargo-verify-login.xyz to restore access. [Case ID: 2f29b6],1
"Bank of America Security Alert: Unauthorized transaction of $1,250.00 detected. Click http://bofa-fraud-cancel.top/cancel to reverse charge within 2 hours. [Case ID: 6f3e29]",1
"CONGRATULATIONS! You have won $1,000,000 in the International Mobile Lottery. Reply with your full name, bank account, and SSN to claim prize. [Case ID: 01f78b]",1
Please review the attached invoice for the software subscription renewal. (Ref #1903),0
IRS Notice: Final warning! A lawsuit is filed against you for unpaid taxes. Call immediately at +1-800-555-0199 or send $500 via Bitcoin to settle. [Case ID: d93ed5],1
Your debit card has been blocked. Call support immediately at 9845012345 or visit http://bank-card-reactivate.ml to prevent permanent cancellation. [Case ID: db9eeb],1
Security Alert: Your Apple ID has been locked due to multiple failed login attempts. Verify identity at http://appleid-support-security.xyz now. [Case ID: b3b43a],1
Your OTP for logging into the employee portal is 584920. Do not share with anyone. (Ref #3986),0
"I'll be home in about 15 minutes, please put the dinner in the oven. (Ref #3115)",0
The flight is delayed by 20 minutes due to weather conditions. (Ref #1023),0
Don't forget to push your code changes to the branch before the standup. (Ref #1307),0
"Your PayPal account was accessed from an unknown device in Russia. If this wasn't you, login now at http://paypal-security-alert.tk/auth to secure funds. [Case ID: f6c79f]",1
"Job Offer: Work from home and earn $5,000/week! Send $50 registration fee via UPI / Apple Gift Card to hr@global-remote-jobs.xyz to get started. [Case ID: c54e78]",1
Customs Clearance Alert: Your international parcel #US89218 is held at customs due to unpaid duties of $45. Pay now at http://customs-parcel-release.click [Case ID: fae0b2],1
Your OTP for logging into the employee portal is 584920. Do not share with anyone. (Ref #3498),0
"CONGRATULATIONS! You have won $1,000,000 in the International Mobile Lottery. Reply with your full name, bank account, and SSN to claim prize. [Case ID: d77f00]",1
URGENT: Your Wells Fargo account has been suspended! Verify your credentials immediately at http://wellsfargo-verify-login.xyz to restore access. [Case ID: b1eec3],1
Did you get a chance to look at the quarterly report draft? (Ref #1745),0
"CONGRATULATIONS! You have won $1,000,000 in the International Mobile Lottery. Reply with your full name, bank account, and SSN to claim prize. [Case ID: e34084]",1
The flight is delayed by 20 minutes due to weather conditions. (Ref #2381),0
Customs Clearance Alert: Your international parcel #US89218 is held at customs due to unpaid duties of $45. Pay now at http://customs-parcel-release.click [Case ID: 0f9661],1
Your debit card has been blocked. Call support immediately at 9845012345 or visit http://bank-card-reactivate.ml to prevent permanent cancellation. [Case ID: 48aedb],1
Customs Clearance Alert: Your international parcel #US89218 is held at customs due to unpaid duties of $45. Pay now at http://customs-parcel-release.click [Case ID: c88d8d],1
"I'll be home in about 15 minutes, please put the dinner in the oven. (Ref #2544)",0
"Job Offer: Work from home and earn $5,000/week! Send $50 registration fee via UPI / Apple Gift Card to hr@global-remote-jobs.xyz to get started. [Case ID: e1d5be]",1
Did you get a chance to look at the quarterly report draft? (Ref #2483),0
"Good morning team, let's join the sprint retrospective call at 10 AM. (Ref #2798)",0
Your debit card has been blocked. Call support immediately at 9845012345 or visit http://bank-card-reactivate.ml to prevent permanent cancellation. [Case ID: 295235],1
Your debit card has been blocked. Call support immediately at 9845012345 or visit http://bank-card-reactivate.ml to prevent permanent cancellation. [Case ID: a2137a],1
"Good morning team, let's join the sprint retrospective call at 10 AM. (Ref #1410)",0
"Bank of America Security Alert: Unauthorized transaction of $1,250.00 detected. Click http://bofa-fraud-cancel.top/cancel to reverse charge within 2 hours. [Case ID: 5227b6]",1
Please review the attached invoice for the software subscription renewal. (Ref #1674),0
"Good morning team, let's join the sprint retrospective call at 10 AM. (Ref #3685)",0
The server deployment finished successfully without any downtime. (Ref #3269),0
"Thanks for the meeting notes, I'll review the architecture diagram tonight. (Ref #3053)",0
"Bank of America Security Alert: Unauthorized transaction of $1,250.00 detected. Click http://bofa-fraud-cancel.top/cancel to reverse charge within 2 hours. [Case ID: c3992e]",1
The server deployment finished successfully without any downtime. (Ref #2932),0
"Thanks for the meeting notes, I'll review the architecture diagram tonight. (Ref #1621)",0
"Bank of America Security Alert: Unauthorized transaction of $1,250.00 detected. Click http://bofa-fraud-cancel.top/cancel to reverse charge within 2 hours. [Case ID: 226d1f]",1
URGENT: Your Wells Fargo account has been suspended! Verify your credentials immediately at http://wellsfargo-verify-login.xyz to restore access. [Case ID: 2b3bf3],1
"I'll be home in about 15 minutes, please put the dinner in the oven. (Ref #2223)",0
Your appointment with Dr. Sharma is confirmed for Tuesday at 3 PM. (Ref #1008),0
"Thanks for the meeting notes, I'll review the architecture diagram tonight. (Ref #1771)",0
Your debit card has been blocked. Call support immediately at 9845012345 or visit http://bank-card-reactivate.ml to prevent permanent cancellation. [Case ID: 01894d],1
Your OTP for logging into the employee portal is 584920. Do not share with anyone. (Ref #1711),0
Your OTP for logging into the employee portal is 584920. Do not share with anyone. (Ref #3836),0
Happy birthday! Wishing you a fantastic year ahead. (Ref #3591),0
"CONGRATULATIONS! You have won $1,000,000 in the International Mobile Lottery. Reply with your full name, bank account, and SSN to claim prize. [Case ID: 9b8619]",1
The flight is delayed by 20 minutes due to weather conditions. (Ref #3042),0
The server deployment finished successfully without any downtime. (Ref #1457),0
Let's schedule a 1-on-1 sync tomorrow morning to discuss project milestones. (Ref #3595),0
"Thanks for the meeting notes, I'll review the architecture diagram tonight. (Ref #3535)",0
Your appointment with Dr. Sharma is confirmed for Tuesday at 3 PM. (Ref #2658),0
"Job Offer: Work from home and earn $5,000/week! Send $50 registration fee via UPI / Apple Gift Card to hr@global-remote-jobs.xyz to get started. [Case ID: 536a76]",1
"Hey, are we still meeting for lunch at 12:30 today? (Ref #1664)",0
"Job Offer: Work from home and earn $5,000/week! Send $50 registration fee via UPI / Apple Gift Card to hr@global-remote-jobs.xyz to get started. [Case ID: 1f4fe6]",1
"Dear Customer, your Netflix subscription expired. Update your credit card details immediately at http://netflix-billing-update.cf or your service terminates today. [Case ID: 598b3e]",1
Your OTP for logging into the employee portal is 584920. Do not share with anyone. (Ref #1129),0
"Job Offer: Work from home and earn $5,000/week! Send $50 registration fee via UPI / Apple Gift Card to hr@global-remote-jobs.xyz to get started. [Case ID: dda04f]",1
Your package from Amazon has been delivered to your front porch. (Ref #1686),0
"Bank of America Security Alert: Unauthorized transaction of $1,250.00 detected. Click http://bofa-fraud-cancel.top/cancel to reverse charge within 2 hours. [Case ID: 01e956]",1
Happy birthday! Wishing you a fantastic year ahead. (Ref #1636),0
Can you send me the lecture slides from yesterday's machine learning class? (Ref #1601),0
"Hey, are we still meeting for lunch at 12:30 today? (Ref #3968)",0
Did you get a chance to look at the quarterly report draft? (Ref #3087),0
Don't forget to push your code changes to the branch before the standup. (Ref #1806),0
The flight is delayed by 20 minutes due to weather conditions. (Ref #2164),0
"Hey, are we still meeting for lunch at 12:30 today? (Ref #3752)",0
Happy birthday! Wishing you a fantastic year ahead. (Ref #2407),0
IRS Notice: Final warning! A lawsuit is filed against you for unpaid taxes. Call immediately at +1-800-555-0199 or send $500 via Bitcoin to settle. [Case ID: 47810f],1
IRS Notice: Final warning! A lawsuit is filed against you for unpaid taxes. Call immediately at +1-800-555-0199 or send $500 via Bitcoin to settle. [Case ID: beb22f],1
Your package from Amazon has been delivered to your front porch. (Ref #1049),0
IRS Notice: Final warning! A lawsuit is filed against you for unpaid taxes. Call immediately at +1-800-555-0199 or send $500 via Bitcoin to settle. [Case ID: 6be533],1
Security Alert: Your Apple ID has been locked due to multiple failed login attempts. Verify identity at http://appleid-support-security.xyz now. [Case ID: ed4227],1
"Your PayPal account was accessed from an unknown device in Russia. If this wasn't you, login now at http://paypal-security-alert.tk/auth to secure funds. [Case ID: a8f8f6]",1
"Good morning team, let's join the sprint retrospective call at 10 AM. (Ref #1676)",0
"CONGRATULATIONS! You have won $1,000,000 in the International Mobile Lottery. Reply with your full name, bank account, and SSN to claim prize. [Case ID: ee8374]",1
Security Alert: Your Apple ID has been locked due to multiple failed login attempts. Verify identity at http://appleid-support-security.xyz now. [Case ID: a5cdd4],1
Your appointment with Dr. Sharma is confirmed for Tuesday at 3 PM. (Ref #2825),0
Can you send me the lecture slides from yesterday's machine learning class? (Ref #1291),0
"Job Offer: Work from home and earn $5,000/week! Send $50 registration fee via UPI / Apple Gift Card to hr@global-remote-jobs.xyz to get started. [Case ID: 02e656]",1
"Thanks for the meeting notes, I'll review the architecture diagram tonight. (Ref #1296)",0
"Job Offer: Work from home and earn $5,000/week! Send $50 registration fee via UPI / Apple Gift Card to hr@global-remote-jobs.xyz to get started. [Case ID: 692f93]",1
"Hey, are we still meeting for lunch at 12:30 today? (Ref #3720)",0
Your package from Amazon has been delivered to your front porch. (Ref #3221),0
Don't forget to push your code changes to the branch before the standup. (Ref #3252),0
"Hey, are we still meeting for lunch at 12:30 today? (Ref #2394)",0
Security Alert: Your Apple ID has been locked due to multiple failed login attempts. Verify identity at http://appleid-support-security.xyz now. [Case ID: 89f0fd],1
The flight is delayed by 20 minutes due to weather conditions. (Ref #3157),0
Don't forget to push your code changes to the branch before the standup. (Ref #2927),0
"CONGRATULATIONS! You have won $1,000,000 in the International Mobile Lottery. Reply with your full name, bank account, and SSN to claim prize. [Case ID: d09bf4]",1
Can you send me the lecture slides from yesterday's machine learning class? (Ref #3756),0
IRS Notice: Final warning! A lawsuit is filed against you for unpaid taxes. Call immediately at +1-800-555-0199 or send $500 via Bitcoin to settle. [Case ID: 2d579d],1
IRS Notice: Final warning! A lawsuit is filed against you for unpaid taxes. Call immediately at +1-800-555-0199 or send $500 via Bitcoin to settle. [Case ID: 040259],1
The server deployment finished successfully without any downtime. (Ref #1893),0
"Job Offer: Work from home and earn $5,000/week! Send $50 registration fee via UPI / Apple Gift Card to hr@global-remote-jobs.xyz to get started. [Case ID: 84c649]",1
"CONGRATULATIONS! You have won $1,000,000 in the International Mobile Lottery. Reply with your full name, bank account, and SSN to claim prize. [Case ID: 8c9f32]",1
Your debit card has been blocked. Call support immediately at 9845012345 or visit http://bank-card-reactivate.ml to prevent permanent cancellation. [Case ID: fc4ddc],1
"Hey, are we still meeting for lunch at 12:30 today? (Ref #1544)",0
"Good morning team, let's join the sprint retrospective call at 10 AM. (Ref #3745)",0
Your OTP for logging into the employee portal is 584920. Do not share with anyone. (Ref #1598),0
"Thanks for the meeting notes, I'll review the architecture diagram tonight. (Ref #3916)",0
The flight is delayed by 20 minutes due to weather conditions. (Ref #2615),0
"Hey, are we still meeting for lunch at 12:30 today? (Ref #1535)",0
The flight is delayed by 20 minutes due to weather conditions. (Ref #3213),0
Don't forget to push your code changes to the branch before the standup. (Ref #3991),0
Happy birthday! Wishing you a fantastic year ahead. (Ref #3248),0
"CONGRATULATIONS! You have won $1,000,000 in the International Mobile Lottery. Reply with your full name, bank account, and SSN to claim prize. [Case ID: 7940ab]",1
Can you send me the lecture slides from yesterday's machine learning class? (Ref #2666),0
Your OTP for logging into the employee portal is 584920. Do not share with anyone. (Ref #3779),0
Your OTP for logging into the employee portal is 584920. Do not share with anyone. (Ref #3446),0
"Thanks for the meeting notes, I'll review the architecture diagram tonight. (Ref #2550)",0
IRS Notice: Final warning! A lawsuit is filed against you for unpaid taxes. Call immediately at +1-800-555-0199 or send $500 via Bitcoin to settle. [Case ID: dc912a],1
URGENT: Your Wells Fargo account has been suspended! Verify your credentials immediately at http://wellsfargo-verify-login.xyz to restore access. [Case ID: bad5f3],1
URGENT: Your Wells Fargo account has been suspended! Verify your credentials immediately at http://wellsfargo-verify-login.xyz to restore access. [Case ID: 078719],1
IRS Notice: Final warning! A lawsuit is filed against you for unpaid taxes. Call immediately at +1-800-555-0199 or send $500 via Bitcoin to settle. [Case ID: 149815],1
Can you send me the lecture slides from yesterday's machine learning class? (Ref #2797),0
"Job Offer: Work from home and earn $5,000/week! Send $50 registration fee via UPI / Apple Gift Card to hr@global-remote-jobs.xyz to get started. [Case ID: f8c0c9]",1
Happy birthday! Wishing you a fantastic year ahead. (Ref #1897),0
IRS Notice: Final warning! A lawsuit is filed against you for unpaid taxes. Call immediately at +1-800-555-0199 or send $500 via Bitcoin to settle. [Case ID: 7bb060],1
"Hey, are we still meeting for lunch at 12:30 today? (Ref #2590)",0
"I'll be home in about 15 minutes, please put the dinner in the oven. (Ref #1922)",0
Please review the attached invoice for the software subscription renewal. (Ref #1778),0
Customs Clearance Alert: Your international parcel #US89218 is held at customs due to unpaid duties of $45. Pay now at http://customs-parcel-release.click [Case ID: 170000],1
Your OTP for logging into the employee portal is 584920. Do not share with anyone. (Ref #1843),0
"Good morning team, let's join the sprint retrospective call at 10 AM. (Ref #3816)",0
Your debit card has been blocked. Call support immediately at 9845012345 or visit http://bank-card-reactivate.ml to prevent permanent cancellation. [Case ID: 274ad4],1
The flight is delayed by 20 minutes due to weather conditions. (Ref #2743),0
Can you send me the lecture slides from yesterday's machine learning class? (Ref #2113),0
Let's schedule a 1-on-1 sync tomorrow morning to discuss project milestones. (Ref #1199),0
IRS Notice: Final warning! A lawsuit is filed against you for unpaid taxes. Call immediately at +1-800-555-0199 or send $500 via Bitcoin to settle. [Case ID: fc2c7c],1
Customs Clearance Alert: Your international parcel #US89218 is held at customs due to unpaid duties of $45. Pay now at http://customs-parcel-release.click [Case ID: bffc98],1
Did you get a chance to look at the quarterly report draft? (Ref #1013),0
"Bank of America Security Alert: Unauthorized transaction of $1,250.00 detected. Click http://bofa-fraud-cancel.top/cancel to reverse charge within 2 hours. [Case ID: 959a55]",1
"Job Offer: Work from home and earn $5,000/week! Send $50 registration fee via UPI / Apple Gift Card to hr@global-remote-jobs.xyz to get started. [Case ID: 20c9f5]",1
"Bank of America Security Alert: Unauthorized transaction of $1,250.00 detected. Click http://bofa-fraud-cancel.top/cancel to reverse charge within 2 hours. [Case ID: ba2fd3]",1
Let's schedule a 1-on-1 sync tomorrow morning to discuss project milestones. (Ref #1757),0
Let's schedule a 1-on-1 sync tomorrow morning to discuss project milestones. (Ref #1529),0
URGENT: Your Wells Fargo account has been suspended! Verify your credentials immediately at http://wellsfargo-verify-login.xyz to restore access. [Case ID: e0ab53],1
Please review the attached invoice for the software subscription renewal. (Ref #1533),0
Your appointment with Dr. Sharma is confirmed for Tuesday at 3 PM. (Ref #3705),0
Your appointment with Dr. Sharma is confirmed for Tuesday at 3 PM. (Ref #2389),0
"I'll be home in about 15 minutes, please put the dinner in the oven. (Ref #3769)",0
Don't forget to push your code changes to the branch before the standup. (Ref #3292),0
Don't forget to push your code changes to the branch before the standup. (Ref #2967),0
"Job Offer: Work from home and earn $5,000/week! Send $50 registration fee via UPI / Apple Gift Card to hr@global-remote-jobs.xyz to get started. [Case ID: 9d28de]",1
Can you send me the lecture slides from yesterday's machine learning class? (Ref #2315),0
"Dear Customer, your Netflix subscription expired. Update your credit card details immediately at http://netflix-billing-update.cf or your service terminates today. [Case ID: d827f1]",1
The server deployment finished successfully without any downtime. (Ref #3937),0
Did you get a chance to look at the quarterly report draft? (Ref #3298),0
Did you get a chance to look at the quarterly report draft? (Ref #2304),0
Let's schedule a 1-on-1 sync tomorrow morning to discuss project milestones. (Ref #3092),0
Please review the attached invoice for the software subscription renewal. (Ref #3627),0
Your OTP for logging into the employee portal is 584920. Do not share with anyone. (Ref #3283),0
"I'll be home in about 15 minutes, please put the dinner in the oven. (Ref #2883)",0
Customs Clearance Alert: Your international parcel #US89218 is held at customs due to unpaid duties of $45. Pay now at http://customs-parcel-release.click [Case ID: 9d2682],1
"Hey, are we still meeting for lunch at 12:30 today? (Ref #1354)",0
Happy birthday! Wishing you a fantastic year ahead. (Ref #1553),0
The server deployment finished successfully without any downtime. (Ref #3657),0
URGENT: Your Wells Fargo account has been suspended! Verify your credentials immediately at http://wellsfargo-verify-login.xyz to restore access. [Case ID: 955cb5],1
Don't forget to push your code changes to the branch before the standup. (Ref #2973),0
Please review the attached invoice for the software subscription renewal. (Ref #2970),0
Did you get a chance to look at the quarterly report draft? (Ref #3448),0
"Hey, are we still meeting for lunch at 12:30 today? (Ref #2894)",0
"Dear Customer, your Netflix subscription expired. Update your credit card details immediately at http://netflix-billing-update.cf or your service terminates today. [Case ID: 6aab12]",1
"Hey, are we still meeting for lunch at 12:30 today? (Ref #1629)",0
Don't forget to push your code changes to the branch before the standup. (Ref #3738),0
Customs Clearance Alert: Your international parcel #US89218 is held at customs due to unpaid duties of $45. Pay now at http://customs-parcel-release.click [Case ID: 8f121c],1
Please review the attached invoice for the software subscription renewal. (Ref #1701),0
URGENT: Your Wells Fargo account has been suspended! Verify your credentials immediately at http://wellsfargo-verify-login.xyz to restore access. [Case ID: 14bfa6],1
"Good morning team, let's join the sprint retrospective call at 10 AM. (Ref #1231)",0
"Your PayPal account was accessed from an unknown device in Russia. If this wasn't you, login now at http://paypal-security-alert.tk/auth to secure funds. [Case ID: 608159]",1
"Good morning team, let's join the sprint retrospective call at 10 AM. (Ref #2356)",0
"Bank of America Security Alert: Unauthorized transaction of $1,250.00 detected. Click http://bofa-fraud-cancel.top/cancel to reverse charge within 2 hours. [Case ID: 5b168f]",1
Your package from Amazon has been delivered to your front porch. (Ref #2403),0
Can you send me the lecture slides from yesterday's machine learning class? (Ref #2780),0
"Job Offer: Work from home and earn $5,000/week! Send $50 registration fee via UPI / Apple Gift Card to hr@global-remote-jobs.xyz to get started. [Case ID: 8ebda5]",1
Your OTP for logging into the employee portal is 584920. Do not share with anyone. (Ref #2963),0
URGENT: Your Wells Fargo account has been suspended! Verify your credentials immediately at http://wellsfargo-verify-login.xyz to restore access. [Case ID: e82c4b],1
Please review the attached invoice for the software subscription renewal. (Ref #2918),0
The server deployment finished successfully without any downtime. (Ref #3700),0
Don't forget to push your code changes to the branch before the standup. (Ref #2343),0
Your debit card has been blocked. Call support immediately at 9845012345 or visit http://bank-card-reactivate.ml to prevent permanent cancellation. [Case ID: b139e1],1
"Hey, are we still meeting for lunch at 12:30 today? (Ref #1376)",0
Your appointment with Dr. Sharma is confirmed for Tuesday at 3 PM. (Ref #3495),0
IRS Notice: Final warning! A lawsuit is filed against you for unpaid taxes. Call immediately at +1-800-555-0199 or send $500 via Bitcoin to settle. [Case ID: 6b1800],1
"CONGRATULATIONS! You have won $1,000,000 in the International Mobile Lottery. Reply with your full name, bank account, and SSN to claim prize. [Case ID: 15d185]",1
Security Alert: Your Apple ID has been locked due to multiple failed login attempts. Verify identity at http://appleid-support-security.xyz now. [Case ID: d54e99],1
"Hey, are we still meeting for lunch at 12:30 today? (Ref #2295)",0
"CONGRATULATIONS! You have won $1,000,000 in the International Mobile Lottery. Reply with your full name, bank account, and SSN to claim prize. [Case ID: 9b70e8]",1
Don't forget to push your code changes to the branch before the standup. (Ref #1590),0
Security Alert: Your Apple ID has been locked due to multiple failed login attempts. Verify identity at http://appleid-support-security.xyz now. [Case ID: 18ead4],1
"CONGRATULATIONS! You have won $1,000,000 in the International Mobile Lottery. Reply with your full name, bank account, and SSN to claim prize. [Case ID: ec5dec]",1
Your debit card has been blocked. Call support immediately at 9845012345 or visit http://bank-card-reactivate.ml to prevent permanent cancellation. [Case ID: 08b255],1
"Your PayPal account was accessed from an unknown device in Russia. If this wasn't you, login now at http://paypal-security-alert.tk/auth to secure funds. [Case ID: fd2c5e]",1
The server deployment finished successfully without any downtime. (Ref #2536),0
"Hey, are we still meeting for lunch at 12:30 today? (Ref #1265)",0
"I'll be home in about 15 minutes, please put the dinner in the oven. (Ref #1218)",0
"CONGRATULATIONS! You have won $1,000,000 in the International Mobile Lottery. Reply with your full name, bank account, and SSN to claim prize. [Case ID: 299a23]",1
"CONGRATULATIONS! You have won $1,000,000 in the International Mobile Lottery. Reply with your full name, bank account, and SSN to claim prize. [Case ID: 45fbc6]",1
Security Alert: Your Apple ID has been locked due to multiple failed login attempts. Verify identity at http://appleid-support-security.xyz now. [Case ID: 7cbbc4],1
Your package from Amazon has been delivered to your front porch. (Ref #1365),0
Security Alert: Your Apple ID has been locked due to multiple failed login attempts. Verify identity at http://appleid-support-security.xyz now. [Case ID: 4c27ce],1
"Job Offer: Work from home and earn $5,000/week! Send $50 registration fee via UPI / Apple Gift Card to hr@global-remote-jobs.xyz to get started. [Case ID: c4492c]",1
"Good morning team, let's join the sprint retrospective call at 10 AM. (Ref #2285)",0
"Your PayPal account was accessed from an unknown device in Russia. If this wasn't you, login now at http://paypal-security-alert.tk/auth to secure funds. [Case ID: f31739]",1
Your appointment with Dr. Sharma is confirmed for Tuesday at 3 PM. (Ref #3857),0
Did you get a chance to look at the quarterly report draft? (Ref #2229),0
Did you get a chance to look at the quarterly report draft? (Ref #2858),0
Your package from Amazon has been delivered to your front porch. (Ref #3953),0
"Thanks for the meeting notes, I'll review the architecture diagram tonight. (Ref #1207)",0
The server deployment finished successfully without any downtime. (Ref #3726),0
Happy birthday! Wishing you a fantastic year ahead. (Ref #2592),0
Let's schedule a 1-on-1 sync tomorrow morning to discuss project milestones. (Ref #3755),0
The flight is delayed by 20 minutes due to weather conditions. (Ref #2926),0
"CONGRATULATIONS! You have won $1,000,000 in the International Mobile Lottery. Reply with your full name, bank account, and SSN to claim prize. [Case ID: 8d3bba]",1
Let's schedule a 1-on-1 sync tomorrow morning to discuss project milestones. (Ref #1025),0
"Your PayPal account was accessed from an unknown device in Russia. If this wasn't you, login now at http://paypal-security-alert.tk/auth to secure funds. [Case ID: 06d5ae]",1
"I'll be home in about 15 minutes, please put the dinner in the oven. (Ref #3758)",0
"Dear Customer, your Netflix subscription expired. Update your credit card details immediately at http://netflix-billing-update.cf or your service terminates today. [Case ID: 182be0]",1
Please review the attached invoice for the software subscription renewal. (Ref #2134),0
Your debit card has been blocked. Call support immediately at 9845012345 or visit http://bank-card-reactivate.ml to prevent permanent cancellation. [Case ID: 6c9882],1
"Job Offer: Work from home and earn $5,000/week! Send $50 registration fee via UPI / Apple Gift Card to hr@global-remote-jobs.xyz to get started. [Case ID: a4d2f0]",1
Customs Clearance Alert: Your international parcel #US89218 is held at customs due to unpaid duties of $45. Pay now at http://customs-parcel-release.click [Case ID: ab2b41],1
URGENT: Your Wells Fargo account has been suspended! Verify your credentials immediately at http://wellsfargo-verify-login.xyz to restore access. [Case ID: 18bb68],1
Your package from Amazon has been delivered to your front porch. (Ref #3979),0
Your OTP for logging into the employee portal is 584920. Do not share with anyone. (Ref #1677),0
Happy birthday! Wishing you a fantastic year ahead. (Ref #1610),0
"Your PayPal account was accessed from an unknown device in Russia. If this wasn't you, login now at http://paypal-security-alert.tk/auth to secure funds. [Case ID: ce7584]",1
The flight is delayed by 20 minutes due to weather conditions. (Ref #3596),0
Happy birthday! Wishing you a fantastic year ahead. (Ref #3246),0
"Good morning team, let's join the sprint retrospective call at 10 AM. (Ref #1292)",0
"Good morning team, let's join the sprint retrospective call at 10 AM. (Ref #3140)",0
Please review the attached invoice for the software subscription renewal. (Ref #1808),0
IRS Notice: Final warning! A lawsuit is filed against you for unpaid taxes. Call immediately at +1-800-555-0199 or send $500 via Bitcoin to settle. [Case ID: eddb90],1
Can you send me the lecture slides from yesterday's machine learning class? (Ref #1609),0
"Dear Customer, your Netflix subscription expired. Update your credit card details immediately at http://netflix-billing-update.cf or your service terminates today. [Case ID: 9407c8]",1
"I'll be home in about 15 minutes, please put the dinner in the oven. (Ref #1805)",0
Your OTP for logging into the employee portal is 584920. Do not share with anyone. (Ref #1811),0
Did you get a chance to look at the quarterly report draft? (Ref #3399),0
"Job Offer: Work from home and earn $5,000/week! Send $50 registration fee via UPI / Apple Gift Card to hr@global-remote-jobs.xyz to get started. [Case ID: eae27d]",1
"CONGRATULATIONS! You have won $1,000,000 in the International Mobile Lottery. Reply with your full name, bank account, and SSN to claim prize. [Case ID: 4122cb]",1
URGENT: Your Wells Fargo account has been suspended! Verify your credentials immediately at http://wellsfargo-verify-login.xyz to restore access. [Case ID: 30aaf3],1
"Good morning team, let's join the sprint retrospective call at 10 AM. (Ref #3257)",0
Did you get a chance to look at the quarterly report draft? (Ref #3297),0
Did you get a chance to look at the quarterly report draft? (Ref #2805),0
Happy birthday! Wishing you a fantastic year ahead. (Ref #2784),0
Did you get a chance to look at the quarterly report draft? (Ref #3290),0
"Good morning team, let's join the sprint retrospective call at 10 AM. (Ref #1548)",0
Security Alert: Your Apple ID has been locked due to multiple failed login attempts. Verify identity at http://appleid-support-security.xyz now. [Case ID: b8b4b7],1
Your debit card has been blocked. Call support immediately at 9845012345 or visit http://bank-card-reactivate.ml to prevent permanent cancellation. [Case ID: bd5af7],1
IRS Notice: Final warning! A lawsuit is filed against you for unpaid taxes. Call immediately at +1-800-555-0199 or send $500 via Bitcoin to settle. [Case ID: c45008],1
"Bank of America Security Alert: Unauthorized transaction of $1,250.00 detected. Click http://bofa-fraud-cancel.top/cancel to reverse charge within 2 hours. [Case ID: 5d6646]",1
"Bank of America Security Alert: Unauthorized transaction of $1,250.00 detected. Click http://bofa-fraud-cancel.top/cancel to reverse charge within 2 hours. [Case ID: 299fb2]",1
URGENT: Your Wells Fargo account has been suspended! Verify your credentials immediately at http://wellsfargo-verify-login.xyz to restore access. [Case ID: 10a7cd],1
"Dear Customer, your Netflix subscription expired. Update your credit card details immediately at http://netflix-billing-update.cf or your service terminates today. [Case ID: 3683af]",1
Security Alert: Your Apple ID has been locked due to multiple failed login attempts. Verify identity at http://appleid-support-security.xyz now. [Case ID: 54229a],1
Your OTP for logging into the employee portal is 584920. Do not share with anyone. (Ref #3114),0
Please review the attached invoice for the software subscription renewal. (Ref #2915),0
Did you get a chance to look at the quarterly report draft? (Ref #2877),0
Your debit card has been blocked. Call support immediately at 9845012345 or visit http://bank-card-reactivate.ml to prevent permanent cancellation. [Case ID: 8b0d26],1
"Job Offer: Work from home and earn $5,000/week! Send $50 registration fee via UPI / Apple Gift Card to hr@global-remote-jobs.xyz to get started. [Case ID: 7cc234]",1
Security Alert: Your Apple ID has been locked due to multiple failed login attempts. Verify identity at http://appleid-support-security.xyz now. [Case ID: 70fcb7],1
Your package from Amazon has been delivered to your front porch. (Ref #2950),0
"Good morning team, let's join the sprint retrospective call at 10 AM. (Ref #3411)",0
"Job Offer: Work from home and earn $5,000/week! Send $50 registration fee via UPI / Apple Gift Card to hr@global-remote-jobs.xyz to get started. [Case ID: facf9f]",1
"Dear Customer, your Netflix subscription expired. Update your credit card details immediately at http://netflix-billing-update.cf or your service terminates today. [Case ID: d8700c]",1
"I'll be home in about 15 minutes, please put the dinner in the oven. (Ref #1582)",0
"CONGRATULATIONS! You have won $1,000,000 in the International Mobile Lottery. Reply with your full name, bank account, and SSN to claim prize. [Case ID: 38db3a]",1
"Job Offer: Work from home and earn $5,000/week! Send $50 registration fee via UPI / Apple Gift Card to hr@global-remote-jobs.xyz to get started. [Case ID: a1d731]",1
Happy birthday! Wishing you a fantastic year ahead. (Ref #1422),0
Security Alert: Your Apple ID has been locked due to multiple failed login attempts. Verify identity at http://appleid-support-security.xyz now. [Case ID: f79921],1
"Good morning team, let's join the sprint retrospective call at 10 AM. (Ref #1542)",0
Customs Clearance Alert: Your international parcel #US89218 is held at customs due to unpaid duties of $45. Pay now at http://customs-parcel-release.click [Case ID: 41e763],1
"Dear Customer, your Netflix subscription expired. Update your credit card details immediately at http://netflix-billing-update.cf or your service terminates today. [Case ID: 04ad56]",1
"Your PayPal account was accessed from an unknown device in Russia. If this wasn't you, login now at http://paypal-security-alert.tk/auth to secure funds. [Case ID: 1c6a01]",1
"Good morning team, let's join the sprint retrospective call at 10 AM. (Ref #1028)",0
"Job Offer: Work from home and earn $5,000/week! Send $50 registration fee via UPI / Apple Gift Card to hr@global-remote-jobs.xyz to get started. [Case ID: 2d3acd]",1
URGENT: Your Wells Fargo account has been suspended! Verify your credentials immediately at http://wellsfargo-verify-login.xyz to restore access. [Case ID: 076828],1
Happy birthday! Wishing you a fantastic year ahead. (Ref #3268),0
The flight is delayed by 20 minutes due to weather conditions. (Ref #1594),0
Let's schedule a 1-on-1 sync tomorrow morning to discuss project milestones. (Ref #2244),0
Your debit card has been blocked. Call support immediately at 9845012345 or visit http://bank-card-reactivate.ml to prevent permanent cancellation. [Case ID: 7eb3c8],1
"Dear Customer, your Netflix subscription expired. Update your credit card details immediately at http://netflix-billing-update.cf or your service terminates today. [Case ID: 8e2cfd]",1
Customs Clearance Alert: Your international parcel #US89218 is held at customs due to unpaid duties of $45. Pay now at http://customs-parcel-release.click [Case ID: 6c97cd],1
Your debit card has been blocked. Call support immediately at 9845012345 or visit http://bank-card-reactivate.ml to prevent permanent cancellation. [Case ID: eb0ecd],1
"CONGRATULATIONS! You have won $1,000,000 in the International Mobile Lottery. Reply with your full name, bank account, and SSN to claim prize. [Case ID: 4496bf]",1
The server deployment finished successfully without any downtime. (Ref #3978),0
Customs Clearance Alert: Your international parcel #US89218 is held at customs due to unpaid duties of $45. Pay now at http://customs-parcel-release.click [Case ID: 20d135],1
Let's schedule a 1-on-1 sync tomorrow morning to discuss project milestones. (Ref #1891),0
Don't forget to push your code changes to the branch before the standup. (Ref #3965),0
"I'll be home in about 15 minutes, please put the dinner in the oven. (Ref #3766)",0
"Thanks for the meeting notes, I'll review the architecture diagram tonight. (Ref #1650)",0
"Dear Customer, your Netflix subscription expired. Update your credit card details immediately at http://netflix-billing-update.cf or your service terminates today. [Case ID: 1068c6]",1
"Good morning team, let's join the sprint retrospective call at 10 AM. (Ref #2775)",0
Customs Clearance Alert: Your international parcel #US89218 is held at customs due to unpaid duties of $45. Pay now at http://customs-parcel-release.click [Case ID: c60d06],1
IRS Notice: Final warning! A lawsuit is filed against you for unpaid taxes. Call immediately at +1-800-555-0199 or send $500 via Bitcoin to settle. [Case ID: 73e0f7],1
Can you send me the lecture slides from yesterday's machine learning class? (Ref #3023),0
"Bank of America Security Alert: Unauthorized transaction of $1,250.00 detected. Click http://bofa-fraud-cancel.top/cancel to reverse charge within 2 hours. [Case ID: 3a15c7]",1
Customs Clearance Alert: Your international parcel #US89218 is held at customs due to unpaid duties of $45. Pay now at http://customs-parcel-release.click [Case ID: cf9a24],1
Don't forget to push your code changes to the branch before the standup. (Ref #1887),0
Your package from Amazon has been delivered to your front porch. (Ref #1974),0
"Your PayPal account was accessed from an unknown device in Russia. If this wasn't you, login now at http://paypal-security-alert.tk/auth to secure funds. [Case ID: 61b1fb]",1
Security Alert: Your Apple ID has been locked due to multiple failed login attempts. Verify identity at http://appleid-support-security.xyz now. [Case ID: 8065d0],1
Please review the attached invoice for the software subscription renewal. (Ref #3804),0
Did you get a chance to look at the quarterly report draft? (Ref #1789),0
The server deployment finished successfully without any downtime. (Ref #3765),0
"Your PayPal account was accessed from an unknown device in Russia. If this wasn't you, login now at http://paypal-security-alert.tk/auth to secure funds. [Case ID: 7bcdf7]",1
Your package from Amazon has been delivered to your front porch. (Ref #1752),0
Your appointment with Dr. Sharma is confirmed for Tuesday at 3 PM. (Ref #3079),0
The flight is delayed by 20 minutes due to weather conditions. (Ref #3155),0
"Bank of America Security Alert: Unauthorized transaction of $1,250.00 detected. Click http://bofa-fraud-cancel.top/cancel to reverse charge within 2 hours. [Case ID: fd69db]",1
URGENT: Your Wells Fargo account has been suspended! Verify your credentials immediately at http://wellsfargo-verify-login.xyz to restore access. [Case ID: 7c82fa],1
"Good morning team, let's join the sprint retrospective call at 10 AM. (Ref #1314)",0
The flight is delayed by 20 minutes due to weather conditions. (Ref #1651),0
Please review the attached invoice for the software subscription renewal. (Ref #1642),0
"I'll be home in about 15 minutes, please put the dinner in the oven. (Ref #2375)",0
"Hey, are we still meeting for lunch at 12:30 today? (Ref #2328)",0
The flight is delayed by 20 minutes due to weather conditions. (Ref #2149),0
"Thanks for the meeting notes, I'll review the architecture diagram tonight. (Ref #2323)",0
"I'll be home in about 15 minutes, please put the dinner in the oven. (Ref #2547)",0
"Good morning team, let's join the sprint retrospective call at 10 AM. (Ref #2644)",0
Did you get a chance to look at the quarterly report draft? (Ref #1338),0
IRS Notice: Final warning! A lawsuit is filed against you for unpaid taxes. Call immediately at +1-800-555-0199 or send $500 via Bitcoin to settle. [Case ID: bf6276],1
"Job Offer: Work from home and earn $5,000/week! Send $50 registration fee via UPI / Apple Gift Card to hr@global-remote-jobs.xyz to get started. [Case ID: d75771]",1
Let's schedule a 1-on-1 sync tomorrow morning to discuss project milestones. (Ref #2198),0
Don't forget to push your code changes to the branch before the standup. (Ref #2701),0
Your OTP for logging into the employee portal is 584920. Do not share with anyone. (Ref #1665),0
"Bank of America Security Alert: Unauthorized transaction of $1,250.00 detected. Click http://bofa-fraud-cancel.top/cancel to reverse charge within 2 hours. [Case ID: 2e65f2]",1
"Dear Customer, your Netflix subscription expired. Update your credit card details immediately at http://netflix-billing-update.cf or your service terminates today. [Case ID: d76575]",1
"Bank of America Security Alert: Unauthorized transaction of $1,250.00 detected. Click http://bofa-fraud-cancel.top/cancel to reverse charge within 2 hours. [Case ID: d39577]",1
The server deployment finished successfully without any downtime. (Ref #3531),0
"Hey, are we still meeting for lunch at 12:30 today? (Ref #1177)",0
"Good morning team, let's join the sprint retrospective call at 10 AM. (Ref #2788)",0
Happy birthday! Wishing you a fantastic year ahead. (Ref #3507),0
IRS Notice: Final warning! A lawsuit is filed against you for unpaid taxes. Call immediately at +1-800-555-0199 or send $500 via Bitcoin to settle. [Case ID: 2d1b2a],1
"Thanks for the meeting notes, I'll review the architecture diagram tonight. (Ref #2418)",0
"I'll be home in about 15 minutes, please put the dinner in the oven. (Ref #3124)",0
"Hey, are we still meeting for lunch at 12:30 today? (Ref #2431)",0
"Hey, are we still meeting for lunch at 12:30 today? (Ref #2121)",0
"Thanks for the meeting notes, I'll review the architecture diagram tonight. (Ref #3961)",0
Let's schedule a 1-on-1 sync tomorrow morning to discuss project milestones. (Ref #3590),0
Let's schedule a 1-on-1 sync tomorrow morning to discuss project milestones. (Ref #2344),0
Your OTP for logging into the employee portal is 584920. Do not share with anyone. (Ref #2447),0
Your appointment with Dr. Sharma is confirmed for Tuesday at 3 PM. (Ref #1297),0
"CONGRATULATIONS! You have won $1,000,000 in the International Mobile Lottery. Reply with your full name, bank account, and SSN to claim prize. [Case ID: aace49]",1
Happy birthday! Wishing you a fantastic year ahead. (Ref #2355),0
"Your PayPal account was accessed from an unknown device in Russia. If this wasn't you, login now at http://paypal-security-alert.tk/auth to secure funds. [Case ID: 06a81a]",1
Did you get a chance to look at the quarterly report draft? (Ref #1807),0
Security Alert: Your Apple ID has been locked due to multiple failed login attempts. Verify identity at http://appleid-support-security.xyz now. [Case ID: 33bb83],1
"Bank of America Security Alert: Unauthorized transaction of $1,250.00 detected. Click http://bofa-fraud-cancel.top/cancel to reverse charge within 2 hours. [Case ID: 8d9fc2]",1
"Your PayPal account was accessed from an unknown device in Russia. If this wasn't you, login now at http://paypal-security-alert.tk/auth to secure funds. [Case ID: 3cf166]",1
"Hey, are we still meeting for lunch at 12:30 today? (Ref #2618)",0
Your appointment with Dr. Sharma is confirmed for Tuesday at 3 PM. (Ref #2713),0
Customs Clearance Alert: Your international parcel #US89218 is held at customs due to unpaid duties of $45. Pay now at http://customs-parcel-release.click [Case ID: 77369e],1
Did you get a chance to look at the quarterly report draft? (Ref #2845),0
Customs Clearance Alert: Your international parcel #US89218 is held at customs due to unpaid duties of $45. Pay now at http://customs-parcel-release.click [Case ID: 352407],1
The server deployment finished successfully without any downtime. (Ref #3754),0
Your package from Amazon has been delivered to your front porch. (Ref #1347),0
Customs Clearance Alert: Your international parcel #US89218 is held at customs due to unpaid duties of $45. Pay now at http://customs-parcel-release.click [Case ID: b056eb],1
"Hey, are we still meeting for lunch at 12:30 today? (Ref #1738)",0
"Dear Customer, your Netflix subscription expired. Update your credit card details immediately at http://netflix-billing-update.cf or your service terminates today. [Case ID: a5bfc9]",1
"Hey, are we still meeting for lunch at 12:30 today? (Ref #3093)",0
Your debit card has been blocked. Call support immediately at 9845012345 or visit http://bank-card-reactivate.ml to prevent permanent cancellation. [Case ID: 8f468c],1
The server deployment finished successfully without any downtime. (Ref #1821),0
"Thanks for the meeting notes, I'll review the architecture diagram tonight. (Ref #1196)",0
The flight is delayed by 20 minutes due to weather conditions. (Ref #1276),0
"Your PayPal account was accessed from an unknown device in Russia. If this wasn't you, login now at http://paypal-security-alert.tk/auth to secure funds. [Case ID: 154384]",1
"Good morning team, let's join the sprint retrospective call at 10 AM. (Ref #3538)",0
"I'll be home in about 15 minutes, please put the dinner in the oven. (Ref #2208)",0
IRS Notice: Final warning! A lawsuit is filed against you for unpaid taxes. Call immediately at +1-800-555-0199 or send $500 via Bitcoin to settle. [Case ID: 5807a6],1
The flight is delayed by 20 minutes due to weather conditions. (Ref #2503),0
"Dear Customer, your Netflix subscription expired. Update your credit card details immediately at http://netflix-billing-update.cf or your service terminates today. [Case ID: 5103c3]",1
Did you get a chance to look at the quarterly report draft? (Ref #3691),0
"Dear Customer, your Netflix subscription expired. Update your credit card details immediately at http://netflix-billing-update.cf or your service terminates today. [Case ID: 7e3b7a]",1
"I'll be home in about 15 minutes, please put the dinner in the oven. (Ref #2720)",0
"Your PayPal account was accessed from an unknown device in Russia. If this wasn't you, login now at http://paypal-security-alert.tk/auth to secure funds. [Case ID: 130f1a]",1
"Hey, are we still meeting for lunch at 12:30 today? (Ref #3161)",0
Customs Clearance Alert: Your international parcel #US89218 is held at customs due to unpaid duties of $45. Pay now at http://customs-parcel-release.click [Case ID: 93d656],1
Please review the attached invoice for the software subscription renewal. (Ref #2314),0
"Thanks for the meeting notes, I'll review the architecture diagram tonight. (Ref #2070)",0
Let's schedule a 1-on-1 sync tomorrow morning to discuss project milestones. (Ref #2602),0
"CONGRATULATIONS! You have won $1,000,000 in the International Mobile Lottery. Reply with your full name, bank account, and SSN to claim prize. [Case ID: 6d3a1e]",1
URGENT: Your Wells Fargo account has been suspended! Verify your credentials immediately at http://wellsfargo-verify-login.xyz to restore access. [Case ID: c4015b],1
"I'll be home in about 15 minutes, please put the dinner in the oven. (Ref #1341)",0
"I'll be home in about 15 minutes, please put the dinner in the oven. (Ref #3771)",0
Your package from Amazon has been delivered to your front porch. (Ref #3873),0
URGENT: Your Wells Fargo account has been suspended! Verify your credentials immediately at http://wellsfargo-verify-login.xyz to restore access. [Case ID: 72b32a],1
Security Alert: Your Apple ID has been locked due to multiple failed login attempts. Verify identity at http://appleid-support-security.xyz now. [Case ID: b069b3],1
"Your PayPal account was accessed from an unknown device in Russia. If this wasn't you, login now at http://paypal-security-alert.tk/auth to secure funds. [Case ID: 3f67fd]",1
The flight is delayed by 20 minutes due to weather conditions. (Ref #3030),0
Don't forget to push your code changes to the branch before the standup. (Ref #2181),0
The flight is delayed by 20 minutes due to weather conditions. (Ref #3073),0
Your debit card has been blocked. Call support immediately at 9845012345 or visit http://bank-card-reactivate.ml to prevent permanent cancellation. [Case ID: 0b1ec3],1
Your OTP for logging into the employee portal is 584920. Do not share with anyone. (Ref #2106),0
Did you get a chance to look at the quarterly report draft? (Ref #2560),0
IRS Notice: Final warning! A lawsuit is filed against you for unpaid taxes. Call immediately at +1-800-555-0199 or send $500 via Bitcoin to settle. [Case ID: b2ab00],1
"Bank of America Security Alert: Unauthorized transaction of $1,250.00 detected. Click http://bofa-fraud-cancel.top/cancel to reverse charge within 2 hours. [Case ID: b8c37e]",1
URGENT: Your Wells Fargo account has been suspended! Verify your credentials immediately at http://wellsfargo-verify-login.xyz to restore access. [Case ID: 49182f],1
"I'll be home in about 15 minutes, please put the dinner in the oven. (Ref #3121)",0
IRS Notice: Final warning! A lawsuit is filed against you for unpaid taxes. Call immediately at +1-800-555-0199 or send $500 via Bitcoin to settle. [Case ID: 00ac8e],1
"I'll be home in about 15 minutes, please put the dinner in the oven. (Ref #2490)",0
Customs Clearance Alert: Your international parcel #US89218 is held at customs due to unpaid duties of $45. Pay now at http://customs-parcel-release.click [Case ID: 144a3f],1
URGENT: Your Wells Fargo account has been suspended! Verify your credentials immediately at http://wellsfargo-verify-login.xyz to restore access. [Case ID: 9fc3d7],1
"Bank of America Security Alert: Unauthorized transaction of $1,250.00 detected. Click http://bofa-fraud-cancel.top/cancel to reverse charge within 2 hours. [Case ID: eb1637]",1
"Job Offer: Work from home and earn $5,000/week! Send $50 registration fee via UPI / Apple Gift Card to hr@global-remote-jobs.xyz to get started. [Case ID: 487d4c]",1
Please review the attached invoice for the software subscription renewal. (Ref #2731),0
"Thanks for the meeting notes, I'll review the architecture diagram tonight. (Ref #2471)",0
"Good morning team, let's join the sprint retrospective call at 10 AM. (Ref #3113)",0
"CONGRATULATIONS! You have won $1,000,000 in the International Mobile Lottery. Reply with your full name, bank account, and SSN to claim prize. [Case ID: a0a080]",1
"Hey, are we still meeting for lunch at 12:30 today? (Ref #2576)",0
Your appointment with Dr. Sharma is confirmed for Tuesday at 3 PM. (Ref #3274),0
"Good morning team, let's join the sprint retrospective call at 10 AM. (Ref #1832)",0
Your package from Amazon has been delivered to your front porch. (Ref #1765),0
Security Alert: Your Apple ID has been locked due to multiple failed login attempts. Verify identity at http://appleid-support-security.xyz now. [Case ID: 50c3d7],1
Your debit card has been blocked. Call support immediately at 9845012345 or visit http://bank-card-reactivate.ml to prevent permanent cancellation. [Case ID: 0233f3],1
IRS Notice: Final warning! A lawsuit is filed against you for unpaid taxes. Call immediately at +1-800-555-0199 or send $500 via Bitcoin to settle. [Case ID: ae614c],1
"Your PayPal account was accessed from an unknown device in Russia. If this wasn't you, login now at http://paypal-security-alert.tk/auth to secure funds. [Case ID: 310dcb]",1
Did you get a chance to look at the quarterly report draft? (Ref #1968),0
Can you send me the lecture slides from yesterday's machine learning class? (Ref #1015),0
Your debit card has been blocked. Call support immediately at 9845012345 or visit http://bank-card-reactivate.ml to prevent permanent cancellation. [Case ID: 8ca8da],1
"Your PayPal account was accessed from an unknown device in Russia. If this wasn't you, login now at http://paypal-security-alert.tk/auth to secure funds. [Case ID: 4a47d2]",1
"CONGRATULATIONS! You have won $1,000,000 in the International Mobile Lottery. Reply with your full name, bank account, and SSN to claim prize. [Case ID: 979d47]",1
Don't forget to push your code changes to the branch before the standup. (Ref #2622),0
"Dear Customer, your Netflix subscription expired. Update your credit card details immediately at http://netflix-billing-update.cf or your service terminates today. [Case ID: 7302e3]",1
"Good morning team, let's join the sprint retrospective call at 10 AM. (Ref #1917)",0
Let's schedule a 1-on-1 sync tomorrow morning to discuss project milestones. (Ref #2920),0
Happy birthday! Wishing you a fantastic year ahead. (Ref #3077),0
"Dear Customer, your Netflix subscription expired. Update your credit card details immediately at http://netflix-billing-update.cf or your service terminates today. [Case ID: fb508e]",1
"Hey, are we still meeting for lunch at 12:30 today? (Ref #2730)",0
"Thanks for the meeting notes, I'll review the architecture diagram tonight. (Ref #2499)",0
Customs Clearance Alert: Your international parcel #US89218 is held at customs due to unpaid duties of $45. Pay now at http://customs-parcel-release.click [Case ID: 78b9ca],1
Customs Clearance Alert: Your international parcel #US89218 is held at customs due to unpaid duties of $45. Pay now at http://customs-parcel-release.click [Case ID: be3e9d],1
"Good morning team, let's join the sprint retrospective call at 10 AM. (Ref #2947)",0
Your OTP for logging into the employee portal is 584920. Do not share with anyone. (Ref #3662),0
"Bank of America Security Alert: Unauthorized transaction of $1,250.00 detected. Click http://bofa-fraud-cancel.top/cancel to reverse charge within 2 hours. [Case ID: d1fe17]",1
"Job Offer: Work from home and earn $5,000/week! Send $50 registration fee via UPI / Apple Gift Card to hr@global-remote-jobs.xyz to get started. [Case ID: 389bc7]",1
"Bank of America Security Alert: Unauthorized transaction of $1,250.00 detected. Click http://bofa-fraud-cancel.top/cancel to reverse charge within 2 hours. [Case ID: e2c420]",1
Can you send me the lecture slides from yesterday's machine learning class? (Ref #2036),0
Please review the attached invoice for the software subscription renewal. (Ref #1069),0
Please review the attached invoice for the software subscription renewal. (Ref #2552),0
The flight is delayed by 20 minutes due to weather conditions. (Ref #2332),0
Customs Clearance Alert: Your international parcel #US89218 is held at customs due to unpaid duties of $45. Pay now at http://customs-parcel-release.click [Case ID: 1d7231],1
IRS Notice: Final warning! A lawsuit is filed against you for unpaid taxes. Call immediately at +1-800-555-0199 or send $500 via Bitcoin to settle. [Case ID: 8c8a58],1
"Hey, are we still meeting for lunch at 12:30 today? (Ref #1398)",0
Your appointment with Dr. Sharma is confirmed for Tuesday at 3 PM. (Ref #2637),0
"Your PayPal account was accessed from an unknown device in Russia. If this wasn't you, login now at http://paypal-security-alert.tk/auth to secure funds. [Case ID: ea119a]",1
Please review the attached invoice for the software subscription renewal. (Ref #1101),0
"Dear Customer, your Netflix subscription expired. Update your credit card details immediately at http://netflix-billing-update.cf or your service terminates today. [Case ID: 6ecbdd]",1
Customs Clearance Alert: Your international parcel #US89218 is held at customs due to unpaid duties of $45. Pay now at http://customs-parcel-release.click [Case ID: 185c29],1
Customs Clearance Alert: Your international parcel #US89218 is held at customs due to unpaid duties of $45. Pay now at http://customs-parcel-release.click [Case ID: d296c1],1
Your appointment with Dr. Sharma is confirmed for Tuesday at 3 PM. (Ref #2650),0
"Thanks for the meeting notes, I'll review the architecture diagram tonight. (Ref #3552)",0
"Dear Customer, your Netflix subscription expired. Update your credit card details immediately at http://netflix-billing-update.cf or your service terminates today. [Case ID: fb8fef]",1
"Hey, are we still meeting for lunch at 12:30 today? (Ref #1890)",0
Please review the attached invoice for the software subscription renewal. (Ref #1794),0
The server deployment finished successfully without any downtime. (Ref #3594),0
The server deployment finished successfully without any downtime. (Ref #2213),0
Your appointment with Dr. Sharma is confirmed for Tuesday at 3 PM. (Ref #1988),0
Security Alert: Your Apple ID has been locked due to multiple failed login attempts. Verify identity at http://appleid-support-security.xyz now. [Case ID: 114193],1
Don't forget to push your code changes to the branch before the standup. (Ref #3439),0
Can you send me the lecture slides from yesterday's machine learning class? (Ref #1596),0
Happy birthday! Wishing you a fantastic year ahead. (Ref #1393),0
Your package from Amazon has been delivered to your front porch. (Ref #3519),0
"Your PayPal account was accessed from an unknown device in Russia. If this wasn't you, login now at http://paypal-security-alert.tk/auth to secure funds. [Case ID: af3303]",1
"Good morning team, let's join the sprint retrospective call at 10 AM. (Ref #1669)",0
URGENT: Your Wells Fargo account has been suspended! Verify your credentials immediately at http://wellsfargo-verify-login.xyz to restore access. [Case ID: 20b5e1],1
Your OTP for logging into the employee portal is 584920. Do not share with anyone. (Ref #3923),0
URGENT: Your Wells Fargo account has been suspended! Verify your credentials immediately at http://wellsfargo-verify-login.xyz to restore access. [Case ID: 36ac8e],1
"Good morning team, let's join the sprint retrospective call at 10 AM. (Ref #1564)",0
"Job Offer: Work from home and earn $5,000/week! Send $50 registration fee via UPI / Apple Gift Card to hr@global-remote-jobs.xyz to get started. [Case ID: e2ad76]",1
"Dear Customer, your Netflix subscription expired. Update your credit card details immediately at http://netflix-billing-update.cf or your service terminates today. [Case ID: 01eee5]",1
"Good morning team, let's join the sprint retrospective call at 10 AM. (Ref #3228)",0
"Thanks for the meeting notes, I'll review the architecture diagram tonight. (Ref #3470)",0
IRS Notice: Final warning! A lawsuit is filed against you for unpaid taxes. Call immediately at +1-800-555-0199 or send $500 via Bitcoin to settle. [Case ID: 42d6c7],1
Happy birthday! Wishing you a fantastic year ahead. (Ref #3998),0
Let's schedule a 1-on-1 sync tomorrow morning to discuss project milestones. (Ref #3360),0
"Job Offer: Work from home and earn $5,000/week! Send $50 registration fee via UPI / Apple Gift Card to hr@global-remote-jobs.xyz to get started. [Case ID: 6c8349]",1
"Thanks for the meeting notes, I'll review the architecture diagram tonight. (Ref #2449)",0
Security Alert: Your Apple ID has been locked due to multiple failed login attempts. Verify identity at http://appleid-support-security.xyz now. [Case ID: 766d85],1
Let's schedule a 1-on-1 sync tomorrow morning to discuss project milestones. (Ref #1513),0
"Your PayPal account was accessed from an unknown device in Russia. If this wasn't you, login now at http://paypal-security-alert.tk/auth to secure funds. [Case ID: d7fd11]",1
"Good morning team, let's join the sprint retrospective call at 10 AM. (Ref #3457)",0
Your debit card has been blocked. Call support immediately at 9845012345 or visit http://bank-card-reactivate.ml to prevent permanent cancellation. [Case ID: 2a34ab],1
"Your PayPal account was accessed from an unknown device in Russia. If this wasn't you, login now at http://paypal-security-alert.tk/auth to secure funds. [Case ID: 59c330]",1
URGENT: Your Wells Fargo account has been suspended! Verify your credentials immediately at http://wellsfargo-verify-login.xyz to restore access. [Case ID: b197ff],1
"CONGRATULATIONS! You have won $1,000,000 in the International Mobile Lottery. Reply with your full name, bank account, and SSN to claim prize. [Case ID: 50abc3]",1
Your appointment with Dr. Sharma is confirmed for Tuesday at 3 PM. (Ref #1209),0
"Hey, are we still meeting for lunch at 12:30 today? (Ref #3652)",0
Security Alert: Your Apple ID has been locked due to multiple failed login attempts. Verify identity at http://appleid-support-security.xyz now. [Case ID: 959735],1
Don't forget to push your code changes to the branch before the standup. (Ref #3583),0
"CONGRATULATIONS! You have won $1,000,000 in the International Mobile Lottery. Reply with your full name, bank account, and SSN to claim prize. [Case ID: 698d51]",1
Your appointment with Dr. Sharma is confirmed for Tuesday at 3 PM. (Ref #2013),0
URGENT: Your Wells Fargo account has been suspended! Verify your credentials immediately at http://wellsfargo-verify-login.xyz to restore access. [Case ID: 766ebc],1
Don't forget to push your code changes to the branch before the standup. (Ref #2849),0
Can you send me the lecture slides from yesterday's machine learning class? (Ref #2258),0
URGENT: Your Wells Fargo account has been suspended! Verify your credentials immediately at http://wellsfargo-verify-login.xyz to restore access. [Case ID: a86c45],1
"Bank of America Security Alert: Unauthorized transaction of $1,250.00 detected. Click http://bofa-fraud-cancel.top/cancel to reverse charge within 2 hours. [Case ID: 2bd7f9]",1
"Job Offer: Work from home and earn $5,000/week! Send $50 registration fee via UPI / Apple Gift Card to hr@global-remote-jobs.xyz to get started. [Case ID: 4921f9]",1
Your OTP for logging into the employee portal is 584920. Do not share with anyone. (Ref #3893),0
"Dear Customer, your Netflix subscription expired. Update your credit card details immediately at http://netflix-billing-update.cf or your service terminates today. [Case ID: 309928]",1
Let's schedule a 1-on-1 sync tomorrow morning to discuss project milestones. (Ref #3989),0
Your appointment with Dr. Sharma is confirmed for Tuesday at 3 PM. (Ref #1755),0
Your package from Amazon has been delivered to your front porch. (Ref #2041),0
"Hey, are we still meeting for lunch at 12:30 today? (Ref #3325)",0
Let's schedule a 1-on-1 sync tomorrow morning to discuss project milestones. (Ref #2027),0
"Dear Customer, your Netflix subscription expired. Update your credit card details immediately at http://netflix-billing-update.cf or your service terminates today. [Case ID: 49b8b4]",1
"Job Offer: Work from home and earn $5,000/week! Send $50 registration fee via UPI / Apple Gift Card to hr@global-remote-jobs.xyz to get started. [Case ID: 310ce6]",1
Happy birthday! Wishing you a fantastic year ahead. (Ref #3372),0
"Thanks for the meeting notes, I'll review the architecture diagram tonight. (Ref #1555)",0
"CONGRATULATIONS! You have won $1,000,000 in the International Mobile Lottery. Reply with your full name, bank account, and SSN to claim prize. [Case ID: aba3b6]",1
"Hey, are we still meeting for lunch at 12:30 today? (Ref #2417)",0
"Job Offer: Work from home and earn $5,000/week! Send $50 registration fee via UPI / Apple Gift Card to hr@global-remote-jobs.xyz to get started. [Case ID: 10a5ab]",1
Can you send me the lecture slides from yesterday's machine learning class? (Ref #1930),0
Let's schedule a 1-on-1 sync tomorrow morning to discuss project milestones. (Ref #2987),0
URGENT: Your Wells Fargo account has been suspended! Verify your credentials immediately at http://wellsfargo-verify-login.xyz to restore access. [Case ID: a02ffd],1
Customs Clearance Alert: Your international parcel #US89218 is held at customs due to unpaid duties of $45. Pay now at http://customs-parcel-release.click [Case ID: df7f28],1
IRS Notice: Final warning! A lawsuit is filed against you for unpaid taxes. Call immediately at +1-800-555-0199 or send $500 via Bitcoin to settle. [Case ID: 7137de],1
"Dear Customer, your Netflix subscription expired. Update your credit card details immediately at http://netflix-billing-update.cf or your service terminates today. [Case ID: 7fea63]",1
Your appointment with Dr. Sharma is confirmed for Tuesday at 3 PM. (Ref #1348),0
Did you get a chance to look at the quarterly report draft? (Ref #3184),0
Let's schedule a 1-on-1 sync tomorrow morning to discuss project milestones. (Ref #1781),0
The server deployment finished successfully without any downtime. (Ref #3647),0
Please review the attached invoice for the software subscription renewal. (Ref #2639),0
Your OTP for logging into the employee portal is 584920. Do not share with anyone. (Ref #3262),0
"Hey, are we still meeting for lunch at 12:30 today? (Ref #2128)",0
Security Alert: Your Apple ID has been locked due to multiple failed login attempts. Verify identity at http://appleid-support-security.xyz now. [Case ID: e7f8a7],1
Please review the attached invoice for the software subscription renewal. (Ref #3071),0
The server deployment finished successfully without any downtime. (Ref #3438),0
Happy birthday! Wishing you a fantastic year ahead. (Ref #3059),0
"Dear Customer, your Netflix subscription expired. Update your credit card details immediately at http://netflix-billing-update.cf or your service terminates today. [Case ID: 65658f]",1
The flight is delayed by 20 minutes due to weather conditions. (Ref #3154),0
Security Alert: Your Apple ID has been locked due to multiple failed login attempts. Verify identity at http://appleid-support-security.xyz now. [Case ID: a8c88a],1
Your debit card has been blocked. Call support immediately at 9845012345 or visit http://bank-card-reactivate.ml to prevent permanent cancellation. [Case ID: ef41d4],1
"Dear Customer, your Netflix subscription expired. Update your credit card details immediately at http://netflix-billing-update.cf or your service terminates today. [Case ID: 1415db]",1
Let's schedule a 1-on-1 sync tomorrow morning to discuss project milestones. (Ref #1162),0
